<?xml version='1.0' encoding='utf-8'?>
<COLLADA xmlns="http://www.collada.org/2005/11/COLLADASchema" version="1.4.1">
 <asset><contributor><authoring_tool>Revo3 screen texture conversion</authoring_tool></contributor><created>2026-10-08T00:00:00Z</created><modified>2026-10-08T00:00:00Z</modified><unit name="meter" meter="1" /><up_axis>Z_UP</up_axis></asset>
 <library_images><image id="screen-image"><init_from>../textures/revo3_screen.png</init_from></image></library_images>
 <library_effects><effect id="screen-effect"><profile_COMMON>
  <newparam sid="screen-surface"><surface type="2D"><init_from>screen-image</init_from></surface></newparam>
  <newparam sid="screen-sampler"><sampler2D><source>screen-surface</source><wrap_s>CLAMP</wrap_s><wrap_t>CLAMP</wrap_t></sampler2D></newparam>
  <technique sid="common"><lambert><emission><color>0 0 0 1</color></emission><diffuse><texture texture="screen-sampler" texcoord="UVMap" /></diffuse></lambert></technique>
 </profile_COMMON></effect></library_effects>
 <library_materials><material id="screen-material" name="screen"><instance_effect url="#screen-effect" /></material></library_materials>
 <library_geometries><geometry id="screen-geometry" name="right_plam_led_link"><mesh><source id="positions"><float_array id="positions-array" count="9792">-0.0261832569 -0.000526522694 0.036625322 -0.0231832564 -0.000526522694 0.036625322 -0.0232009925 -0.00232708803 0.0368192643 -0.026214283 -0.00408258801 0.0372545496 -0.0232142825 -0.00408258801 0.0372545496 -0.0232253522 -0.00576275028 0.0379244536 -0.0232471898 -0.00792858284 0.0392296016 -0.0232472904 -0.00793518499 0.0392344855 -0.0262468904 -0.00790875778 0.0392149687 -0.0262472909 -0.00793518499 0.0392344855 -0.0262471903 -0.00792858284 0.0392296016 -0.0232472904 -0.00793518499 0.0392344855 -0.0232472904 -0.00793518499 0.0392344855 -0.0262471903 -0.00792858284 0.0392296016 -0.0262470897 -0.0079219779 0.0392247178 -0.0232472904 -0.00793518499 0.0392344855 -0.0262470897 -0.0079219779 0.0392247178 -0.0262468904 -0.00790875778 0.0392149687 -0.0232471898 -0.00792858284 0.0392296016 -0.0262468904 -0.00790875778 0.0392149687 -0.0232470911 -0.0079219779 0.0392247178 -0.0232470911 -0.0079219779 0.0392247178 -0.0262468904 -0.00790875778 0.0392149687 -0.0262464918 -0.00788228121 0.0391955115 -0.0232470911 -0.0079219779 0.0392247178 -0.0262464918 -0.00788228121 0.0391955115 -0.0232468899 -0.00790875778 0.0392149687 -0.0232468899 -0.00790875778 0.0392149687 -0.0262464918 -0.00788228121 0.0391955115 -0.0232464913 -0.00788228121 0.0391955115 -0.0232464913 -0.00788228121 0.0391955115 -0.0262464918 -0.00788228121 0.0391955115 -0.0262457058 -0.00782917626 0.0391567945 -0.0232464913 -0.00788228121 0.0391955115 -0.0262457058 -0.00782917626 0.0391567945 -0.0232457053 -0.00782917626 0.0391567945 -0.0232457053 -0.00782917626 0.0391567945 -0.0262457058 -0.00782917626 0.0391567945 -0.0262441691 -0.00772236846 0.0390801243 -0.0232457053 -0.00782917626 0.0391567945 -0.0262441691 -0.00772236846 0.0390801243 -0.0232441686 -0.00772236846 0.0390801243 -0.0232441686 -0.00772236846 0.0390801243 -0.0262441691 -0.00772236846 0.0390801243 -0.0232412405 -0.00750638824 0.0389298871 -0.0232412405 -0.00750638824 0.0389298871 -0.0262441691 -0.00772236846 0.0390801243 -0.026241241 -0.00750638824 0.0389298871 -0.0232412405 -0.00750638824 0.0389298871 -0.026241241 -0.00750638824 0.0389298871 -0.0232387558 -0.00730800163 0.0387973599 -0.0232387558 -0.00730800163 0.0387973599 -0.026241241 -0.00750638824 0.0389298871 -0.0262387563 -0.00730800163 0.0387973599 -0.0232387558 -0.00730800163 0.0387973599 -0.0262387563 -0.00730800163 0.0387973599 -0.0232286472 -0.00626598764 0.0381804891 -0.0232286472 -0.00626598764 0.0381804891 -0.0262387563 -0.00730800163 0.0387973599 -0.0262286477 -0.00626598764 0.0381804891 -0.0232286472 -0.00626598764 0.0381804891 -0.0262286477 -0.00626598764 0.0381804891 -0.0232274681 -0.00611106167 0.0380993485 -0.0232274681 -0.00611106167 0.0380993485 -0.0262286477 -0.00626598764 0.0381804891 -0.0262274668 -0.00611106167 0.0380993485 -0.0232274681 -0.00611106167 0.0380993485 -0.0262274668 -0.00611106167 0.0380993485 -0.0232253522 -0.00576275028 0.0379244536 -0.0232253522 -0.00576275028 0.0379244536 -0.0262274668 -0.00611106167 0.0380993485 -0.0262253508 -0.00576275028 0.0379244536 -0.0232253522 -0.00576275028 0.0379244536 -0.0262253508 -0.00576275028 0.0379244536 -0.026214283 -0.00408258801 0.0372545496 -0.0232142825 -0.00408258801 0.0372545496 -0.026214283 -0.00408258801 0.0372545496 -0.0232078638 -0.00318585243 0.0370006412 -0.0232078638 -0.00318585243 0.0370006412 -0.026214283 -0.00408258801 0.0372545496 -0.0262078643 -0.00318585243 0.0370006412 -0.0232078638 -0.00318585243 0.0370006412 -0.0262078643 -0.00318585243 0.0370006412 -0.0232009925 -0.00232708803 0.0368192643 -0.0232009925 -0.00232708803 0.0368192643 -0.0262078643 -0.00318585243 0.0370006412 -0.0262009911 -0.00232708803 0.0368192643 -0.0232009925 -0.00232708803 0.0368192643 -0.0262009911 -0.00232708803 0.0368192643 -0.0261832569 -0.000526522694 0.036625322 -0.0231832564 -0.000526522694 0.036625322 -0.0261832569 -0.000526522694 0.036625322 -0.0231772531 -9.45495503e-06 0.0366149843 -0.0231772531 -9.45495503e-06 0.0366149843 -0.0261832569 -0.000526522694 0.036625322 -0.0261772536 -9.45495503e-06 0.0366149843 -0.0231772531 -9.45495503e-06 0.0366149843 -0.0261772536 -9.45495503e-06 0.0366149843 -0.0231605843 0.0012827171 0.0366768725 -0.0261772536 -9.45495503e-06 0.0366149843 -0.0261605848 0.0012827171 0.0366768725 -0.0231605843 0.0012827171 0.0366768725 -0.0231605843 0.0012827171 0.0366768725 -0.0261605848 0.0012827171 0.0366768725 -0.0261342432 0.00307032256 0.0369733721 -0.0231605843 0.0012827171 0.0366768725 -0.0261342432 0.00307032256 0.0369733721 -0.0231342427 0.00307032256 0.0369733721 -0.0231342427 0.00307032256 0.0369733721 -0.0261342432 0.00307032256 0.0369733721 -0.0261072144 0.00479921652 0.0375084393 -0.0231342427 0.00307032256 0.0369733721 -0.0261072144 0.00479921652 0.0375084393 -0.0231072139 0.00479921652 0.0375084393 -0.0231072139 0.00479921652 0.0375084393 -0.0261072144 0.00479921652 0.0375084393 -0.0230859183 0.00626134779 0.0381760709 -0.0230859183 0.00626134779 0.0381760709 -0.0261072144 0.00479921652 0.0375084393 -0.0260859169 0.00626134779 0.0381760709 -0.0230859183 0.00626134779 0.0381760709 -0.0260859169 0.00626134779 0.0381760709 -0.0230836533 0.0064319754 0.0382683761 -0.0230836533 0.0064319754 0.0382683761 -0.0260859169 0.00626134779 0.0381760709 -0.0260836538 0.0064319754 0.0382683761 -0.0230836533 0.0064319754 0.0382683761 -0.0260836538 0.0064319754 0.0382683761 -0.0230786614 0.00682280492 0.0384921469 -0.0230786614 0.00682280492 0.0384921469 -0.0260836538 0.0064319754 0.0382683761 -0.0260786619 0.00682280492 0.0384921469 -0.0230786614 0.00682280492 0.0384921469 -0.0260786619 0.00682280492 0.0384921469 -0.0230771191 0.00699364487 0.0385938622 -0.0230771191 0.00699364487 0.0385938622 -0.0260786619 0.00682280492 0.0384921469 -0.0260771196 0.00699364487 0.0385938622 -0.0230771191 0.00699364487 0.0385938622 -0.0260771196 0.00699364487 0.0385938622 -0.0230725408 0.00743590668 0.0388784893 -0.0230725408 0.00743590668 0.0388784893 -0.0260771196 0.00699364487 0.0385938622 -0.0260725413 0.00743590668 0.0388784893 -0.0230725408 0.00743590668 0.0388784893 -0.0260725413 0.00743590668 0.0388784893 -0.0230706111 0.00765244896 0.0390271731 -0.0230706111 0.00765244896 0.0390271731 -0.0260725413 0.00743590668 0.0388784893 -0.0260706116 0.00765244896 0.0390271731 -0.0230706111 0.00765244896 0.0390271731 -0.0260706116 0.00765244896 0.0390271731 -0.0230697449 0.00775955804 0.0391030535 -0.0230697449 0.00775955804 0.0391030535 -0.0260706116 0.00765244896 0.0390271731 -0.0260697454 0.00775955804 0.0391030535 -0.0230697449 0.00775955804 0.0391030535 -0.0260697454 0.00775955804 0.0391030535 -0.023069337 0.00781281665 0.0391413793 -0.0260697454 0.00775955804 0.0391030535 -0.0260693356 0.00781281665 0.0391413793 -0.023069337 0.00781281665 0.0391413793 -0.023069337 0.00781281665 0.0391413793 -0.0260693356 0.00781281665 0.0391413793 -0.0260691382 0.00783937052 0.0391606353 -0.023069337 0.00781281665 0.0391413793 -0.0260691382 0.00783937052 0.0391606353 -0.0230691377 0.00783937052 0.0391606353 -0.0230691377 0.00783937052 0.0391606353 -0.0260691382 0.00783937052 0.0391606353 -0.0260690395 0.00785262883 0.0391702913 -0.0230691377 0.00783937052 0.0391606353 -0.0260690395 0.00785262883 0.0391702913 -0.0230690408 0.00785262883 0.0391702913 -0.0230690408 0.00785262883 0.0391702913 -0.0260690395 0.00785262883 0.0391702913 -0.0260689426 0.00786587503 0.0391799584 -0.0230690408 0.00785262883 0.0391702913 -0.0260689426 0.00786587503 0.0391799584 -0.023068944 0.00786587503 0.0391799584 -0.0264653936 -0.012899139 0.0465837494 -0.0234653931 -0.012899139 0.0465837494 -0.0235131439 -0.0132343527 0.048359327 -0.0267703049 -0.00822526682 0.0604215227 -0.0237703044 -0.00822526682 0.0604215227 -0.0237704702 -0.00820644479 0.0604362451 -0.0267703049 -0.00822526682 0.0604215227 -0.0237704702 -0.00820644479 0.0604362451 -0.0267704707 -0.00820644479 0.0604362451 -0.0267704707 -0.00820644479 0.0604362451 -0.0237704702 -0.00820644479 0.0604362451 -0.0237705521 -0.00819702353 0.0604435951 -0.0267704707 -0.00820644479 0.0604362451 -0.0237705521 -0.00819702353 0.0604435951 -0.0267705526 -0.00819702353 0.0604435951 -0.0267705526 -0.00819702353 0.0604435951 -0.0237705521 -0.00819702353 0.0604435951 -0.0237706341 -0.00818759575 0.0604509376 -0.0267705526 -0.00819702353 0.0604435951 -0.0237706341 -0.00818759575 0.0604509376 -0.0267706346 -0.00818759575 0.0604509376 -0.0237703044 -0.00822526682 0.0604215227 -0.0267703049 -0.00822526682 0.0604215227 -0.0237699654 -0.00826283265 0.06039197 -0.0237699654 -0.00826283265 0.06039197 -0.0267703049 -0.00822526682 0.0604215227 -0.026769964 -0.00826283265 0.06039197 -0.0237699654 -0.00826283265 0.06039197 -0.026769964 -0.00826283265 0.06039197 -0.0237692557 -0.00833764672 0.0603324585 -0.0237692557 -0.00833764672 0.0603324585 -0.026769964 -0.00826283265 0.06039197 -0.0267692562 -0.00833764672 0.0603324585 -0.0237692557 -0.00833764672 0.0603324585 -0.0267692562 -0.00833764672 0.0603324585 -0.0237677284 -0.00848599151 0.0602118373 -0.0237677284 -0.00848599151 0.0602118373 -0.0267692562 -0.00833764672 0.0603324585 -0.0267677289 -0.00848599151 0.0602118373 -0.0237677284 -0.00848599151 0.0602118373 -0.0267677289 -0.00848599151 0.0602118373 -0.0237642489 -0.00877743866 0.0599642582 -0.0237642489 -0.00877743866 0.0599642582 -0.0267677289 -0.00848599151 0.0602118373 -0.0267642494 -0.00877743866 0.0599642582 -0.0237642489 -0.00877743866 0.0599642582 -0.0267642494 -0.00877743866 0.0599642582 -0.0237614773 -0.00897866394 0.0597846806 -0.0237614773 -0.00897866394 0.0597846806 -0.0267642494 -0.00877743866 0.0599642582 -0.0267614778 -0.00897866394 0.0597846806 -0.0237614773 -0.00897866394 0.0597846806 -0.0267614778 -0.00897866394 0.0597846806 -0.0237557627 -0.00933854375 0.0594445094 -0.0237557627 -0.00933854375 0.0594445094 -0.0267614778 -0.00897866394 0.0597846806 -0.0267557632 -0.00933854375 0.0594445094 -0.0237557627 -0.00933854375 0.0594445094 -0.0267557632 -0.00933854375 0.0594445094 -0.0237374566 -0.0102269351 0.0584828518 -0.0267557632 -0.00933854375 0.0594445094 -0.0267374553 -0.0102269351 0.0584828518 -0.0237374566 -0.0102269351 0.0584828518 -0.0237374566 -0.0102269351 0.0584828518 -0.0267374553 -0.0102269351 0.0584828518 -0.0267071109 -0.0112901898 0.0570190512 -0.0237374566 -0.0102269351 0.0584828518 -0.0267071109 -0.0112901898 0.0570190512 -0.0237071104 -0.0112901898 0.0570190512 -0.0237071104 -0.0112901898 0.0570190512 -0.0267071109 -0.0112901898 0.0570190512 -0.0266735591 -0.0121454159 0.0554250628 -0.0237071104 -0.0112901898 0.0570190512 -0.0266735591 -0.0121454159 0.0554250628 -0.0236735586 -0.0121454159 0.0554250628 -0.0236735586 -0.0121454159 0.0554250628 -0.0266735591 -0.0121454159 0.0554250628 -0.023650445 -0.0125882477 0.0543161333 -0.023650445 -0.0125882477 0.0543161333 -0.0266735591 -0.0121454159 0.0554250628 -0.0266504455 -0.0125882477 0.0543161333 -0.023650445 -0.0125882477 0.0543161333 -0.0266504455 -0.0125882477 0.0543161333 -0.0236382466 -0.0127758123 0.0537352562 -0.0236382466 -0.0127758123 0.0537352562 -0.0266504455 -0.0125882477 0.0543161333 -0.0266382471 -0.0127758123 0.0537352562 -0.0236382466 -0.0127758123 0.0537352562 -0.0266382471 -0.0127758123 0.0537352562 -0.0236191861 -0.0130081009 0.0528428853 -0.0236191861 -0.0130081009 0.0528428853 -0.0266382471 -0.0127758123 0.0537352562 -0.0266191848 -0.0130081009 0.0528428853 -0.0236191861 -0.0130081009 0.0528428853 -0.0266191848 -0.0130081009 0.0528428853 -0.0235999953 -0.0131726163 0.0519699119 -0.0235999953 -0.0131726163 0.0519699119 -0.0266191848 -0.0130081009 0.0528428853 -0.0265999958 -0.0131726163 0.0519699119 -0.0235999953 -0.0131726163 0.0519699119 -0.0265999958 -0.0131726163 0.0519699119 -0.0235855449 -0.0132553279 0.0513304956 -0.0235855449 -0.0132553279 0.0513304956 -0.0265999958 -0.0131726163 0.0519699119 -0.0265855454 -0.0132553279 0.0513304956 -0.0235855449 -0.0132553279 0.0513304956 -0.0265855454 -0.0132553279 0.0513304956 -0.0235582907 -0.0133261755 0.0501671173 -0.0235582907 -0.0133261755 0.0501671173 -0.0265855454 -0.0132553279 0.0513304956 -0.0265582912 -0.0133261755 0.0501671173 -0.0235582907 -0.0133261755 0.0501671173 -0.0265582912 -0.0133261755 0.0501671173 -0.0235526394 -0.0133281359 0.0499329232 -0.0235526394 -0.0133281359 0.0499329232 -0.0265582912 -0.0133261755 0.0501671173 -0.0265526399 -0.0133281359 0.0499329232 -0.0235526394 -0.0133281359 0.0499329232 -0.0265526399 -0.0133281359 0.0499329232 -0.0235131439 -0.0132343527 0.048359327 -0.0235131439 -0.0132343527 0.048359327 -0.0265526399 -0.0133281359 0.0499329232 -0.0265131444 -0.0132343527 0.048359327 -0.0235131439 -0.0132343527 0.048359327 -0.0265131444 -0.0132343527 0.048359327 -0.0264653936 -0.012899139 0.0465837494 -0.0234653931 -0.012899139 0.0465837494 -0.0264653936 -0.012899139 0.0465837494 -0.0234284587 -0.0124920774 0.0452940948 -0.0234284587 -0.0124920774 0.0452940948 -0.0264653936 -0.012899139 0.0465837494 -0.0264284592 -0.0124920774 0.0452940948 -0.0234284587 -0.0124920774 0.0452940948 -0.0264284592 -0.0124920774 0.0452940948 -0.0234157927 -0.0123251602 0.0448682494 -0.0234157927 -0.0123251602 0.0448682494 -0.0264284592 -0.0124920774 0.0452940948 -0.0264157932 -0.0123251602 0.0448682494 -0.0234157927 -0.0123251602 0.0448682494 -0.0264157932 -0.0123251602 0.0448682494 -0.0233856384 -0.0118745705 0.0438883491 -0.0233856384 -0.0118745705 0.0438883491 -0.0264157932 -0.0123251602 0.0448682494 -0.0263856389 -0.0118745705 0.0438883491 -0.0233856384 -0.0118745705 0.0438883491 -0.0263856389 -0.0118745705 0.0438883491 -0.0233652089 -0.0115264012 0.0432490371 -0.0233652089 -0.0115264012 0.0432490371 -0.0263856389 -0.0118745705 0.0438883491 -0.0263652075 -0.0115264012 0.0432490371 -0.0233652089 -0.0115264012 0.0432490371 -0.0263652075 -0.0115264012 0.0432490371 -0.0233429745 -0.0110994 0.042562522 -0.0233429745 -0.0110994 0.042562522 -0.0263652075 -0.0115264012 0.0432490371 -0.0263429731 -0.0110994 0.042562522 -0.0233429745 -0.0110994 0.042562522 -0.0263429731 -0.0110994 0.042562522 -0.0233169384 -0.0105149811 0.0417516641 -0.0233169384 -0.0105149811 0.0417516641 -0.0263429731 -0.0110994 0.042562522 -0.0263169371 -0.0105149811 0.0417516641 -0.0233169384 -0.0105149811 0.0417516641 -0.0263169371 -0.0105149811 0.0417516641 -0.0233037882 -0.0101758456 0.0413341783 -0.0233037882 -0.0101758456 0.0413341783 -0.0263169371 -0.0105149811 0.0417516641 -0.0263037886 -0.0101758456 0.0413341783 -0.0233037882 -0.0101758456 0.0413341783 -0.0263037886 -0.0101758456 0.0413341783 -0.0232760049 -0.00931120571 0.0404059552 -0.0232760049 -0.00931120571 0.0404059552 -0.0263037886 -0.0101758456 0.0413341783 -0.0262760054 -0.00931120571 0.0404059552 -0.0232760049 -0.00931120571 0.0404059552 -0.0262760054 -0.00931120571 0.0404059552 -0.0232708771 -0.00911655184 0.0402197912 -0.0232708771 -0.00911655184 0.0402197912 -0.0262760054 -0.00931120571 0.0404059552 -0.0262708776 -0.00911655184 0.0402197912 -0.0232708771 -0.00911655184 0.0402197912 -0.0262708776 -0.00911655184 0.0402197912 -0.0232579503 -0.00854018424 0.039710138 -0.0232579503 -0.00854018424 0.039710138 -0.0262708776 -0.00911655184 0.0402197912 -0.0262579508 -0.00854018424 0.039710138 -0.0232579503 -0.00854018424 0.039710138 -0.0262579508 -0.00854018424 0.039710138 -0.0232523605 -0.00824113842 0.0394679606 -0.0232523605 -0.00824113842 0.0394679606 -0.0262579508 -0.00854018424 0.039710138 -0.026252361 -0.00824113842 0.0394679606 -0.0232523605 -0.00824113842 0.0394679606 -0.026252361 -0.00824113842 0.0394679606 -0.023249764 -0.00808900874 0.0393501222 -0.023249764 -0.00808900874 0.0393501222 -0.026252361 -0.00824113842 0.0394679606 -0.0262497645 -0.00808900874 0.0393501222 -0.023249764 -0.00808900874 0.0393501222 -0.0262497645 -0.00808900874 0.0393501222 -0.0232485123 -0.00801230688 0.0392920263 -0.0262497645 -0.00808900874 0.0393501222 -0.0262485128 -0.00801230688 0.0392920263 -0.0232485123 -0.00801230688 0.0392920263 -0.0232485123 -0.00801230688 0.0392920263 -0.0262485128 -0.00801230688 0.0392920263 -0.0262478981 -0.00797379762 0.0392631851 -0.0232485123 -0.00801230688 0.0392920263 -0.0262478981 -0.00797379762 0.0392631851 -0.0232478976 -0.00797379762 0.0392631851 -0.0232478976 -0.00797379762 0.0392631851 -0.0262478981 -0.00797379762 0.0392631851 -0.0262475945 -0.00795450434 0.0392488204 -0.0232478976 -0.00797379762 0.0392631851 -0.0262475945 -0.00795450434 0.0392488204 -0.023247594 -0.00795450434 0.0392488204 -0.023247594 -0.00795450434 0.0392488204 -0.0262475945 -0.00795450434 0.0392488204 -0.0262472909 -0.00793518499 0.0392344855 -0.023247594 -0.00795450434 0.0392488204 -0.0262472909 -0.00793518499 0.0392344855 -0.0232472904 -0.00793518499 0.0392344855 -0.0234473851 0.00804631878 0.0605747662 -0.0264473855 0.00804631878 0.0605747662 -0.0264785923 0.00655038608 0.0615554526 -0.0234473851 0.00804631878 0.0605747662 -0.0264785923 0.00655038608 0.0615554526 -0.0234785918 0.00655038608 0.0615554526 -0.0234785918 0.00655038608 0.0615554526 -0.0264785923 0.00655038608 0.0615554526 -0.026504131 0.004937388 0.0623272695 -0.0234785918 0.00655038608 0.0615554526 -0.026504131 0.004937388 0.0623272695 -0.0235041324 0.004937388 0.0623272695 -0.0235041324 0.004937388 0.0623272695 -0.026504131 0.004937388 0.0623272695 -0.0265212283 0.00321178907 0.0628859028 -0.0235041324 0.004937388 0.0623272695 -0.0265212283 0.00321178907 0.0628859028 -0.0235212278 0.00321178907 0.0628859028 -0.0235212278 0.00321178907 0.0628859028 -0.0265212283 0.00321178907 0.0628859028 -0.0265404861 0.00142040802 0.0632077381 -0.0235212278 0.00321178907 0.0628859028 -0.0265404861 0.00142040802 0.0632077381 -0.0235404857 0.00142040802 0.0632077381 -0.0235404857 0.00142040802 0.0632077381 -0.0265404861 0.00142040802 0.0632077381 -0.0265724584 -9.74180439e-05 0.0632842854 -0.0235404857 0.00142040802 0.0632077381 -0.0265724584 -9.74180439e-05 0.0632842854 -0.023572458 -9.74180439e-05 0.0632842854 -0.023572458 -9.74180439e-05 0.0632842854 -0.0265724584 -9.74180439e-05 0.0632842854 -0.0266288184 -0.00186342269 0.0631470308 -0.023572458 -9.74180439e-05 0.0632842854 -0.0266288184 -0.00186342269 0.0631470308 -0.0236288179 -0.00186342269 0.0631470308 -0.0236288179 -0.00186342269 0.0631470308 -0.0266288184 -0.00186342269 0.0631470308 -0.0266961977 -0.00359989936 0.0627731383 -0.0236288179 -0.00186342269 0.0631470308 -0.0266961977 -0.00359989936 0.0627731383 -0.0236961972 -0.00359989936 0.0627731383 -0.0236961972 -0.00359989936 0.0627731383 -0.0266961977 -0.00359989936 0.0627731383 -0.0267522931 -0.00530483248 0.0621609353 -0.0236961972 -0.00359989936 0.0627731383 -0.0267522931 -0.00530483248 0.0621609353 -0.0237522926 -0.00530483248 0.0621609353 -0.0237522926 -0.00530483248 0.0621609353 -0.0267522931 -0.00530483248 0.0621609353 -0.0267741494 -0.00692299707 0.0613220409 -0.0237522926 -0.00530483248 0.0621609353 -0.0267741494 -0.00692299707 0.0613220409 -0.0237741489 -0.00692299707 0.0613220409 -0.0237715207 -0.00807886478 0.06053463 -0.0267710909 -0.00813333504 0.0604929291 -0.0237710904 -0.00813333504 0.0604929291 -0.0237710904 -0.00813333504 0.0604929291 -0.0267710909 -0.00813333504 0.0604929291 -0.0267708655 -0.00816049147 0.0604719706 -0.0237710904 -0.00813333504 0.0604929291 -0.0267708655 -0.00816049147 0.0604719706 -0.0237708651 -0.00816049147 0.0604719706 -0.0237708651 -0.00816049147 0.0604719706 -0.0267708655 -0.00816049147 0.0604719706 -0.0267707519 -0.00817404967 0.0604614615 -0.0237708651 -0.00816049147 0.0604719706 -0.0267707519 -0.00817404967 0.0604614615 -0.0237707514 -0.00817404967 0.0604614615 -0.0237707514 -0.00817404967 0.0604614615 -0.0267707519 -0.00817404967 0.0604614615 -0.0267706346 -0.00818759575 0.0604509376 -0.0237707514 -0.00817404967 0.0604614615 -0.0267706346 -0.00818759575 0.0604509376 -0.0237706341 -0.00818759575 0.0604509376 -0.0237741489 -0.00692299707 0.0613220409 -0.0267741494 -0.00692299707 0.0613220409 -0.0237747896 -0.00729541061 0.0610874929 -0.0237747896 -0.00729541061 0.0610874929 -0.0267741494 -0.00692299707 0.0613220409 -0.0267747901 -0.00729541061 0.0610874929 -0.0237747896 -0.00729541061 0.0610874929 -0.0267747901 -0.00729541061 0.0610874929 -0.0237735696 -0.0077477647 0.0607786775 -0.0237735696 -0.0077477647 0.0607786775 -0.0267747901 -0.00729541061 0.0610874929 -0.0267735701 -0.0077477647 0.0607786775 -0.0237735696 -0.0077477647 0.0607786775 -0.0267735701 -0.0077477647 0.0607786775 -0.023772303 -0.00796930585 0.0606171526 -0.023772303 -0.00796930585 0.0606171526 -0.0267735701 -0.0077477647 0.0607786775 -0.0267723035 -0.00796930585 0.0606171526 -0.023772303 -0.00796930585 0.0606171526 -0.0267723035 -0.00796930585 0.0606171526 -0.0237715207 -0.00807886478 0.06053463 -0.0237715207 -0.00807886478 0.06053463 -0.0267723035 -0.00796930585 0.0606171526 -0.0267715193 -0.00807886478 0.06053463 -0.0237715207 -0.00807886478 0.06053463 -0.0267715193 -0.00807886478 0.06053463 -0.0267710909 -0.00813333504 0.0604929291 -0.0230688751 0.00787562504 0.0391870923 -0.023068944 0.00786587503 0.0391799584 -0.0260689426 0.00786587503 0.0391799584 -0.0260689426 0.00786587503 0.0391799584 -0.0260688756 0.00787562504 0.0391870923 -0.0230688751 0.00787562504 0.0391870923 -0.0230688751 0.00787562504 0.0391870923 -0.0260688756 0.00787562504 0.0391870923 -0.0260688085 0.00788536854 0.0391942337 -0.0230688751 0.00787562504 0.0391870923 -0.0260688085 0.00788536854 0.0391942337 -0.023068808 0.00788536854 0.0391942337 -0.023068808 0.00788536854 0.0391942337 -0.0260688085 0.00788536854 0.0391942337 -0.0260686744 0.00790483691 0.0392085463 -0.023068808 0.00788536854 0.0391942337 -0.0260686744 0.00790483691 0.0392085463 -0.0230686758 0.00790483691 0.0392085463 -0.0230686758 0.00790483691 0.0392085463 -0.0260686744 0.00790483691 0.0392085463 -0.0260684155 0.00794369541 0.039237272 -0.0230686758 0.00790483691 0.0392085463 -0.0260684155 0.00794369541 0.039237272 -0.0230684169 0.00794369541 0.039237272 -0.0230684169 0.00794369541 0.039237272 -0.0260684155 0.00794369541 0.039237272 -0.023067927 0.00802109949 0.0392951518 -0.023067927 0.00802109949 0.0392951518 -0.0260684155 0.00794369541 0.039237272 -0.0260679275 0.00802109949 0.0392951518 -0.023067927 0.00802109949 0.0392951518 -0.0260679275 0.00802109949 0.0392951518 -0.0230670683 0.00817464385 0.0394125879 -0.0230670683 0.00817464385 0.0394125879 -0.0260679275 0.00802109949 0.0392951518 -0.0260670688 0.00817464385 0.0394125879 -0.0230670683 0.00817464385 0.0394125879 -0.0260670688 0.00817464385 0.0394125879 -0.0230658371 0.0084765628 0.0396541096 -0.0230658371 0.0084765628 0.0396541096 -0.0260670688 0.00817464385 0.0394125879 -0.0260658376 0.0084765628 0.0396541096 -0.0230658371 0.0084765628 0.0396541096 -0.0260658376 0.0084765628 0.0396541096 -0.0230654627 0.0090588117 0.0401630178 -0.0230654627 0.0090588117 0.0401630178 -0.0260658376 0.0084765628 0.0396541096 -0.0260654613 0.0090588117 0.0401630178 -0.0230654627 0.0090588117 0.0401630178 -0.0260654613 0.0090588117 0.0401630178 -0.023066001 0.0092484802 0.0403422788 -0.023066001 0.0092484802 0.0403422788 -0.0260654613 0.0090588117 0.0401630178 -0.0260660015 0.0092484802 0.0403422788 -0.023066001 0.0092484802 0.0403422788 -0.0260660015 0.0092484802 0.0403422788 -0.0230733678 0.0101301139 0.0412782915 -0.0230733678 0.0101301139 0.0412782915 -0.0260660015 0.0092484802 0.0403422788 -0.0260733683 0.0101301139 0.0412782915 -0.0230733678 0.0101301139 0.0412782915 -0.0260733683 0.0101301139 0.0412782915 -0.023078382 0.0104608657 0.0416809134 -0.023078382 0.0104608657 0.0416809134 -0.0260733683 0.0101301139 0.0412782915 -0.0260783825 0.0104608657 0.0416809134 -0.023078382 0.0104608657 0.0416809134 -0.0260783825 0.0104608657 0.0416809134 -0.0230912156 0.011065363 0.0425107256 -0.0230912156 0.011065363 0.0425107256 -0.0260783825 0.0104608657 0.0416809134 -0.0260912143 0.011065363 0.0425107256 -0.0230912156 0.011065363 0.0425107256 -0.0260912143 0.011065363 0.0425107256 -0.0231032725 0.011481938 0.0431730933 -0.0231032725 0.011481938 0.0431730933 -0.0260912143 0.011065363 0.0425107256 -0.026103273 0.011481938 0.0431730933 -0.0231032725 0.011481938 0.0431730933 -0.026103273 0.011481938 0.0431730933 -0.023116665 0.0118511375 0.0438437536 -0.023116665 0.0118511375 0.0438437536 -0.026103273 0.011481938 0.0431730933 -0.0261166655 0.0118511375 0.0438437536 -0.023116665 0.0118511375 0.0438437536 -0.0261166655 0.0118511375 0.0438437536 -0.0231368896 0.0122903325 0.0447875336 -0.0231368896 0.0122903325 0.0447875336 -0.0261166655 0.0118511375 0.0438437536 -0.0261368882 0.0122903325 0.0447875336 -0.0231368896 0.0122903325 0.0447875336 -0.0261368882 0.0122903325 0.0447875336 -0.0231473707 0.0124774985 0.0452594236 -0.0231473707 0.0124774985 0.0452594236 -0.0261368882 0.0122903325 0.0447875336 -0.0261473712 0.0124774985 0.0452594236 -0.0231473707 0.0124774985 0.0452594236 -0.0261473712 0.0124774985 0.0452594236 -0.0231753215 0.012874743 0.0465013161 -0.0261473712 0.0124774985 0.0452594236 -0.026175322 0.012874743 0.0465013161 -0.0231753215 0.012874743 0.0465013161 -0.0231753215 0.012874743 0.0465013161 -0.026175322 0.012874743 0.0465013161 -0.0262142029 0.013219581 0.0482749417 -0.0231753215 0.012874743 0.0465013161 -0.0262142029 0.013219581 0.0482749417 -0.0232142024 0.013219581 0.0482749417 -0.0232142024 0.013219581 0.0482749417 -0.0262142029 0.013219581 0.0482749417 -0.0262459535 0.0133222332 0.0498100333 -0.0232142024 0.013219581 0.0482749417 -0.0262459535 0.0133222332 0.0498100333 -0.023245953 0.0133222332 0.0498100333 -0.023245953 0.0133222332 0.0498100333 -0.0262459535 0.0133222332 0.0498100333 -0.023248652 0.013322847 0.0499453396 -0.023248652 0.013322847 0.0499453396 -0.0262459535 0.0133222332 0.0498100333 -0.0262486525 0.013322847 0.0499453396 -0.023248652 0.013322847 0.0499453396 -0.0262486525 0.013322847 0.0499453396 -0.0232806485 0.0132169332 0.0516237468 -0.0232806485 0.0132169332 0.0516237468 -0.0262486525 0.013322847 0.0499453396 -0.026280649 0.0132169332 0.0516237468 -0.0232806485 0.0132169332 0.0516237468 -0.026280649 0.0132169332 0.0516237468 -0.0233029053 0.0129945101 0.05289042 -0.0233029053 0.0129945101 0.05289042 -0.026280649 0.0132169332 0.0516237468 -0.0263029058 0.0129945101 0.05289042 -0.0233029053 0.0129945101 0.05289042 -0.0263029058 0.0129945101 0.05289042 -0.0233114827 0.0128669217 0.0534065366 -0.0233114827 0.0128669217 0.0534065366 -0.0263029058 0.0129945101 0.05289042 -0.0263114832 0.0128669217 0.0534065366 -0.0233114827 0.0128669217 0.0534065366 -0.0263114832 0.0128669217 0.0534065366 -0.0233271029 0.012564389 0.0543816797 -0.0233271029 0.012564389 0.0543816797 -0.0263114832 0.0128669217 0.0534065366 -0.0263271015 0.012564389 0.0543816797 -0.0233271029 0.012564389 0.0543816797 -0.0263271015 0.012564389 0.0543816797 -0.0233385935 0.0122816097 0.0551140085 -0.0233385935 0.0122816097 0.0551140085 -0.0263271015 0.012564389 0.0543816797 -0.026338594 0.0122816097 0.0551140085 -0.0233385935 0.0122816097 0.0551140085 -0.026338594 0.0122816097 0.0551140085 -0.0233496409 0.011963631 0.0558136441 -0.0233496409 0.011963631 0.0558136441 -0.026338594 0.0122816097 0.0551140085 -0.0263496414 0.011963631 0.0558136441 -0.0233496409 0.011963631 0.0558136441 -0.0263496414 0.011963631 0.0558136441 -0.023364637 0.0114690457 0.0567312911 -0.023364637 0.0114690457 0.0567312911 -0.0263496414 0.011963631 0.0558136441 -0.0263646375 0.0114690457 0.0567312911 -0.023364637 0.0114690457 0.0567312911 -0.0263646375 0.0114690457 0.0567312911 -0.0233720839 0.0112004708 0.0571669824 -0.0233720839 0.0112004708 0.0571669824 -0.0263646375 0.0114690457 0.0567312911 -0.0263720844 0.0112004708 0.0571669824 -0.0233720839 0.0112004708 0.0571669824 -0.0263720844 0.0112004708 0.0571669824 -0.0233915355 0.0104435999 0.0582264289 -0.0263720844 0.0112004708 0.0571669824 -0.0263915341 0.0104435999 0.0582264289 -0.0233915355 0.0104435999 0.0582264289 -0.0233915355 0.0104435999 0.0582264289 -0.0263915341 0.0104435999 0.0582264289 -0.0264204293 0.00922688749 0.0595656782 -0.0233915355 0.0104435999 0.0582264289 -0.0264204293 0.00922688749 0.0595656782 -0.0234204307 0.00922688749 0.0595656782 -0.0234204307 0.00922688749 0.0595656782 -0.0264204293 0.00922688749 0.0595656782 -0.0264473855 0.00804631878 0.0605747662 -0.0234204307 0.00922688749 0.0595656782 -0.0264473855 0.00804631878 0.0605747662 -0.0234473851 0.00804631878 0.0605747662 -0.0231342427 0.00307032256 0.0369733721 -0.0231072139 0.00479921652 0.0375084393 -0.0231198166 0.00470264442 0.0385223478 -0.0230684169 0.00794369541 0.039237272 -0.023067927 0.00802109949 0.0392951518 -0.0230687633 0.00791213289 0.039219629 -0.0233747456 -0.0104705328 0.0436122194 -0.0233639479 -0.00903656986 0.0433677472 -0.0234075021 -0.00948922429 0.0449147597 -0.0234075021 -0.00948922429 0.0449147597 -0.0233639479 -0.00903656986 0.0433677472 -0.023336133 -0.00609309459 0.0429808684 -0.0236984026 -0.0085967686 0.0578109138 -0.0236685667 -0.00913892128 0.0563282184 -0.023626009 -0.00616951846 0.0567685664 -0.0235999953 -0.0131726163 0.0519699119 -0.0235855449 -0.0132553279 0.0513304956 -0.0235699415 -0.0100514842 0.051506035 -0.0236382466 -0.0127758123 0.0537352562 -0.0236191861 -0.0130081009 0.0528428853 -0.0236050021 -0.00987172034 0.0531574711 -0.0235104579 0.00128546217 0.0603987575 -0.0234925095 0.00263051735 0.0603050031 -0.0235128962 0.00236728392 0.0617714599 -0.0235128962 0.00236728392 0.0617714599 -0.0234925095 0.00263051735 0.0603050031 -0.0234796666 0.00396463694 0.0601454936 -0.0233720839 0.0112004708 0.0571669824 -0.0233915355 0.0104435999 0.0582264289 -0.0234157573 0.0090848254 0.0588862561 -0.0233121403 0.0100307418 0.0515324175 -0.0232815258 0.0100857792 0.0498487204 -0.023248652 0.013322847 0.0499453396 -0.0233692247 0.0105393147 0.0561243966 -0.0233461224 0.0110598169 0.0546187311 -0.0233385935 0.0122816097 0.0551140085 -0.023248652 0.013322847 0.0499453396 -0.0232806485 0.0132169332 0.0516237468 -0.0233121403 0.0100307418 0.0515324175 -0.0233121403 0.0100307418 0.0515324175 -0.0232806485 0.0132169332 0.0516237468 -0.0233029053 0.0129945101 0.05289042 -0.0233121403 0.0100307418 0.0515324175 -0.0233029053 0.0129945101 0.05289042 -0.0233213548 0.0114324503 0.0530549102 -0.0233213548 0.0114324503 0.0530549102 -0.0233029053 0.0129945101 0.05289042 -0.0233114827 0.0128669217 0.0534065366 -0.0233213548 0.0114324503 0.0530549102 -0.0233114827 0.0128669217 0.0534065366 -0.0233461224 0.0110598169 0.0546187311 -0.0233461224 0.0110598169 0.0546187311 -0.0233114827 0.0128669217 0.0534065366 -0.0233271029 0.012564389 0.0543816797 -0.0233461224 0.0110598169 0.0546187311 -0.0233271029 0.012564389 0.0543816797 -0.0233385935 0.0122816097 0.0551140085 -0.0233720839 0.0112004708 0.0571669824 -0.0233921539 0.00987806823 0.0575529896 -0.023364637 0.0114690457 0.0567312911 -0.023364637 0.0114690457 0.0567312911 -0.0233921539 0.00987806823 0.0575529896 -0.0233692247 0.0105393147 0.0561243966 -0.023364637 0.0114690457 0.0567312911 -0.0233692247 0.0105393147 0.0561243966 -0.0233496409 0.011963631 0.0558136441 -0.0233496409 0.011963631 0.0558136441 -0.0233692247 0.0105393147 0.0561243966 -0.0233385935 0.0122816097 0.0551140085 -0.0233921539 0.00987806823 0.0575529896 -0.0234116465 0.00852232892 0.0578902289 -0.0233692247 0.0105393147 0.0561243966 -0.0233692247 0.0105393147 0.0561243966 -0.0234116465 0.00852232892 0.0578902289 -0.0233885087 0.00908474252 0.0563956611 -0.0233692247 0.0105393147 0.0561243966 -0.0233885087 0.00908474252 0.0563956611 -0.0233461224 0.0110598169 0.0546187311 -0.0233461224 0.0110598169 0.0546187311 -0.0233885087 0.00908474252 0.0563956611 -0.023365112 0.00952741131 0.0548253879 -0.0233461224 0.0110598169 0.0546187311 -0.023365112 0.00952741131 0.0548253879 -0.0233213548 0.0114324503 0.0530549102 -0.0233213548 0.0114324503 0.0530549102 -0.023365112 0.00952741131 0.0548253879 -0.0233400464 0.00984428916 0.0531979725 -0.0233213548 0.0114324503 0.0530549102 -0.0233400464 0.00984428916 0.0531979725 -0.0233121403 0.0100307418 0.0515324175 -0.0234352406 0.00784760807 0.0592912249 -0.0234157573 0.0090848254 0.0588862561 -0.0234597027 0.0070690047 0.060581632 -0.0234597027 0.0070690047 0.060581632 -0.0234157573 0.0090848254 0.0588862561 -0.0234406069 0.00816949271 0.0601068065 -0.0234597027 0.0070690047 0.060581632 -0.0234406069 0.00816949271 0.0601068065 -0.0234785918 0.00655038608 0.0615554526 -0.0234785918 0.00655038608 0.0615554526 -0.0234406069 0.00816949271 0.0601068065 -0.0234473851 0.00804631878 0.0605747662 -0.0234157573 0.0090848254 0.0588862561 -0.0233915355 0.0104435999 0.0582264289 -0.0234406069 0.00816949271 0.0601068065 -0.0234406069 0.00816949271 0.0601068065 -0.0233915355 0.0104435999 0.0582264289 -0.0234204307 0.00922688749 0.0595656782 -0.0234406069 0.00816949271 0.0601068065 -0.0234204307 0.00922688749 0.0595656782 -0.0234473851 0.00804631878 0.0605747662 -0.0233169477 0.00336453365 0.0480512641 -0.0233484209 0.0033885655 0.0498900637 -0.0233891327 -1.77839356e-05 0.0498942137 -0.0233891327 -1.77839356e-05 0.0498942137 -0.0233484209 0.0033885655 0.0498900637 -0.023377629 0.00336900679 0.0517307818 -0.023501195 0.00357599021 0.0615841113 -0.0234673154 0.0052823741 0.0599222071 -0.0234900545 0.00476644794 0.0613220148 -0.0234900545 0.00476644794 0.0613220148 -0.0234673154 0.0052823741 0.0599222071 -0.0234527662 0.00657845382 0.059636917 -0.0234900545 0.00476644794 0.0613220148 -0.0234527662 0.00657845382 0.059636917 -0.0234765224 0.00593275577 0.0609872155 -0.0235404857 0.00142040802 0.0632077381 -0.023501195 0.00357599021 0.0615841113 -0.0235212278 0.00321178907 0.0628859028 -0.0235212278 0.00321178907 0.0628859028 -0.023501195 0.00357599021 0.0615841113 -0.0234900545 0.00476644794 0.0613220148 -0.0235212278 0.00321178907 0.0628859028 -0.0234900545 0.00476644794 0.0613220148 -0.0235041324 0.004937388 0.0623272695 -0.0235041324 0.004937388 0.0623272695 -0.0234900545 0.00476644794 0.0613220148 -0.0234765224 0.00593275577 0.0609872155 -0.0234796666 0.00396463694 0.0601454936 -0.0234714821 0.00285860663 0.0587336533 -0.0234446861 0.00572944107 0.0584152415 -0.0234684236 0.00150638004 0.0571358465 -0.0234500337 0.00304871984 0.0570733733 -0.0234714821 0.00285860663 0.0587336533 -0.0234796666 0.00396463694 0.0601454936 -0.0234925095 0.00263051735 0.0603050031 -0.0234714821 0.00285860663 0.0587336533 -0.0234714821 0.00285860663 0.0587336533 -0.0234925095 0.00263051735 0.0603050031 -0.0235104579 0.00128546217 0.0603987575 -0.0234714821 0.00285860663 0.0587336533 -0.0235104579 0.00128546217 0.0603987575 -0.0234684236 0.00150638004 0.0571358465 -0.0234684236 0.00150638004 0.0571358465 -0.0235104579 0.00128546217 0.0603987575 -0.0234927796 -4.01349207e-05 0.0571526065 -0.0234684236 0.00150638004 0.0571358465 -0.0234927796 -4.01349207e-05 0.0571526065 -0.0234458335 -2.47517473e-05 0.053595297 -0.0234500337 0.00304871984 0.0570733733 -0.0234684236 0.00150638004 0.0571358465 -0.0234279707 0.00319838105 0.0553409979 -0.0234279707 0.00319838105 0.0553409979 -0.0234684236 0.00150638004 0.0571358465 -0.0234458335 -2.47517473e-05 0.053595297 -0.0234279707 0.00319838105 0.0553409979 -0.0234458335 -2.47517473e-05 0.053595297 -0.0234041698 0.00330561772 0.053554114 -0.0235326141 -0.00676033413 0.0516342148 -0.023441989 -0.00342197181 0.0498829484 -0.0234743282 -0.00340735889 0.0517189056 -0.0234743282 -0.00340735889 0.0517189056 -0.023441989 -0.00342197181 0.0498829484 -0.0233891327 -1.77839356e-05 0.0498942137 -0.0234743282 -0.00340735889 0.0517189056 -0.0233891327 -1.77839356e-05 0.0498942137 -0.0234458335 -2.47517473e-05 0.053595297 -0.0234458335 -2.47517473e-05 0.053595297 -0.0233891327 -1.77839356e-05 0.0498942137 -0.023377629 0.00336900679 0.0517307818 -0.0234458335 -2.47517473e-05 0.053595297 -0.023377629 0.00336900679 0.0517307818 -0.0234041698 0.00330561772 0.053554114 -0.0236050021 -0.00987172034 0.0531574711 -0.0235326141 -0.00676033413 0.0516342148 -0.0235659834 -0.00664424524 0.0533886328 -0.0235659834 -0.00664424524 0.0533886328 -0.0235326141 -0.00676033413 0.0516342148 -0.0234743282 -0.00340735889 0.0517189056 -0.0235659834 -0.00664424524 0.0533886328 -0.0234743282 -0.00340735889 0.0517189056 -0.0235040579 -0.00335230608 0.0535374358 -0.0235040579 -0.00335230608 0.0535374358 -0.0234743282 -0.00340735889 0.0517189056 -0.0234458335 -2.47517473e-05 0.053595297 -0.0236382466 -0.0127758123 0.0537352562 -0.0236050021 -0.00987172034 0.0531574711 -0.023650445 -0.0125882477 0.0543161333 -0.0235311911 -0.00325780059 0.0553196073 -0.023626009 -0.00616951846 0.0567685664 -0.0235968493 -0.00644622743 0.0551061295 -0.0235968493 -0.00644622743 0.0551061295 -0.023626009 -0.00616951846 0.0567685664 -0.0236685667 -0.00913892128 0.0563282184 -0.0235968493 -0.00644622743 0.0551061295 -0.0236685667 -0.00913892128 0.0563282184 -0.0236376375 -0.00956591032 0.0547710545 -0.023572458 -9.74180439e-05 0.0632842854 -0.0236288179 -0.00186342269 0.0631470308 -0.0235674959 -0.00141375791 0.0603817999 -0.0236044899 -0.00275570108 0.0602715984 -0.0236259028 -0.00252303365 0.0617354661 -0.0236437805 -0.00408498012 0.0600964539 -0.0236437805 -0.00408498012 0.0600964539 -0.0236259028 -0.00252303365 0.0617354661 -0.0236666035 -0.00372651569 0.0615312606 -0.0236044899 -0.00275570108 0.0602715984 -0.0235674959 -0.00141375791 0.0603817999 -0.0236259028 -0.00252303365 0.0617354661 -0.0236259028 -0.00252303365 0.0617354661 -0.0235674959 -0.00141375791 0.0603817999 -0.0236288179 -0.00186342269 0.0631470308 -0.0236259028 -0.00252303365 0.0617354661 -0.0236288179 -0.00186342269 0.0631470308 -0.0236666035 -0.00372651569 0.0615312606 -0.0236666035 -0.00372651569 0.0615312606 -0.0236288179 -0.00186342269 0.0631470308 -0.0236961972 -0.00359989936 0.0627731383 -0.0235404857 0.00142040802 0.0632077381 -0.023572458 -9.74180439e-05 0.0632842854 -0.0235356279 -6.46788903e-05 0.0604247563 -0.0235356279 -6.46788903e-05 0.0604247563 -0.023572458 -9.74180439e-05 0.0632842854 -0.0235674959 -0.00141375791 0.0603817999 -0.0235356279 -6.46788903e-05 0.0604247563 -0.0235674959 -0.00141375791 0.0603817999 -0.023522621 -0.00158577482 0.0571226813 -0.023522621 -0.00158577482 0.0571226813 -0.0235674959 -0.00141375791 0.0603817999 -0.0236044899 -0.00275570108 0.0602715984 -0.023522621 -0.00158577482 0.0571226813 -0.0236044899 -0.00275570108 0.0602715984 -0.0235811193 -0.00295737572 0.0587037019 -0.0235811193 -0.00295737572 0.0587037019 -0.0236044899 -0.00275570108 0.0602715984 -0.0236437805 -0.00408498012 0.0600964539 -0.0236542094 -0.0058180606 0.0583582968 -0.0236809272 -0.00539658219 0.059858527 -0.023709368 -0.00668558758 0.0595596917 -0.023709368 -0.00668558758 0.0595596917 -0.0236809272 -0.00539658219 0.059858527 -0.0237050746 -0.00491037266 0.0612533614 -0.023709368 -0.00668558758 0.0595596917 -0.0237050746 -0.00491037266 0.0612533614 -0.0237342101 -0.00606909813 0.0609039254 -0.0235311911 -0.00325780059 0.0553196073 -0.0235565901 -0.00312550785 0.0570475049 -0.023626009 -0.00616951846 0.0567685664 -0.023626009 -0.00616951846 0.0567685664 -0.0235565901 -0.00312550785 0.0570475049 -0.0236542094 -0.0058180606 0.0583582968 -0.023626009 -0.00616951846 0.0567685664 -0.0236542094 -0.0058180606 0.0583582968 -0.0236984026 -0.0085967686 0.0578109138 -0.0236984026 -0.0085967686 0.0578109138 -0.0236542094 -0.0058180606 0.0583582968 -0.023709368 -0.00668558758 0.0595596917 -0.0236984026 -0.0085967686 0.0578109138 -0.023709368 -0.00668558758 0.0595596917 -0.0237263665 -0.00794670172 0.0592019819 -0.0237263665 -0.00794670172 0.0592019819 -0.023709368 -0.00668558758 0.0595596917 -0.0237342101 -0.00606909813 0.0609039254 -0.0237263665 -0.00794670172 0.0592019819 -0.0237342101 -0.00606909813 0.0609039254 -0.0237510614 -0.00719685527 0.0604851544 -0.0237706341 -0.00818759575 0.0604509376 -0.0237705521 -0.00819702353 0.0604435951 -0.0237707514 -0.00817404967 0.0604614615 -0.0237707514 -0.00817404967 0.0604614615 -0.0237705521 -0.00819702353 0.0604435951 -0.0237704702 -0.00820644479 0.0604362451 -0.0237707514 -0.00817404967 0.0604614615 -0.0237704702 -0.00820644479 0.0604362451 -0.0237708651 -0.00816049147 0.0604719706 -0.0237708651 -0.00816049147 0.0604719706 -0.0237704702 -0.00820644479 0.0604362451 -0.0237703044 -0.00822526682 0.0604215227 -0.0237708651 -0.00816049147 0.0604719706 -0.0237703044 -0.00822526682 0.0604215227 -0.0237710904 -0.00813333504 0.0604929291 -0.0237710904 -0.00813333504 0.0604929291 -0.0237703044 -0.00822526682 0.0604215227 -0.0237704068 -0.00820791535 0.060433615 -0.0237710904 -0.00813333504 0.0604929291 -0.0237704068 -0.00820791535 0.060433615 -0.0237715207 -0.00807886478 0.06053463 -0.0237692036 -0.00825731456 0.0603726059 -0.0237708259 -0.00811413396 0.0604959466 -0.0237700921 -0.00822629873 0.0604147799 -0.0237708259 -0.00811413396 0.0604959466 -0.0237692036 -0.00825731456 0.0603726059 -0.0237702876 -0.00802547485 0.0605288334 -0.0237702876 -0.00802547485 0.0605288334 -0.0237692036 -0.00825731456 0.0603726059 -0.0237664599 -0.00829671789 0.0602705963 -0.0237702876 -0.00802547485 0.0605288334 -0.0237664599 -0.00829671789 0.0602705963 -0.0237670448 -0.00780414557 0.0605592243 -0.0237670448 -0.00780414557 0.0605592243 -0.0237664599 -0.00829671789 0.0602705963 -0.0237573888 -0.00828808825 0.0599984713 -0.0237670448 -0.00780414557 0.0605592243 -0.0237573888 -0.00828808825 0.0599984713 -0.0237510614 -0.00719685527 0.0604851544 -0.0237510614 -0.00719685527 0.0604851544 -0.0237573888 -0.00828808825 0.0599984713 -0.0237337649 -0.00917507987 0.0587860793 -0.0237510614 -0.00719685527 0.0604851544 -0.0237337649 -0.00917507987 0.0587860793 -0.0237263665 -0.00794670172 0.0592019819 -0.0237263665 -0.00794670172 0.0592019819 -0.0237337649 -0.00917507987 0.0587860793 -0.0237064734 -0.00994407292 0.0574641526 -0.0237263665 -0.00794670172 0.0592019819 -0.0237064734 -0.00994407292 0.0574641526 -0.0236984026 -0.0085967686 0.0578109138 -0.0236984026 -0.0085967686 0.0578109138 -0.0237064734 -0.00994407292 0.0574641526 -0.0236770771 -0.0105854543 0.0560492091 -0.0236984026 -0.0085967686 0.0578109138 -0.0236770771 -0.0105854543 0.0560492091 -0.0236685667 -0.00913892128 0.0563282184 -0.0236685667 -0.00913892128 0.0563282184 -0.0236770771 -0.0105854543 0.0560492091 -0.0236464925 -0.0110906642 0.0545586497 -0.0236685667 -0.00913892128 0.0563282184 -0.0236464925 -0.0110906642 0.0545586497 -0.0236376375 -0.00956591032 0.0547710545 -0.0237614773 -0.00897866394 0.0597846806 -0.0237573888 -0.00828808825 0.0599984713 -0.0237642489 -0.00877743866 0.0599642582 -0.0237642489 -0.00877743866 0.0599642582 -0.0237573888 -0.00828808825 0.0599984713 -0.0237664599 -0.00829671789 0.0602705963 -0.0237642489 -0.00877743866 0.0599642582 -0.0237664599 -0.00829671789 0.0602705963 -0.0237677284 -0.00848599151 0.0602118373 -0.0237677284 -0.00848599151 0.0602118373 -0.0237664599 -0.00829671789 0.0602705963 -0.0237692036 -0.00825731456 0.0603726059 -0.0237677284 -0.00848599151 0.0602118373 -0.0237692036 -0.00825731456 0.0603726059 -0.0237692557 -0.00833764672 0.0603324585 -0.0237692557 -0.00833764672 0.0603324585 -0.0237692036 -0.00825731456 0.0603726059 -0.0237700921 -0.00822629873 0.0604147799 -0.0237692557 -0.00833764672 0.0603324585 -0.0237700921 -0.00822629873 0.0604147799 -0.0237699654 -0.00826283265 0.06039197 -0.0237703044 -0.00822526682 0.0604215227 -0.0237699654 -0.00826283265 0.06039197 -0.0237704068 -0.00820791535 0.060433615 -0.0237704068 -0.00820791535 0.060433615 -0.0237699654 -0.00826283265 0.06039197 -0.0237700921 -0.00822629873 0.0604147799 -0.0237704068 -0.00820791535 0.060433615 -0.0237700921 -0.00822629873 0.0604147799 -0.0237715207 -0.00807886478 0.06053463 -0.0237715207 -0.00807886478 0.06053463 -0.0237700921 -0.00822629873 0.0604147799 -0.0237708259 -0.00811413396 0.0604959466 -0.0237715207 -0.00807886478 0.06053463 -0.0237708259 -0.00811413396 0.0604959466 -0.023772303 -0.00796930585 0.0606171526 -0.023772303 -0.00796930585 0.0606171526 -0.0237708259 -0.00811413396 0.0604959466 -0.0237702876 -0.00802547485 0.0605288334 -0.023772303 -0.00796930585 0.0606171526 -0.0237702876 -0.00802547485 0.0605288334 -0.0237735696 -0.0077477647 0.0607786775 -0.0237735696 -0.0077477647 0.0607786775 -0.0237702876 -0.00802547485 0.0605288334 -0.0237670448 -0.00780414557 0.0605592243 -0.0237735696 -0.0077477647 0.0607786775 -0.0237670448 -0.00780414557 0.0605592243 -0.0237747896 -0.00729541061 0.0610874929 -0.0237747896 -0.00729541061 0.0610874929 -0.0237670448 -0.00780414557 0.0605592243 -0.0237510614 -0.00719685527 0.0604851544 -0.0235311911 -0.00325780059 0.0553196073 -0.023522621 -0.00158577482 0.0571226813 -0.0235565901 -0.00312550785 0.0570475049 -0.0235565901 -0.00312550785 0.0570475049 -0.023522621 -0.00158577482 0.0571226813 -0.0235811193 -0.00295737572 0.0587037019 -0.0235565901 -0.00312550785 0.0570475049 -0.0235811193 -0.00295737572 0.0587037019 -0.0236542094 -0.0058180606 0.0583582968 -0.0236542094 -0.0058180606 0.0583582968 -0.0235811193 -0.00295737572 0.0587037019 -0.0236437805 -0.00408498012 0.0600964539 -0.0236542094 -0.0058180606 0.0583582968 -0.0236437805 -0.00408498012 0.0600964539 -0.0236809272 -0.00539658219 0.059858527 -0.0236809272 -0.00539658219 0.059858527 -0.0236437805 -0.00408498012 0.0600964539 -0.0236666035 -0.00372651569 0.0615312606 -0.0236809272 -0.00539658219 0.059858527 -0.0236666035 -0.00372651569 0.0615312606 -0.0237050746 -0.00491037266 0.0612533614 -0.0237050746 -0.00491037266 0.0612533614 -0.0236666035 -0.00372651569 0.0615312606 -0.0236961972 -0.00359989936 0.0627731383 -0.0237050746 -0.00491037266 0.0612533614 -0.0236961972 -0.00359989936 0.0627731383 -0.0237342101 -0.00606909813 0.0609039254 -0.0237342101 -0.00606909813 0.0609039254 -0.0236961972 -0.00359989936 0.0627731383 -0.0237522926 -0.00530483248 0.0621609353 -0.0237342101 -0.00606909813 0.0609039254 -0.0237522926 -0.00530483248 0.0621609353 -0.0237510614 -0.00719685527 0.0604851544 -0.0237510614 -0.00719685527 0.0604851544 -0.0237522926 -0.00530483248 0.0621609353 -0.0237741489 -0.00692299707 0.0613220409 -0.0237510614 -0.00719685527 0.0604851544 -0.0237741489 -0.00692299707 0.0613220409 -0.0237747896 -0.00729541061 0.0610874929 -0.0232329387 -0.00267656473 0.0395552181 -0.0232624747 -0.00289389864 0.0411047935 -0.0232477561 -0.00398586877 0.0397091918 -0.0232477561 -0.00398586877 0.0397091918 -0.0232624747 -0.00289389864 0.0411047935 -0.0232964456 -0.00572137441 0.0414054468 -0.0232823901 -0.00779164303 0.0405234732 -0.0232729465 -0.00654913858 0.0401938967 -0.0232964456 -0.00572137441 0.0414054468 -0.0232964456 -0.00572137441 0.0414054468 -0.0232729465 -0.00654913858 0.0401938967 -0.0232612751 -0.00527849374 0.0399224982 -0.0232964456 -0.00572137441 0.0414054468 -0.0232612751 -0.00527849374 0.0399224982 -0.0232477561 -0.00398586877 0.0397091918 -0.0232286472 -0.00626598764 0.0381804891 -0.0232502911 -0.00701525668 0.0392589681 -0.0232387558 -0.00730800163 0.0387973599 -0.0232387558 -0.00730800163 0.0387973599 -0.0232502911 -0.00701525668 0.0392589681 -0.0232594348 -0.00808651932 0.0397094972 -0.0232387558 -0.00730800163 0.0387973599 -0.0232594348 -0.00808651932 0.0397094972 -0.0232412405 -0.00750638824 0.0389298871 -0.0232412405 -0.00750638824 0.0389298871 -0.0232594348 -0.00808651932 0.0397094972 -0.023251906 -0.00807007402 0.0394268371 -0.0232412405 -0.00750638824 0.0389298871 -0.023251906 -0.00807007402 0.0394268371 -0.0232441686 -0.00772236846 0.0390801243 -0.0232441686 -0.00772236846 0.0390801243 -0.023251906 -0.00807007402 0.0394268371 -0.0232492443 -0.00801783428 0.0393190198 -0.0232441686 -0.00772236846 0.0390801243 -0.0232492443 -0.00801783428 0.0393190198 -0.0232457053 -0.00782917626 0.0391567945 -0.0232457053 -0.00782917626 0.0391567945 -0.0232492443 -0.00801783428 0.0393190198 -0.0232481807 -0.00798035972 0.0392737985 -0.0232457053 -0.00782917626 0.0391567945 -0.0232481807 -0.00798035972 0.0392737985 -0.0232464913 -0.00788228121 0.0391955115 -0.0232464913 -0.00788228121 0.0391955115 -0.0232481807 -0.00798035972 0.0392737985 -0.0232485123 -0.00801230688 0.0392920263 -0.0232464913 -0.00788228121 0.0391955115 -0.0232485123 -0.00801230688 0.0392920263 -0.0232468899 -0.00790875778 0.0392149687 -0.0232468899 -0.00790875778 0.0392149687 -0.0232485123 -0.00801230688 0.0392920263 -0.0232478976 -0.00797379762 0.0392631851 -0.0232468899 -0.00790875778 0.0392149687 -0.0232478976 -0.00797379762 0.0392631851 -0.0232470911 -0.0079219779 0.0392247178 -0.0232470911 -0.0079219779 0.0392247178 -0.0232478976 -0.00797379762 0.0392631851 -0.023247594 -0.00795450434 0.0392488204 -0.0232470911 -0.0079219779 0.0392247178 -0.023247594 -0.00795450434 0.0392488204 -0.0232471898 -0.00792858284 0.0392296016 -0.0232471898 -0.00792858284 0.0392296016 -0.023247594 -0.00795450434 0.0392488204 -0.0232472904 -0.00793518499 0.0392344855 -0.0233316664 -0.00980048627 0.0422100276 -0.0233429745 -0.0110994 0.042562522 -0.0233169384 -0.0105149811 0.0417516641 -0.0232964456 -0.00572137441 0.0414054468 -0.0233211815 -0.00846847054 0.0418983363 -0.0232823901 -0.00779164303 0.0405234732 -0.0232823901 -0.00779164303 0.0405234732 -0.0233211815 -0.00846847054 0.0418983363 -0.0233316664 -0.00980048627 0.0422100276 -0.0232823901 -0.00779164303 0.0405234732 -0.0233316664 -0.00980048627 0.0422100276 -0.0232923124 -0.00900218822 0.0409037434 -0.0232923124 -0.00900218822 0.0409037434 -0.0233316664 -0.00980048627 0.0422100276 -0.0233169384 -0.0105149811 0.0417516641 -0.0232923124 -0.00900218822 0.0409037434 -0.0233169384 -0.0105149811 0.0417516641 -0.0233037882 -0.0101758456 0.0413341783 -0.0233037882 -0.0101758456 0.0413341783 -0.0232760049 -0.00931120571 0.0404059552 -0.0232923124 -0.00900218822 0.0409037434 -0.0232923124 -0.00900218822 0.0409037434 -0.0232760049 -0.00931120571 0.0404059552 -0.0232708771 -0.00911655184 0.0402197912 -0.0232923124 -0.00900218822 0.0409037434 -0.0232708771 -0.00911655184 0.0402197912 -0.0232648458 -0.00860707182 0.0399574675 -0.0232648458 -0.00860707182 0.0399574675 -0.0232708771 -0.00911655184 0.0402197912 -0.0232579503 -0.00854018424 0.039710138 -0.0232648458 -0.00860707182 0.0399574675 -0.0232579503 -0.00854018424 0.039710138 -0.0232548397 -0.00830662716 0.0395665765 -0.0232548397 -0.00830662716 0.0395665765 -0.0232579503 -0.00854018424 0.039710138 -0.0232523605 -0.00824113842 0.0394679606 -0.0232624747 -0.00289389864 0.0411047935 -0.0232970994 -0.00307625043 0.042745702 -0.023336133 -0.00609309459 0.0429808684 -0.023336133 -0.00609309459 0.0429808684 -0.0232970994 -0.00307625043 0.042745702 -0.0233772676 -0.00638936646 0.0446322635 -0.023336133 -0.00609309459 0.0429808684 -0.0233772676 -0.00638936646 0.0446322635 -0.0234075021 -0.00948922429 0.0449147597 -0.0234075021 -0.00948922429 0.0449147597 -0.0233772676 -0.00638936646 0.0446322635 -0.0234505255 -0.00982071739 0.0465211309 -0.0234075021 -0.00948922429 0.0449147597 -0.0234505255 -0.00982071739 0.0465211309 -0.0234653931 -0.012899139 0.0465837494 -0.0234653931 -0.012899139 0.0465837494 -0.0234505255 -0.00982071739 0.0465211309 -0.0235131439 -0.0132343527 0.048359327 -0.0234653931 -0.012899139 0.0465837494 -0.0234284587 -0.0124920774 0.0452940948 -0.0234075021 -0.00948922429 0.0449147597 -0.0234075021 -0.00948922429 0.0449147597 -0.0234284587 -0.0124920774 0.0452940948 -0.0234157927 -0.0123251602 0.0448682494 -0.0234075021 -0.00948922429 0.0449147597 -0.0234157927 -0.0123251602 0.0448682494 -0.0233747456 -0.0104705328 0.0436122194 -0.0233747456 -0.0104705328 0.0436122194 -0.0234157927 -0.0123251602 0.0448682494 -0.0233856384 -0.0118745705 0.0438883491 -0.0233747456 -0.0104705328 0.0436122194 -0.0233856384 -0.0118745705 0.0438883491 -0.0233652089 -0.0115264012 0.0432490371 -0.0232624747 -0.00289389864 0.0411047935 -0.023336133 -0.00609309459 0.0429808684 -0.0232964456 -0.00572137441 0.0414054468 -0.0232964456 -0.00572137441 0.0414054468 -0.023336133 -0.00609309459 0.0429808684 -0.0233639479 -0.00903656986 0.0433677472 -0.0232964456 -0.00572137441 0.0414054468 -0.0233639479 -0.00903656986 0.0433677472 -0.0233211815 -0.00846847054 0.0418983363 -0.0233211815 -0.00846847054 0.0418983363 -0.0233639479 -0.00903656986 0.0433677472 -0.0233747456 -0.0104705328 0.0436122194 -0.0233211815 -0.00846847054 0.0418983363 -0.0233747456 -0.0104705328 0.0436122194 -0.0233316664 -0.00980048627 0.0422100276 -0.0233316664 -0.00980048627 0.0422100276 -0.0233747456 -0.0104705328 0.0436122194 -0.0233652089 -0.0115264012 0.0432490371 -0.0233316664 -0.00980048627 0.0422100276 -0.0233652089 -0.0115264012 0.0432490371 -0.0233429745 -0.0110994 0.042562522 -0.0235855449 -0.0132553279 0.0513304956 -0.0235582907 -0.0133261755 0.0501671173 -0.0235699415 -0.0100514842 0.051506035 -0.0235699415 -0.0100514842 0.051506035 -0.0235582907 -0.0133261755 0.0501671173 -0.0235323403 -0.0101032145 0.0498363338 -0.0235699415 -0.0100514842 0.051506035 -0.0235323403 -0.0101032145 0.0498363338 -0.0234966762 -0.0067930161 0.0498620495 -0.0234966762 -0.0067930161 0.0498620495 -0.0235323403 -0.0101032145 0.0498363338 -0.0234583803 -0.00674158195 0.0480914935 -0.0234966762 -0.0067930161 0.0498620495 -0.0234583803 -0.00674158195 0.0480914935 -0.0234073251 -0.0033955921 0.0480487086 -0.0234073251 -0.0033955921 0.0480487086 -0.0234583803 -0.00674158195 0.0480914935 -0.0233709943 -0.00332857971 0.0462353341 -0.0234073251 -0.0033955921 0.0480487086 -0.0233709943 -0.00332857971 0.0462353341 -0.023323616 -1.6583077e-05 0.0462004431 -0.0230687633 0.00791213289 0.039219629 -0.023067927 0.00802109949 0.0392951518 -0.0230688676 0.00795069989 0.0392652825 -0.0230688676 0.00795069989 0.0392652825 -0.023067927 0.00802109949 0.0392951518 -0.0230670683 0.00817464385 0.0394125879 -0.0230688676 0.00795069989 0.0392652825 -0.0230670683 0.00817464385 0.0394125879 -0.0230699461 0.00800516084 0.0393741615 -0.0230699461 0.00800516084 0.0393741615 -0.0230670683 0.00817464385 0.0394125879 -0.0230658371 0.0084765628 0.0396541096 -0.0230699461 0.00800516084 0.0393741615 -0.0230658371 0.0084765628 0.0396541096 -0.0230755713 0.00802602246 0.0396598093 -0.0230755713 0.00802602246 0.0396598093 -0.0230658371 0.0084765628 0.0396541096 -0.0230654627 0.0090588117 0.0401630178 -0.0230755713 0.00802602246 0.0396598093 -0.0230654627 0.0090588117 0.0401630178 -0.0230852701 0.00895324629 0.040855255 -0.0230884906 0.00695098704 0.0392172672 -0.0230859183 0.00626134779 0.0381760709 -0.0230836533 0.0064319754 0.0382683761 -0.0230836533 0.0064319754 0.0382683761 -0.0230786614 0.00682280492 0.0384921469 -0.0230884906 0.00695098704 0.0392172672 -0.0230884906 0.00695098704 0.0392172672 -0.0230786614 0.00682280492 0.0384921469 -0.0230771191 0.00699364487 0.0385938622 -0.0230884906 0.00695098704 0.0392172672 -0.0230771191 0.00699364487 0.0385938622 -0.0230749976 0.00752212293 0.0391098186 -0.0230749976 0.00752212293 0.0391098186 -0.0230771191 0.00699364487 0.0385938622 -0.0230725408 0.00743590668 0.0388784893 -0.0230749976 0.00752212293 0.0391098186 -0.0230725408 0.00743590668 0.0388784893 -0.023070924 0.00772372354 0.0391219296 -0.023070924 0.00772372354 0.0391219296 -0.0230725408 0.00743590668 0.0388784893 -0.0230706111 0.00765244896 0.0390271731 -0.023070924 0.00772372354 0.0391219296 -0.0230706111 0.00765244896 0.0390271731 -0.0230696611 0.00780238537 0.039145112 -0.0230696611 0.00780238537 0.039145112 -0.0230706111 0.00765244896 0.0390271731 -0.0230697449 0.00775955804 0.0391030535 -0.0230696611 0.00780238537 0.039145112 -0.0230697449 0.00775955804 0.0391030535 -0.0230692346 0.00783604942 0.03916106 -0.0230692346 0.00783604942 0.03916106 -0.0230697449 0.00775955804 0.0391030535 -0.023069337 0.00781281665 0.0391413793 -0.0230654627 0.0090588117 0.0401630178 -0.023066001 0.0092484802 0.0403422788 -0.0230852701 0.00895324629 0.040855255 -0.0230852701 0.00895324629 0.040855255 -0.023066001 0.0092484802 0.0403422788 -0.0230733678 0.0101301139 0.0412782915 -0.0230852701 0.00895324629 0.040855255 -0.0230733678 0.0101301139 0.0412782915 -0.0231046565 0.00976279657 0.042165488 -0.0230733678 0.0101301139 0.0412782915 -0.023078382 0.0104608657 0.0416809134 -0.0231046565 0.00976279657 0.042165488 -0.0231046565 0.00976279657 0.042165488 -0.023078382 0.0104608657 0.0416809134 -0.0230912156 0.011065363 0.0425107256 -0.0231046565 0.00976279657 0.042165488 -0.0230912156 0.011065363 0.0425107256 -0.0231313668 0.0104430169 0.0435743183 -0.0231072139 0.00479921652 0.0375084393 -0.0231036134 0.00584160304 0.0388367586 -0.0231198166 0.00470264442 0.0385223478 -0.0231198166 0.00470264442 0.0385223478 -0.0231036134 0.00584160304 0.0388367586 -0.0231158677 0.00649301754 0.0401629992 -0.0231198166 0.00470264442 0.0385223478 -0.0231158677 0.00649301754 0.0401629992 -0.0231328141 0.00522098783 0.039898593 -0.0231328141 0.00522098783 0.039898593 -0.0231158677 0.00649301754 0.0401629992 -0.023154838 0.00567378197 0.0413841642 -0.0231342427 0.00307032256 0.0369733721 -0.0231198166 0.00470264442 0.0385223478 -0.0231363643 0.00353971845 0.038276203 -0.0231363643 0.00353971845 0.038276203 -0.0231198166 0.00470264442 0.0385223478 -0.0231328141 0.00522098783 0.039898593 -0.0231363643 0.00353971845 0.038276203 -0.0231328141 0.00522098783 0.039898593 -0.0231498778 0.00392743852 0.0396917537 -0.0231498778 0.00392743852 0.0396917537 -0.0231328141 0.00522098783 0.039898593 -0.023154838 0.00567378197 0.0413841642 -0.0231498778 0.00392743852 0.0396917537 -0.023154838 0.00567378197 0.0413841642 -0.0231895056 0.00284400489 0.0410948619 -0.0231895056 0.00284400489 0.0410948619 -0.023154838 0.00567378197 0.0413841642 -0.0232183225 0.00303441426 0.0427379198 -0.0231895056 0.00284400489 0.0410948619 -0.0232183225 0.00303441426 0.0427379198 -0.0232560989 -2.1338672e-05 0.0426650532 -0.0231527239 0.00235864869 0.0380999967 -0.0231667999 0.00261758431 0.0395438708 -0.0231605843 0.0012827171 0.0366768725 -0.0231605843 0.0012827171 0.0366768725 -0.0231667999 0.00261758431 0.0395438708 -0.0231837239 0.00129677868 0.0394559652 -0.0231605843 0.0012827171 0.0366768725 -0.0231837239 0.00129677868 0.0394559652 -0.0231772531 -9.45495503e-06 0.0366149843 -0.0231772531 -9.45495503e-06 0.0366149843 -0.0231837239 0.00129677868 0.0394559652 -0.0232005958 -2.95648024e-05 0.0394284986 -0.0231772531 -9.45495503e-06 0.0366149843 -0.0232005958 -2.95648024e-05 0.0394284986 -0.0231832564 -0.000526522694 0.036625322 -0.0230912156 0.011065363 0.0425107256 -0.0231032725 0.011481938 0.0431730933 -0.0231313668 0.0104430169 0.0435743183 -0.0231313668 0.0104430169 0.0435743183 -0.0231032725 0.011481938 0.0431730933 -0.023116665 0.0118511375 0.0438437536 -0.0231313668 0.0104430169 0.0435743183 -0.023116665 0.0118511375 0.0438437536 -0.0231801793 0.0094647631 0.044891879 -0.023116665 0.0118511375 0.0438437536 -0.0231368896 0.0122903325 0.0447875336 -0.0231801793 0.0094647631 0.044891879 -0.0231801793 0.0094647631 0.044891879 -0.0231368896 0.0122903325 0.0447875336 -0.0231473707 0.0124774985 0.0452594236 -0.0231801793 0.0094647631 0.044891879 -0.0231473707 0.0124774985 0.0452594236 -0.0232145227 0.00980174262 0.0465081744 -0.0232145227 0.00980174262 0.0465081744 -0.0231473707 0.0124774985 0.0452594236 -0.0231753215 0.012874743 0.0465013161 -0.0232145227 0.00980174262 0.0465081744 -0.0231753215 0.012874743 0.0465013161 -0.0232487079 0.0100093139 0.0481671505 -0.0232487079 0.0100093139 0.0481671505 -0.0231753215 0.012874743 0.0465013161 -0.0232142024 0.013219581 0.0482749417 -0.0232487079 0.0100093139 0.0481671505 -0.0232142024 0.013219581 0.0482749417 -0.0232815258 0.0100857792 0.0498487204 -0.0232815258 0.0100857792 0.0498487204 -0.0232142024 0.013219581 0.0482749417 -0.023245953 0.0133222332 0.0498100333 -0.0232815258 0.0100857792 0.0498487204 -0.023245953 0.0133222332 0.0498100333 -0.023248652 0.013322847 0.0499453396 -0.0231202636 0.00842618849 0.0418616161 -0.0231479313 0.00900406484 0.043336954 -0.0231834259 0.0060543674 0.0429636911 -0.0231834259 0.0060543674 0.0429636911 -0.0231479313 0.00900406484 0.043336954 -0.0232159719 0.00635778671 0.0446204841 -0.0231834259 0.0060543674 0.0429636911 -0.0232159719 0.00635778671 0.0446204841 -0.0232505109 0.00318618817 0.0444567017 -0.0232505109 0.00318618817 0.0444567017 -0.0232159719 0.00635778671 0.0446204841 -0.023283964 0.0032969215 0.0462337844 -0.0232505109 0.00318618817 0.0444567017 -0.023283964 0.0032969215 0.0462337844 -0.023323616 -1.6583077e-05 0.0462004431 -0.0234446861 0.00572944107 0.0584152415 -0.0234714821 0.00285860663 0.0587336533 -0.0234220736 0.00610207208 0.0568175055 -0.0234220736 0.00610207208 0.0568175055 -0.0234714821 0.00285860663 0.0587336533 -0.0234500337 0.00304871984 0.0570733733 -0.0234220736 0.00610207208 0.0568175055 -0.0234500337 0.00304871984 0.0570733733 -0.0233990271 0.0063953572 0.0551462583 -0.0233990271 0.0063953572 0.0551462583 -0.0234500337 0.00304871984 0.0570733733 -0.0234279707 0.00319838105 0.0553409979 -0.0233990271 0.0063953572 0.0551462583 -0.0234279707 0.00319838105 0.0553409979 -0.0233742818 0.00660532527 0.0534194745 -0.0233742818 0.00660532527 0.0534194745 -0.0234279707 0.00319838105 0.0553409979 -0.0234041698 0.00330561772 0.053554114 -0.0233742818 0.00660532527 0.0534194745 -0.0234041698 0.00330561772 0.053554114 -0.0233467501 0.00672897696 0.0516555868 -0.0233467501 0.00672897696 0.0516555868 -0.0234041698 0.00330561772 0.053554114 -0.023377629 0.00336900679 0.0517307818 -0.0233467501 0.00672897696 0.0516555868 -0.023377629 0.00336900679 0.0517307818 -0.0233165324 0.00676583499 0.0498740338 -0.0233165324 0.00676583499 0.0498740338 -0.023377629 0.00336900679 0.0517307818 -0.0233484209 0.0033885655 0.0498900637 -0.0233165324 0.00676583499 0.0498740338 -0.0233484209 0.0033885655 0.0498900637 -0.0232840814 0.00671597896 0.0480944999 -0.0232840814 0.00671597896 0.0480944999 -0.0233484209 0.0033885655 0.0498900637 -0.0233169477 0.00336453365 0.0480512641 -0.0232840814 0.00671597896 0.0480944999 -0.0233169477 0.00336453365 0.0480512641 -0.0232501868 0.00657960679 0.0463368222 -0.0235582907 -0.0133261755 0.0501671173 -0.0235526394 -0.0133281359 0.0499329232 -0.0235323403 -0.0101032145 0.0498363338 -0.0235323403 -0.0101032145 0.0498363338 -0.0235526394 -0.0133281359 0.0499329232 -0.0234923512 -0.0100260414 0.0481681377 -0.0235323403 -0.0101032145 0.0498363338 -0.0234923512 -0.0100260414 0.0481681377 -0.0234583803 -0.00674158195 0.0480914935 -0.0234583803 -0.00674158195 0.0480914935 -0.0234923512 -0.0100260414 0.0481681377 -0.0234183315 -0.00660658302 0.0463418774 -0.0234583803 -0.00674158195 0.0480914935 -0.0234183315 -0.00660658302 0.0463418774 -0.0233709943 -0.00332857971 0.0462353341 -0.0233709943 -0.00332857971 0.0462353341 -0.0234183315 -0.00660658302 0.0463418774 -0.0233338475 -0.003221669 0.0444616936 -0.0233709943 -0.00332857971 0.0462353341 -0.0233338475 -0.003221669 0.0444616936 -0.023323616 -1.6583077e-05 0.0462004431 -0.023323616 -1.6583077e-05 0.0462004431 -0.0233338475 -0.003221669 0.0444616936 -0.0232560989 -2.1338672e-05 0.0426650532 -0.023323616 -1.6583077e-05 0.0462004431 -0.0232560989 -2.1338672e-05 0.0426650532 -0.0232505109 0.00318618817 0.0444567017 -0.0232505109 0.00318618817 0.0444567017 -0.0232560989 -2.1338672e-05 0.0426650532 -0.0232183225 0.00303441426 0.0427379198 -0.0232505109 0.00318618817 0.0444567017 -0.0232183225 0.00303441426 0.0427379198 -0.0231834259 0.0060543674 0.0429636911 -0.0231834259 0.0060543674 0.0429636911 -0.0232183225 0.00303441426 0.0427379198 -0.023154838 0.00567378197 0.0413841642 -0.0231834259 0.0060543674 0.0429636911 -0.023154838 0.00567378197 0.0413841642 -0.0231202636 0.00842618849 0.0418616161 -0.0231202636 0.00842618849 0.0418616161 -0.023154838 0.00567378197 0.0413841642 -0.0231158677 0.00649301754 0.0401629992 -0.0231202636 0.00842618849 0.0418616161 -0.0231158677 0.00649301754 0.0401629992 -0.0230996497 0.00773851341 0.0404830948 -0.0230996497 0.00773851341 0.0404830948 -0.0231158677 0.00649301754 0.0401629992 -0.0231036134 0.00584160304 0.0388367586 -0.0230996497 0.00773851341 0.0404830948 -0.0231036134 0.00584160304 0.0388367586 -0.0230884906 0.00695098704 0.0392172672 -0.0230884906 0.00695098704 0.0392172672 -0.0231036134 0.00584160304 0.0388367586 -0.0231072139 0.00479921652 0.0375084393 -0.0230884906 0.00695098704 0.0392172672 -0.0231072139 0.00479921652 0.0375084393 -0.0230859183 0.00626134779 0.0381760709 -0.0233720839 0.0112004708 0.0571669824 -0.0234157573 0.0090848254 0.0588862561 -0.0233921539 0.00987806823 0.0575529896 -0.0233921539 0.00987806823 0.0575529896 -0.0234157573 0.0090848254 0.0588862561 -0.0234352406 0.00784760807 0.0592912249 -0.0233921539 0.00987806823 0.0575529896 -0.0234352406 0.00784760807 0.0592912249 -0.0234116465 0.00852232892 0.0578902289 -0.0234116465 0.00852232892 0.0578902289 -0.0234352406 0.00784760807 0.0592912249 -0.0234446861 0.00572944107 0.0584152415 -0.0234116465 0.00852232892 0.0578902289 -0.0234446861 0.00572944107 0.0584152415 -0.0233885087 0.00908474252 0.0563956611 -0.0233885087 0.00908474252 0.0563956611 -0.0234446861 0.00572944107 0.0584152415 -0.0234220736 0.00610207208 0.0568175055 -0.0233885087 0.00908474252 0.0563956611 -0.0234220736 0.00610207208 0.0568175055 -0.023365112 0.00952741131 0.0548253879 -0.023365112 0.00952741131 0.0548253879 -0.0234220736 0.00610207208 0.0568175055 -0.0233990271 0.0063953572 0.0551462583 -0.023365112 0.00952741131 0.0548253879 -0.0233990271 0.0063953572 0.0551462583 -0.0233400464 0.00984428916 0.0531979725 -0.0233400464 0.00984428916 0.0531979725 -0.0233990271 0.0063953572 0.0551462583 -0.0233742818 0.00660532527 0.0534194745 -0.0233400464 0.00984428916 0.0531979725 -0.0233742818 0.00660532527 0.0534194745 -0.0233121403 0.0100307418 0.0515324175 -0.0233121403 0.0100307418 0.0515324175 -0.0233742818 0.00660532527 0.0534194745 -0.0233467501 0.00672897696 0.0516555868 -0.0233121403 0.0100307418 0.0515324175 -0.0233467501 0.00672897696 0.0516555868 -0.0232815258 0.0100857792 0.0498487204 -0.0232815258 0.0100857792 0.0498487204 -0.0233467501 0.00672897696 0.0516555868 -0.0233165324 0.00676583499 0.0498740338 -0.0232815258 0.0100857792 0.0498487204 -0.0233165324 0.00676583499 0.0498740338 -0.0232487079 0.0100093139 0.0481671505 -0.0232487079 0.0100093139 0.0481671505 -0.0233165324 0.00676583499 0.0498740338 -0.0232840814 0.00671597896 0.0480944999 -0.0232487079 0.0100093139 0.0481671505 -0.0232840814 0.00671597896 0.0480944999 -0.0232145227 0.00980174262 0.0465081744 -0.0232145227 0.00980174262 0.0465081744 -0.0232840814 0.00671597896 0.0480944999 -0.0232501868 0.00657960679 0.0463368222 -0.0232145227 0.00980174262 0.0465081744 -0.0232501868 0.00657960679 0.0463368222 -0.0231801793 0.0094647631 0.044891879 -0.0232286472 -0.00626598764 0.0381804891 -0.0232274681 -0.00611106167 0.0380993485 -0.0232502911 -0.00701525668 0.0392589681 -0.0232502911 -0.00701525668 0.0392589681 -0.0232274681 -0.00611106167 0.0380993485 -0.0232253522 -0.00576275028 0.0379244536 -0.0232502911 -0.00701525668 0.0392589681 -0.0232253522 -0.00576275028 0.0379244536 -0.0232425034 -0.00590841239 0.038868852 -0.0232425034 -0.00590841239 0.038868852 -0.0232253522 -0.00576275028 0.0379244536 -0.0232142825 -0.00408258801 0.0372545496 -0.0232425034 -0.00590841239 0.038868852 -0.0232142825 -0.00408258801 0.0372545496 -0.0232332852 -0.00477033015 0.0385473482 -0.0232332852 -0.00477033015 0.0385473482 -0.0232142825 -0.00408258801 0.0372545496 -0.0232078638 -0.00318585243 0.0370006412 -0.0232332852 -0.00477033015 0.0385473482 -0.0232078638 -0.00318585243 0.0370006412 -0.0232228171 -0.00360786286 0.0382945649 -0.0232228171 -0.00360786286 0.0382945649 -0.0232078638 -0.00318585243 0.0370006412 -0.0232009925 -0.00232708803 0.0368192643 -0.0232228171 -0.00360786286 0.0382945649 -0.0232009925 -0.00232708803 0.0368192643 -0.0232111122 -0.00242695957 0.0381120145 -0.0232111122 -0.00242695957 0.0381120145 -0.0232009925 -0.00232708803 0.0368192643 -0.0231832564 -0.000526522694 0.036625322 -0.0232111122 -0.00242695957 0.0381120145 -0.0231832564 -0.000526522694 0.036625322 -0.0232171193 -0.00135593326 0.0394615345 -0.0232171193 -0.00135593326 0.0394615345 -0.0231832564 -0.000526522694 0.036625322 -0.0232005958 -2.95648024e-05 0.0394284986 -0.0232171193 -0.00135593326 0.0394615345 -0.0232005958 -2.95648024e-05 0.0394284986 -0.0232560989 -2.1338672e-05 0.0426650532 -0.0232560989 -2.1338672e-05 0.0426650532 -0.0232005958 -2.95648024e-05 0.0394284986 -0.0231837239 0.00129677868 0.0394559652 -0.0232560989 -2.1338672e-05 0.0426650532 -0.0231837239 0.00129677868 0.0394559652 -0.0231895056 0.00284400489 0.0410948619 -0.0231895056 0.00284400489 0.0410948619 -0.0231837239 0.00129677868 0.0394559652 -0.0231667999 0.00261758431 0.0395438708 -0.0231895056 0.00284400489 0.0410948619 -0.0231667999 0.00261758431 0.0395438708 -0.0231498778 0.00392743852 0.0396917537 -0.0231498778 0.00392743852 0.0396917537 -0.0231667999 0.00261758431 0.0395438708 -0.0231527239 0.00235864869 0.0380999967 -0.0231498778 0.00392743852 0.0396917537 -0.0231527239 0.00235864869 0.0380999967 -0.0231363643 0.00353971845 0.038276203 -0.0231363643 0.00353971845 0.038276203 -0.0231527239 0.00235864869 0.0380999967 -0.0231605843 0.0012827171 0.0366768725 -0.0231363643 0.00353971845 0.038276203 -0.0231605843 0.0012827171 0.0366768725 -0.0231342427 0.00307032256 0.0369733721 -0.0234785918 0.00655038608 0.0615554526 -0.0235041324 0.004937388 0.0623272695 -0.0234597027 0.0070690047 0.060581632 -0.0234597027 0.0070690047 0.060581632 -0.0235041324 0.004937388 0.0623272695 -0.0234765224 0.00593275577 0.0609872155 -0.0234597027 0.0070690047 0.060581632 -0.0234765224 0.00593275577 0.0609872155 -0.0234352406 0.00784760807 0.0592912249 -0.0234352406 0.00784760807 0.0592912249 -0.0234765224 0.00593275577 0.0609872155 -0.0234527662 0.00657845382 0.059636917 -0.0234352406 0.00784760807 0.0592912249 -0.0234527662 0.00657845382 0.059636917 -0.0234446861 0.00572944107 0.0584152415 -0.0234446861 0.00572944107 0.0584152415 -0.0234527662 0.00657845382 0.059636917 -0.0234673154 0.0052823741 0.0599222071 -0.0234446861 0.00572944107 0.0584152415 -0.0234673154 0.0052823741 0.0599222071 -0.0234796666 0.00396463694 0.0601454936 -0.0234796666 0.00396463694 0.0601454936 -0.0234673154 0.0052823741 0.0599222071 -0.023501195 0.00357599021 0.0615841113 -0.0234796666 0.00396463694 0.0601454936 -0.023501195 0.00357599021 0.0615841113 -0.0235128962 0.00236728392 0.0617714599 -0.0235128962 0.00236728392 0.0617714599 -0.023501195 0.00357599021 0.0615841113 -0.0235404857 0.00142040802 0.0632077381 -0.0235128962 0.00236728392 0.0617714599 -0.0235404857 0.00142040802 0.0632077381 -0.0235104579 0.00128546217 0.0603987575 -0.0235104579 0.00128546217 0.0603987575 -0.0235404857 0.00142040802 0.0632077381 -0.0235356279 -6.46788903e-05 0.0604247563 -0.0235104579 0.00128546217 0.0603987575 -0.0235356279 -6.46788903e-05 0.0604247563 -0.0234927796 -4.01349207e-05 0.0571526065 -0.0234927796 -4.01349207e-05 0.0571526065 -0.0235356279 -6.46788903e-05 0.0604247563 -0.023522621 -0.00158577482 0.0571226813 -0.0234927796 -4.01349207e-05 0.0571526065 -0.023522621 -0.00158577482 0.0571226813 -0.0234458335 -2.47517473e-05 0.053595297 -0.0234458335 -2.47517473e-05 0.053595297 -0.023522621 -0.00158577482 0.0571226813 -0.0235311911 -0.00325780059 0.0553196073 -0.0234458335 -2.47517473e-05 0.053595297 -0.0235311911 -0.00325780059 0.0553196073 -0.0235040579 -0.00335230608 0.0535374358 -0.0235040579 -0.00335230608 0.0535374358 -0.0235311911 -0.00325780059 0.0553196073 -0.0235968493 -0.00644622743 0.0551061295 -0.0235040579 -0.00335230608 0.0535374358 -0.0235968493 -0.00644622743 0.0551061295 -0.0235659834 -0.00664424524 0.0533886328 -0.0235659834 -0.00664424524 0.0533886328 -0.0235968493 -0.00644622743 0.0551061295 -0.0236376375 -0.00956591032 0.0547710545 -0.0235659834 -0.00664424524 0.0533886328 -0.0236376375 -0.00956591032 0.0547710545 -0.0236050021 -0.00987172034 0.0531574711 -0.0236050021 -0.00987172034 0.0531574711 -0.0236376375 -0.00956591032 0.0547710545 -0.0236464925 -0.0110906642 0.0545586497 -0.0236050021 -0.00987172034 0.0531574711 -0.0236464925 -0.0110906642 0.0545586497 -0.023650445 -0.0125882477 0.0543161333 -0.023650445 -0.0125882477 0.0543161333 -0.0236464925 -0.0110906642 0.0545586497 -0.0236770771 -0.0105854543 0.0560492091 -0.023650445 -0.0125882477 0.0543161333 -0.0236770771 -0.0105854543 0.0560492091 -0.0236735586 -0.0121454159 0.0554250628 -0.0236735586 -0.0121454159 0.0554250628 -0.0236770771 -0.0105854543 0.0560492091 -0.0237064734 -0.00994407292 0.0574641526 -0.0236735586 -0.0121454159 0.0554250628 -0.0237064734 -0.00994407292 0.0574641526 -0.0237071104 -0.0112901898 0.0570190512 -0.0237071104 -0.0112901898 0.0570190512 -0.0237064734 -0.00994407292 0.0574641526 -0.0237337649 -0.00917507987 0.0587860793 -0.0237071104 -0.0112901898 0.0570190512 -0.0237337649 -0.00917507987 0.0587860793 -0.0237374566 -0.0102269351 0.0584828518 -0.0237374566 -0.0102269351 0.0584828518 -0.0237337649 -0.00917507987 0.0587860793 -0.0237573888 -0.00828808825 0.0599984713 -0.0237374566 -0.0102269351 0.0584828518 -0.0237573888 -0.00828808825 0.0599984713 -0.0237557627 -0.00933854375 0.0594445094 -0.0237557627 -0.00933854375 0.0594445094 -0.0237573888 -0.00828808825 0.0599984713 -0.0237614773 -0.00897866394 0.0597846806 -0.0235526394 -0.0133281359 0.0499329232 -0.0235131439 -0.0132343527 0.048359327 -0.0234923512 -0.0100260414 0.0481681377 -0.0234923512 -0.0100260414 0.0481681377 -0.0235131439 -0.0132343527 0.048359327 -0.0234505255 -0.00982071739 0.0465211309 -0.0234923512 -0.0100260414 0.0481681377 -0.0234505255 -0.00982071739 0.0465211309 -0.0234183315 -0.00660658302 0.0463418774 -0.0234183315 -0.00660658302 0.0463418774 -0.0234505255 -0.00982071739 0.0465211309 -0.0233772676 -0.00638936646 0.0446322635 -0.0234183315 -0.00660658302 0.0463418774 -0.0233772676 -0.00638936646 0.0446322635 -0.0233338475 -0.003221669 0.0444616936 -0.0233338475 -0.003221669 0.0444616936 -0.0233772676 -0.00638936646 0.0446322635 -0.0232970994 -0.00307625043 0.042745702 -0.0233338475 -0.003221669 0.0444616936 -0.0232970994 -0.00307625043 0.042745702 -0.0232560989 -2.1338672e-05 0.0426650532 -0.0232560989 -2.1338672e-05 0.0426650532 -0.0232970994 -0.00307625043 0.042745702 -0.0232624747 -0.00289389864 0.0411047935 -0.0232560989 -2.1338672e-05 0.0426650532 -0.0232624747 -0.00289389864 0.0411047935 -0.0232171193 -0.00135593326 0.0394615345 -0.0232171193 -0.00135593326 0.0394615345 -0.0232624747 -0.00289389864 0.0411047935 -0.0232329387 -0.00267656473 0.0395552181 -0.0232171193 -0.00135593326 0.0394615345 -0.0232329387 -0.00267656473 0.0395552181 -0.0232111122 -0.00242695957 0.0381120145 -0.0232111122 -0.00242695957 0.0381120145 -0.0232329387 -0.00267656473 0.0395552181 -0.0232477561 -0.00398586877 0.0397091918 -0.0232111122 -0.00242695957 0.0381120145 -0.0232477561 -0.00398586877 0.0397091918 -0.0232228171 -0.00360786286 0.0382945649 -0.0232228171 -0.00360786286 0.0382945649 -0.0232477561 -0.00398586877 0.0397091918 -0.0232612751 -0.00527849374 0.0399224982 -0.0232228171 -0.00360786286 0.0382945649 -0.0232612751 -0.00527849374 0.0399224982 -0.0232332852 -0.00477033015 0.0385473482 -0.0232332852 -0.00477033015 0.0385473482 -0.0232612751 -0.00527849374 0.0399224982 -0.0232729465 -0.00654913858 0.0401938967 -0.0232332852 -0.00477033015 0.0385473482 -0.0232729465 -0.00654913858 0.0401938967 -0.0232425034 -0.00590841239 0.038868852 -0.0232425034 -0.00590841239 0.038868852 -0.0232729465 -0.00654913858 0.0401938967 -0.0232823901 -0.00779164303 0.0405234732 -0.0232425034 -0.00590841239 0.038868852 -0.0232823901 -0.00779164303 0.0405234732 -0.0232502911 -0.00701525668 0.0392589681 -0.0232502911 -0.00701525668 0.0392589681 -0.0232823901 -0.00779164303 0.0405234732 -0.0232923124 -0.00900218822 0.0409037434 -0.0232502911 -0.00701525668 0.0392589681 -0.0232923124 -0.00900218822 0.0409037434 -0.0232594348 -0.00808651932 0.0397094972 -0.0232594348 -0.00808651932 0.0397094972 -0.0232923124 -0.00900218822 0.0409037434 -0.0232648458 -0.00860707182 0.0399574675 -0.0232594348 -0.00808651932 0.0397094972 -0.0232648458 -0.00860707182 0.0399574675 -0.023251906 -0.00807007402 0.0394268371 -0.023251906 -0.00807007402 0.0394268371 -0.0232648458 -0.00860707182 0.0399574675 -0.0232548397 -0.00830662716 0.0395665765 -0.023251906 -0.00807007402 0.0394268371 -0.0232548397 -0.00830662716 0.0395665765 -0.0232492443 -0.00801783428 0.0393190198 -0.0232492443 -0.00801783428 0.0393190198 -0.0232548397 -0.00830662716 0.0395665765 -0.0232523605 -0.00824113842 0.0394679606 -0.0232492443 -0.00801783428 0.0393190198 -0.0232523605 -0.00824113842 0.0394679606 -0.0232481807 -0.00798035972 0.0392737985 -0.0232481807 -0.00798035972 0.0392737985 -0.0232523605 -0.00824113842 0.0394679606 -0.023249764 -0.00808900874 0.0393501222 -0.0232481807 -0.00798035972 0.0392737985 -0.023249764 -0.00808900874 0.0393501222 -0.0232485123 -0.00801230688 0.0392920263 -0.023068944 0.00786587503 0.0391799584 -0.0230688751 0.00787562504 0.0391870923 -0.0230690408 0.00785262883 0.0391702913 -0.0230690408 0.00785262883 0.0391702913 -0.0230688751 0.00787562504 0.0391870923 -0.023068808 0.00788536854 0.0391942337 -0.0230690408 0.00785262883 0.0391702913 -0.023068808 0.00788536854 0.0391942337 -0.0230691377 0.00783937052 0.0391606353 -0.0230691377 0.00783937052 0.0391606353 -0.023068808 0.00788536854 0.0391942337 -0.0230686758 0.00790483691 0.0392085463 -0.0230691377 0.00783937052 0.0391606353 -0.0230686758 0.00790483691 0.0392085463 -0.023069337 0.00781281665 0.0391413793 -0.023069337 0.00781281665 0.0391413793 -0.0230686758 0.00790483691 0.0392085463 -0.0230684169 0.00794369541 0.039237272 -0.023069337 0.00781281665 0.0391413793 -0.0230684169 0.00794369541 0.039237272 -0.0230692346 0.00783604942 0.03916106 -0.0230692346 0.00783604942 0.03916106 -0.0230684169 0.00794369541 0.039237272 -0.0230687633 0.00791213289 0.039219629 -0.0230692346 0.00783604942 0.03916106 -0.0230687633 0.00791213289 0.039219629 -0.0230696611 0.00780238537 0.039145112 -0.0230696611 0.00780238537 0.039145112 -0.0230687633 0.00791213289 0.039219629 -0.0230688676 0.00795069989 0.0392652825 -0.0230696611 0.00780238537 0.039145112 -0.0230688676 0.00795069989 0.0392652825 -0.023070924 0.00772372354 0.0391219296 -0.023070924 0.00772372354 0.0391219296 -0.0230688676 0.00795069989 0.0392652825 -0.0230699461 0.00800516084 0.0393741615 -0.023070924 0.00772372354 0.0391219296 -0.0230699461 0.00800516084 0.0393741615 -0.0230749976 0.00752212293 0.0391098186 -0.0230749976 0.00752212293 0.0391098186 -0.0230699461 0.00800516084 0.0393741615 -0.0230755713 0.00802602246 0.0396598093 -0.0230749976 0.00752212293 0.0391098186 -0.0230755713 0.00802602246 0.0396598093 -0.0230884906 0.00695098704 0.0392172672 -0.0230884906 0.00695098704 0.0392172672 -0.0230755713 0.00802602246 0.0396598093 -0.0230852701 0.00895324629 0.040855255 -0.0230884906 0.00695098704 0.0392172672 -0.0230852701 0.00895324629 0.040855255 -0.0230996497 0.00773851341 0.0404830948 -0.0230996497 0.00773851341 0.0404830948 -0.0230852701 0.00895324629 0.040855255 -0.0231046565 0.00976279657 0.042165488 -0.0230996497 0.00773851341 0.0404830948 -0.0231046565 0.00976279657 0.042165488 -0.0231202636 0.00842618849 0.0418616161 -0.0231202636 0.00842618849 0.0418616161 -0.0231046565 0.00976279657 0.042165488 -0.0231313668 0.0104430169 0.0435743183 -0.0231202636 0.00842618849 0.0418616161 -0.0231313668 0.0104430169 0.0435743183 -0.0231479313 0.00900406484 0.043336954 -0.0231479313 0.00900406484 0.043336954 -0.0231313668 0.0104430169 0.0435743183 -0.0231801793 0.0094647631 0.044891879 -0.0231479313 0.00900406484 0.043336954 -0.0231801793 0.0094647631 0.044891879 -0.0232159719 0.00635778671 0.0446204841 -0.0232159719 0.00635778671 0.0446204841 -0.0231801793 0.0094647631 0.044891879 -0.0232501868 0.00657960679 0.0463368222 -0.0232159719 0.00635778671 0.0446204841 -0.0232501868 0.00657960679 0.0463368222 -0.023283964 0.0032969215 0.0462337844 -0.023283964 0.0032969215 0.0462337844 -0.0232501868 0.00657960679 0.0463368222 -0.0233169477 0.00336453365 0.0480512641 -0.023283964 0.0032969215 0.0462337844 -0.0233169477 0.00336453365 0.0480512641 -0.023323616 -1.6583077e-05 0.0462004431 -0.023323616 -1.6583077e-05 0.0462004431 -0.0233169477 0.00336453365 0.0480512641 -0.0233891327 -1.77839356e-05 0.0498942137 -0.023323616 -1.6583077e-05 0.0462004431 -0.0233891327 -1.77839356e-05 0.0498942137 -0.0234073251 -0.0033955921 0.0480487086 -0.0234073251 -0.0033955921 0.0480487086 -0.0233891327 -1.77839356e-05 0.0498942137 -0.023441989 -0.00342197181 0.0498829484 -0.0234073251 -0.0033955921 0.0480487086 -0.023441989 -0.00342197181 0.0498829484 -0.0234966762 -0.0067930161 0.0498620495 -0.0234966762 -0.0067930161 0.0498620495 -0.023441989 -0.00342197181 0.0498829484 -0.0235326141 -0.00676033413 0.0516342148 -0.0234966762 -0.0067930161 0.0498620495 -0.0235326141 -0.00676033413 0.0516342148 -0.0235699415 -0.0100514842 0.051506035 -0.0235699415 -0.0100514842 0.051506035 -0.0235326141 -0.00676033413 0.0516342148 -0.0236050021 -0.00987172034 0.0531574711 -0.0235699415 -0.0100514842 0.051506035 -0.0236050021 -0.00987172034 0.0531574711 -0.0235999953 -0.0131726163 0.0519699119 -0.0235999953 -0.0131726163 0.0519699119 -0.0236050021 -0.00987172034 0.0531574711 -0.0236191861 -0.0130081009 0.0528428853 -0.0265131444 -0.0132343527 0.048359327 -0.0265526399 -0.0133281359 0.0499329232 -0.0265323408 -0.0101032145 0.0498363338 -0.0261498783 0.00392743852 0.0396917537 -0.0261328146 0.00522098783 0.039898593 -0.026119817 0.00470264442 0.0385223478 -0.026119817 0.00470264442 0.0385223478 -0.0261328146 0.00522098783 0.039898593 -0.0261036139 0.00584160304 0.0388367586 -0.0260688756 0.00787562504 0.0391870923 -0.0260689426 0.00786587503 0.0391799584 -0.0260690395 0.00785262883 0.0391702913 -0.0262497645 -0.00808900874 0.0393501222 -0.026252361 -0.00824113842 0.0394679606 -0.0262481812 -0.00798035972 0.0392737985 -0.0262471903 -0.00792858284 0.0392296016 -0.0262472909 -0.00793518499 0.0392344855 -0.0262475945 -0.00795450434 0.0392488204 -0.0267715193 -0.00807886478 0.06053463 -0.0267704073 -0.00820791535 0.060433615 -0.0267710909 -0.00813333504 0.0604929291 -0.0267710909 -0.00813333504 0.0604929291 -0.0267704073 -0.00820791535 0.060433615 -0.0267703049 -0.00822526682 0.0604215227 -0.0267710909 -0.00813333504 0.0604929291 -0.0267703049 -0.00822526682 0.0604215227 -0.0267708655 -0.00816049147 0.0604719706 -0.0267708655 -0.00816049147 0.0604719706 -0.0267703049 -0.00822526682 0.0604215227 -0.0267704707 -0.00820644479 0.0604362451 -0.0267708655 -0.00816049147 0.0604719706 -0.0267704707 -0.00820644479 0.0604362451 -0.0267707519 -0.00817404967 0.0604614615 -0.0267707519 -0.00817404967 0.0604614615 -0.0267704707 -0.00820644479 0.0604362451 -0.0267705526 -0.00819702353 0.0604435951 -0.0267707519 -0.00817404967 0.0604614615 -0.0267705526 -0.00819702353 0.0604435951 -0.0267706346 -0.00818759575 0.0604509376 -0.0267337654 -0.00917507987 0.0587860793 -0.026726367 -0.00794670172 0.0592019819 -0.0266984031 -0.0085967686 0.0578109138 -0.0266961977 -0.00359989936 0.0627731383 -0.0266288184 -0.00186342269 0.0631470308 -0.0266259033 -0.00252303365 0.0617354661 -0.0265674945 -0.00141375791 0.0603817999 -0.0265356284 -6.46788903e-05 0.0604247563 -0.0264927801 -4.01349207e-05 0.0571526065 -0.0265699401 -0.0100514842 0.051506035 -0.0266050026 -0.00987172034 0.0531574711 -0.0265659839 -0.00664424524 0.0533886328 -0.0265128966 0.00236728392 0.0617714599 -0.0265404861 0.00142040802 0.0632077381 -0.0265212283 0.00321178907 0.0628859028 -0.0264927801 -4.01349207e-05 0.0571526065 -0.0265356284 -6.46788903e-05 0.0604247563 -0.0264684241 0.00150638004 0.0571358465 -0.0264116451 0.00852232892 0.0578902289 -0.0264352392 0.00784760807 0.0592912249 -0.026415756 0.0090848254 0.0588862561 -0.026415756 0.0090848254 0.0588862561 -0.0264352392 0.00784760807 0.0592912249 -0.0264406074 0.00816949271 0.0601068065 -0.026338594 0.0122816097 0.0551140085 -0.0263271015 0.012564389 0.0543816797 -0.026346121 0.0110598169 0.0546187311 -0.0262486525 0.013322847 0.0499453396 -0.0262459535 0.0133222332 0.0498100333 -0.0262815244 0.0100857792 0.0498487204 -0.026338594 0.0122816097 0.0551140085 -0.026346121 0.0110598169 0.0546187311 -0.0263496414 0.011963631 0.0558136441 -0.0263114832 0.0128669217 0.0534065366 -0.0263029058 0.0129945101 0.05289042 -0.0263213553 0.0114324503 0.0530549102 -0.0263213553 0.0114324503 0.0530549102 -0.0263029058 0.0129945101 0.05289042 -0.026280649 0.0132169332 0.0516237468 -0.0263213553 0.0114324503 0.0530549102 -0.026280649 0.0132169332 0.0516237468 -0.0263121407 0.0100307418 0.0515324175 -0.0263720844 0.0112004708 0.0571669824 -0.0263646375 0.0114690457 0.0567312911 -0.0263692252 0.0105393147 0.0561243966 -0.0264785923 0.00655038608 0.0615554526 -0.0264473855 0.00804631878 0.0605747662 -0.0264406074 0.00816949271 0.0601068065 -0.0264406074 0.00816949271 0.0601068065 -0.0264473855 0.00804631878 0.0605747662 -0.0264204293 0.00922688749 0.0595656782 -0.0264406074 0.00816949271 0.0601068065 -0.0264204293 0.00922688749 0.0595656782 -0.026415756 0.0090848254 0.0588862561 -0.0264796671 0.00396463694 0.0601454936 -0.0264900532 0.00476644794 0.0613220148 -0.0264673159 0.0052823741 0.0599222071 -0.0264673159 0.0052823741 0.0599222071 -0.0264900532 0.00476644794 0.0613220148 -0.0264765229 0.00593275577 0.0609872155 -0.0263776295 0.00336900679 0.0517307818 -0.0264041685 0.00330561772 0.053554114 -0.0263742823 0.00660532527 0.0534194745 -0.0263742823 0.00660532527 0.0534194745 -0.0264041685 0.00330561772 0.053554114 -0.0263990276 0.0063953572 0.0551462583 -0.0263742823 0.00660532527 0.0534194745 -0.0263990276 0.0063953572 0.0551462583 -0.0263651125 0.00952741131 0.0548253879 -0.0263651125 0.00952741131 0.0548253879 -0.0263990276 0.0063953572 0.0551462583 -0.0263885073 0.00908474252 0.0563956611 -0.0263651125 0.00952741131 0.0548253879 -0.0263885073 0.00908474252 0.0563956611 -0.0263692252 0.0105393147 0.0561243966 -0.0263692252 0.0105393147 0.0561243966 -0.0263885073 0.00908474252 0.0563956611 -0.0263921544 0.00987806823 0.0575529896 -0.0263692252 0.0105393147 0.0561243966 -0.0263921544 0.00987806823 0.0575529896 -0.0263720844 0.0112004708 0.0571669824 -0.0263720844 0.0112004708 0.0571669824 -0.0263921544 0.00987806823 0.0575529896 -0.0263915341 0.0104435999 0.0582264289 -0.0263484214 0.0033885655 0.0498900637 -0.0263776295 0.00336900679 0.0517307818 -0.0263467506 0.00672897696 0.0516555868 -0.0263467506 0.00672897696 0.0516555868 -0.0263776295 0.00336900679 0.0517307818 -0.0263742823 0.00660532527 0.0534194745 -0.0263467506 0.00672897696 0.0516555868 -0.0263742823 0.00660532527 0.0534194745 -0.0263400469 0.00984428916 0.0531979725 -0.0263400469 0.00984428916 0.0531979725 -0.0263742823 0.00660532527 0.0534194745 -0.0263651125 0.00952741131 0.0548253879 -0.0263400469 0.00984428916 0.0531979725 -0.0263651125 0.00952741131 0.0548253879 -0.026346121 0.0110598169 0.0546187311 -0.026346121 0.0110598169 0.0546187311 -0.0263651125 0.00952741131 0.0548253879 -0.0263692252 0.0105393147 0.0561243966 -0.026346121 0.0110598169 0.0546187311 -0.0263692252 0.0105393147 0.0561243966 -0.0263496414 0.011963631 0.0558136441 -0.0263496414 0.011963631 0.0558136441 -0.0263692252 0.0105393147 0.0561243966 -0.0263646375 0.0114690457 0.0567312911 -0.0263484214 0.0033885655 0.0498900637 -0.0263891332 -1.77839356e-05 0.0498942137 -0.0263776295 0.00336900679 0.0517307818 -0.0263776295 0.00336900679 0.0517307818 -0.0263891332 -1.77839356e-05 0.0498942137 -0.026445834 -2.47517473e-05 0.053595297 -0.0263776295 0.00336900679 0.0517307818 -0.026445834 -2.47517473e-05 0.053595297 -0.0264041685 0.00330561772 0.053554114 -0.0264041685 0.00330561772 0.053554114 -0.026445834 -2.47517473e-05 0.053595297 -0.0264279693 0.00319838105 0.0553409979 -0.0264041685 0.00330561772 0.053554114 -0.0264279693 0.00319838105 0.0553409979 -0.0263990276 0.0063953572 0.0551462583 -0.0263990276 0.0063953572 0.0551462583 -0.0264279693 0.00319838105 0.0553409979 -0.0264220741 0.00610207208 0.0568175055 -0.0263990276 0.0063953572 0.0551462583 -0.0264220741 0.00610207208 0.0568175055 -0.0263885073 0.00908474252 0.0563956611 -0.0263885073 0.00908474252 0.0563956611 -0.0264220741 0.00610207208 0.0568175055 -0.0264116451 0.00852232892 0.0578902289 -0.0263885073 0.00908474252 0.0563956611 -0.0264116451 0.00852232892 0.0578902289 -0.0263921544 0.00987806823 0.0575529896 -0.0263921544 0.00987806823 0.0575529896 -0.0264116451 0.00852232892 0.0578902289 -0.026415756 0.0090848254 0.0588862561 -0.0263921544 0.00987806823 0.0575529896 -0.026415756 0.0090848254 0.0588862561 -0.0263915341 0.0104435999 0.0582264289 -0.0263915341 0.0104435999 0.0582264289 -0.026415756 0.0090848254 0.0588862561 -0.0264204293 0.00922688749 0.0595656782 -0.0264684241 0.00150638004 0.0571358465 -0.0264714826 0.00285860663 0.0587336533 -0.0264500342 0.00304871984 0.0570733733 -0.0264500342 0.00304871984 0.0570733733 -0.0264714826 0.00285860663 0.0587336533 -0.0264446866 0.00572944107 0.0584152415 -0.0264785923 0.00655038608 0.0615554526 -0.0264765229 0.00593275577 0.0609872155 -0.026504131 0.004937388 0.0623272695 -0.026504131 0.004937388 0.0623272695 -0.0264765229 0.00593275577 0.0609872155 -0.0264900532 0.00476644794 0.0613220148 -0.026504131 0.004937388 0.0623272695 -0.0264900532 0.00476644794 0.0613220148 -0.0265011955 0.00357599021 0.0615841113 -0.0265011955 0.00357599021 0.0615841113 -0.0264900532 0.00476644794 0.0613220148 -0.0264796671 0.00396463694 0.0601454936 -0.0265011955 0.00357599021 0.0615841113 -0.0264796671 0.00396463694 0.0601454936 -0.02649251 0.00263051735 0.0603050031 -0.0264785923 0.00655038608 0.0615554526 -0.0264597014 0.0070690047 0.060581632 -0.0264765229 0.00593275577 0.0609872155 -0.0264765229 0.00593275577 0.0609872155 -0.0264597014 0.0070690047 0.060581632 -0.0264527667 0.00657845382 0.059636917 -0.0264765229 0.00593275577 0.0609872155 -0.0264527667 0.00657845382 0.059636917 -0.0264673159 0.0052823741 0.0599222071 -0.0264673159 0.0052823741 0.0599222071 -0.0264527667 0.00657845382 0.059636917 -0.0264446866 0.00572944107 0.0584152415 -0.0264673159 0.0052823741 0.0599222071 -0.0264446866 0.00572944107 0.0584152415 -0.0264796671 0.00396463694 0.0601454936 -0.0264796671 0.00396463694 0.0601454936 -0.0264446866 0.00572944107 0.0584152415 -0.0264714826 0.00285860663 0.0587336533 -0.0264796671 0.00396463694 0.0601454936 -0.0264714826 0.00285860663 0.0587336533 -0.02649251 0.00263051735 0.0603050031 -0.02649251 0.00263051735 0.0603050031 -0.0264714826 0.00285860663 0.0587336533 -0.0264684241 0.00150638004 0.0571358465 -0.02649251 0.00263051735 0.0603050031 -0.0264684241 0.00150638004 0.0571358465 -0.0265104584 0.00128546217 0.0603987575 -0.0265104584 0.00128546217 0.0603987575 -0.0264684241 0.00150638004 0.0571358465 -0.0265356284 -6.46788903e-05 0.0604247563 -0.0265526399 -0.0133281359 0.0499329232 -0.0265582912 -0.0133261755 0.0501671173 -0.0265323408 -0.0101032145 0.0498363338 -0.0265323408 -0.0101032145 0.0498363338 -0.0265582912 -0.0133261755 0.0501671173 -0.0265699401 -0.0100514842 0.051506035 -0.0265323408 -0.0101032145 0.0498363338 -0.0265699401 -0.0100514842 0.051506035 -0.0265326146 -0.00676033413 0.0516342148 -0.0265326146 -0.00676033413 0.0516342148 -0.0265699401 -0.0100514842 0.051506035 -0.0265659839 -0.00664424524 0.0533886328 -0.0265326146 -0.00676033413 0.0516342148 -0.0265659839 -0.00664424524 0.0533886328 -0.0265040584 -0.00335230608 0.0535374358 -0.0265040584 -0.00335230608 0.0535374358 -0.0265659839 -0.00664424524 0.0533886328 -0.0265311915 -0.00325780059 0.0553196073 -0.0266050026 -0.00987172034 0.0531574711 -0.0266382471 -0.0127758123 0.0537352562 -0.0266464911 -0.0110906642 0.0545586497 -0.0266464911 -0.0110906642 0.0545586497 -0.0266382471 -0.0127758123 0.0537352562 -0.0266504455 -0.0125882477 0.0543161333 -0.0266464911 -0.0110906642 0.0545586497 -0.0266504455 -0.0125882477 0.0543161333 -0.0266735591 -0.0121454159 0.0554250628 -0.0265582912 -0.0133261755 0.0501671173 -0.0265855454 -0.0132553279 0.0513304956 -0.0265699401 -0.0100514842 0.051506035 -0.0265699401 -0.0100514842 0.051506035 -0.0265855454 -0.0132553279 0.0513304956 -0.0265999958 -0.0131726163 0.0519699119 -0.0265699401 -0.0100514842 0.051506035 -0.0265999958 -0.0131726163 0.0519699119 -0.0266050026 -0.00987172034 0.0531574711 -0.0266050026 -0.00987172034 0.0531574711 -0.0265999958 -0.0131726163 0.0519699119 -0.0266191848 -0.0130081009 0.0528428853 -0.0266050026 -0.00987172034 0.0531574711 -0.0266191848 -0.0130081009 0.0528428853 -0.0266382471 -0.0127758123 0.0537352562 -0.0265565906 -0.00312550785 0.0570475049 -0.0265311915 -0.00325780059 0.0553196073 -0.0265968479 -0.00644622743 0.0551061295 -0.0264785923 0.00655038608 0.0615554526 -0.0264406074 0.00816949271 0.0601068065 -0.0264597014 0.0070690047 0.060581632 -0.0264597014 0.0070690047 0.060581632 -0.0264406074 0.00816949271 0.0601068065 -0.0264352392 0.00784760807 0.0592912249 -0.0264597014 0.0070690047 0.060581632 -0.0264352392 0.00784760807 0.0592912249 -0.0264527667 0.00657845382 0.059636917 -0.0264527667 0.00657845382 0.059636917 -0.0264352392 0.00784760807 0.0592912249 -0.0264116451 0.00852232892 0.0578902289 -0.0264527667 0.00657845382 0.059636917 -0.0264116451 0.00852232892 0.0578902289 -0.0264446866 0.00572944107 0.0584152415 -0.0264446866 0.00572944107 0.0584152415 -0.0264116451 0.00852232892 0.0578902289 -0.0264220741 0.00610207208 0.0568175055 -0.0264446866 0.00572944107 0.0584152415 -0.0264220741 0.00610207208 0.0568175055 -0.0264500342 0.00304871984 0.0570733733 -0.0264500342 0.00304871984 0.0570733733 -0.0264220741 0.00610207208 0.0568175055 -0.0264279693 0.00319838105 0.0553409979 -0.0264500342 0.00304871984 0.0570733733 -0.0264279693 0.00319838105 0.0553409979 -0.0264684241 0.00150638004 0.0571358465 -0.0264684241 0.00150638004 0.0571358465 -0.0264279693 0.00319838105 0.0553409979 -0.026445834 -2.47517473e-05 0.053595297 -0.0264684241 0.00150638004 0.0571358465 -0.026445834 -2.47517473e-05 0.053595297 -0.0264927801 -4.01349207e-05 0.0571526065 -0.0264927801 -4.01349207e-05 0.0571526065 -0.026445834 -2.47517473e-05 0.053595297 -0.0265226215 -0.00158577482 0.0571226813 -0.0264927801 -4.01349207e-05 0.0571526065 -0.0265226215 -0.00158577482 0.0571226813 -0.0265674945 -0.00141375791 0.0603817999 -0.0265674945 -0.00141375791 0.0603817999 -0.0265226215 -0.00158577482 0.0571226813 -0.0265811197 -0.00295737572 0.0587037019 -0.0265674945 -0.00141375791 0.0603817999 -0.0265811197 -0.00295737572 0.0587037019 -0.0266044904 -0.00275570108 0.0602715984 -0.0266044904 -0.00275570108 0.0602715984 -0.0265811197 -0.00295737572 0.0587037019 -0.026643781 -0.00408498012 0.0600964539 -0.026643781 -0.00408498012 0.0600964539 -0.0265811197 -0.00295737572 0.0587037019 -0.0266542099 -0.0058180606 0.0583582968 -0.026643781 -0.00408498012 0.0600964539 -0.0266542099 -0.0058180606 0.0583582968 -0.0266809277 -0.00539658219 0.059858527 -0.0265565906 -0.00312550785 0.0570475049 -0.0265968479 -0.00644622743 0.0551061295 -0.0266260095 -0.00616951846 0.0567685664 -0.0266260095 -0.00616951846 0.0567685664 -0.0265968479 -0.00644622743 0.0551061295 -0.0266376361 -0.00956591032 0.0547710545 -0.0266260095 -0.00616951846 0.0567685664 -0.0266376361 -0.00956591032 0.0547710545 -0.0266685672 -0.00913892128 0.0563282184 -0.0266685672 -0.00913892128 0.0563282184 -0.0266376361 -0.00956591032 0.0547710545 -0.0266770776 -0.0105854543 0.0560492091 -0.0266685672 -0.00913892128 0.0563282184 -0.0266770776 -0.0105854543 0.0560492091 -0.0267064739 -0.00994407292 0.0574641526 -0.0267064739 -0.00994407292 0.0574641526 -0.0266770776 -0.0105854543 0.0560492091 -0.0267071109 -0.0112901898 0.0570190512 -0.0267064739 -0.00994407292 0.0574641526 -0.0267071109 -0.0112901898 0.0570190512 -0.0267374553 -0.0102269351 0.0584828518 -0.0266984031 -0.0085967686 0.0578109138 -0.026726367 -0.00794670172 0.0592019819 -0.0266542099 -0.0058180606 0.0583582968 -0.0266542099 -0.0058180606 0.0583582968 -0.026726367 -0.00794670172 0.0592019819 -0.0267093685 -0.00668558758 0.0595596917 -0.0266542099 -0.0058180606 0.0583582968 -0.0267093685 -0.00668558758 0.0595596917 -0.0266809277 -0.00539658219 0.059858527 -0.026769964 -0.00826283265 0.06039197 -0.0267700925 -0.00822629873 0.0604147799 -0.0267692562 -0.00833764672 0.0603324585 -0.0267692562 -0.00833764672 0.0603324585 -0.0267700925 -0.00822629873 0.0604147799 -0.0267692041 -0.00825731456 0.0603726059 -0.0267692562 -0.00833764672 0.0603324585 -0.0267692041 -0.00825731456 0.0603726059 -0.0267677289 -0.00848599151 0.0602118373 -0.0267677289 -0.00848599151 0.0602118373 -0.0267692041 -0.00825731456 0.0603726059 -0.0267664585 -0.00829671789 0.0602705963 -0.0267677289 -0.00848599151 0.0602118373 -0.0267664585 -0.00829671789 0.0602705963 -0.0267642494 -0.00877743866 0.0599642582 -0.0267642494 -0.00877743866 0.0599642582 -0.0267664585 -0.00829671789 0.0602705963 -0.0267573893 -0.00828808825 0.0599984713 -0.0267700925 -0.00822629873 0.0604147799 -0.0267708264 -0.00811413396 0.0604959466 -0.0267692041 -0.00825731456 0.0603726059 -0.0267692041 -0.00825731456 0.0603726059 -0.0267708264 -0.00811413396 0.0604959466 -0.0267702881 -0.00802547485 0.0605288334 -0.0267692041 -0.00825731456 0.0603726059 -0.0267702881 -0.00802547485 0.0605288334 -0.0267664585 -0.00829671789 0.0602705963 -0.0267664585 -0.00829671789 0.0602705963 -0.0267702881 -0.00802547485 0.0605288334 -0.0267670434 -0.00780414557 0.0605592243 -0.0267664585 -0.00829671789 0.0602705963 -0.0267670434 -0.00780414557 0.0605592243 -0.0267573893 -0.00828808825 0.0599984713 -0.0267573893 -0.00828808825 0.0599984713 -0.0267670434 -0.00780414557 0.0605592243 -0.0267510619 -0.00719685527 0.0604851544 -0.0267337654 -0.00917507987 0.0587860793 -0.0267557632 -0.00933854375 0.0594445094 -0.0267573893 -0.00828808825 0.0599984713 -0.0267573893 -0.00828808825 0.0599984713 -0.0267557632 -0.00933854375 0.0594445094 -0.0267614778 -0.00897866394 0.0597846806 -0.0267573893 -0.00828808825 0.0599984713 -0.0267614778 -0.00897866394 0.0597846806 -0.0267642494 -0.00877743866 0.0599642582 -0.0266259033 -0.00252303365 0.0617354661 -0.026666604 -0.00372651569 0.0615312606 -0.0266961977 -0.00359989936 0.0627731383 -0.0266961977 -0.00359989936 0.0627731383 -0.026666604 -0.00372651569 0.0615312606 -0.0267050751 -0.00491037266 0.0612533614 -0.0266961977 -0.00359989936 0.0627731383 -0.0267050751 -0.00491037266 0.0612533614 -0.0267522931 -0.00530483248 0.0621609353 -0.0267522931 -0.00530483248 0.0621609353 -0.0267050751 -0.00491037266 0.0612533614 -0.0267342106 -0.00606909813 0.0609039254 -0.0267522931 -0.00530483248 0.0621609353 -0.0267342106 -0.00606909813 0.0609039254 -0.0267741494 -0.00692299707 0.0613220409 -0.0267741494 -0.00692299707 0.0613220409 -0.0267342106 -0.00606909813 0.0609039254 -0.0267510619 -0.00719685527 0.0604851544 -0.0267741494 -0.00692299707 0.0613220409 -0.0267510619 -0.00719685527 0.0604851544 -0.0267747901 -0.00729541061 0.0610874929 -0.0267747901 -0.00729541061 0.0610874929 -0.0267510619 -0.00719685527 0.0604851544 -0.0267670434 -0.00780414557 0.0605592243 -0.0267747901 -0.00729541061 0.0610874929 -0.0267670434 -0.00780414557 0.0605592243 -0.0267735701 -0.0077477647 0.0607786775 -0.0267735701 -0.0077477647 0.0607786775 -0.0267670434 -0.00780414557 0.0605592243 -0.0267702881 -0.00802547485 0.0605288334 -0.0267735701 -0.0077477647 0.0607786775 -0.0267702881 -0.00802547485 0.0605288334 -0.0267723035 -0.00796930585 0.0606171526 -0.0267723035 -0.00796930585 0.0606171526 -0.0267702881 -0.00802547485 0.0605288334 -0.0267708264 -0.00811413396 0.0604959466 -0.0267723035 -0.00796930585 0.0606171526 -0.0267708264 -0.00811413396 0.0604959466 -0.0267715193 -0.00807886478 0.06053463 -0.0267715193 -0.00807886478 0.06053463 -0.0267708264 -0.00811413396 0.0604959466 -0.0267700925 -0.00822629873 0.0604147799 -0.0267715193 -0.00807886478 0.06053463 -0.0267700925 -0.00822629873 0.0604147799 -0.0267704073 -0.00820791535 0.060433615 -0.0267704073 -0.00820791535 0.060433615 -0.0267700925 -0.00822629873 0.0604147799 -0.026769964 -0.00826283265 0.06039197 -0.0267704073 -0.00820791535 0.060433615 -0.026769964 -0.00826283265 0.06039197 -0.0267703049 -0.00822526682 0.0604215227 -0.0265311915 -0.00325780059 0.0553196073 -0.0265659839 -0.00664424524 0.0533886328 -0.0265968479 -0.00644622743 0.0551061295 -0.0265968479 -0.00644622743 0.0551061295 -0.0265659839 -0.00664424524 0.0533886328 -0.0266050026 -0.00987172034 0.0531574711 -0.0265968479 -0.00644622743 0.0551061295 -0.0266050026 -0.00987172034 0.0531574711 -0.0266376361 -0.00956591032 0.0547710545 -0.0266376361 -0.00956591032 0.0547710545 -0.0266050026 -0.00987172034 0.0531574711 -0.0266464911 -0.0110906642 0.0545586497 -0.0266376361 -0.00956591032 0.0547710545 -0.0266464911 -0.0110906642 0.0545586497 -0.0266770776 -0.0105854543 0.0560492091 -0.0266770776 -0.0105854543 0.0560492091 -0.0266464911 -0.0110906642 0.0545586497 -0.0266735591 -0.0121454159 0.0554250628 -0.0266770776 -0.0105854543 0.0560492091 -0.0266735591 -0.0121454159 0.0554250628 -0.0267071109 -0.0112901898 0.0570190512 -0.0262171198 -0.00135593326 0.0394615345 -0.0261832569 -0.000526522694 0.036625322 -0.0262009911 -0.00232708803 0.0368192643 -0.0262964461 -0.00572137441 0.0414054468 -0.0262970999 -0.00307625043 0.042745702 -0.0262624752 -0.00289389864 0.0411047935 -0.0262624752 -0.00289389864 0.0411047935 -0.0262970999 -0.00307625043 0.042745702 -0.0262560993 -2.1338672e-05 0.0426650532 -0.0262624752 -0.00289389864 0.0411047935 -0.0262560993 -2.1338672e-05 0.0426650532 -0.0262171198 -0.00135593326 0.0394615345 -0.0262274668 -0.00611106167 0.0380993485 -0.0262425039 -0.00590841239 0.038868852 -0.0262253508 -0.00576275028 0.0379244536 -0.0262253508 -0.00576275028 0.0379244536 -0.0262425039 -0.00590841239 0.038868852 -0.0262332857 -0.00477033015 0.0385473482 -0.0262253508 -0.00576275028 0.0379244536 -0.0262332857 -0.00477033015 0.0385473482 -0.026214283 -0.00408258801 0.0372545496 -0.026214283 -0.00408258801 0.0372545496 -0.0262332857 -0.00477033015 0.0385473482 -0.0262228176 -0.00360786286 0.0382945649 -0.026214283 -0.00408258801 0.0372545496 -0.0262228176 -0.00360786286 0.0382945649 -0.0262078643 -0.00318585243 0.0370006412 -0.0262078643 -0.00318585243 0.0370006412 -0.0262228176 -0.00360786286 0.0382945649 -0.0262111109 -0.00242695957 0.0381120145 -0.0262078643 -0.00318585243 0.0370006412 -0.0262111109 -0.00242695957 0.0381120145 -0.0262009911 -0.00232708803 0.0368192643 -0.0262425039 -0.00590841239 0.038868852 -0.0262612738 -0.00527849374 0.0399224982 -0.0262332857 -0.00477033015 0.0385473482 -0.0262332857 -0.00477033015 0.0385473482 -0.0262612738 -0.00527849374 0.0399224982 -0.0262477547 -0.00398586877 0.0397091918 -0.0262332857 -0.00477033015 0.0385473482 -0.0262477547 -0.00398586877 0.0397091918 -0.0262228176 -0.00360786286 0.0382945649 -0.0262228176 -0.00360786286 0.0382945649 -0.0262477547 -0.00398586877 0.0397091918 -0.0262329374 -0.00267656473 0.0395552181 -0.0262228176 -0.00360786286 0.0382945649 -0.0262329374 -0.00267656473 0.0395552181 -0.0262111109 -0.00242695957 0.0381120145 -0.0262009911 -0.00232708803 0.0368192643 -0.0262111109 -0.00242695957 0.0381120145 -0.0262171198 -0.00135593326 0.0394615345 -0.0262171198 -0.00135593326 0.0394615345 -0.0262111109 -0.00242695957 0.0381120145 -0.0262329374 -0.00267656473 0.0395552181 -0.0262171198 -0.00135593326 0.0394615345 -0.0262329374 -0.00267656473 0.0395552181 -0.0262624752 -0.00289389864 0.0411047935 -0.0262624752 -0.00289389864 0.0411047935 -0.0262329374 -0.00267656473 0.0395552181 -0.0262477547 -0.00398586877 0.0397091918 -0.0262624752 -0.00289389864 0.0411047935 -0.0262477547 -0.00398586877 0.0397091918 -0.0262964461 -0.00572137441 0.0414054468 -0.0262964461 -0.00572137441 0.0414054468 -0.0262477547 -0.00398586877 0.0397091918 -0.0262612738 -0.00527849374 0.0399224982 -0.0262964461 -0.00572137441 0.0414054468 -0.0262612738 -0.00527849374 0.0399224982 -0.026272947 -0.00654913858 0.0401938967 -0.026272947 -0.00654913858 0.0401938967 -0.0262612738 -0.00527849374 0.0399224982 -0.0262425039 -0.00590841239 0.038868852 -0.026272947 -0.00654913858 0.0401938967 -0.0262425039 -0.00590841239 0.038868852 -0.0262502916 -0.00701525668 0.0392589681 -0.0262502916 -0.00701525668 0.0392589681 -0.0262425039 -0.00590841239 0.038868852 -0.0262274668 -0.00611106167 0.0380993485 -0.0262502916 -0.00701525668 0.0392589681 -0.0262274668 -0.00611106167 0.0380993485 -0.0262286477 -0.00626598764 0.0381804891 -0.0262470897 -0.0079219779 0.0392247178 -0.0262471922 -0.00792799518 0.0392293446 -0.0262468904 -0.00790875778 0.0392149687 -0.0262468904 -0.00790875778 0.0392149687 -0.0262471922 -0.00792799518 0.0392293446 -0.026247099 -0.00792056229 0.0392243862 -0.0262468904 -0.00790875778 0.0392149687 -0.026247099 -0.00792056229 0.0392243862 -0.0262464918 -0.00788228121 0.0391955115 -0.0262464918 -0.00788228121 0.0391955115 -0.026247099 -0.00792056229 0.0392243862 -0.0262481812 -0.00798035972 0.0392737985 -0.0262497645 -0.00808900874 0.0393501222 -0.0262481812 -0.00798035972 0.0392737985 -0.0262485128 -0.00801230688 0.0392920263 -0.0262485128 -0.00801230688 0.0392920263 -0.0262481812 -0.00798035972 0.0392737985 -0.026247099 -0.00792056229 0.0392243862 -0.0262485128 -0.00801230688 0.0392920263 -0.026247099 -0.00792056229 0.0392243862 -0.0262478981 -0.00797379762 0.0392631851 -0.0262478981 -0.00797379762 0.0392631851 -0.026247099 -0.00792056229 0.0392243862 -0.0262471922 -0.00792799518 0.0392293446 -0.0262478981 -0.00797379762 0.0392631851 -0.0262471922 -0.00792799518 0.0392293446 -0.0262475945 -0.00795450434 0.0392488204 -0.0262475945 -0.00795450434 0.0392488204 -0.0262471922 -0.00792799518 0.0392293446 -0.0262470897 -0.0079219779 0.0392247178 -0.0262475945 -0.00795450434 0.0392488204 -0.0262470897 -0.0079219779 0.0392247178 -0.0262471903 -0.00792858284 0.0392296016 -0.0262457058 -0.00782917626 0.0391567945 -0.0262492448 -0.00801783428 0.0393190198 -0.0262441691 -0.00772236846 0.0390801243 -0.0262441691 -0.00772236846 0.0390801243 -0.0262492448 -0.00801783428 0.0393190198 -0.0262519065 -0.00807007402 0.0394268371 -0.0262441691 -0.00772236846 0.0390801243 -0.0262519065 -0.00807007402 0.0394268371 -0.026241241 -0.00750638824 0.0389298871 -0.026241241 -0.00750638824 0.0389298871 -0.0262519065 -0.00807007402 0.0394268371 -0.0262594353 -0.00808651932 0.0397094972 -0.026241241 -0.00750638824 0.0389298871 -0.0262594353 -0.00808651932 0.0397094972 -0.0262387563 -0.00730800163 0.0387973599 -0.0263037886 -0.0101758456 0.0413341783 -0.0263169371 -0.0105149811 0.0417516641 -0.0263316669 -0.00980048627 0.0422100276 -0.0262760054 -0.00931120571 0.0404059552 -0.0263037886 -0.0101758456 0.0413341783 -0.0262923129 -0.00900218822 0.0409037434 -0.0262923129 -0.00900218822 0.0409037434 -0.0263037886 -0.0101758456 0.0413341783 -0.0263316669 -0.00980048627 0.0422100276 -0.0262923129 -0.00900218822 0.0409037434 -0.0263316669 -0.00980048627 0.0422100276 -0.026321182 -0.00846847054 0.0418983363 -0.026321182 -0.00846847054 0.0418983363 -0.0263316669 -0.00980048627 0.0422100276 -0.0263639484 -0.00903656986 0.0433677472 -0.026321182 -0.00846847054 0.0418983363 -0.0263639484 -0.00903656986 0.0433677472 -0.0263361316 -0.00609309459 0.0429808684 -0.0263361316 -0.00609309459 0.0429808684 -0.0263639484 -0.00903656986 0.0433677472 -0.0263772681 -0.00638936646 0.0446322635 -0.0263361316 -0.00609309459 0.0429808684 -0.0263772681 -0.00638936646 0.0446322635 -0.026333848 -0.003221669 0.0444616936 -0.026333848 -0.003221669 0.0444616936 -0.0263772681 -0.00638936646 0.0446322635 -0.0263709947 -0.00332857971 0.0462353341 -0.026333848 -0.003221669 0.0444616936 -0.0263709947 -0.00332857971 0.0462353341 -0.0263236165 -1.6583077e-05 0.0462004431 -0.0262492448 -0.00801783428 0.0393190198 -0.0262548402 -0.00830662716 0.0395665765 -0.0262519065 -0.00807007402 0.0394268371 -0.0262519065 -0.00807007402 0.0394268371 -0.0262548402 -0.00830662716 0.0395665765 -0.0262648463 -0.00860707182 0.0399574675 -0.0262519065 -0.00807007402 0.0394268371 -0.0262648463 -0.00860707182 0.0399574675 -0.0262594353 -0.00808651932 0.0397094972 -0.0262594353 -0.00808651932 0.0397094972 -0.0262648463 -0.00860707182 0.0399574675 -0.0262923129 -0.00900218822 0.0409037434 -0.0262594353 -0.00808651932 0.0397094972 -0.0262923129 -0.00900218822 0.0409037434 -0.0262823906 -0.00779164303 0.0405234732 -0.0262823906 -0.00779164303 0.0405234732 -0.0262923129 -0.00900218822 0.0409037434 -0.026321182 -0.00846847054 0.0418983363 -0.0262760054 -0.00931120571 0.0404059552 -0.0262923129 -0.00900218822 0.0409037434 -0.0262708776 -0.00911655184 0.0402197912 -0.0262708776 -0.00911655184 0.0402197912 -0.0262923129 -0.00900218822 0.0409037434 -0.0262648463 -0.00860707182 0.0399574675 -0.0262708776 -0.00911655184 0.0402197912 -0.0262648463 -0.00860707182 0.0399574675 -0.0262579508 -0.00854018424 0.039710138 -0.0262579508 -0.00854018424 0.039710138 -0.0262648463 -0.00860707182 0.0399574675 -0.0262548402 -0.00830662716 0.0395665765 -0.0262579508 -0.00854018424 0.039710138 -0.0262548402 -0.00830662716 0.0395665765 -0.026252361 -0.00824113842 0.0394679606 -0.026252361 -0.00824113842 0.0394679606 -0.0262548402 -0.00830662716 0.0395665765 -0.0262492448 -0.00801783428 0.0393190198 -0.026252361 -0.00824113842 0.0394679606 -0.0262492448 -0.00801783428 0.0393190198 -0.0262481812 -0.00798035972 0.0392737985 -0.0262481812 -0.00798035972 0.0392737985 -0.0262492448 -0.00801783428 0.0393190198 -0.0262457058 -0.00782917626 0.0391567945 -0.0262481812 -0.00798035972 0.0392737985 -0.0262457058 -0.00782917626 0.0391567945 -0.0262464918 -0.00788228121 0.0391955115 -0.0263236165 -1.6583077e-05 0.0462004431 -0.0262560993 -2.1338672e-05 0.0426650532 -0.026333848 -0.003221669 0.0444616936 -0.026333848 -0.003221669 0.0444616936 -0.0262560993 -2.1338672e-05 0.0426650532 -0.0262970999 -0.00307625043 0.042745702 -0.026333848 -0.003221669 0.0444616936 -0.0262970999 -0.00307625043 0.042745702 -0.0263361316 -0.00609309459 0.0429808684 -0.0263361316 -0.00609309459 0.0429808684 -0.0262970999 -0.00307625043 0.042745702 -0.0262964461 -0.00572137441 0.0414054468 -0.0263361316 -0.00609309459 0.0429808684 -0.0262964461 -0.00572137441 0.0414054468 -0.026321182 -0.00846847054 0.0418983363 -0.026321182 -0.00846847054 0.0418983363 -0.0262964461 -0.00572137441 0.0414054468 -0.026272947 -0.00654913858 0.0401938967 -0.026321182 -0.00846847054 0.0418983363 -0.026272947 -0.00654913858 0.0401938967 -0.0262823906 -0.00779164303 0.0405234732 -0.0262823906 -0.00779164303 0.0405234732 -0.026272947 -0.00654913858 0.0401938967 -0.0262502916 -0.00701525668 0.0392589681 -0.0262823906 -0.00779164303 0.0405234732 -0.0262502916 -0.00701525668 0.0392589681 -0.0262594353 -0.00808651932 0.0397094972 -0.0262594353 -0.00808651932 0.0397094972 -0.0262502916 -0.00701525668 0.0392589681 -0.0262286477 -0.00626598764 0.0381804891 -0.0262594353 -0.00808651932 0.0397094972 -0.0262286477 -0.00626598764 0.0381804891 -0.0262387563 -0.00730800163 0.0387973599 -0.0264284592 -0.0124920774 0.0452940948 -0.0264653936 -0.012899139 0.0465837494 -0.026450526 -0.00982071739 0.0465211309 -0.026450526 -0.00982071739 0.0465211309 -0.0264653936 -0.012899139 0.0465837494 -0.0264923517 -0.0100260414 0.0481681377 -0.026450526 -0.00982071739 0.0465211309 -0.0264923517 -0.0100260414 0.0481681377 -0.0264583807 -0.00674158195 0.0480914935 -0.0264583807 -0.00674158195 0.0480914935 -0.0264923517 -0.0100260414 0.0481681377 -0.0264966767 -0.0067930161 0.0498620495 -0.0264583807 -0.00674158195 0.0480914935 -0.0264966767 -0.0067930161 0.0498620495 -0.0264419895 -0.00342197181 0.0498829484 -0.0264419895 -0.00342197181 0.0498829484 -0.0264966767 -0.0067930161 0.0498620495 -0.0264743287 -0.00340735889 0.0517189056 -0.0264157932 -0.0123251602 0.0448682494 -0.0264075026 -0.00948922429 0.0449147597 -0.0263856389 -0.0118745705 0.0438883491 -0.0263856389 -0.0118745705 0.0438883491 -0.0264075026 -0.00948922429 0.0449147597 -0.0263747443 -0.0104705328 0.0436122194 -0.0263856389 -0.0118745705 0.0438883491 -0.0263747443 -0.0104705328 0.0436122194 -0.0263652075 -0.0115264012 0.0432490371 -0.0263652075 -0.0115264012 0.0432490371 -0.0263747443 -0.0104705328 0.0436122194 -0.0263429731 -0.0110994 0.042562522 -0.0264157932 -0.0123251602 0.0448682494 -0.0264284592 -0.0124920774 0.0452940948 -0.0264075026 -0.00948922429 0.0449147597 -0.0264075026 -0.00948922429 0.0449147597 -0.0264284592 -0.0124920774 0.0452940948 -0.026450526 -0.00982071739 0.0465211309 -0.0264075026 -0.00948922429 0.0449147597 -0.026450526 -0.00982071739 0.0465211309 -0.026418332 -0.00660658302 0.0463418774 -0.026418332 -0.00660658302 0.0463418774 -0.026450526 -0.00982071739 0.0465211309 -0.0264583807 -0.00674158195 0.0480914935 -0.026418332 -0.00660658302 0.0463418774 -0.0264583807 -0.00674158195 0.0480914935 -0.0264073256 -0.0033955921 0.0480487086 -0.0264073256 -0.0033955921 0.0480487086 -0.0264583807 -0.00674158195 0.0480914935 -0.0264419895 -0.00342197181 0.0498829484 -0.0264073256 -0.0033955921 0.0480487086 -0.0264419895 -0.00342197181 0.0498829484 -0.0263891332 -1.77839356e-05 0.0498942137 -0.0263891332 -1.77839356e-05 0.0498942137 -0.0264419895 -0.00342197181 0.0498829484 -0.0264743287 -0.00340735889 0.0517189056 -0.0263891332 -1.77839356e-05 0.0498942137 -0.0264743287 -0.00340735889 0.0517189056 -0.026445834 -2.47517473e-05 0.053595297 -0.0260684155 0.00794369541 0.039237272 -0.0260687638 0.00791213289 0.039219629 -0.0260679275 0.00802109949 0.0392951518 -0.0260679275 0.00802109949 0.0392951518 -0.0260687638 0.00791213289 0.039219629 -0.0260688663 0.00795069989 0.0392652825 -0.0260679275 0.00802109949 0.0392951518 -0.0260688663 0.00795069989 0.0392652825 -0.0260670688 0.00817464385 0.0394125879 -0.0260670688 0.00817464385 0.0394125879 -0.0260688663 0.00795069989 0.0392652825 -0.0260699447 0.00800516084 0.0393741615 -0.0260670688 0.00817464385 0.0394125879 -0.0260699447 0.00800516084 0.0393741615 -0.0260658376 0.0084765628 0.0396541096 -0.0260658376 0.0084765628 0.0396541096 -0.0260699447 0.00800516084 0.0393741615 -0.0260755718 0.00802602246 0.0396598093 -0.0260733683 0.0101301139 0.0412782915 -0.0260660015 0.0092484802 0.0403422788 -0.0260852706 0.00895324629 0.040855255 -0.0260852706 0.00895324629 0.040855255 -0.0260660015 0.0092484802 0.0403422788 -0.0260654613 0.0090588117 0.0401630178 -0.0260786619 0.00682280492 0.0384921469 -0.0260884911 0.00695098704 0.0392172672 -0.0260771196 0.00699364487 0.0385938622 -0.0260771196 0.00699364487 0.0385938622 -0.0260884911 0.00695098704 0.0392172672 -0.0260749962 0.00752212293 0.0391098186 -0.0260771196 0.00699364487 0.0385938622 -0.0260749962 0.00752212293 0.0391098186 -0.0260725413 0.00743590668 0.0388784893 -0.0260725413 0.00743590668 0.0388784893 -0.0260749962 0.00752212293 0.0391098186 -0.0260709226 0.00772372354 0.0391219296 -0.0260725413 0.00743590668 0.0388784893 -0.0260709226 0.00772372354 0.0391219296 -0.0260706116 0.00765244896 0.0390271731 -0.0260706116 0.00765244896 0.0390271731 -0.0260709226 0.00772372354 0.0391219296 -0.0260696616 0.00780238537 0.039145112 -0.0260706116 0.00765244896 0.0390271731 -0.0260696616 0.00780238537 0.039145112 -0.0260697454 0.00775955804 0.0391030535 -0.0260697454 0.00775955804 0.0391030535 -0.0260696616 0.00780238537 0.039145112 -0.0260692351 0.00783604942 0.03916106 -0.0260697454 0.00775955804 0.0391030535 -0.0260692351 0.00783604942 0.03916106 -0.0260693356 0.00781281665 0.0391413793 -0.026103273 0.011481938 0.0431730933 -0.0260912143 0.011065363 0.0425107256 -0.026104657 0.00976279657 0.042165488 -0.026104657 0.00976279657 0.042165488 -0.0260912143 0.011065363 0.0425107256 -0.0260783825 0.0104608657 0.0416809134 -0.0261548366 0.00567378197 0.0413841642 -0.0261202622 0.00842618849 0.0418616161 -0.0260996502 0.00773851341 0.0404830948 -0.0260996502 0.00773851341 0.0404830948 -0.0261202622 0.00842618849 0.0418616161 -0.0260852706 0.00895324629 0.040855255 -0.0260996502 0.00773851341 0.0404830948 -0.0260852706 0.00895324629 0.040855255 -0.0260755718 0.00802602246 0.0396598093 -0.0260755718 0.00802602246 0.0396598093 -0.0260852706 0.00895324629 0.040855255 -0.0260654613 0.0090588117 0.0401630178 -0.0260755718 0.00802602246 0.0396598093 -0.0260654613 0.0090588117 0.0401630178 -0.0260658376 0.0084765628 0.0396541096 -0.0260688756 0.00787562504 0.0391870923 -0.0260690395 0.00785262883 0.0391702913 -0.0260688085 0.00788536854 0.0391942337 -0.0260688085 0.00788536854 0.0391942337 -0.0260690395 0.00785262883 0.0391702913 -0.0260691382 0.00783937052 0.0391606353 -0.0260688085 0.00788536854 0.0391942337 -0.0260691382 0.00783937052 0.0391606353 -0.0260686744 0.00790483691 0.0392085463 -0.0260686744 0.00790483691 0.0392085463 -0.0260691382 0.00783937052 0.0391606353 -0.0260693356 0.00781281665 0.0391413793 -0.0260686744 0.00790483691 0.0392085463 -0.0260693356 0.00781281665 0.0391413793 -0.0260684155 0.00794369541 0.039237272 -0.0260684155 0.00794369541 0.039237272 -0.0260693356 0.00781281665 0.0391413793 -0.0260692351 0.00783604942 0.03916106 -0.0260684155 0.00794369541 0.039237272 -0.0260692351 0.00783604942 0.03916106 -0.0260687638 0.00791213289 0.039219629 -0.0260687638 0.00791213289 0.039219629 -0.0260692351 0.00783604942 0.03916106 -0.0260696616 0.00780238537 0.039145112 -0.0260687638 0.00791213289 0.039219629 -0.0260696616 0.00780238537 0.039145112 -0.0260688663 0.00795069989 0.0392652825 -0.0260688663 0.00795069989 0.0392652825 -0.0260696616 0.00780238537 0.039145112 -0.0260709226 0.00772372354 0.0391219296 -0.0260688663 0.00795069989 0.0392652825 -0.0260709226 0.00772372354 0.0391219296 -0.0260699447 0.00800516084 0.0393741615 -0.0260699447 0.00800516084 0.0393741615 -0.0260709226 0.00772372354 0.0391219296 -0.0260749962 0.00752212293 0.0391098186 -0.0260699447 0.00800516084 0.0393741615 -0.0260749962 0.00752212293 0.0391098186 -0.0260755718 0.00802602246 0.0396598093 -0.0260755718 0.00802602246 0.0396598093 -0.0260749962 0.00752212293 0.0391098186 -0.0260884911 0.00695098704 0.0392172672 -0.0260755718 0.00802602246 0.0396598093 -0.0260884911 0.00695098704 0.0392172672 -0.0260996502 0.00773851341 0.0404830948 -0.0260996502 0.00773851341 0.0404830948 -0.0260884911 0.00695098704 0.0392172672 -0.0261158682 0.00649301754 0.0401629992 -0.0260996502 0.00773851341 0.0404830948 -0.0261158682 0.00649301754 0.0401629992 -0.0261548366 0.00567378197 0.0413841642 -0.026103273 0.011481938 0.0431730933 -0.026104657 0.00976279657 0.042165488 -0.0261313654 0.0104430169 0.0435743183 -0.0261313654 0.0104430169 0.0435743183 -0.026104657 0.00976279657 0.042165488 -0.0261479318 0.00900406484 0.043336954 -0.0261313654 0.0104430169 0.0435743183 -0.0261479318 0.00900406484 0.043336954 -0.0261801779 0.0094647631 0.044891879 -0.0261605848 0.0012827171 0.0366768725 -0.0261527244 0.00235864869 0.0380999967 -0.0261342432 0.00307032256 0.0369733721 -0.0261342432 0.00307032256 0.0369733721 -0.0261527244 0.00235864869 0.0380999967 -0.0261363629 0.00353971845 0.038276203 -0.0261342432 0.00307032256 0.0369733721 -0.0261363629 0.00353971845 0.038276203 -0.0261072144 0.00479921652 0.0375084393 -0.0260884911 0.00695098704 0.0392172672 -0.0261036139 0.00584160304 0.0388367586 -0.0261158682 0.00649301754 0.0401629992 -0.0261158682 0.00649301754 0.0401629992 -0.0261036139 0.00584160304 0.0388367586 -0.0261328146 0.00522098783 0.039898593 -0.0261158682 0.00649301754 0.0401629992 -0.0261328146 0.00522098783 0.039898593 -0.0261548366 0.00567378197 0.0413841642 -0.0261548366 0.00567378197 0.0413841642 -0.0261328146 0.00522098783 0.039898593 -0.0261498783 0.00392743852 0.0396917537 -0.0261548366 0.00567378197 0.0413841642 -0.0261498783 0.00392743852 0.0396917537 -0.0261895061 0.00284400489 0.0410948619 -0.0261772536 -9.45495503e-06 0.0366149843 -0.0262005962 -2.95648024e-05 0.0394284986 -0.0261605848 0.0012827171 0.0366768725 -0.0261605848 0.0012827171 0.0366768725 -0.0262005962 -2.95648024e-05 0.0394284986 -0.0261837225 0.00129677868 0.0394559652 -0.0261605848 0.0012827171 0.0366768725 -0.0261837225 0.00129677868 0.0394559652 -0.0261527244 0.00235864869 0.0380999967 -0.0261527244 0.00235864869 0.0380999967 -0.0261837225 0.00129677868 0.0394559652 -0.0261667985 0.00261758431 0.0395438708 -0.0261527244 0.00235864869 0.0380999967 -0.0261667985 0.00261758431 0.0395438708 -0.0261363629 0.00353971845 0.038276203 -0.0261801779 0.0094647631 0.044891879 -0.0261368882 0.0122903325 0.0447875336 -0.0261313654 0.0104430169 0.0435743183 -0.0261313654 0.0104430169 0.0435743183 -0.0261368882 0.0122903325 0.0447875336 -0.0261166655 0.0118511375 0.0438437536 -0.0261313654 0.0104430169 0.0435743183 -0.0261166655 0.0118511375 0.0438437536 -0.026103273 0.011481938 0.0431730933 -0.0262815244 0.0100857792 0.0498487204 -0.0262459535 0.0133222332 0.0498100333 -0.0262487084 0.0100093139 0.0481671505 -0.0262487084 0.0100093139 0.0481671505 -0.0262459535 0.0133222332 0.0498100333 -0.0262142029 0.013219581 0.0482749417 -0.0262487084 0.0100093139 0.0481671505 -0.0262142029 0.013219581 0.0482749417 -0.0262145214 0.00980174262 0.0465081744 -0.0262145214 0.00980174262 0.0465081744 -0.0262142029 0.013219581 0.0482749417 -0.026175322 0.012874743 0.0465013161 -0.0262145214 0.00980174262 0.0465081744 -0.026175322 0.012874743 0.0465013161 -0.0261801779 0.0094647631 0.044891879 -0.0261801779 0.0094647631 0.044891879 -0.026175322 0.012874743 0.0465013161 -0.0261473712 0.0124774985 0.0452594236 -0.0261801779 0.0094647631 0.044891879 -0.0261473712 0.0124774985 0.0452594236 -0.0261368882 0.0122903325 0.0447875336 -0.0261834264 0.0060543674 0.0429636911 -0.026218323 0.00303441426 0.0427379198 -0.0262159724 0.00635778671 0.0446204841 -0.0262159724 0.00635778671 0.0446204841 -0.026218323 0.00303441426 0.0427379198 -0.0262505114 0.00318618817 0.0444567017 -0.0262159724 0.00635778671 0.0446204841 -0.0262505114 0.00318618817 0.0444567017 -0.0262501873 0.00657960679 0.0463368222 -0.0262501873 0.00657960679 0.0463368222 -0.0262505114 0.00318618817 0.0444567017 -0.0262839645 0.0032969215 0.0462337844 -0.0262501873 0.00657960679 0.0463368222 -0.0262839645 0.0032969215 0.0462337844 -0.02628408 0.00671597896 0.0480944999 -0.0261479318 0.00900406484 0.043336954 -0.0261834264 0.0060543674 0.0429636911 -0.0261801779 0.0094647631 0.044891879 -0.0261801779 0.0094647631 0.044891879 -0.0261834264 0.0060543674 0.0429636911 -0.0262159724 0.00635778671 0.0446204841 -0.0261801779 0.0094647631 0.044891879 -0.0262159724 0.00635778671 0.0446204841 -0.0262145214 0.00980174262 0.0465081744 -0.0262145214 0.00980174262 0.0465081744 -0.0262159724 0.00635778671 0.0446204841 -0.0262501873 0.00657960679 0.0463368222 -0.0262145214 0.00980174262 0.0465081744 -0.0262501873 0.00657960679 0.0463368222 -0.0262487084 0.0100093139 0.0481671505 -0.0262487084 0.0100093139 0.0481671505 -0.0262501873 0.00657960679 0.0463368222 -0.02628408 0.00671597896 0.0480944999 -0.0262487084 0.0100093139 0.0481671505 -0.02628408 0.00671597896 0.0480944999 -0.0262815244 0.0100857792 0.0498487204 -0.026280649 0.0132169332 0.0516237468 -0.0262486525 0.013322847 0.0499453396 -0.0263121407 0.0100307418 0.0515324175 -0.0263121407 0.0100307418 0.0515324175 -0.0262486525 0.013322847 0.0499453396 -0.0262815244 0.0100857792 0.0498487204 -0.0263121407 0.0100307418 0.0515324175 -0.0262815244 0.0100857792 0.0498487204 -0.0263165329 0.00676583499 0.0498740338 -0.0263165329 0.00676583499 0.0498740338 -0.0262815244 0.0100857792 0.0498487204 -0.02628408 0.00671597896 0.0480944999 -0.0263165329 0.00676583499 0.0498740338 -0.02628408 0.00671597896 0.0480944999 -0.0263169464 0.00336453365 0.0480512641 -0.0263169464 0.00336453365 0.0480512641 -0.02628408 0.00671597896 0.0480944999 -0.0262839645 0.0032969215 0.0462337844 -0.0263169464 0.00336453365 0.0480512641 -0.0262839645 0.0032969215 0.0462337844 -0.0263236165 -1.6583077e-05 0.0462004431 -0.0263236165 -1.6583077e-05 0.0462004431 -0.0262839645 0.0032969215 0.0462337844 -0.0262505114 0.00318618817 0.0444567017 -0.0263236165 -1.6583077e-05 0.0462004431 -0.0262505114 0.00318618817 0.0444567017 -0.0262560993 -2.1338672e-05 0.0426650532 -0.0262560993 -2.1338672e-05 0.0426650532 -0.0262505114 0.00318618817 0.0444567017 -0.026218323 0.00303441426 0.0427379198 -0.0262560993 -2.1338672e-05 0.0426650532 -0.026218323 0.00303441426 0.0427379198 -0.0261895061 0.00284400489 0.0410948619 -0.0261895061 0.00284400489 0.0410948619 -0.026218323 0.00303441426 0.0427379198 -0.0261834264 0.0060543674 0.0429636911 -0.0261895061 0.00284400489 0.0410948619 -0.0261834264 0.0060543674 0.0429636911 -0.0261548366 0.00567378197 0.0413841642 -0.0261548366 0.00567378197 0.0413841642 -0.0261834264 0.0060543674 0.0429636911 -0.0261479318 0.00900406484 0.043336954 -0.0261548366 0.00567378197 0.0413841642 -0.0261479318 0.00900406484 0.043336954 -0.0261202622 0.00842618849 0.0418616161 -0.0261202622 0.00842618849 0.0418616161 -0.0261479318 0.00900406484 0.043336954 -0.026104657 0.00976279657 0.042165488 -0.0261202622 0.00842618849 0.0418616161 -0.026104657 0.00976279657 0.042165488 -0.0260852706 0.00895324629 0.040855255 -0.0260852706 0.00895324629 0.040855255 -0.026104657 0.00976279657 0.042165488 -0.0260783825 0.0104608657 0.0416809134 -0.0260852706 0.00895324629 0.040855255 -0.0260783825 0.0104608657 0.0416809134 -0.0260733683 0.0101301139 0.0412782915 -0.0260786619 0.00682280492 0.0384921469 -0.0260836538 0.0064319754 0.0382683761 -0.0260884911 0.00695098704 0.0392172672 -0.0260884911 0.00695098704 0.0392172672 -0.0260836538 0.0064319754 0.0382683761 -0.0260859169 0.00626134779 0.0381760709 -0.0260884911 0.00695098704 0.0392172672 -0.0260859169 0.00626134779 0.0381760709 -0.0261036139 0.00584160304 0.0388367586 -0.0261036139 0.00584160304 0.0388367586 -0.0260859169 0.00626134779 0.0381760709 -0.0261072144 0.00479921652 0.0375084393 -0.0261036139 0.00584160304 0.0388367586 -0.0261072144 0.00479921652 0.0375084393 -0.026119817 0.00470264442 0.0385223478 -0.026119817 0.00470264442 0.0385223478 -0.0261072144 0.00479921652 0.0375084393 -0.0261363629 0.00353971845 0.038276203 -0.026119817 0.00470264442 0.0385223478 -0.0261363629 0.00353971845 0.038276203 -0.0261498783 0.00392743852 0.0396917537 -0.0261498783 0.00392743852 0.0396917537 -0.0261363629 0.00353971845 0.038276203 -0.0261667985 0.00261758431 0.0395438708 -0.0261498783 0.00392743852 0.0396917537 -0.0261667985 0.00261758431 0.0395438708 -0.0261895061 0.00284400489 0.0410948619 -0.0261895061 0.00284400489 0.0410948619 -0.0261667985 0.00261758431 0.0395438708 -0.0261837225 0.00129677868 0.0394559652 -0.0261895061 0.00284400489 0.0410948619 -0.0261837225 0.00129677868 0.0394559652 -0.0262560993 -2.1338672e-05 0.0426650532 -0.0262560993 -2.1338672e-05 0.0426650532 -0.0261837225 0.00129677868 0.0394559652 -0.0262005962 -2.95648024e-05 0.0394284986 -0.0262560993 -2.1338672e-05 0.0426650532 -0.0262005962 -2.95648024e-05 0.0394284986 -0.0262171198 -0.00135593326 0.0394615345 -0.0262171198 -0.00135593326 0.0394615345 -0.0262005962 -2.95648024e-05 0.0394284986 -0.0261772536 -9.45495503e-06 0.0366149843 -0.0262171198 -0.00135593326 0.0394615345 -0.0261772536 -9.45495503e-06 0.0366149843 -0.0261832569 -0.000526522694 0.036625322 -0.0267337654 -0.00917507987 0.0587860793 -0.0267573893 -0.00828808825 0.0599984713 -0.026726367 -0.00794670172 0.0592019819 -0.026726367 -0.00794670172 0.0592019819 -0.0267573893 -0.00828808825 0.0599984713 -0.0267510619 -0.00719685527 0.0604851544 -0.026726367 -0.00794670172 0.0592019819 -0.0267510619 -0.00719685527 0.0604851544 -0.0267093685 -0.00668558758 0.0595596917 -0.0267093685 -0.00668558758 0.0595596917 -0.0267510619 -0.00719685527 0.0604851544 -0.0267342106 -0.00606909813 0.0609039254 -0.0267093685 -0.00668558758 0.0595596917 -0.0267342106 -0.00606909813 0.0609039254 -0.0266809277 -0.00539658219 0.059858527 -0.0266809277 -0.00539658219 0.059858527 -0.0267342106 -0.00606909813 0.0609039254 -0.0267050751 -0.00491037266 0.0612533614 -0.0266809277 -0.00539658219 0.059858527 -0.0267050751 -0.00491037266 0.0612533614 -0.026643781 -0.00408498012 0.0600964539 -0.026643781 -0.00408498012 0.0600964539 -0.0267050751 -0.00491037266 0.0612533614 -0.026666604 -0.00372651569 0.0615312606 -0.026643781 -0.00408498012 0.0600964539 -0.026666604 -0.00372651569 0.0615312606 -0.0266044904 -0.00275570108 0.0602715984 -0.0266044904 -0.00275570108 0.0602715984 -0.026666604 -0.00372651569 0.0615312606 -0.0266259033 -0.00252303365 0.0617354661 -0.0266044904 -0.00275570108 0.0602715984 -0.0266259033 -0.00252303365 0.0617354661 -0.0265674945 -0.00141375791 0.0603817999 -0.0265674945 -0.00141375791 0.0603817999 -0.0266259033 -0.00252303365 0.0617354661 -0.0266288184 -0.00186342269 0.0631470308 -0.0265674945 -0.00141375791 0.0603817999 -0.0266288184 -0.00186342269 0.0631470308 -0.0265356284 -6.46788903e-05 0.0604247563 -0.0265356284 -6.46788903e-05 0.0604247563 -0.0266288184 -0.00186342269 0.0631470308 -0.0265724584 -9.74180439e-05 0.0632842854 -0.0265356284 -6.46788903e-05 0.0604247563 -0.0265724584 -9.74180439e-05 0.0632842854 -0.0265104584 0.00128546217 0.0603987575 -0.0265104584 0.00128546217 0.0603987575 -0.0265724584 -9.74180439e-05 0.0632842854 -0.0265404861 0.00142040802 0.0632077381 -0.0265104584 0.00128546217 0.0603987575 -0.0265404861 0.00142040802 0.0632077381 -0.02649251 0.00263051735 0.0603050031 -0.02649251 0.00263051735 0.0603050031 -0.0265404861 0.00142040802 0.0632077381 -0.0265128966 0.00236728392 0.0617714599 -0.02649251 0.00263051735 0.0603050031 -0.0265128966 0.00236728392 0.0617714599 -0.0265011955 0.00357599021 0.0615841113 -0.0265011955 0.00357599021 0.0615841113 -0.0265128966 0.00236728392 0.0617714599 -0.0265212283 0.00321178907 0.0628859028 -0.0265011955 0.00357599021 0.0615841113 -0.0265212283 0.00321178907 0.0628859028 -0.026504131 0.004937388 0.0623272695 -0.0264653936 -0.012899139 0.0465837494 -0.0265131444 -0.0132343527 0.048359327 -0.0264923517 -0.0100260414 0.0481681377 -0.0264923517 -0.0100260414 0.0481681377 -0.0265131444 -0.0132343527 0.048359327 -0.0265323408 -0.0101032145 0.0498363338 -0.0264923517 -0.0100260414 0.0481681377 -0.0265323408 -0.0101032145 0.0498363338 -0.0264966767 -0.0067930161 0.0498620495 -0.0264966767 -0.0067930161 0.0498620495 -0.0265323408 -0.0101032145 0.0498363338 -0.0265326146 -0.00676033413 0.0516342148 -0.0264966767 -0.0067930161 0.0498620495 -0.0265326146 -0.00676033413 0.0516342148 -0.0264743287 -0.00340735889 0.0517189056 -0.0264743287 -0.00340735889 0.0517189056 -0.0265326146 -0.00676033413 0.0516342148 -0.0265040584 -0.00335230608 0.0535374358 -0.0264743287 -0.00340735889 0.0517189056 -0.0265040584 -0.00335230608 0.0535374358 -0.026445834 -2.47517473e-05 0.053595297 -0.026445834 -2.47517473e-05 0.053595297 -0.0265040584 -0.00335230608 0.0535374358 -0.0265311915 -0.00325780059 0.0553196073 -0.026445834 -2.47517473e-05 0.053595297 -0.0265311915 -0.00325780059 0.0553196073 -0.0265226215 -0.00158577482 0.0571226813 -0.0265226215 -0.00158577482 0.0571226813 -0.0265311915 -0.00325780059 0.0553196073 -0.0265565906 -0.00312550785 0.0570475049 -0.0265226215 -0.00158577482 0.0571226813 -0.0265565906 -0.00312550785 0.0570475049 -0.0265811197 -0.00295737572 0.0587037019 -0.0265811197 -0.00295737572 0.0587037019 -0.0265565906 -0.00312550785 0.0570475049 -0.0266260095 -0.00616951846 0.0567685664 -0.0265811197 -0.00295737572 0.0587037019 -0.0266260095 -0.00616951846 0.0567685664 -0.0266542099 -0.0058180606 0.0583582968 -0.0266542099 -0.0058180606 0.0583582968 -0.0266260095 -0.00616951846 0.0567685664 -0.0266685672 -0.00913892128 0.0563282184 -0.0266542099 -0.0058180606 0.0583582968 -0.0266685672 -0.00913892128 0.0563282184 -0.0266984031 -0.0085967686 0.0578109138 -0.0266984031 -0.0085967686 0.0578109138 -0.0266685672 -0.00913892128 0.0563282184 -0.0267064739 -0.00994407292 0.0574641526 -0.0266984031 -0.0085967686 0.0578109138 -0.0267064739 -0.00994407292 0.0574641526 -0.0267337654 -0.00917507987 0.0587860793 -0.0267337654 -0.00917507987 0.0587860793 -0.0267064739 -0.00994407292 0.0574641526 -0.0267374553 -0.0102269351 0.0584828518 -0.0267337654 -0.00917507987 0.0587860793 -0.0267374553 -0.0102269351 0.0584828518 -0.0267557632 -0.00933854375 0.0594445094 -0.0263271015 0.012564389 0.0543816797 -0.0263114832 0.0128669217 0.0534065366 -0.026346121 0.0110598169 0.0546187311 -0.026346121 0.0110598169 0.0546187311 -0.0263114832 0.0128669217 0.0534065366 -0.0263213553 0.0114324503 0.0530549102 -0.026346121 0.0110598169 0.0546187311 -0.0263213553 0.0114324503 0.0530549102 -0.0263400469 0.00984428916 0.0531979725 -0.0263400469 0.00984428916 0.0531979725 -0.0263213553 0.0114324503 0.0530549102 -0.0263121407 0.0100307418 0.0515324175 -0.0263400469 0.00984428916 0.0531979725 -0.0263121407 0.0100307418 0.0515324175 -0.0263467506 0.00672897696 0.0516555868 -0.0263467506 0.00672897696 0.0516555868 -0.0263121407 0.0100307418 0.0515324175 -0.0263165329 0.00676583499 0.0498740338 -0.0263467506 0.00672897696 0.0516555868 -0.0263165329 0.00676583499 0.0498740338 -0.0263484214 0.0033885655 0.0498900637 -0.0263484214 0.0033885655 0.0498900637 -0.0263165329 0.00676583499 0.0498740338 -0.0263169464 0.00336453365 0.0480512641 -0.0263484214 0.0033885655 0.0498900637 -0.0263169464 0.00336453365 0.0480512641 -0.0263891332 -1.77839356e-05 0.0498942137 -0.0263891332 -1.77839356e-05 0.0498942137 -0.0263169464 0.00336453365 0.0480512641 -0.0263236165 -1.6583077e-05 0.0462004431 -0.0263891332 -1.77839356e-05 0.0498942137 -0.0263236165 -1.6583077e-05 0.0462004431 -0.0264073256 -0.0033955921 0.0480487086 -0.0264073256 -0.0033955921 0.0480487086 -0.0263236165 -1.6583077e-05 0.0462004431 -0.0263709947 -0.00332857971 0.0462353341 -0.0264073256 -0.0033955921 0.0480487086 -0.0263709947 -0.00332857971 0.0462353341 -0.026418332 -0.00660658302 0.0463418774 -0.026418332 -0.00660658302 0.0463418774 -0.0263709947 -0.00332857971 0.0462353341 -0.0263772681 -0.00638936646 0.0446322635 -0.026418332 -0.00660658302 0.0463418774 -0.0263772681 -0.00638936646 0.0446322635 -0.0264075026 -0.00948922429 0.0449147597 -0.0264075026 -0.00948922429 0.0449147597 -0.0263772681 -0.00638936646 0.0446322635 -0.0263639484 -0.00903656986 0.0433677472 -0.0264075026 -0.00948922429 0.0449147597 -0.0263639484 -0.00903656986 0.0433677472 -0.0263747443 -0.0104705328 0.0436122194 -0.0263747443 -0.0104705328 0.0436122194 -0.0263639484 -0.00903656986 0.0433677472 -0.0263316669 -0.00980048627 0.0422100276 -0.0263747443 -0.0104705328 0.0436122194 -0.0263316669 -0.00980048627 0.0422100276 -0.0263429731 -0.0110994 0.042562522 -0.0263429731 -0.0110994 0.042562522 -0.0263316669 -0.00980048627 0.0422100276 -0.0263169371 -0.0105149811 0.0417516641</float_array><technique_common><accessor source="#positions-array" count="3264" stride="3"><param name="X" type="float" /><param name="Y" type="float" /><param name="Z" type="float" /></accessor></technique_common></source><source id="normals"><float_array id="normals-array" count="9792">0 -0.10709247 -0.994249046 0 -0.10709247 -0.994249046 0 -0.10709247 -0.994249046 0 -0.370361477 -0.928887725 0 -0.370361477 -0.928887725 0 -0.370361477 -0.928887725 -8.68395182e-06 -0.594706595 -0.8039428 -8.68395182e-06 -0.594706595 -0.8039428 -8.68395182e-06 -0.594706595 -0.8039428 0 -0.594706714 -0.80394274 0 -0.594706714 -0.80394274 0 -0.594706714 -0.80394274 1.05287097e-06 -0.594397426 -0.804171443 1.05287097e-06 -0.594397426 -0.804171443 1.05287097e-06 -0.594397426 -0.804171443 6.57716828e-06 -0.593585789 -0.804770708 6.57716828e-06 -0.593585789 -0.804770708 6.57716828e-06 -0.593585789 -0.804770708 -5.52485108e-06 -0.594397366 -0.804171443 -5.52485108e-06 -0.594397366 -0.804171443 -5.52485108e-06 -0.594397366 -0.804171443 9.83868449e-06 -0.592138886 -0.805835903 9.83868449e-06 -0.592138886 -0.805835903 9.83868449e-06 -0.592138886 -0.805835903 -1.96783167e-05 -0.593585551 -0.804770887 -1.96783167e-05 -0.593585551 -0.804770887 -1.96783167e-05 -0.593585551 -0.804770887 0 -0.592138767 -0.805835962 0 -0.592138767 -0.805835962 0 -0.592138767 -0.805835962 0 -0.589136899 -0.808033228 0 -0.589136899 -0.808033228 0 -0.589136899 -0.808033228 0 -0.589136899 -0.808033228 0 -0.589136899 -0.808033228 0 -0.589136899 -0.808033228 0 -0.583144963 -0.812368155 0 -0.583144963 -0.812368155 0 -0.583144963 -0.812368155 0 -0.583144963 -0.812368155 0 -0.583144963 -0.812368155 0 -0.583144963 -0.812368155 0 -0.5710392 -0.820922792 0 -0.5710392 -0.820922792 0 -0.5710392 -0.820922792 0 -0.5710392 -0.820922792 0 -0.5710392 -0.820922792 0 -0.5710392 -0.820922792 0 -0.555481851 -0.831528664 0 -0.555481851 -0.831528664 0 -0.555481851 -0.831528664 0 -0.555481851 -0.831528664 0 -0.555481851 -0.831528664 0 -0.555481851 -0.831528664 0 -0.509422898 -0.86051631 0 -0.509422898 -0.86051631 0 -0.509422898 -0.86051631 0 -0.509422898 -0.86051631 0 -0.509422898 -0.86051631 0 -0.509422898 -0.86051631 0 -0.463965297 -0.88585335 0 -0.463965297 -0.88585335 0 -0.463965297 -0.88585335 0 -0.463965297 -0.88585335 0 -0.463965297 -0.88585335 0 -0.463965297 -0.88585335 0 -0.448726475 -0.893669128 0 -0.448726475 -0.893669128 0 -0.448726475 -0.893669128 0 -0.448726475 -0.893669128 0 -0.448726475 -0.893669128 0 -0.448726475 -0.893669128 0 -0.370361477 -0.928887725 0 -0.370361477 -0.928887725 0 -0.370361477 -0.928887725 0 -0.272435099 -0.962174177 0 -0.272435099 -0.962174177 0 -0.272435099 -0.962174177 0 -0.272435099 -0.962174177 0 -0.272435099 -0.962174177 0 -0.272435099 -0.962174177 0 -0.206648037 -0.97841537 0 -0.206648037 -0.97841537 0 -0.206648037 -0.97841537 0 -0.206648037 -0.97841537 0 -0.206648037 -0.97841537 0 -0.206648037 -0.97841537 0 -0.10709247 -0.994249046 0 -0.10709247 -0.994249046 0 -0.10709247 -0.994249046 0 -0.0199889001 -0.999800205 0 -0.0199889001 -0.999800205 0 -0.0199889001 -0.999800205 0 -0.0199889001 -0.999800205 0 -0.0199889001 -0.999800205 0 -0.0199889001 -0.999800205 0 0.0478399023 -0.998854995 0 0.0478399023 -0.998854995 0 0.0478399023 -0.998854995 0 0.0478399023 -0.998854995 0 0.0478399023 -0.998854995 0 0.0478399023 -0.998854995 0 0.163627595 -0.986522198 0 0.163627595 -0.986522198 0 0.163627595 -0.986522198 0 0.163627595 -0.986522198 0 0.163627595 -0.986522198 0 0.163627595 -0.986522198 0 0.295651048 -0.95529598 0 0.295651048 -0.95529598 0 0.295651048 -0.95529598 0 0.295651048 -0.95529598 0 0.295651048 -0.95529598 0 0.295651048 -0.95529598 0 0.415362835 -0.909655809 0 0.415362835 -0.909655809 0 0.415362835 -0.909655809 0 0.415362835 -0.909655809 0 0.415362835 -0.909655809 0 0.415362835 -0.909655809 0 0.475805193 -0.879550695 0 0.475805193 -0.879550695 0 0.475805193 -0.879550695 0 0.475805193 -0.879550695 0 0.475805193 -0.879550695 0 0.475805193 -0.879550695 0 0.4968777 -0.867820561 0 0.4968777 -0.867820561 0 0.4968777 -0.867820561 0 0.4968777 -0.867820561 0 0.4968777 -0.867820561 0 0.4968777 -0.867820561 0 0.511569321 -0.859242022 0 0.511569321 -0.859242022 0 0.511569321 -0.859242022 0 0.511569321 -0.859242022 0 0.511569321 -0.859242022 0 0.511569321 -0.859242022 0 0.541182578 -0.84090513 0 0.541182578 -0.84090513 0 0.541182578 -0.84090513 0 0.541182578 -0.84090513 0 0.541182578 -0.84090513 0 0.541182578 -0.84090513 0 0.566044867 -0.824374437 0 0.566044867 -0.824374437 0 0.566044867 -0.824374437 0 0.566044867 -0.824374437 0 0.566044867 -0.824374437 0 0.566044867 -0.824374437 0 0.578075707 -0.815983117 0 0.578075707 -0.815983117 0 0.578075707 -0.815983117 0 0.578075707 -0.815983117 0 0.578075707 -0.815983117 0 0.578075707 -0.815983117 0 0.584081113 -0.811695278 0 0.584081113 -0.811695278 0 0.584081113 -0.811695278 0 0.584081113 -0.811695278 0 0.584081113 -0.811695278 0 0.584081113 -0.811695278 0 0.587094128 -0.809518695 0 0.587094128 -0.809518695 0 0.587094128 -0.809518695 0 0.587094128 -0.809518695 0 0.587094128 -0.809518695 0 0.587094128 -0.809518695 0 0.588637531 -0.808397055 0 0.588637531 -0.808397055 0 0.588637531 -0.808397055 0 0.588637531 -0.808397055 0 0.588637531 -0.808397055 0 0.588637531 -0.808397055 0 0.589582264 -0.807708383 0 0.589582264 -0.807708383 0 0.589582264 -0.807708383 0 0.589582264 -0.807708383 0 0.589582264 -0.807708383 0 0.589582264 -0.807708383 0 -0.982641578 -0.185514241 0 -0.982641578 -0.185514241 0 -0.982641578 -0.185514241 0 -0.616102278 0.787666142 0 -0.616102278 0.787666142 0 -0.616102278 0.787666142 0 -0.616102278 0.787666142 0 -0.616102278 0.787666142 0 -0.616102278 0.787666142 0 -0.61510545 0.788444877 0 -0.61510545 0.788444877 0 -0.61510545 0.788444877 0 -0.61510545 0.788444877 0 -0.61510545 0.788444877 0 -0.61510545 0.788444877 0 -0.614453077 0.788953364 0 -0.614453077 0.788953364 0 -0.614453077 0.788953364 0 -0.614453077 0.788953364 0 -0.614453077 0.788953364 0 -0.614453077 0.788953364 0 -0.618296444 0.785944998 0 -0.618296444 0.785944998 0 -0.618296444 0.785944998 0 -0.618296444 0.785944998 0 -0.618296444 0.785944998 0 -0.618296444 0.785944998 0 -0.622525573 0.782599449 0 -0.622525573 0.782599449 0 -0.622525573 0.782599449 0 -0.622525573 0.782599449 0 -0.622525573 0.782599449 0 -0.622525573 0.782599449 0 -0.630879402 0.775880933 0 -0.630879402 0.775880933 0 -0.630879402 0.775880933 0 -0.630879402 0.775880933 0 -0.630879402 0.775880933 0 -0.630879402 0.775880933 0 -0.647419155 0.762134135 0 -0.647419155 0.762134135 0 -0.647419155 0.762134135 0 -0.647419155 0.762134135 0 -0.647419155 0.762134135 0 -0.647419155 0.762134135 0 -0.665834606 0.746099412 0 -0.665834606 0.746099412 0 -0.665834606 0.746099412 0 -0.665834606 0.746099412 0 -0.665834606 0.746099412 0 -0.665834606 0.746099412 0 -0.686927319 0.726726115 0 -0.686927319 0.726726115 0 -0.686927319 0.726726115 0 -0.686927319 0.726726115 0 -0.686927319 0.726726115 0 -0.686927319 0.726726115 0 -0.734534085 0.67857182 0 -0.734534085 0.67857182 0 -0.734534085 0.67857182 0 -0.734534085 0.67857182 0 -0.734534085 0.67857182 0 -0.734534085 0.67857182 0 -0.809085011 0.587691605 0 -0.809085011 0.587691605 0 -0.809085011 0.587691605 0 -0.809085011 0.587691605 0 -0.809085011 0.587691605 0 -0.809085011 0.587691605 0 -0.88117981 0.47278133 0 -0.88117981 0.47278133 0 -0.88117981 0.47278133 0 -0.88117981 0.47278133 0 -0.88117981 0.47278133 0 -0.88117981 0.47278133 0 -0.928690255 0.370856345 0 -0.928690255 0.370856345 0 -0.928690255 0.370856345 0 -0.928690255 0.370856345 0 -0.928690255 0.370856345 0 -0.928690255 0.370856345 0 -0.951620042 0.307277203 0 -0.951620042 0.307277203 0 -0.951620042 0.307277203 0 -0.951620042 0.307277203 0 -0.951620042 0.307277203 0 -0.951620042 0.307277203 0 -0.967750609 0.251910299 0 -0.967750609 0.251910299 0 -0.967750609 0.251910299 0 -0.967750609 0.251910299 0 -0.967750609 0.251910299 0 -0.967750609 0.251910299 0 -0.982701957 0.185194135 0 -0.982701957 0.185194135 0 -0.982701957 0.185194135 0 -0.982701957 0.185194135 0 -0.982701957 0.185194135 0 -0.982701957 0.185194135 0 -0.991737187 0.128286153 0 -0.991737187 0.128286153 0 -0.991737187 0.128286153 0 -0.991737187 0.128286153 0 -0.991737187 0.128286153 0 -0.991737187 0.128286153 0 -0.998150826 0.0607856214 0 -0.998150826 0.0607856214 0 -0.998150826 0.0607856214 0 -0.998150826 0.0607856214 0 -0.998150826 0.0607856214 0 -0.998150826 0.0607856214 0 -0.999964952 0.00837061927 0 -0.999964952 0.00837061927 0 -0.999964952 0.00837061927 0 -0.999964952 0.00837061927 0 -0.999964952 0.00837061927 0 -0.999964952 0.00837061927 0 -0.998228729 -0.0594925508 0 -0.998228729 -0.0594925508 0 -0.998228729 -0.0594925508 0 -0.998228729 -0.0594925508 0 -0.998228729 -0.0594925508 0 -0.998228729 -0.0594925508 0 -0.982641578 -0.185514241 0 -0.982641578 -0.185514241 0 -0.982641578 -0.185514241 0 -0.953624666 -0.30099839 0 -0.953624666 -0.30099839 0 -0.953624666 -0.30099839 0 -0.953624666 -0.30099839 0 -0.953624666 -0.30099839 0 -0.953624666 -0.30099839 0 -0.931033373 -0.364934087 0 -0.931033373 -0.364934087 0 -0.931033373 -0.364934087 0 -0.931033373 -0.364934087 0 -0.931033373 -0.364934087 0 -0.931033373 -0.364934087 0 -0.908548653 -0.417779088 0 -0.908548653 -0.417779088 0 -0.908548653 -0.417779088 0 -0.908548653 -0.417779088 0 -0.908548653 -0.417779088 0 -0.908548653 -0.417779088 0 -0.878210843 -0.47827369 0 -0.878210843 -0.47827369 0 -0.878210843 -0.47827369 0 -0.878210843 -0.47827369 0 -0.878210843 -0.47827369 0 -0.878210843 -0.47827369 0 -0.849147499 -0.528155804 0 -0.849147499 -0.528155804 0 -0.849147499 -0.528155804 0 -0.849147499 -0.528155804 0 -0.849147499 -0.528155804 0 -0.849147499 -0.528155804 0 -0.811249018 -0.584700823 0 -0.811249018 -0.584700823 0 -0.811249018 -0.584700823 0 -0.811249018 -0.584700823 0 -0.811249018 -0.584700823 0 -0.811249018 -0.584700823 0 -0.776177883 -0.630514026 0 -0.776177883 -0.630514026 0 -0.776177883 -0.630514026 0 -0.776177883 -0.630514026 0 -0.776177883 -0.630514026 0 -0.776177883 -0.630514026 0 -0.731724083 -0.681600988 0 -0.731724083 -0.681600988 0 -0.731724083 -0.681600988 0 -0.731724083 -0.681600988 0 -0.731724083 -0.681600988 0 -0.731724083 -0.681600988 0 -0.691170812 -0.722691417 0 -0.691170812 -0.722691417 0 -0.691170812 -0.722691417 0 -0.691170812 -0.722691417 0 -0.691170812 -0.722691417 0 -0.691170812 -0.722691417 0 -0.662420452 -0.749132276 0 -0.662420452 -0.749132276 0 -0.662420452 -0.749132276 0 -0.662420452 -0.749132276 0 -0.662420452 -0.749132276 0 -0.662420452 -0.749132276 0 -0.629346669 -0.777124703 0 -0.629346669 -0.777124703 0 -0.629346669 -0.777124703 0 -0.629346669 -0.777124703 0 -0.629346669 -0.777124703 0 -0.629346669 -0.777124703 0 -0.612369955 -0.790571332 0 -0.612369955 -0.790571332 0 -0.612369955 -0.790571332 0 -0.612369955 -0.790571332 0 -0.612369955 -0.790571332 0 -0.612369955 -0.790571332 0 -0.603769004 -0.797159374 0 -0.603769004 -0.797159374 0 -0.603769004 -0.797159374 0 -0.603769004 -0.797159374 0 -0.603769004 -0.797159374 0 -0.603769004 -0.797159374 0 -0.59945786 -0.800406337 0 -0.59945786 -0.800406337 0 -0.59945786 -0.800406337 0 -0.59945786 -0.800406337 0 -0.59945786 -0.800406337 0 -0.59945786 -0.800406337 0 -0.597245991 -0.802058101 0 -0.597245991 -0.802058101 0 -0.597245991 -0.802058101 0 -0.597245991 -0.802058101 0 -0.597245991 -0.802058101 0 -0.597245991 -0.802058101 0 -0.595879138 -0.803074121 0 -0.595879138 -0.803074121 0 -0.595879138 -0.803074121 0 -0.595879138 -0.803074121 0 -0.595879138 -0.803074121 0 -0.595879138 -0.803074121 0 0.548258007 0.836309254 0 0.548258007 0.836309254 0 0.548258007 0.836309254 0 0.548258007 0.836309254 0 0.548258007 0.836309254 0 0.548258007 0.836309254 0 0.431629777 0.902050853 0 0.431629777 0.902050853 0 0.431629777 0.902050853 0 0.431629777 0.902050853 0 0.431629777 0.902050853 0 0.431629777 0.902050853 0 0.307997495 0.951387167 0 0.307997495 0.951387167 0 0.307997495 0.951387167 0 0.307997495 0.951387167 0 0.307997495 0.951387167 0 0.307997495 0.951387167 0 0.176824614 0.98424238 0 0.176824614 0.98424238 0 0.176824614 0.98424238 0 0.176824614 0.98424238 0 0.176824614 0.98424238 0 0.176824614 0.98424238 0 0.05036816 0.998730719 0 0.05036816 0.998730719 0 0.05036816 0.998730719 0 0.05036816 0.998730719 0 0.05036816 0.998730719 0 0.05036816 0.998730719 0 -0.0774867311 0.996993363 0 -0.0774867311 0.996993363 0 -0.0774867311 0.996993363 0 -0.0774867311 0.996993363 0 -0.0774867311 0.996993363 0 -0.0774867311 0.996993363 0 -0.210492656 0.977595448 0 -0.210492656 0.977595448 0 -0.210492656 0.977595448 0 -0.210492656 0.977595448 0 -0.210492656 0.977595448 0 -0.210492656 0.977595448 0 -0.337950706 0.941163838 0 -0.337950706 0.941163838 0 -0.337950706 0.941163838 0 -0.337950706 0.941163838 0 -0.337950706 0.941163838 0 -0.337950706 0.941163838 0 -0.460250616 0.887789011 0 -0.460250616 0.887789011 0 -0.460250616 0.887789011 0 -0.460250616 0.887789011 0 -0.460250616 0.887789011 0 -0.460250616 0.887789011 0 -0.607883871 0.794025958 0 -0.607883871 0.794025958 0 -0.607883871 0.794025958 0 -0.610972166 0.791652083 0 -0.610972166 0.791652083 0 -0.610972166 0.791652083 0 -0.610972166 0.791652083 0 -0.610972166 0.791652083 0 -0.610972166 0.791652083 0 -0.612624228 0.790374279 0 -0.612624228 0.790374279 0 -0.612624228 0.790374279 0 -0.612624228 0.790374279 0 -0.612624228 0.790374279 0 -0.612624228 0.790374279 0 -0.613508284 0.789688289 0 -0.613508284 0.789688289 0 -0.613508284 0.789688289 0 -0.613508284 0.789688289 0 -0.613508284 0.789688289 0 -0.613508284 0.789688289 0 -0.532919705 0.846165836 0 -0.532919705 0.846165836 0 -0.532919705 0.846165836 0 -0.532919705 0.846165836 0 -0.532919705 0.846165836 0 -0.532919705 0.846165836 0 -0.563825488 0.825893939 0 -0.563825488 0.825893939 0 -0.563825488 0.825893939 0 -0.563825488 0.825893939 0 -0.563825488 0.825893939 0 -0.563825488 0.825893939 0 -0.58913511 0.808034539 0 -0.58913511 0.808034539 0 -0.58913511 0.808034539 0 -0.58913511 0.808034539 0 -0.58913511 0.808034539 0 -0.58913511 0.808034539 0 -0.601647854 0.798761427 0 -0.601647854 0.798761427 0 -0.601647854 0.798761427 0 -0.601647854 0.798761427 0 -0.601647854 0.798761427 0 -0.601647854 0.798761427 0 -0.607883871 0.794025958 0 -0.607883871 0.794025958 0 -0.607883871 0.794025958 0 0.590397298 -0.807112753 0 0.590397298 -0.807112753 0 0.590397298 -0.807112753 0 0.590397298 -0.807112753 0 0.590397298 -0.807112753 0 0.590397298 -0.807112753 0 0.591256738 -0.806483388 0 0.591256738 -0.806483388 0 0.591256738 -0.806483388 0 0.591256738 -0.806483388 0 0.591256738 -0.806483388 0 0.591256738 -0.806483388 0 0.592275679 -0.805735409 0 0.592275679 -0.805735409 0 0.592275679 -0.805735409 0 0.592275679 -0.805735409 0 0.592275679 -0.805735409 0 0.592275679 -0.805735409 0 0.594472349 -0.80411607 0 0.594472349 -0.80411607 0 0.594472349 -0.80411607 0 0.594472349 -0.80411607 0 0.594472349 -0.80411607 0 0.594472349 -0.80411607 0 0.598839939 -0.80086869 0 0.598839939 -0.80086869 0 0.598839939 -0.80086869 0 0.598839939 -0.80086869 0 0.598839939 -0.80086869 0 0.598839939 -0.80086869 0 0.607520759 -0.794303834 0 0.607520759 -0.794303834 0 0.607520759 -0.794303834 0 0.607520759 -0.794303834 0 0.607520759 -0.794303834 0 0.607520759 -0.794303834 0 0.624670982 -0.780888081 0 0.624670982 -0.780888081 0 0.624670982 -0.780888081 0 0.624670982 -0.780888081 0 0.624670982 -0.780888081 0 0.624670982 -0.780888081 0 0.658094645 -0.752935231 0 0.658094645 -0.752935231 0 0.658094645 -0.752935231 0 0.658094645 -0.752935231 0 0.658094645 -0.752935231 0 0.658094645 -0.752935231 0 0.686885953 -0.726765215 0 0.686885953 -0.726765215 0 0.686885953 -0.726765215 0 0.686885953 -0.726765215 0 0.686885953 -0.726765215 0 0.686885953 -0.726765215 0 0.727936447 -0.685644567 0 0.727936447 -0.685644567 0 0.727936447 -0.685644567 0 0.727936447 -0.685644567 0 0.727936447 -0.685644567 0 0.727936447 -0.685644567 0 0.772701204 -0.634769917 0 0.772701204 -0.634769917 0 0.772701204 -0.634769917 0 0.772701204 -0.634769917 0 0.772701204 -0.634769917 0 0.772701204 -0.634769917 0 0.808273017 -0.588807881 0 0.808273017 -0.588807881 0 0.808273017 -0.588807881 0 0.808273017 -0.588807881 0 0.808273017 -0.588807881 0 0.808273017 -0.588807881 0 0.846505046 -0.5323807 0 0.846505046 -0.5323807 0 0.846505046 -0.5323807 0 0.846505046 -0.5323807 0 0.846505046 -0.5323807 0 0.846505046 -0.5323807 0 0.876030326 -0.482256055 0 0.876030326 -0.482256055 0 0.876030326 -0.482256055 0 0.876030326 -0.482256055 0 0.876030326 -0.482256055 0 0.876030326 -0.482256055 0 0.906637192 -0.42191115 0 0.906637192 -0.42191115 0 0.906637192 -0.42191115 0 0.906637192 -0.42191115 0 0.906637192 -0.42191115 0 0.906637192 -0.42191115 0 0.929552734 -0.36868912 0 0.929552734 -0.36868912 0 0.929552734 -0.36868912 0 0.929552734 -0.36868912 0 0.929552734 -0.36868912 0 0.929552734 -0.36868912 0 0.95246017 -0.304663181 0 0.95246017 -0.304663181 0 0.95246017 -0.304663181 0 0.95246017 -0.304663181 0 0.95246017 -0.304663181 0 0.95246017 -0.304663181 0 0.981618881 -0.190851718 0 0.981618881 -0.190851718 0 0.981618881 -0.190851718 0 0.981618881 -0.190851718 0 0.981618881 -0.190851718 0 0.981618881 -0.190851718 0 0.997771621 -0.0667214245 0 0.997771621 -0.0667214245 0 0.997771621 -0.0667214245 0 0.997771621 -0.0667214245 0 0.997771621 -0.0667214245 0 0.997771621 -0.0667214245 0 0.999989688 -0.0045359591 0 0.999989688 -0.0045359591 0 0.999989688 -0.0045359591 0 0.999989688 -0.0045359591 0 0.999989688 -0.0045359591 0 0.999989688 -0.0045359591 0 0.998014867 0.0629784465 0 0.998014867 0.0629784465 0 0.998014867 0.0629784465 0 0.998014867 0.0629784465 0 0.998014867 0.0629784465 0 0.998014867 0.0629784465 0 0.984930575 0.172950149 0 0.984930575 0.172950149 0 0.984930575 0.172950149 0 0.984930575 0.172950149 0 0.984930575 0.172950149 0 0.984930575 0.172950149 0 0.970776796 0.239984244 0 0.970776796 0.239984244 0 0.970776796 0.239984244 0 0.970776796 0.239984244 0 0.970776796 0.239984244 0 0.970776796 0.239984244 0 0.955091298 0.296311706 0 0.955091298 0.296311706 0 0.955091298 0.296311706 0 0.955091298 0.296311706 0 0.955091298 0.296311706 0 0.955091298 0.296311706 0 0.932869136 0.360215425 0 0.932869136 0.360215425 0 0.932869136 0.360215425 0 0.932869136 0.360215425 0 0.932869136 0.360215425 0 0.932869136 0.360215425 0 0.910384834 0.41376251 0 0.910384834 0.41376251 0 0.910384834 0.41376251 0 0.910384834 0.41376251 0 0.910384834 0.41376251 0 0.910384834 0.41376251 0 0.880283713 0.474447638 0 0.880283713 0.474447638 0 0.880283713 0.474447638 0 0.880283713 0.474447638 0 0.880283713 0.474447638 0 0.880283713 0.474447638 0 0.85125947 0.524744987 0 0.85125947 0.524744987 0 0.85125947 0.524744987 0 0.85125947 0.524744987 0 0.85125947 0.524744987 0 0.85125947 0.524744987 0 0.813688636 0.581300974 0 0.813688636 0.581300974 0 0.813688636 0.581300974 0 0.813688636 0.581300974 0 0.813688636 0.581300974 0 0.813688636 0.581300974 0 0.740156531 0.672434628 0 0.740156531 0.672434628 0 0.740156531 0.672434628 0 0.740156531 0.672434628 0 0.740156531 0.672434628 0 0.740156531 0.672434628 0 0.649741054 0.760155618 0 0.649741054 0.760155618 0 0.649741054 0.760155618 0 0.649741054 0.760155618 0 0.649741054 0.760155618 0 0.649741054 0.760155618 0.999764562 -0.0189182032 0.0106249619 0.999764562 -0.0189182032 0.0106249619 0.999764562 -0.0189182032 0.0106249619 0.99939096 -0.0247318968 0.0246168338 0.99939096 -0.0247318968 0.0246168338 0.99939096 -0.0247318968 0.0246168338 0.99962306 -0.00287238299 0.0273026675 0.99962306 -0.00287238299 0.0273026675 0.99962306 -0.00287238299 0.0273026675 0.999633729 -0.00597703271 0.0263945516 0.999633729 -0.00597703271 0.0263945516 0.999633729 -0.00597703271 0.0263945516 0.999473214 -0.0182993319 0.026803324 0.999473214 -0.0182993319 0.026803324 0.999473214 -0.0182993319 0.026803324 0.99970752 -0.00615023309 0.0233883169 0.99970752 -0.00615023309 0.0233883169 0.99970752 -0.00615023309 0.0233883169 0.999708951 -0.00684149796 0.0231339931 0.999708951 -0.00684149796 0.0231339931 0.999708951 -0.00684149796 0.0231339931 0.999853611 -0.0125299767 0.0116507746 0.999853611 -0.0125299767 0.0116507746 0.999853611 -0.0125299767 0.0116507746 0.999889493 -0.00813816302 0.0124396179 0.999889493 -0.00813816302 0.0124396179 0.999889493 -0.00813816302 0.0124396179 0.999869883 -0.0136419144 0.00861195289 0.999869883 -0.0136419144 0.00861195289 0.999869883 -0.0136419144 0.00861195289 0.999783933 -0.0106854038 0.0178296659 0.999783933 -0.0106854038 0.0178296659 0.999783933 -0.0106854038 0.0178296659 0.999873877 -0.0108587034 0.0115878964 0.999873877 -0.0108587034 0.0115878964 0.999873877 -0.0108587034 0.0115878964 0.999776483 -0.0104091009 0.0184025075 0.999776483 -0.0104091009 0.0184025075 0.999776483 -0.0104091009 0.0184025075 0.999822497 -0.0103336209 0.0157533605 0.999822497 -0.0103336209 0.0157533605 0.999822497 -0.0103336209 0.0157533605 0.999829113 -0.0101844044 0.0154276583 0.999829113 -0.0101844044 0.0154276583 0.999829113 -0.0101844044 0.0154276583 0.99984777 -0.0103282752 0.0140635017 0.99984777 -0.0103282752 0.0140635017 0.99984777 -0.0103282752 0.0140635017 0.99985832 -0.0101687862 0.0134125678 0.99985832 -0.0101687862 0.0134125678 0.99985832 -0.0101687862 0.0134125678 0.999862552 -0.0106358593 0.0127163893 0.999862552 -0.0106358593 0.0127163893 0.999862552 -0.0106358593 0.0127163893 0.999875188 -0.0108263828 0.0115081463 0.999875188 -0.0108263828 0.0115081463 0.999875188 -0.0108263828 0.0115081463 0.999878347 -0.0124216443 0.00943284482 0.999878347 -0.0124216443 0.00943284482 0.999878347 -0.0124216443 0.00943284482 0.999874115 -0.0118339341 0.0105706304 0.999874115 -0.0118339341 0.0105706304 0.999874115 -0.0118339341 0.0105706304 0.999882221 -0.0115400171 0.0101203034 0.999882221 -0.0115400171 0.0101203034 0.999882221 -0.0115400171 0.0101203034 0.999878526 -0.0114374934 0.0105899805 0.999878526 -0.0114374934 0.0105899805 0.999878526 -0.0114374934 0.0105899805 0.999874771 -0.0117352167 0.0106163342 0.999874771 -0.0117352167 0.0106163342 0.999874771 -0.0117352167 0.0106163342 0.999874175 -0.0111516612 0.0112828743 0.999874175 -0.0111516612 0.0112828743 0.999874175 -0.0111516612 0.0112828743 0.999872148 -0.011111022 0.0115006436 0.999872148 -0.011111022 0.0115006436 0.999872148 -0.011111022 0.0115006436 0.999871492 -0.0107916491 0.0118556134 0.999871492 -0.0107916491 0.0118556134 0.999871492 -0.0107916491 0.0118556134 0.99985528 -0.0105951903 0.0133109139 0.99985528 -0.0105951903 0.0133109139 0.99985528 -0.0105951903 0.0133109139 0.999855161 -0.0105657512 0.0133425873 0.999855161 -0.0105657512 0.0133425873 0.999855161 -0.0105657512 0.0133425873 0.999824762 -0.0103627779 0.0155918552 0.999824762 -0.0103627779 0.0155918552 0.999824762 -0.0103627779 0.0155918552 0.999859929 -0.0118894558 0.0117804082 0.999859929 -0.0118894558 0.0117804082 0.999859929 -0.0118894558 0.0117804082 0.999860823 -0.0126644429 0.0108589632 0.999860823 -0.0126644429 0.0108589632 0.999860823 -0.0126644429 0.0108589632 0.999845088 -0.0116611635 0.0131835993 0.999845088 -0.0116611635 0.0131835993 0.999845088 -0.0116611635 0.0131835993 0.999846637 -0.0137335369 0.0108674131 0.999846637 -0.0137335369 0.0108674131 0.999846637 -0.0137335369 0.0108674131 0.999861598 -0.012485398 0.0109932516 0.999861598 -0.012485398 0.0109932516 0.999861598 -0.012485398 0.0109932516 0.999855757 -0.0150230946 0.00792403612 0.999855757 -0.0150230946 0.00792403612 0.999855757 -0.0150230946 0.00792403612 0.999849319 -0.0134829003 0.0109334234 0.999849319 -0.0134829003 0.0109334234 0.999849319 -0.0134829003 0.0109334234 0.999779761 -0.011928088 0.0172682423 0.999779761 -0.011928088 0.0172682423 0.999779761 -0.011928088 0.0172682423 0.999804974 -0.0119302534 0.0157379508 0.999804974 -0.0119302534 0.0157379508 0.999804974 -0.0119302534 0.0157379508 0.999883294 -0.00629154546 0.0139237307 0.999883294 -0.00629154546 0.0139237307 0.999883294 -0.00629154546 0.0139237307 0.999878585 -0.00832418166 0.0131744873 0.999878585 -0.00832418166 0.0131744873 0.999878585 -0.00832418166 0.0131744873 0.999873698 -0.00759377424 0.0139597952 0.999873698 -0.00759377424 0.0139597952 0.999873698 -0.00759377424 0.0139597952 0.999879718 -0.00840726774 0.0130346166 0.999879718 -0.00840726774 0.0130346166 0.999879718 -0.00840726774 0.0130346166 0.999887168 -0.00636128569 0.0136071332 0.999887168 -0.00636128569 0.0136071332 0.999887168 -0.00636128569 0.0136071332 0.999876499 -0.00509224087 0.0148684718 0.999876499 -0.00509224087 0.0148684718 0.999876499 -0.00509224087 0.0148684718 0.999857843 -0.00722854119 0.0152314818 0.999857843 -0.00722854119 0.0152314818 0.999857843 -0.00722854119 0.0152314818 0.999895334 -0.00799530372 0.0120599009 0.999895334 -0.00799530372 0.0120599009 0.999895334 -0.00799530372 0.0120599009 0.999867082 -0.0114517044 0.0116055058 0.999867082 -0.0114517044 0.0116055058 0.999867082 -0.0114517044 0.0116055058 0.999892294 -0.00816746615 0.0121947546 0.999892294 -0.00816746615 0.0121947546 0.999892294 -0.00816746615 0.0121947546 0.999854565 -0.0125363106 0.0115600899 0.999854565 -0.0125363106 0.0115600899 0.999854565 -0.0125363106 0.0115600899 0.999855161 -0.0119984867 0.012068226 0.999855161 -0.0119984867 0.012068226 0.999855161 -0.0119984867 0.012068226 0.999808133 -0.0156177785 0.0118225729 0.999808133 -0.0156177785 0.0118225729 0.999808133 -0.0156177785 0.0118225729 0.999792099 -0.0156033905 0.0131268641 0.999792099 -0.0156033905 0.0131268641 0.999792099 -0.0156033905 0.0131268641 0.999865532 -0.011446028 0.011745166 0.999865532 -0.011446028 0.011745166 0.999865532 -0.011446028 0.011745166 0.999865294 -0.0117483269 0.011460186 0.999865294 -0.0117483269 0.011460186 0.999865294 -0.0117483269 0.011460186 0.999844611 -0.0123527553 0.0125763696 0.999844611 -0.0123527553 0.0125763696 0.999844611 -0.0123527553 0.0125763696 0.999683499 -0.0178261884 0.0177507065 0.999683499 -0.0178261884 0.0177507065 0.999683499 -0.0178261884 0.0177507065 0.999721348 -0.0155811878 0.0177335031 0.999721348 -0.0155811878 0.0177335031 0.999721348 -0.0155811878 0.0177335031 0.999740362 -0.0169001576 0.0152842551 0.999740362 -0.0169001576 0.0152842551 0.999740362 -0.0169001576 0.0152842551 0.999814689 -0.0116901956 0.0152952019 0.999814689 -0.0116901956 0.0152952019 0.999814689 -0.0116901956 0.0152952019 0.999824166 -0.0123333503 0.0141248889 0.999824166 -0.0123333503 0.0141248889 0.999824166 -0.0123333503 0.0141248889 0.9997105 -0.0135119641 0.0199087188 0.9997105 -0.0135119641 0.0199087188 0.9997105 -0.0135119641 0.0199087188 0.999635994 -0.0178871471 0.0201968066 0.999635994 -0.0178871471 0.0201968066 0.999635994 -0.0178871471 0.0201968066 0.999665022 -0.0195704605 0.0169351753 0.999665022 -0.0195704605 0.0169351753 0.999665022 -0.0195704605 0.0169351753 0.999699295 -0.0177859496 0.0168817136 0.999699295 -0.0177859496 0.0168817136 0.999699295 -0.0177859496 0.0168817136 0.99970752 -0.00682857307 0.0231988747 0.99970752 -0.00682857307 0.0231988747 0.99970752 -0.00682857307 0.0231988747 0.999533236 -0.0220021103 0.0211943574 0.999533236 -0.0220021103 0.0211943574 0.999533236 -0.0220021103 0.0211943574 0.999640763 -0.017355537 0.0204228312 0.999640763 -0.017355537 0.0204228312 0.999640763 -0.017355537 0.0204228312 0.999585688 -0.0156628415 0.0241492037 0.999585688 -0.0156628415 0.0241492037 0.999585688 -0.0156628415 0.0241492037 0.999308348 -0.0331945419 0.0167628583 0.999308348 -0.0331945419 0.0167628583 0.999308348 -0.0331945419 0.0167628583 0.999288857 -0.0321357735 0.0197249297 0.999288857 -0.0321357735 0.0197249297 0.999288857 -0.0321357735 0.0197249297 0.998951077 -0.0380947031 0.0254073571 0.998951077 -0.0380947031 0.0254073571 0.998951077 -0.0380947031 0.0254073571 0.999390244 -0.0291314088 0.0192488991 0.999390244 -0.0291314088 0.0192488991 0.999390244 -0.0291314088 0.0192488991 0.999346733 -0.0319061689 0.0169732179 0.999346733 -0.0319061689 0.0169732179 0.999346733 -0.0319061689 0.0169732179 0.999124169 -0.0370795801 0.019390244 0.999124169 -0.0370795801 0.019390244 0.999124169 -0.0370795801 0.019390244 0.998590529 -0.0448560715 0.0283695459 0.998590529 -0.0448560715 0.0283695459 0.998590529 -0.0448560715 0.0283695459 0.999711514 -0.0204208847 0.0126422551 0.999711514 -0.0204208847 0.0126422551 0.999711514 -0.0204208847 0.0126422551 0.99963218 -0.0240145512 0.0126000885 0.99963218 -0.0240145512 0.0126000885 0.99963218 -0.0240145512 0.0126000885 0.999596715 -0.0240912437 0.0150350006 0.999596715 -0.0240912437 0.0150350006 0.999596715 -0.0240912437 0.0150350006 0.999468148 -0.0288078059 0.0152821718 0.999468148 -0.0288078059 0.0152821718 0.999468148 -0.0288078059 0.0152821718 0.999596596 -0.0221706107 0.0177514479 0.999596596 -0.0221706107 0.0177514479 0.999596596 -0.0221706107 0.0177514479 0.999305546 -0.0320429876 0.0190169681 0.999305546 -0.0320429876 0.0190169681 0.999305546 -0.0320429876 0.0190169681 0.999278545 -0.0279974844 0.0256619547 0.999278545 -0.0279974844 0.0256619547 0.999278545 -0.0279974844 0.0256619547 0.999228477 -0.0283483732 0.0271802526 0.999228477 -0.0283483732 0.0271802526 0.999228477 -0.0283483732 0.0271802526 0.998760402 -0.0356036685 0.0347860567 0.998760402 -0.0356036685 0.0347860567 0.998760402 -0.0356036685 0.0347860567 0.99956733 -0.024312187 0.016554432 0.99956733 -0.024312187 0.016554432 0.99956733 -0.024312187 0.016554432 0.999419272 -0.0249213018 0.0232384428 0.999419272 -0.0249213018 0.0232384428 0.999419272 -0.0249213018 0.0232384428 0.99954772 -0.0202727895 0.0222130269 0.99954772 -0.0202727895 0.0222130269 0.99954772 -0.0202727895 0.0222130269 0.99930799 -0.0218264684 0.0301193967 0.99930799 -0.0218264684 0.0301193967 0.99930799 -0.0218264684 0.0301193967 0.999293089 -0.02209628 0.0304141715 0.999293089 -0.02209628 0.0304141715 0.999293089 -0.02209628 0.0304141715 0.999367177 -0.0215067249 0.0283321608 0.999367177 -0.0215067249 0.0283321608 0.999367177 -0.0215067249 0.0283321608 0.998965383 -0.0281809606 0.0356934033 0.998965383 -0.0281809606 0.0356934033 0.998965383 -0.0281809606 0.0356934033 0.999869168 -0.00359115913 0.0157714095 0.999869168 -0.00359115913 0.0157714095 0.999869168 -0.00359115913 0.0157714095 0.999952316 0.00113255205 0.00969829038 0.999952316 0.00113255205 0.00969829038 0.999952316 0.00113255205 0.00969829038 0.993907094 -0.062200442 0.0909935087 0.993907094 -0.062200442 0.0909935087 0.993907094 -0.062200442 0.0909935087 0.998636305 -0.0264229085 0.0450255722 0.998636305 -0.0264229085 0.0450255722 0.998636305 -0.0264229085 0.0450255722 0.998255491 -0.0306573678 0.0504584089 0.998255491 -0.0306573678 0.0504584089 0.998255491 -0.0306573678 0.0504584089 0.99930352 -0.0171839539 0.0331236646 0.99930352 -0.0171839539 0.0331236646 0.99930352 -0.0171839539 0.0331236646 0.99878937 -0.0246848445 0.0425492041 0.99878937 -0.0246848445 0.0425492041 0.99878937 -0.0246848445 0.0425492041 0.999224246 -0.0185868088 0.0347199105 0.999224246 -0.0185868088 0.0347199105 0.999224246 -0.0185868088 0.0347199105 0.999186695 -0.0192165207 0.0354504213 0.999186695 -0.0192165207 0.0354504213 0.999186695 -0.0192165207 0.0354504213 0.999260306 -0.0181672536 0.0338938311 0.999260306 -0.0181672536 0.0338938311 0.999260306 -0.0181672536 0.0338938311 0.999187708 -0.0194835551 0.0352753513 0.999187708 -0.0194835551 0.0352753513 0.999187708 -0.0194835551 0.0352753513 0.999301851 -0.0179979336 0.0327402204 0.999301851 -0.0179979336 0.0327402204 0.999301851 -0.0179979336 0.0327402204 0.999108434 -0.02189284 0.0360982828 0.999108434 -0.02189284 0.0360982828 0.999108434 -0.02189284 0.0360982828 0.999149621 -0.0214876793 0.0351893045 0.999149621 -0.0214876793 0.0351893045 0.999149621 -0.0214876793 0.0351893045 0.999475539 -0.0156235695 0.0283650681 0.999475539 -0.0156235695 0.0283650681 0.999475539 -0.0156235695 0.0283650681 0.999417067 -0.0161951389 0.0300542507 0.999417067 -0.0161951389 0.0300542507 0.999417067 -0.0161951389 0.0300542507 0.99958086 -0.0126852505 0.0260220431 0.99958086 -0.0126852505 0.0260220431 0.99958086 -0.0126852505 0.0260220431 0.99956429 -0.0128292469 0.0265819076 0.99956429 -0.0128292469 0.0265819076 0.99956429 -0.0128292469 0.0265819076 0.999657869 -0.0105019622 0.0239559058 0.999657869 -0.0105019622 0.0239559058 0.999657869 -0.0105019622 0.0239559058 0.999654651 -0.0105257649 0.0240794104 0.999654651 -0.0105257649 0.0240794104 0.999654651 -0.0105257649 0.0240794104 0.999711573 -0.00891241059 0.0223006736 0.999711573 -0.00891241059 0.0223006736 0.999711573 -0.00891241059 0.0223006736 0.999295712 -0.0163697395 0.0337662846 0.999295712 -0.0163697395 0.0337662846 0.999295712 -0.0163697395 0.0337662846 0.99932915 -0.0163022932 0.032794904 0.99932915 -0.0163022932 0.032794904 0.99932915 -0.0163022932 0.032794904 0.999250889 -0.0174240004 0.0345545784 0.999250889 -0.0174240004 0.0345545784 0.999250889 -0.0174240004 0.0345545784 0.999293327 -0.0170902908 0.0334787183 0.999293327 -0.0170902908 0.0334787183 0.999293327 -0.0170902908 0.0334787183 0.999226928 -0.0180923641 0.0349034593 0.999226928 -0.0180923641 0.0349034593 0.999226928 -0.0180923641 0.0349034593 0.999264419 -0.0176606942 0.0340396687 0.999264419 -0.0176606942 0.0340396687 0.999264419 -0.0176606942 0.0340396687 0.999211252 -0.0184803307 0.0351477712 0.999211252 -0.0184803307 0.0351477712 0.999211252 -0.0184803307 0.0351477712 0.999229491 -0.0182983428 0.0347220935 0.999229491 -0.0182983428 0.0347220935 0.999229491 -0.0182983428 0.0347220935 0.999259531 -0.0178242922 0.0340972841 0.999259531 -0.0178242922 0.0340972841 0.999259531 -0.0178242922 0.0340972841 0.999206483 -0.0188431777 0.0350908451 0.999206483 -0.0188431777 0.0350908451 0.999206483 -0.0188431777 0.0350908451 0.999199569 -0.0189538747 0.0352269411 0.999199569 -0.0189538747 0.0352269411 0.999199569 -0.0189538747 0.0352269411 0.999125242 -0.0203733668 0.0365198106 0.999125242 -0.0203733668 0.0365198106 0.999125242 -0.0203733668 0.0365198106 0.999210358 -0.0190089978 0.0348905735 0.999210358 -0.0190089978 0.0348905735 0.999210358 -0.0190089978 0.0348905735 0.999154091 -0.0203445628 0.0357386768 0.999154091 -0.0203445628 0.0357386768 0.999154091 -0.0203445628 0.0357386768 0.999209583 -0.01940405 0.0346939974 0.999209583 -0.01940405 0.0346939974 0.999209583 -0.01940405 0.0346939974 0.999153197 -0.0213262849 0.0351861715 0.999153197 -0.0213262849 0.0351861715 0.999153197 -0.0213262849 0.0351861715 0.999119341 -0.0219331551 0.0357701033 0.999119341 -0.0219331551 0.0357701033 0.999119341 -0.0219331551 0.0357701033 0.99960351 -0.0228557494 0.0164434556 0.99960351 -0.0228557494 0.0164434556 0.99960351 -0.0228557494 0.0164434556 0.999591291 -0.0228889063 0.0171281006 0.999591291 -0.0228889063 0.0171281006 0.999591291 -0.0228889063 0.0171281006 0.999462187 -0.0276625175 0.0176107902 0.999462187 -0.0276625175 0.0176107902 0.999462187 -0.0276625175 0.0176107902 0.999357224 -0.0282050781 0.0221265517 0.999357224 -0.0282050781 0.0221265517 0.999357224 -0.0282050781 0.0221265517 0.999080062 -0.0332160294 0.0271245316 0.999080062 -0.0332160294 0.0271245316 0.999080062 -0.0332160294 0.0271245316 0.999176979 -0.0326617025 0.0240535997 0.999176979 -0.0326617025 0.0240535997 0.999176979 -0.0326617025 0.0240535997 0.998723209 -0.0397675261 0.0311519802 0.998723209 -0.0397675261 0.0311519802 0.998723209 -0.0397675261 0.0311519802 0.998853862 -0.0389794484 0.0277766678 0.998853862 -0.0389794484 0.0277766678 0.998853862 -0.0389794484 0.0277766678 0.999272406 -0.0315771028 0.0213913266 0.999272406 -0.0315771028 0.0213913266 0.999272406 -0.0315771028 0.0213913266 0.997853339 -0.0485948026 0.0439002775 0.997853339 -0.0485948026 0.0439002775 0.997853339 -0.0485948026 0.0439002775 0.999198258 -0.0261780582 0.030290179 0.999198258 -0.0261780582 0.030290179 0.999198258 -0.0261780582 0.030290179 0.998698831 -0.033446677 0.0384963714 0.998698831 -0.033446677 0.0384963714 0.998698831 -0.033446677 0.0384963714 0.99908334 -0.0240301676 0.0354255736 0.99908334 -0.0240301676 0.0354255736 0.99908334 -0.0240301676 0.0354255736 0.999799669 -0.00922578108 0.0177629106 0.999799669 -0.00922578108 0.0177629106 0.999799669 -0.00922578108 0.0177629106 0.99977994 -0.0100542475 0.0184109267 0.99977994 -0.0100542475 0.0184109267 0.99977994 -0.0100542475 0.0184109267 0.999781251 -0.00207847985 0.0208117533 0.999781251 -0.00207847985 0.0208117533 0.999781251 -0.00207847985 0.0208117533 0.999739468 -0.0043992321 0.0223965459 0.999739468 -0.0043992321 0.0223965459 0.999739468 -0.0043992321 0.0223965459 0.999741793 -0.00688249338 0.0216549784 0.999741793 -0.00688249338 0.0216549784 0.999741793 -0.00688249338 0.0216549784 0.999736965 0.00370160444 0.0226353426 0.999736965 0.00370160444 0.0226353426 0.999736965 0.00370160444 0.0226353426 0.999710858 0.00155792665 0.0239941739 0.999710858 0.00155792665 0.0239941739 0.999710858 0.00155792665 0.0239941739 0.999593198 0.00609272206 0.0278619956 0.999593198 0.00609272206 0.0278619956 0.999593198 0.00609272206 0.0278619956 0.999626458 0.00480592065 0.0269052237 0.999626458 0.00480592065 0.0269052237 0.999626458 0.00480592065 0.0269052237 0.999563336 0.0064996602 0.0288250633 0.999563336 0.0064996602 0.0288250633 0.999563336 0.0064996602 0.0288250633 0.999627829 0.00457204785 0.0268933699 0.999627829 0.00457204785 0.0268933699 0.999627829 0.00457204785 0.0268933699 0.999497235 0.00769898435 0.0307579897 0.999497235 0.00769898435 0.0307579897 0.999497235 0.00769898435 0.0307579897 0.999602377 0.00509519083 0.0277322307 0.999602377 0.00509519083 0.0277322307 0.999602377 0.00509519083 0.0277322307 0.999327362 0.010767852 0.0350561887 0.999327362 0.010767852 0.0350561887 0.999327362 0.010767852 0.0350561887 0.999524653 0.00678754691 0.0300737713 0.999524653 0.00678754691 0.0300737713 0.999524653 0.00678754691 0.0300737713 0.997330189 0.0328923985 0.0651965216 0.997330189 0.0328923985 0.0651965216 0.997330189 0.0328923985 0.0651965216 0.997638762 0.0302538481 0.0616574511 0.997638762 0.0302538481 0.0616574511 0.997638762 0.0302538481 0.0616574511 0.996587098 0.0386395119 0.0729465783 0.996587098 0.0386395119 0.0729465783 0.996587098 0.0386395119 0.0729465783 0.996438265 0.0397123955 0.0743887499 0.996438265 0.0397123955 0.0743887499 0.996438265 0.0397123955 0.0743887499 0.945592761 0.184130892 0.268235236 0.945592761 0.184130892 0.268235236 0.945592761 0.184130892 0.268235236 0.968830407 0.137614772 0.205984905 0.968830407 0.137614772 0.205984905 0.968830407 0.137614772 0.205984905 0.999484658 9.77592299e-06 0.0320997685 0.999484658 9.77592299e-06 0.0320997685 0.999484658 9.77592299e-06 0.0320997685 0.999650598 -0.00432247249 0.0260770153 0.999650598 -0.00432247249 0.0260770153 0.999650598 -0.00432247249 0.0260770153 0.999620795 -0.00143384223 0.0274982117 0.999620795 -0.00143384223 0.0274982117 0.999620795 -0.00143384223 0.0274982117 0.999515951 0.00156753231 0.0310700648 0.999515951 0.00156753231 0.0310700648 0.999515951 0.00156753231 0.0310700648 0.999528944 0.000923504704 0.0306768753 0.999528944 0.000923504704 0.0306768753 0.999528944 0.000923504704 0.0306768753 0.999434412 0.00252582249 0.0335328653 0.999434412 0.00252582249 0.0335328653 0.999434412 0.00252582249 0.0335328653 0.999498546 0.00182106381 0.0316129252 0.999498546 0.00182106381 0.0316129252 0.999498546 0.00182106381 0.0316129252 0.9995206 0.00312800286 0.0308023244 0.9995206 0.00312800286 0.0308023244 0.9995206 0.00312800286 0.0308023244 0.999521911 0.00395601662 0.0306639131 0.999521911 0.00395601662 0.0306639131 0.999521911 0.00395601662 0.0306639131 0.999584973 0.00292283879 0.0286587439 0.999584973 0.00292283879 0.0286587439 0.999584973 0.00292283879 0.0286587439 0.99956584 0.00457820669 0.0291058868 0.99956584 0.00457820669 0.0291058868 0.99956584 0.00457820669 0.0291058868 0.999614656 0.00360542629 0.0275243707 0.999614656 0.00360542629 0.0275243707 0.999614656 0.00360542629 0.0275243707 0.999738514 -0.0113894036 0.0198297575 0.999738514 -0.0113894036 0.0198297575 0.999738514 -0.0113894036 0.0198297575 0.999675572 -0.0111492015 0.0229007322 0.999675572 -0.0111492015 0.0229007322 0.999675572 -0.0111492015 0.0229007322 0.999694049 -0.00760552986 0.0235369522 0.999694049 -0.00760552986 0.0235369522 0.999694049 -0.00760552986 0.0235369522 0.999653757 -0.00745027699 0.0252362378 0.999653757 -0.00745027699 0.0252362378 0.999653757 -0.00745027699 0.0252362378 0.999655664 -0.00430141483 0.0258860905 0.999655664 -0.00430141483 0.0258860905 0.999655664 -0.00430141483 0.0258860905 0.999650836 -0.00429760292 0.0260723494 0.999650836 -0.00429760292 0.0260723494 0.999650836 -0.00429760292 0.0260723494 0.999615014 -0.00349932001 0.0275234431 0.999615014 -0.00349932001 0.0275234431 0.999615014 -0.00349932001 0.0275234431 0.999590814 -0.00338804233 0.0284029879 0.999590814 -0.00338804233 0.0284029879 0.999590814 -0.00338804233 0.0284029879 0.99961108 -0.00337627716 0.0276819896 0.99961108 -0.00337627716 0.0276819896 0.99961108 -0.00337627716 0.0276819896 0.999551237 -0.00187495444 0.0298968554 0.999551237 -0.00187495444 0.0298968554 0.999551237 -0.00187495444 0.0298968554 0.999516726 -0.00164954341 0.0310416501 0.999516726 -0.00164954341 0.0310416501 0.999516726 -0.00164954341 0.0310416501 0.999691367 -0.00957318582 0.0229250286 0.999691367 -0.00957318582 0.0229250286 0.999691367 -0.00957318582 0.0229250286 0.999699295 -0.00633316394 0.0236897115 0.999699295 -0.00633316394 0.0236897115 0.999699295 -0.00633316394 0.0236897115 0.999612927 -0.00406280207 0.0275223926 0.999612927 -0.00406280207 0.0275223926 0.999612927 -0.00406280207 0.0275223926 0.999603271 -0.002748169 0.0280303713 0.999603271 -0.002748169 0.0280303713 0.999603271 -0.002748169 0.0280303713 0.999539316 -0.000767826394 0.0303416941 0.999539316 -0.000767826394 0.0303416941 0.999539316 -0.000767826394 0.0303416941 0.999546647 -0.001318136 0.0300789513 0.999546647 -0.001318136 0.0300789513 0.999546647 -0.001318136 0.0300789513 0.999473929 0.000100196659 0.0324326158 0.999473929 0.000100196659 0.0324326158 0.999473929 0.000100196659 0.0324326158 0.999697804 -0.00617250334 0.0237956457 0.999697804 -0.00617250334 0.0237956457 0.999697804 -0.00617250334 0.0237956457 0.999726176 -0.00572067685 0.0226908233 0.999726176 -0.00572067685 0.0226908233 0.999726176 -0.00572067685 0.0226908233 0.99967891 -0.0109480508 0.022851713 0.99967891 -0.0109480508 0.022851713 0.99967891 -0.0109480508 0.022851713 0.999713182 -0.0109364083 0.0213054754 0.999713182 -0.0109364083 0.0213054754 0.999713182 -0.0109364083 0.0213054754 0.999663293 -0.0149825299 0.0211868566 0.999663293 -0.0149825299 0.0211868566 0.999663293 -0.0149825299 0.0211868566 0.999697745 -0.0150049543 0.0194744077 0.999697745 -0.0150049543 0.0194744077 0.999697745 -0.0150049543 0.0194744077 0.999710321 -0.0140953921 0.0195082724 0.999710321 -0.0140953921 0.0195082724 0.999710321 -0.0140953921 0.0195082724 0.999527216 -0.0223248638 0.021142384 0.999527216 -0.0223248638 0.021142384 0.999527216 -0.0223248638 0.021142384 0.999474883 -0.0230267476 0.022798419 0.999474883 -0.0230267476 0.022798419 0.999474883 -0.0230267476 0.022798419 0.999549866 -0.0216753948 0.0207430832 0.999549866 -0.0216753948 0.0207430832 0.999549866 -0.0216753948 0.0207430832 0.999503255 -0.0220722444 0.0224968325 0.999503255 -0.0220722444 0.0224968325 0.999503255 -0.0220722444 0.0224968325 0.999546885 -0.0213270653 0.0212413911 0.999546885 -0.0213270653 0.0212413911 0.999546885 -0.0213270653 0.0212413911 0.999493957 -0.0212957114 0.0236294158 0.999493957 -0.0212957114 0.0236294158 0.999493957 -0.0212957114 0.0236294158 0.999437869 -0.0220755003 0.0252309851 0.999437869 -0.0220755003 0.0252309851 0.999437869 -0.0220755003 0.0252309851 0.999586999 -0.0227599218 0.017544644 0.999586999 -0.0227599218 0.017544644 0.999586999 -0.0227599218 0.017544644 0.999584496 -0.0228365641 0.0175865535 0.999584496 -0.0228365641 0.0175865535 0.999584496 -0.0228365641 0.0175865535 0.999674201 -0.0191029627 0.0169277657 0.999674201 -0.0191029627 0.0169277657 0.999674201 -0.0191029627 0.0169277657 0.999649167 -0.0204493385 0.0168351792 0.999649167 -0.0204493385 0.0168351792 0.999649167 -0.0204493385 0.0168351792 0.999563277 -0.0226007011 0.0190391056 0.999563277 -0.0226007011 0.0190391056 0.999563277 -0.0226007011 0.0190391056 0.999600589 -0.0213131905 0.0185596477 0.999600589 -0.0213131905 0.0185596477 0.999600589 -0.0213131905 0.0185596477 0.999518931 -0.0231093597 0.0206837822 0.999518931 -0.0231093597 0.0206837822 0.999518931 -0.0231093597 0.0206837822 0.99956578 -0.0218681023 0.0197502598 0.99956578 -0.0218681023 0.0197502598 0.99956578 -0.0218681023 0.0197502598 0.999462426 -0.0239463691 0.0223932452 0.999462426 -0.0239463691 0.0223932452 0.999462426 -0.0239463691 0.0223932452 0.999521554 -0.0226455498 0.0210684706 0.999521554 -0.0226455498 0.0210684706 0.999521554 -0.0226455498 0.0210684706 0.99933809 -0.0259785224 0.0254653152 0.99933809 -0.0259785224 0.0254653152 0.99933809 -0.0259785224 0.0254653152 0.999454379 -0.0211445466 0.0253734272 0.999454379 -0.0211445466 0.0253734272 0.999454379 -0.0211445466 0.0253734272 0.999463081 -0.0195573568 0.0262872316 0.999463081 -0.0195573568 0.0262872316 0.999463081 -0.0195573568 0.0262872316 0.999437749 -0.0198270828 0.027038306 0.999437749 -0.0198270828 0.027038306 0.999437749 -0.0198270828 0.027038306 0.999448478 -0.0184541661 0.0276070982 0.999448478 -0.0184541661 0.0276070982 0.999448478 -0.0184541661 0.0276070982 0.999435246 -0.0178575721 0.0284658223 0.999435246 -0.0178575721 0.0284658223 0.999435246 -0.0178575721 0.0284658223 0.999468744 -0.0175860785 0.0274401754 0.999468744 -0.0175860785 0.0274401754 0.999468744 -0.0175860785 0.0274401754 0.999793828 -0.017201636 0.0107888244 0.999793828 -0.017201636 0.0107888244 0.999793828 -0.017201636 0.0107888244 0.999635637 -0.0194015317 0.0187660921 0.999635637 -0.0194015317 0.0187660921 0.999635637 -0.0194015317 0.0187660921 0.999739528 -0.0165793318 0.0156860929 0.999739528 -0.0165793318 0.0156860929 0.999739528 -0.0165793318 0.0156860929 0.999643564 -0.017507175 0.0201560259 0.999643564 -0.017507175 0.0201560259 0.999643564 -0.017507175 0.0201560259 0.999848843 -0.0157748386 0.00731167523 0.999848843 -0.0157748386 0.00731167523 0.999848843 -0.0157748386 0.00731167523 0.999715269 -0.0176291037 0.0160812456 0.999715269 -0.0176291037 0.0160812456 0.999715269 -0.0176291037 0.0160812456 0.999786913 -0.0153886946 0.0137593737 0.999786913 -0.0153886946 0.0137593737 0.999786913 -0.0153886946 0.0137593737 0.999670088 -0.0163538344 0.0198048875 0.999670088 -0.0163538344 0.0198048875 0.999670088 -0.0163538344 0.0198048875 0.999750137 -0.0140272621 0.0174044073 0.999750137 -0.0140272621 0.0174044073 0.999750137 -0.0140272621 0.0174044073 0.99971509 -0.0142083811 0.019180201 0.99971509 -0.0142083811 0.019180201 0.99971509 -0.0142083811 0.019180201 0.999737024 -0.0128126349 0.0190188363 0.999737024 -0.0128126349 0.0190188363 0.999737024 -0.0128126349 0.0190188363 0.999544561 -0.026469795 0.0144912899 0.999544561 -0.026469795 0.0144912899 0.999544561 -0.026469795 0.0144912899 0.999875367 -0.0133703677 0.00839294307 0.999875367 -0.0133703677 0.00839294307 0.999875367 -0.0133703677 0.00839294307 0.99987632 -0.0133002046 0.00839259569 0.99987632 -0.0133002046 0.00839259569 0.99987632 -0.0133002046 0.00839259569 0.999883294 -0.0128889754 0.00820353534 0.999883294 -0.0128889754 0.00820353534 0.999883294 -0.0128889754 0.00820353534 0.999900758 -0.0114449142 0.00821400248 0.999900758 -0.0114449142 0.00821400248 0.999900758 -0.0114449142 0.00821400248 0.999469519 -0.01609274 0.0283140074 0.999469519 -0.01609274 0.0283140074 0.999469519 -0.01609274 0.0283140074 0.99946028 -0.0159322415 0.0287289508 0.99946028 -0.0159322415 0.0287289508 0.99946028 -0.0159322415 0.0287289508 0.999553502 -0.0153421564 0.0256399643 0.999553502 -0.0153421564 0.0256399643 0.999553502 -0.0153421564 0.0256399643 0.999504209 -0.0142767932 0.0280626025 0.999504209 -0.0142767932 0.0280626025 0.999504209 -0.0142767932 0.0280626025 0.999509633 -0.0142841535 0.0278655477 0.999509633 -0.0142841535 0.0278655477 0.999509633 -0.0142841535 0.0278655477 0.999613345 -0.0138287237 0.0241231695 0.999613345 -0.0138287237 0.0241231695 0.999613345 -0.0138287237 0.0241231695 0.999566734 -0.0126918834 0.0265566241 0.999566734 -0.0126918834 0.0265566241 0.999566734 -0.0126918834 0.0265566241 0.999673069 -0.0127029857 0.0221887976 0.999673069 -0.0127029857 0.0221887976 0.999673069 -0.0127029857 0.0221887976 0.999641299 -0.0115558682 0.0241605733 0.999641299 -0.0115558682 0.0241605733 0.999641299 -0.0115558682 0.0241605733 0.999734163 -0.0114181833 0.0200302787 0.999734163 -0.0114181833 0.0200302787 0.999734163 -0.0114181833 0.0200302787 0.99971348 -0.0107323928 0.0213949829 0.99971348 -0.0107323928 0.0213949829 0.99971348 -0.0107323928 0.0213949829 0.999742389 -0.0107494919 0.0199910328 0.999742389 -0.0107494919 0.0199910328 0.999742389 -0.0107494919 0.0199910328 0.999580562 -0.0151513536 0.024680268 0.999580562 -0.0151513536 0.024680268 0.999580562 -0.0151513536 0.024680268 0.99963963 -0.0148581937 0.0223579723 0.99963963 -0.0148581937 0.0223579723 0.99963963 -0.0148581937 0.0223579723 0.999689341 -0.0120144477 0.0218381546 0.999689341 -0.0120144477 0.0218381546 0.999689341 -0.0120144477 0.0218381546 0.999737859 -0.0118973907 0.0195611473 0.999737859 -0.0118973907 0.0195611473 0.999737859 -0.0118973907 0.0195611473 0.999734402 -0.0121605983 0.0195774827 0.999734402 -0.0121605983 0.0195774827 0.999734402 -0.0121605983 0.0195774827 0.999892712 -0.00796946418 0.0122926543 0.999892712 -0.00796946418 0.0122926543 0.999892712 -0.00796946418 0.0122926543 0.999894977 -0.00815201923 0.011983702 0.999894977 -0.00815201923 0.011983702 0.999894977 -0.00815201923 0.011983702 0.999890625 -0.00812015217 0.0123635018 0.999890625 -0.00812015217 0.0123635018 0.999890625 -0.00812015217 0.0123635018 0.999893188 -0.00832056627 0.0120155299 0.999893188 -0.00832056627 0.0120155299 0.999893188 -0.00832056627 0.0120155299 0.999877214 -0.00824056752 0.0133264782 0.999877214 -0.00824056752 0.0133264782 0.999877214 -0.00824056752 0.0133264782 0.999881566 -0.00853417069 0.0128060281 0.999881566 -0.00853417069 0.0128060281 0.999881566 -0.00853417069 0.0128060281 0.999851644 -0.00844379328 0.0150143253 0.999851644 -0.00844379328 0.0150143253 0.999851644 -0.00844379328 0.0150143253 0.999859154 -0.00887012947 0.0142457988 0.999859154 -0.00887012947 0.0142457988 0.999859154 -0.00887012947 0.0142457988 0.999820411 -0.0088131465 0.0167760719 0.999820411 -0.0088131465 0.0167760719 0.999820411 -0.0088131465 0.0167760719 0.999831855 -0.00936567318 0.0157656278 0.999831855 -0.00936567318 0.0157656278 0.999831855 -0.00936567318 0.0157656278 0.999785244 -0.00935228355 0.0184937567 0.999785244 -0.00935228355 0.0184937567 0.999785244 -0.00935228355 0.0184937567 0.99980104 -0.0100271218 0.0172437634 0.99980104 -0.0100271218 0.0172437634 0.99980104 -0.0100271218 0.0172437634 0.99974817 -0.0100629274 0.0200596265 0.99974817 -0.0100629274 0.0200596265 0.99974817 -0.0100629274 0.0200596265 0.99969238 -0.00556862354 0.024169689 0.99969238 -0.00556862354 0.024169689 0.99969238 -0.00556862354 0.024169689 0.999703407 -0.00558257708 0.0237061102 0.999703407 -0.00558257708 0.0237061102 0.999703407 -0.00558257708 0.0237061102 0.999675632 -0.00979093928 0.0235107597 0.999675632 -0.00979093928 0.0235107597 0.999675632 -0.00979093928 0.0235107597 0.999706924 -0.00982359331 0.0221253 0.999706924 -0.00982359331 0.0221253 0.999706924 -0.00982359331 0.0221253 0.999667585 -0.0137267737 0.021823233 0.999667585 -0.0137267737 0.021823233 0.999667585 -0.0137267737 0.021823233 0.999702811 -0.0137830731 0.020106744 0.999702811 -0.0137830731 0.020106744 0.999702811 -0.0137830731 0.020106744 0.999698937 -0.0140891196 0.0200882144 0.999698937 -0.0140891196 0.0200882144 0.999698937 -0.0140891196 0.0200882144 0.999725461 -0.0135587966 0.0191104989 0.999725461 -0.0135587966 0.0191104989 0.999725461 -0.0135587966 0.0191104989 0.999740303 -0.0124156633 0.0191092454 0.999740303 -0.0124156633 0.0191092454 0.999740303 -0.0124156633 0.0191092454 0.999720514 -0.012832378 0.0198553372 0.999720514 -0.012832378 0.0198553372 0.999720514 -0.012832378 0.0198553372 0.999717474 -0.0130378334 0.0198734235 0.999717474 -0.0130378334 0.0198734235 0.999717474 -0.0130378334 0.0198734235 0.999687612 -0.0131411264 0.0212597009 0.999687612 -0.0131411264 0.0212597009 0.999687612 -0.0131411264 0.0212597009 0.999622941 -0.0163798071 0.0220388882 0.999622941 -0.0163798071 0.0220388882 0.999622941 -0.0163798071 0.0220388882 0.999647498 -0.0162050556 0.0210296959 0.999647498 -0.0162050556 0.0210296959 0.999647498 -0.0162050556 0.0210296959 0.999510586 -0.0193351377 0.0245916378 0.999510586 -0.0193351377 0.0245916378 0.999510586 -0.0193351377 0.0245916378 0.999684811 -0.0176147856 0.0178889409 0.999684811 -0.0176147856 0.0178889409 0.999684811 -0.0176147856 0.0178889409 0.999534428 -0.0211637318 0.0219784025 0.999534428 -0.0211637318 0.0219784025 0.999534428 -0.0211637318 0.0219784025 0.999789298 -0.0173763242 0.0109259207 0.999789298 -0.0173763242 0.0109259207 0.999789298 -0.0173763242 0.0109259207 0.999596298 -0.0224877503 0.0173643939 0.999596298 -0.0224877503 0.0173643939 0.999596298 -0.0224877503 0.0173643939 0.999871552 -0.01211139 0.0104953777 0.999871552 -0.01211139 0.0104953777 0.999871552 -0.01211139 0.0104953777 0.999870062 -0.0123583348 0.010348428 0.999870062 -0.0123583348 0.010348428 0.999870062 -0.0123583348 0.010348428 0.999869585 -0.0115738362 0.0112648001 0.999869585 -0.0115738362 0.0112648001 0.999869585 -0.0115738362 0.0112648001 0.999879599 -0.00952542201 0.012251487 0.999879599 -0.00952542201 0.012251487 0.999879599 -0.00952542201 0.012251487 0.999883533 -0.00959759019 0.011867824 0.999883533 -0.00959759019 0.011867824 0.999883533 -0.00959759019 0.011867824 0.999883175 -0.009566091 0.0119201476 0.999883175 -0.009566091 0.0119201476 0.999883175 -0.009566091 0.0119201476 0.999880075 -0.00952464901 0.0122129163 0.999880075 -0.00952464901 0.0122129163 0.999880075 -0.00952464901 0.0122129163 0.999880791 -0.00958685484 0.0121059762 0.999880791 -0.00958685484 0.0121059762 0.999880791 -0.00958685484 0.0121059762 0.999863505 -0.00943746045 0.0135624083 0.999863505 -0.00943746045 0.0135624083 0.999863505 -0.00943746045 0.0135624083 0.999866724 -0.00966899283 0.0131526385 0.999866724 -0.00966899283 0.0131526385 0.999866724 -0.00966899283 0.0131526385 0.999831855 -0.00949516427 0.0156891011 0.999831855 -0.00949516427 0.0156891011 0.999831855 -0.00949516427 0.0156891011 0.999839604 -0.00992431678 0.0149103496 0.999839604 -0.00992431678 0.0149103496 0.999839604 -0.00992431678 0.0149103496 0.999792337 -0.00981385075 0.0178583097 0.999792337 -0.00981385075 0.0178583097 0.999792337 -0.00981385075 0.0178583097 0.99980557 -0.0104146125 0.0167426877 0.99980557 -0.0104146125 0.0167426877 0.99980557 -0.0104146125 0.0167426877 0.999746323 -0.0103892758 0.0199837293 0.999746323 -0.0103892758 0.0199837293 0.999746323 -0.0103892758 0.0199837293 0.999765933 -0.0111475019 0.0185436998 0.999765933 -0.0111475019 0.0185436998 0.999765933 -0.0111475019 0.0185436998 0.999694884 -0.0112230768 0.0220040809 0.999694884 -0.0112230768 0.0220040809 0.999694884 -0.0112230768 0.0220040809 0.999721825 -0.0121406754 0.0202203244 0.999721825 -0.0121406754 0.0202203244 0.999721825 -0.0121406754 0.0202203244 0.999640405 -0.0123307463 0.0238114335 0.999640405 -0.0123307463 0.0238114335 0.999640405 -0.0123307463 0.0238114335 0.999719739 0.00455860421 0.0232303943 0.999719739 0.00455860421 0.0232303943 0.999719739 0.00455860421 0.0232303943 0.999678969 0.00625527604 0.0245525427 0.999678969 0.00625527604 0.0245525427 0.999678969 0.00625527604 0.0245525427 0.999836802 -0.000671363261 0.0180545058 0.999836802 -0.000671363261 0.0180545058 0.999836802 -0.000671363261 0.0180545058 0.999832928 0.000695246679 0.0182652194 0.999832928 0.000695246679 0.0182652194 0.999832928 0.000695246679 0.0182652194 0.999914467 -0.00464516738 0.0122264829 0.999914467 -0.00464516738 0.0122264829 0.999914467 -0.00464516738 0.0122264829 0.999911606 -0.00352688832 0.0128213409 0.999911606 -0.00352688832 0.0128213409 0.999911606 -0.00352688832 0.0128213409 0.999932528 -0.00698712235 0.00927695166 0.999932528 -0.00698712235 0.00927695166 0.999932528 -0.00698712235 0.00927695166 0.999935985 -0.00597154303 0.00960822124 0.999935985 -0.00597154303 0.00960822124 0.999935985 -0.00597154303 0.00960822124 0.999935687 -0.0088062901 0.00714724464 0.999935687 -0.0088062901 0.00714724464 0.999935687 -0.0088062901 0.00714724464 0.999933362 -0.00908209663 0.00712591922 0.999933362 -0.00908209663 0.00712591922 0.999933362 -0.00908209663 0.00712591922 0.999926984 -0.00689428765 0.00992247276 0.999926984 -0.00689428765 0.00992247276 0.999926984 -0.00689428765 0.00992247276 0.999890089 -0.0122482171 0.00835634861 0.999890089 -0.0122482171 0.00835634861 0.999890089 -0.0122482171 0.00835634861 0.999780118 -0.0120271863 0.0171756204 0.999780118 -0.0120271863 0.0171756204 0.999780118 -0.0120271863 0.0171756204 0.999766946 -0.0130733578 0.0171780549 0.999766946 -0.0130733578 0.0171780549 0.999766946 -0.0130733578 0.0171780549 0.999760628 -0.0140394531 0.0167810917 0.999760628 -0.0140394531 0.0167810917 0.999760628 -0.0140394531 0.0167810917 0.999764204 -0.0139196757 0.0166680254 0.999764204 -0.0139196757 0.0166680254 0.999764204 -0.0139196757 0.0166680254 0.999749184 -0.0148123913 0.0167981293 0.999749184 -0.0148123913 0.0167981293 0.999749184 -0.0148123913 0.0167981293 0.999821842 -0.0143069262 0.0123127755 0.999821842 -0.0143069262 0.0123127755 0.999821842 -0.0143069262 0.0123127755 0.999776542 -0.015923012 0.0139056239 0.999776542 -0.015923012 0.0139056239 0.999776542 -0.015923012 0.0139056239 0.999876678 -0.0146819074 0.00557740126 0.999876678 -0.0146819074 0.00557740126 0.999876678 -0.0146819074 0.00557740126 0.999845445 -0.0159569941 0.00737729855 0.999845445 -0.0159569941 0.00737729855 0.999845445 -0.0159569941 0.00737729855 0.999853134 -0.00879247952 0.0147115029 0.999853134 -0.00879247952 0.0147115029 0.999853134 -0.00879247952 0.0147115029 0.999863207 -0.0101343039 0.0130732432 0.999863207 -0.0101343039 0.0130732432 0.999863207 -0.0101343039 0.0130732432 0.999865949 -0.010240674 0.0127753615 0.999865949 -0.010240674 0.0127753615 0.999865949 -0.010240674 0.0127753615 0.999866486 -0.0103657776 0.0126341255 0.999866486 -0.0103657776 0.0126341255 0.999866486 -0.0103657776 0.0126341255 0.999856174 -0.0100947898 0.0136284949 0.999856174 -0.0100947898 0.0136284949 0.999856174 -0.0100947898 0.0136284949 0.999885976 -0.00847245846 0.0125012407 0.999885976 -0.00847245846 0.0125012407 0.999885976 -0.00847245846 0.0125012407 0.999891162 -0.00718919979 0.0128820194 0.999891162 -0.00718919979 0.0128820194 0.999891162 -0.00718919979 0.0128820194 0.999889493 -0.00716453139 0.0130275069 0.999889493 -0.00716453139 0.0130275069 0.999889493 -0.00716453139 0.0130275069 0.999887466 -0.00768204266 0.0128876688 0.999887466 -0.00768204266 0.0128876688 0.999887466 -0.00768204266 0.0128876688 0.999870121 -0.00746529223 0.0142849833 0.999870121 -0.00746529223 0.0142849833 0.999870121 -0.00746529223 0.0142849833 0.999863982 -0.0120429816 0.0112669943 0.999863982 -0.0120429816 0.0112669943 0.999863982 -0.0120429816 0.0112669943 0.999763429 -0.018415194 0.0115720462 0.999763429 -0.018415194 0.0115720462 0.999763429 -0.018415194 0.0115720462 0.999746978 -0.0183882844 0.0129536027 0.999746978 -0.0183882844 0.0129536027 0.999746978 -0.0183882844 0.0129536027 0.999725044 -0.0195521619 0.0129445847 0.999725044 -0.0195521619 0.0129445847 0.999725044 -0.0195521619 0.0129445847 0.999722838 -0.0195553005 0.0131088607 0.999722838 -0.0195553005 0.0131088607 0.999722838 -0.0195553005 0.0131088607 0.99972558 -0.0193557292 0.0131972395 0.99972558 -0.0193557292 0.0131972395 0.99972558 -0.0193557292 0.0131972395 0.999711394 -0.0177736618 0.0161628835 0.999711394 -0.0177736618 0.0161628835 0.999711394 -0.0177736618 0.0161628835 0.999630928 -0.0216810349 0.0163688604 0.999630928 -0.0216810349 0.0163688604 0.999630928 -0.0216810349 0.0163688604 0.999600708 -0.0197185315 0.0202377047 0.999600708 -0.0197185315 0.0202377047 0.999600708 -0.0197185315 0.0202377047 0.999690235 -0.0151881585 0.0197169855 0.999690235 -0.0151881585 0.0197169855 0.999690235 -0.0151881585 0.0197169855 0.999645472 -0.0137195801 0.0228184182 0.999645472 -0.0137195801 0.0228184182 0.999645472 -0.0137195801 0.0228184182 0.999720991 -0.0088564083 0.0218982659 0.999720991 -0.0088564083 0.0218982659 0.999720991 -0.0088564083 0.0218982659 0.999692321 -0.00651442772 0.0239348039 0.999692321 -0.00651442772 0.0239348039 0.999692321 -0.00651442772 0.0239348039 0.999723554 -0.00630657608 0.0226507727 0.999723554 -0.00630657608 0.0226507727 0.999723554 -0.00630657608 0.0226507727 0.999692261 -0.00723854778 0.0237273052 0.999692261 -0.00723854778 0.0237273052 0.999692261 -0.00723854778 0.0237273052 0.999681652 -0.0073963562 0.0241216645 0.999681652 -0.0073963562 0.0241216645 0.999681652 -0.0073963562 0.0241216645 0.999624074 -0.00903291069 0.0258875117 0.999624074 -0.00903291069 0.0258875117 0.999624074 -0.00903291069 0.0258875117 0.999623895 -0.00903478824 0.0258931909 0.999623895 -0.00903478824 0.0258931909 0.999623895 -0.00903478824 0.0258931909 0.999494851 -0.0119924843 0.0294315685 0.999494851 -0.0119924843 0.0294315685 0.999494851 -0.0119924843 0.0294315685 0.999542892 -0.0115611237 0.0279346518 0.999542892 -0.0115611237 0.0279346518 0.999542892 -0.0115611237 0.0279346518 0.999274433 -0.0165447537 0.0343063995 0.999274433 -0.0165447537 0.0343063995 0.999274433 -0.0165447537 0.0343063995 0.999275982 -0.0165255759 0.0342700407 0.999275982 -0.0165255759 0.0342700407 0.999275982 -0.0165255759 0.0342700407 0.999680102 -0.00500136381 0.0247928258 0.999680102 -0.00500136381 0.0247928258 0.999680102 -0.00500136381 0.0247928258 0.999680817 -0.00500313658 0.0247631557 0.999680817 -0.00500313658 0.0247631557 0.999680817 -0.00500313658 0.0247631557 0.999667048 -0.00865739584 0.0243072473 0.999667048 -0.00865739584 0.0243072473 0.999667048 -0.00865739584 0.0243072473 0.999699533 -0.00873608235 0.0229021963 0.999699533 -0.00873608235 0.0229021963 0.999699533 -0.00873608235 0.0229021963 0.999670446 -0.012495188 0.022423882 0.999670446 -0.012495188 0.022423882 0.999670446 -0.012495188 0.022423882 0.9997136 -0.012607961 0.0203405246 0.9997136 -0.012607961 0.0203405246 0.9997136 -0.012607961 0.0203405246 0.999710619 -0.0128809325 0.0203173272 0.999710619 -0.0128809325 0.0203173272 0.999710619 -0.0128809325 0.0203173272 0.999723494 -0.0128984125 0.0196617451 0.999723494 -0.0128984125 0.0196617451 0.999723494 -0.0128984125 0.0196617451 0.999791801 -0.0114082182 0.0169178993 0.999791801 -0.0114082182 0.0169178993 0.999791801 -0.0114082182 0.0169178993 0.999788344 -0.0107310554 0.0175515749 0.999788344 -0.0107310554 0.0175515749 0.999788344 -0.0107310554 0.0175515749 0.999851763 -0.0110396603 0.013212055 0.999851763 -0.0110396603 0.013212055 0.999851763 -0.0110396603 0.013212055 0.999862313 -0.00973511767 0.0134378383 0.999862313 -0.00973511767 0.0134378383 0.999862313 -0.00973511767 0.0134378383 0.999849856 -0.00749506755 0.0156239308 0.999849856 -0.00749506755 0.0156239308 0.999849856 -0.00749506755 0.0156239308 0.999848425 -0.00789653789 0.0155166276 0.999848425 -0.00789653789 0.0155166276 0.999848425 -0.00789653789 0.0155166276 0.999816239 -0.00497813243 0.0185108222 0.999816239 -0.00497813243 0.0185108222 0.999816239 -0.00497813243 0.0185108222 0.999816716 -0.00525147701 0.0184098203 0.999816716 -0.00525147701 0.0184098203 0.999816716 -0.00525147701 0.0184098203 0.999754727 -0.00186358369 0.0220683552 0.999754727 -0.00186358369 0.0220683552 0.999754727 -0.00186358369 0.0220683552 0.999753535 -0.00172750943 0.0221341252 0.999753535 -0.00172750943 0.0221341252 0.999753535 -0.00172750943 0.0221341252 0.999635875 0.002437938 0.0268722586 0.999635875 0.002437938 0.0268722586 0.999635875 0.002437938 0.0268722586 0.999682188 -0.000275473081 0.0252074394 0.999682188 -0.000275473081 0.0252074394 0.999682188 -0.000275473081 0.0252074394 0.999510646 0.0044881939 0.0309576914 0.999510646 0.0044881939 0.0309576914 0.999510646 0.0044881939 0.0309576914 0.999516368 0.00428232085 0.0307999998 0.999516368 0.00428232085 0.0307999998 0.999516368 0.00428232085 0.0307999998 0.999639034 0.00235803449 0.0267631393 0.999639034 0.00235803449 0.0267631393 0.999639034 0.00235803449 0.0267631393 0.999554932 0.00497968122 0.0294141863 0.999554932 0.00497968122 0.0294141863 0.999554932 0.00497968122 0.0294141863 0.999653101 0.00305569381 0.0261592884 0.999653101 0.00305569381 0.0261592884 0.999653101 0.00305569381 0.0261592884 0.999581575 0.00504736369 0.0284810998 0.999581575 0.00504736369 0.0284810998 0.999581575 0.00504736369 0.0284810998 0.999635518 0.00387100549 0.0267185364 0.999635518 0.00387100549 0.0267185364 0.999635518 0.00387100549 0.0267185364 0.999354303 0.00973370206 0.0345866568 0.999354303 0.00973370206 0.0345866568 0.999354303 0.00973370206 0.0345866568 0.999464393 0.00776742445 0.0317898877 0.999464393 0.00776742445 0.0317898877 0.999464393 0.00776742445 0.0317898877 0.980736732 -0.119793341 0.15428859 0.980736732 -0.119793341 0.15428859 0.980736732 -0.119793341 0.15428859 0.986752748 -0.100282699 0.127524301 0.986752748 -0.100282699 0.127524301 0.986752748 -0.100282699 0.127524301 0.996857107 -0.0512624383 0.0603992827 0.996857107 -0.0512624383 0.0603992827 0.996857107 -0.0512624383 0.0603992827 0.9946087 -0.0657200292 0.0802145675 0.9946087 -0.0657200292 0.0802145675 0.9946087 -0.0657200292 0.0802145675 0.996055007 -0.05687543 0.0681147352 0.996055007 -0.05687543 0.0681147352 0.996055007 -0.05687543 0.0681147352 0.99730587 -0.0477885976 0.0556532592 0.99730587 -0.0477885976 0.0556532592 0.99730587 -0.0477885976 0.0556532592 0.999454439 -0.0238024928 0.0228959396 0.999454439 -0.0238024928 0.0228959396 0.999454439 -0.0238024928 0.0228959396 0.999462962 -0.0236508138 0.0226816125 0.999462962 -0.0236508138 0.0226816125 0.999462962 -0.0236508138 0.0226816125 0.999495804 -0.0230228622 0.0218656138 0.999495804 -0.0230228622 0.0218656138 0.999495804 -0.0230228622 0.0218656138 0.999507487 -0.0228102878 0.0215523969 0.999507487 -0.0228102878 0.0215523969 0.999507487 -0.0228102878 0.0215523969 0.999538898 -0.022163447 0.0207538716 0.999538898 -0.022163447 0.0207538716 0.999538898 -0.022163447 0.0207538716 0.999526978 -0.0223785117 0.0210945588 0.999526978 -0.0223785117 0.0210945588 0.999526978 -0.0223785117 0.0210945588 0.999570906 -0.0213992223 0.0200017095 0.999570906 -0.0213992223 0.0200017095 0.999570906 -0.0213992223 0.0200017095 0.999528706 -0.0221082214 0.0212980825 0.999528706 -0.0221082214 0.0212980825 0.999528706 -0.0221082214 0.0212980825 0.999613285 -0.0199763291 0.0193449371 0.999613285 -0.0199763291 0.0193449371 0.999613285 -0.0199763291 0.0193449371 0.99941802 -0.0225476958 0.0255970731 0.99941802 -0.0225476958 0.0255970731 0.99941802 -0.0225476958 0.0255970731 0.999639034 -0.0179557689 0.0199835151 0.999639034 -0.0179557689 0.0199835151 0.999639034 -0.0179557689 0.0199835151 0.999424696 -0.0201816745 0.0272572041 0.999424696 -0.0201816745 0.0272572041 0.999424696 -0.0201816745 0.0272572041 0.999581039 -0.0169977061 0.023426665 0.999581039 -0.0169977061 0.023426665 0.999581039 -0.0169977061 0.023426665 0.999457479 -0.0179484449 0.0276149213 0.999457479 -0.0179484449 0.0276149213 0.999457479 -0.0179484449 0.0276149213 0.999569118 -0.0156071251 0.0248585753 0.999569118 -0.0156071251 0.0248585753 0.999569118 -0.0156071251 0.0248585753 0.999554694 -0.0156929046 0.0253795888 0.999554694 -0.0156929046 0.0253795888 0.999554694 -0.0156929046 0.0253795888 0.999599218 -0.0136803444 0.0247842241 0.999599218 -0.0136803444 0.0247842241 0.999599218 -0.0136803444 0.0247842241 0.999675453 -0.0134084355 0.0216612834 0.999675453 -0.0134084355 0.0216612834 0.999675453 -0.0134084355 0.0216612834 0.99971211 -0.0109565295 0.0213451292 0.99971211 -0.0109565295 0.0213451292 0.99971211 -0.0109565295 0.0213451292 0.999768913 -0.0108693233 0.0185482092 0.999768913 -0.0108693233 0.0185482092 0.999768913 -0.0108693233 0.0185482092 0.999753237 -0.0121509442 0.0185956042 0.999753237 -0.0121509442 0.0185956042 0.999753237 -0.0121509442 0.0185956042 0.999774635 -0.011676766 0.017729288 0.999774635 -0.011676766 0.017729288 0.999774635 -0.011676766 0.017729288 0.999729276 -0.0150699802 0.0177273806 0.999729276 -0.0150699802 0.0177273806 0.999729276 -0.0150699802 0.0177273806 0.999704242 -0.0155840172 0.0186684635 0.999704242 -0.0155840172 0.0186684635 0.999704242 -0.0155840172 0.0186684635 0.9996925 -0.016333336 0.0186574645 0.9996925 -0.016333336 0.0186574645 0.9996925 -0.016333336 0.0186574645 0.99965471 -0.0163446032 0.0205734987 0.99965471 -0.0163446032 0.0205734987 0.99965471 -0.0163446032 0.0205734987 0.999716222 -0.0121368328 0.020497147 0.999716222 -0.0121368328 0.020497147 0.999716222 -0.0121368328 0.020497147 0.999670982 -0.0122163948 0.0225531589 0.999670982 -0.0122163948 0.0225531589 0.999670982 -0.0122163948 0.0225531589 0.999739468 -0.00636904966 0.0219181124 0.999739468 -0.00636904966 0.0219181124 0.999739468 -0.00636904966 0.0219181124 0.999705732 -0.00685499283 0.0232686792 0.999705732 -0.00685499283 0.0232686792 0.999705732 -0.00685499283 0.0232686792 -0.999678016 0.00555085251 -0.0247600246 -0.999678016 0.00555085251 -0.0247600246 -0.999678016 0.00555085251 -0.0247600246 -0.999760151 0.0156398788 -0.0153324567 -0.999760151 0.0156398788 -0.0153324567 -0.999760151 0.0156398788 -0.0153324567 -0.999687195 0.0187807754 -0.0165147409 -0.999687195 0.0187807754 -0.0165147409 -0.999687195 0.0187807754 -0.0165147409 -0.943306267 0.200168654 -0.264775097 -0.943306267 0.200168654 -0.264775097 -0.943306267 0.200168654 -0.264775097 -0.999354303 -0.00973370206 -0.0345866568 -0.999354303 -0.00973370206 -0.0345866568 -0.999354303 -0.00973370206 -0.0345866568 -0.968830407 -0.137614772 -0.205984905 -0.968830407 -0.137614772 -0.205984905 -0.968830407 -0.137614772 -0.205984905 -0.99871695 0.0255965572 -0.0436947383 -0.99871695 0.0255965572 -0.0436947383 -0.99871695 0.0255965572 -0.0436947383 -0.99930352 0.0171839539 -0.0331236646 -0.99930352 0.0171839539 -0.0331236646 -0.99930352 0.0171839539 -0.0331236646 -0.998255491 0.0306573678 -0.0504584089 -0.998255491 0.0306573678 -0.0504584089 -0.998255491 0.0306573678 -0.0504584089 -0.998636305 0.0264229085 -0.0450255722 -0.998636305 0.0264229085 -0.0450255722 -0.998636305 0.0264229085 -0.0450255722 -0.993907094 0.062200442 -0.0909935087 -0.993907094 0.062200442 -0.0909935087 -0.993907094 0.062200442 -0.0909935087 -0.999952316 -0.00113255205 -0.00969829038 -0.999952316 -0.00113255205 -0.00969829038 -0.999952316 -0.00113255205 -0.00969829038 -0.999869168 0.00359115913 -0.0157714095 -0.999869168 0.00359115913 -0.0157714095 -0.999869168 0.00359115913 -0.0157714095 -0.999513626 0.0152331842 -0.0272113774 -0.999513626 0.0152331842 -0.0272113774 -0.999513626 0.0152331842 -0.0272113774 -0.998797894 0.0435851365 -0.0224295557 -0.998797894 0.0435851365 -0.0224295557 -0.998797894 0.0435851365 -0.0224295557 -0.999628067 0.024022935 -0.0129097803 -0.999628067 0.024022935 -0.0129097803 -0.999628067 0.024022935 -0.0129097803 -0.999647915 0.0137123186 -0.0227166321 -0.999647915 0.0137123186 -0.0227166321 -0.999647915 0.0137123186 -0.0227166321 -0.999871194 0.00827890076 -0.0137486281 -0.999871194 0.00827890076 -0.0137486281 -0.999871194 0.00827890076 -0.0137486281 -0.999794066 0.015605066 -0.0129750948 -0.999794066 0.015605066 -0.0129750948 -0.999794066 0.015605066 -0.0129750948 -0.99986583 0.0121490089 -0.0109877335 -0.99986583 0.0121490089 -0.0109877335 -0.99986583 0.0121490089 -0.0109877335 -0.999863327 0.0120364493 -0.0113314949 -0.999863327 0.0120364493 -0.0113314949 -0.999863327 0.0120364493 -0.0113314949 -0.999875128 0.0108259553 -0.0115108537 -0.999875128 0.0108259553 -0.0115108537 -0.999875128 0.0108259553 -0.0115108537 -0.999742389 0.0107489172 -0.0199910309 -0.999742389 0.0107489172 -0.0199910309 -0.999742389 0.0107489172 -0.0199910309 -0.999883592 0.010605948 -0.0109679913 -0.999883592 0.010605948 -0.0109679913 -0.999883592 0.010605948 -0.0109679913 -0.99984777 0.0103282752 -0.0140635017 -0.99984777 0.0103282752 -0.0140635017 -0.99984777 0.0103282752 -0.0140635017 -0.999823928 0.0101465844 -0.0157862287 -0.999823928 0.0101465844 -0.0157862287 -0.999823928 0.0101465844 -0.0157862287 -0.999825597 0.0103281075 -0.0155599397 -0.999825597 0.0103281075 -0.0155599397 -0.999825597 0.0103281075 -0.0155599397 -0.999884009 0.0114730438 -0.0100176902 -0.999884009 0.0114730438 -0.0100176902 -0.999884009 0.0114730438 -0.0100176902 -0.999846637 0.0137335369 -0.0108674131 -0.999846637 0.0137335369 -0.0108674131 -0.999846637 0.0137335369 -0.0108674131 -0.999849319 0.0134849353 -0.0109328879 -0.999849319 0.0134849353 -0.0109328879 -0.999849319 0.0134849353 -0.0109328879 -0.999853015 0.0140563156 -0.00981651712 -0.999853015 0.0140563156 -0.00981651712 -0.999853015 0.0140563156 -0.00981651712 -0.999882042 0.00706087518 -0.0136388298 -0.999882042 0.00706087518 -0.0136388298 -0.999882042 0.00706087518 -0.0136388298 -0.999880373 0.00775817363 -0.0133817988 -0.999880373 0.00775817363 -0.0133817988 -0.999880373 0.00775817363 -0.0133817988 -0.999862432 0.00847416371 -0.0142585915 -0.999862432 0.00847416371 -0.0142585915 -0.999862432 0.00847416371 -0.0142585915 -0.999875367 0.00851367041 -0.0132932439 -0.999875367 0.00851367041 -0.0132932439 -0.999875367 0.00851367041 -0.0132932439 -0.999868274 0.0094770994 -0.0131759942 -0.999868274 0.0094770994 -0.0131759942 -0.999868274 0.0094770994 -0.0131759942 -0.999879718 0.00957753789 -0.0121968156 -0.999879718 0.00957753789 -0.0121968156 -0.999879718 0.00957753789 -0.0121968156 -0.999869466 0.0110577224 -0.0117793903 -0.999869466 0.0110577224 -0.0117793903 -0.999869466 0.0110577224 -0.0117793903 -0.999878049 0.0112312213 -0.0108496686 -0.999878049 0.0112312213 -0.0108496686 -0.999878049 0.0112312213 -0.0108496686 -0.999871969 0.0121293543 -0.0104338564 -0.999871969 0.0121293543 -0.0104338564 -0.999871969 0.0121293543 -0.0104338564 -0.999877989 0.0124034686 -0.00949509256 -0.999877989 0.0124034686 -0.00949509256 -0.999877989 0.0124034686 -0.00949509256 -0.999836564 0.00883578043 -0.0157713331 -0.999836564 0.00883578043 -0.0157713331 -0.999836564 0.00883578043 -0.0157713331 -0.999848485 0.00885347556 -0.0149855567 -0.999848485 0.00885347556 -0.0149855567 -0.999848485 0.00885347556 -0.0149855567 -0.999842882 0.00954672322 -0.0149368709 -0.999842882 0.00954672322 -0.0149368709 -0.999842882 0.00954672322 -0.0149368709 -0.999862075 0.00964366831 -0.0135222347 -0.999862075 0.00964366831 -0.0135222347 -0.999862075 0.00964366831 -0.0135222347 -0.999854922 0.0105928415 -0.0133373095 -0.999854922 0.0105928415 -0.0133373095 -0.999854922 0.0105928415 -0.0133373095 -0.999874115 0.0108273728 -0.0115999673 -0.999874115 0.0108273728 -0.0115999673 -0.999874115 0.0108273728 -0.0115999673 -0.999871135 0.0112488344 -0.0114542237 -0.999871135 0.0112488344 -0.0114542237 -0.999871135 0.0112488344 -0.0114542237 -0.999882221 0.0115400171 -0.0101203034 -0.999882221 0.0115400171 -0.0101203034 -0.999882221 0.0115400171 -0.0101203034 -0.999804974 0.0119302534 -0.0157379508 -0.999804974 0.0119302534 -0.0157379508 -0.999804974 0.0119302534 -0.0157379508 -0.999814689 0.0116901956 -0.0152952019 -0.999814689 0.0116901956 -0.0152952019 -0.999814689 0.0116901956 -0.0152952019 -0.999824166 0.012333923 -0.0141238477 -0.999824166 0.012333923 -0.0141238477 -0.999824166 0.012333923 -0.0141238477 -0.999844611 0.012353315 -0.012576336 -0.999844611 0.012353315 -0.012576336 -0.999844611 0.012353315 -0.012576336 -0.999883592 0.00827078056 -0.0128218615 -0.999883592 0.00827078056 -0.0128218615 -0.999883592 0.00827078056 -0.0128218615 -0.999889493 0.00830068532 -0.0123318052 -0.999889493 0.00830068532 -0.0123318052 -0.999889493 0.00830068532 -0.0123318052 -0.999881089 0.009539227 -0.0121143395 -0.999881089 0.009539227 -0.0121143395 -0.999881089 0.009539227 -0.0121143395 -0.999883652 0.00957280118 -0.011877154 -0.999883652 0.00957280118 -0.011877154 -0.999883652 0.00957280118 -0.011877154 -0.999870896 0.0116109941 -0.0111099733 -0.999870896 0.0116109941 -0.0111099733 -0.999870896 0.0116109941 -0.0111099733 -0.999873877 0.0117039569 -0.0107364282 -0.999873877 0.0117039569 -0.0107364282 -0.999873877 0.0117039569 -0.0107364282 -0.999866009 0.0129784923 -0.0099779889 -0.999866009 0.0129784923 -0.0099779889 -0.999866009 0.0129784923 -0.0099779889 -0.999867201 0.0131490026 -0.00962690264 -0.999867201 0.0131490026 -0.00962690264 -0.999867201 0.0131490026 -0.00962690264 -0.999867082 0.0114517044 -0.0116055058 -0.999867082 0.0114517044 -0.0116055058 -0.999867082 0.0114517044 -0.0116055058 -0.99989599 0.00800185278 -0.01200091 -0.99989599 0.00800185278 -0.01200091 -0.99989599 0.00800185278 -0.01200091 -0.999862969 0.00926823448 -0.0137151498 -0.999862969 0.00926823448 -0.0137151498 -0.999862969 0.00926823448 -0.0137151498 -0.999857903 0.00722701894 -0.0152312228 -0.999857903 0.00722701894 -0.0152312228 -0.999857903 0.00722701894 -0.0152312228 -0.999868751 0.00604917342 -0.0150310863 -0.999868751 0.00604917342 -0.0150310863 -0.999868751 0.00604917342 -0.0150310863 -0.999891818 0.00644787354 -0.0132211484 -0.999891818 0.00644787354 -0.0132211484 -0.999891818 0.00644787354 -0.0132211484 -0.999885619 0.00809799414 -0.0127752712 -0.999885619 0.00809799414 -0.0127752712 -0.999885619 0.00809799414 -0.0127752712 -0.999851644 0.00972820166 -0.0142150577 -0.999851644 0.00972820166 -0.0142150577 -0.999851644 0.00972820166 -0.0142150577 -0.999866843 0.0102777043 -0.0126762483 -0.999866843 0.0102777043 -0.0126762483 -0.999866843 0.0102777043 -0.0126762483 -0.999872923 0.00821684394 -0.0136618363 -0.999872923 0.00821684394 -0.0136618363 -0.999872923 0.00821684394 -0.0136618363 -0.999885976 0.00847245846 -0.0125012407 -0.999885976 0.00847245846 -0.0125012407 -0.999885976 0.00847245846 -0.0125012407 -0.999891162 0.00718919979 -0.0128820194 -0.999891162 0.00718919979 -0.0128820194 -0.999891162 0.00718919979 -0.0128820194 -0.999895334 0.00799530372 -0.0120599009 -0.999895334 0.00799530372 -0.0120599009 -0.999895334 0.00799530372 -0.0120599009 -0.999892294 0.00816746615 -0.0121947546 -0.999892294 0.00816746615 -0.0121947546 -0.999892294 0.00816746615 -0.0121947546 -0.999864638 0.0115648303 -0.0117012402 -0.999864638 0.0115648303 -0.0117012402 -0.999864638 0.0115648303 -0.0117012402 -0.999849439 0.0125032105 -0.0120339785 -0.999849439 0.0125032105 -0.0120339785 -0.999849439 0.0125032105 -0.0120339785 -0.999762774 0.018414015 -0.0116326669 -0.999762774 0.018414015 -0.0116326669 -0.999762774 0.018414015 -0.0116326669 -0.99969238 0.00556862354 -0.024169689 -0.99969238 0.00556862354 -0.024169689 -0.99969238 0.00556862354 -0.024169689 -0.999726176 0.00572079094 -0.0226897132 -0.999726176 0.00572079094 -0.0226897132 -0.999726176 0.00572079094 -0.0226897132 -0.999663174 0.0122288559 -0.0228899252 -0.999663174 0.0122288559 -0.0228899252 -0.999663174 0.0122288559 -0.0228899252 -0.999730289 0.0121099101 -0.0198163223 -0.999730289 0.0121099101 -0.0198163223 -0.999730289 0.0121099101 -0.0198163223 -0.99959904 0.0197221078 -0.0203175209 -0.99959904 0.0197221078 -0.0203175209 -0.99959904 0.0197221078 -0.0203175209 -0.999676943 0.0195399839 -0.0162560232 -0.999676943 0.0195399839 -0.0162560232 -0.999676943 0.0195399839 -0.0162560232 -0.999695182 0.00671739085 -0.0237569939 -0.999695182 0.00671739085 -0.0237569939 -0.999695182 0.00671739085 -0.0237569939 -0.999713957 0.00637273956 -0.0230518207 -0.999713957 0.00637273956 -0.0230518207 -0.999713957 0.00637273956 -0.0230518207 -0.999705374 0.00642985199 -0.0234046411 -0.999705374 0.00642985199 -0.0234046411 -0.999705374 0.00642985199 -0.0234046411 -0.999697804 0.00617308635 -0.0237956811 -0.999697804 0.00617308635 -0.0237956811 -0.999697804 0.00617308635 -0.0237956811 -0.99970752 0.00615081843 -0.0233883932 -0.99970752 0.00615081843 -0.0233883932 -0.99970752 0.00615081843 -0.0233883932 -0.999739468 0.00636947155 -0.021919284 -0.999739468 0.00636947155 -0.021919284 -0.999739468 0.00636947155 -0.021919284 -0.999705791 0.00685417 -0.0232663937 -0.999705791 0.00685417 -0.0232663937 -0.999705791 0.00685417 -0.0232663937 -0.999708891 0.00684110308 -0.023135975 -0.999708891 0.00684110308 -0.023135975 -0.999708891 0.00684110308 -0.023135975 -0.999631226 0.0216794498 -0.0163538028 -0.999631226 0.0216794498 -0.0163538028 -0.999631226 0.0216794498 -0.0163538028 -0.999845088 0.0116578955 -0.013187252 -0.999845088 0.0116578955 -0.013187252 -0.999845088 0.0116578955 -0.013187252 -0.999857306 0.0123973656 -0.0114738978 -0.999857306 0.0123973656 -0.0114738978 -0.999857306 0.0123973656 -0.0114738978 -0.999865651 0.0103460914 -0.0127117494 -0.999865651 0.0103460914 -0.0127117494 -0.999865651 0.0103460914 -0.0127117494 -0.99987489 0.0106144659 -0.0117269233 -0.99987489 0.0106144659 -0.0117269233 -0.99987489 0.0106144659 -0.0117269233 -0.999870121 0.00936274137 -0.0131198447 -0.999870121 0.00936274137 -0.0131198447 -0.999870121 0.00936274137 -0.0131198447 -0.999883056 0.00958944019 -0.0119146993 -0.999883056 0.00958944019 -0.0119146993 -0.999883056 0.00958944019 -0.0119146993 -0.999891877 0.00812922418 -0.0122553818 -0.999891877 0.00812922418 -0.0122553818 -0.999891877 0.00812922418 -0.0122553818 -0.99989444 0.00814800616 -0.0120315282 -0.99989444 0.00814800616 -0.0120315282 -0.99989444 0.00814800616 -0.0120315282 -0.999865472 0.0114459842 -0.0117462454 -0.999865472 0.0114459842 -0.0117462454 -0.999865472 0.0114459842 -0.0117462454 -0.999865294 0.0117490813 -0.0114605119 -0.999865294 0.0117490813 -0.0114605119 -0.999865294 0.0117490813 -0.0114605119 -0.999792099 0.0156033905 -0.0131268641 -0.999792099 0.0156033905 -0.0131268641 -0.999792099 0.0156033905 -0.0131268641 -0.999722838 0.0195553005 -0.0131088607 -0.999722838 0.0195553005 -0.0131088607 -0.999722838 0.0195553005 -0.0131088607 -0.999698639 0.0195875391 -0.0147981262 -0.999698639 0.0195875391 -0.0147981262 -0.999698639 0.0195875391 -0.0147981262 -0.999567628 0.0252322778 -0.0150942532 -0.999567628 0.0252322778 -0.0150942532 -0.999567628 0.0252322778 -0.0150942532 -0.999403238 0.0290829614 -0.0186376832 -0.999403238 0.0290829614 -0.0186376832 -0.999403238 0.0290829614 -0.0186376832 -0.999305546 0.0320429876 -0.0190169681 -0.999305546 0.0320429876 -0.0190169681 -0.999305546 0.0320429876 -0.0190169681 -0.999357224 0.0282050781 -0.0221265517 -0.999357224 0.0282050781 -0.0221265517 -0.999357224 0.0282050781 -0.0221265517 -0.999080062 0.0332160294 -0.0271245316 -0.999080062 0.0332160294 -0.0271245316 -0.999080062 0.0332160294 -0.0271245316 -0.999458432 0.0247771926 -0.0216560699 -0.999458432 0.0247771926 -0.0216560699 -0.999458432 0.0247771926 -0.0216560699 -0.999682605 0.0152259991 -0.0200702287 -0.999682605 0.0152259991 -0.0200702287 -0.999682605 0.0152259991 -0.0200702287 -0.999530554 0.0180016812 -0.0247906372 -0.999530554 0.0180016812 -0.0247906372 -0.999530554 0.0180016812 -0.0247906372 -0.999690413 0.0102539966 -0.0226693247 -0.999690413 0.0102539966 -0.0226693247 -0.999690413 0.0102539966 -0.0226693247 -0.999611557 0.010833933 -0.0256784316 -0.999611557 0.010833933 -0.0256784316 -0.999611557 0.010833933 -0.0256784316 -0.999658048 0.00863444619 -0.0246823896 -0.999658048 0.00863444619 -0.0246823896 -0.999658048 0.00863444619 -0.0246823896 -0.999569178 0.00963976793 -0.0277229045 -0.999569178 0.00963976793 -0.0277229045 -0.999569178 0.00963976793 -0.0277229045 -0.999301553 0.0218629912 -0.0303053223 -0.999301553 0.0218629912 -0.0303053223 -0.999301553 0.0218629912 -0.0303053223 -0.99930793 0.0219811797 -0.0300076772 -0.99930793 0.0219811797 -0.0300076772 -0.99930793 0.0219811797 -0.0300076772 -0.999278545 0.0279974844 -0.0256619547 -0.999278545 0.0279974844 -0.0256619547 -0.999278545 0.0279974844 -0.0256619547 -0.999232709 0.018153118 -0.0347053967 -0.999232709 0.018153118 -0.0347053967 -0.999232709 0.018153118 -0.0347053967 -0.999264419 0.0176606942 -0.0340396687 -0.999264419 0.0176606942 -0.0340396687 -0.999264419 0.0176606942 -0.0340396687 -0.999226928 0.0180923641 -0.0349034593 -0.999226928 0.0180923641 -0.0349034593 -0.999226928 0.0180923641 -0.0349034593 -0.999292135 0.0171078816 -0.0335037299 -0.999292135 0.0171078816 -0.0335037299 -0.999292135 0.0171078816 -0.0335037299 -0.999249995 0.0174394827 -0.0345727913 -0.999249995 0.0174394827 -0.0345727913 -0.999249995 0.0174394827 -0.0345727913 -0.999329388 0.0163018201 -0.0327880867 -0.999329388 0.0163018201 -0.0327880867 -0.999329388 0.0163018201 -0.0327880867 -0.999224246 0.0185868088 -0.0347199105 -0.999224246 0.0185868088 -0.0347199105 -0.999224246 0.0185868088 -0.0347199105 -0.999186695 0.0192165207 -0.0354504213 -0.999186695 0.0192165207 -0.0354504213 -0.999186695 0.0192165207 -0.0354504213 -0.999259174 0.0181838553 -0.033918459 -0.999259174 0.0181838553 -0.033918459 -0.999259174 0.0181838553 -0.033918459 -0.999186814 0.0194945205 -0.0352940634 -0.999186814 0.0194945205 -0.0352940634 -0.999186814 0.0194945205 -0.0352940634 -0.999302149 0.0179940034 -0.0327335149 -0.999302149 0.0179940034 -0.0327335149 -0.999302149 0.0179940034 -0.0327335149 -0.999108672 0.0218904391 -0.0360928997 -0.999108672 0.0218904391 -0.0360928997 -0.999108672 0.0218904391 -0.0360928997 -0.999453008 0.0142024495 -0.0298653077 -0.999453008 0.0142024495 -0.0298653077 -0.999453008 0.0142024495 -0.0298653077 -0.999275982 0.0165255759 -0.0342700407 -0.999275982 0.0165255759 -0.0342700407 -0.999275982 0.0165255759 -0.0342700407 -0.999295712 0.0163697395 -0.0337662846 -0.999295712 0.0163697395 -0.0337662846 -0.999295712 0.0163697395 -0.0337662846 -0.998874426 0.0384856723 -0.0277268123 -0.998874426 0.0384856723 -0.0277268123 -0.998874426 0.0384856723 -0.0277268123 -0.998853862 0.0389794484 -0.0277766678 -0.998853862 0.0389794484 -0.0277766678 -0.998853862 0.0389794484 -0.0277766678 -0.998475552 0.0445517749 -0.0325837806 -0.998475552 0.0445517749 -0.0325837806 -0.998475552 0.0445517749 -0.0325837806 -0.998690784 0.0360548571 -0.0362880006 -0.998690784 0.0360548571 -0.0362880006 -0.998690784 0.0360548571 -0.0362880006 -0.99898845 0.0305832829 -0.0329655521 -0.99898845 0.0305832829 -0.0329655521 -0.99898845 0.0305832829 -0.0329655521 -0.998907447 0.0286388509 -0.03692884 -0.998907447 0.0286388509 -0.03692884 -0.998907447 0.0286388509 -0.03692884 -0.99908334 0.0240301676 -0.0354255736 -0.99908334 0.0240301676 -0.0354255736 -0.99908334 0.0240301676 -0.0354255736 -0.999119401 0.0219300296 -0.0357706174 -0.999119401 0.0219300296 -0.0357706174 -0.999119401 0.0219300296 -0.0357706174 -0.99915272 0.021333294 -0.0351964384 -0.99915272 0.021333294 -0.0351964384 -0.99915272 0.021333294 -0.0351964384 -0.999209046 0.019413963 -0.0347050056 -0.999209046 0.019413963 -0.0347050056 -0.999209046 0.019413963 -0.0347050056 -0.999154091 0.0203445628 -0.0357386768 -0.999154091 0.0203445628 -0.0357386768 -0.999154091 0.0203445628 -0.0357386768 -0.999210358 0.0190089978 -0.0348905735 -0.999210358 0.0190089978 -0.0348905735 -0.999210358 0.0190089978 -0.0348905735 -0.99913609 0.0202036817 -0.0363171846 -0.99913609 0.0202036817 -0.0363171846 -0.99913609 0.0202036817 -0.0363171846 -0.999206483 0.0188516751 -0.0350857712 -0.999206483 0.0188516751 -0.0350857712 -0.999206483 0.0188516751 -0.0350857712 -0.999203205 0.0189042222 -0.0351503715 -0.999203205 0.0189042222 -0.0351503715 -0.999203205 0.0189042222 -0.0351503715 -0.999266207 0.0176939871 -0.0339702144 -0.999266207 0.0176939871 -0.0339702144 -0.999266207 0.0176939871 -0.0339702144 -0.999203086 0.0186823998 -0.0352729596 -0.999203086 0.0186823998 -0.0352729596 -0.999203086 0.0186823998 -0.0352729596 -0.999548912 0.0219549257 -0.0204935316 -0.999548912 0.0219549257 -0.0204935316 -0.999548912 0.0219549257 -0.0204935316 -0.999718547 0.0134842172 -0.0195199549 -0.999718547 0.0134842172 -0.0195199549 -0.999718547 0.0134842172 -0.0195199549 -0.999610603 0.0155574437 -0.0231648739 -0.999610603 0.0155574437 -0.0231648739 -0.999610603 0.0155574437 -0.0231648739 -0.999720991 0.00885624345 -0.0218970813 -0.999720991 0.00885624345 -0.0218970813 -0.999720991 0.00885624345 -0.0218970813 -0.999680221 0.00909259357 -0.0235954262 -0.999680221 0.00909259357 -0.0235954262 -0.999680221 0.00909259357 -0.0235954262 -0.999715209 0.00688690133 -0.0228485465 -0.999715209 0.00688690133 -0.0228485465 -0.999715209 0.00688690133 -0.0228485465 -0.9996503 0.0078490274 -0.0252528731 -0.9996503 0.0078490274 -0.0252528731 -0.9996503 0.0078490274 -0.0252528731 -0.99991715 0.0088410126 -0.00935306214 -0.99991715 0.0088410126 -0.00935306214 -0.99991715 0.0088410126 -0.00935306214 -0.999751151 0.00988523103 -0.0199971814 -0.999751151 0.00988523103 -0.0199971814 -0.999751151 0.00988523103 -0.0199971814 -0.999723494 0.0128984125 -0.0196617451 -0.999723494 0.0128984125 -0.0196617451 -0.999723494 0.0128984125 -0.0196617451 -0.999791801 0.0114082182 -0.0169178993 -0.999791801 0.0114082182 -0.0169178993 -0.999791801 0.0114082182 -0.0169178993 -0.999820292 -0.00330005051 -0.0186687205 -0.999820292 -0.00330005051 -0.0186687205 -0.999820292 -0.00330005051 -0.0186687205 -0.999838829 0.00310356915 -0.017681377 -0.999838829 0.00310356915 -0.017681377 -0.999838829 0.00310356915 -0.017681377 -0.999898672 0.000922243984 -0.0142067652 -0.999898672 0.000922243984 -0.0142067652 -0.999898672 0.000922243984 -0.0142067652 -0.999915659 0.00656801555 -0.0112035861 -0.999915659 0.00656801555 -0.0112035861 -0.999915659 0.00656801555 -0.0112035861 -0.999939203 0.00428071199 -0.0101597188 -0.999939203 0.00428071199 -0.0101597188 -0.999939203 0.00428071199 -0.0101597188 -0.999924958 0.00855773967 -0.00876461063 -0.999924958 0.00855773967 -0.00876461063 -0.999924958 0.00855773967 -0.00876461063 -0.999952316 0.0064552282 -0.00732900668 -0.999952316 0.0064552282 -0.00732900668 -0.999952316 0.0064552282 -0.00732900668 -0.999808788 0.00262364722 -0.0193793755 -0.999808788 0.00262364722 -0.0193793755 -0.999808788 0.00262364722 -0.0193793755 -0.999817312 0.00755976699 -0.0175554864 -0.999817312 0.00755976699 -0.0175554864 -0.999817312 0.00755976699 -0.0175554864 -0.999854386 0.00549000362 -0.0161584727 -0.999854386 0.00549000362 -0.0161584727 -0.999854386 0.00549000362 -0.0161584727 -0.999840796 0.00954229664 -0.0150754098 -0.999840796 0.00954229664 -0.0150754098 -0.999840796 0.00954229664 -0.0150754098 -0.99987483 0.00778259849 -0.0137757193 -0.99987483 0.00778259849 -0.0137757193 -0.99987483 0.00778259849 -0.0137757193 -0.999964178 0.00387572683 -0.00752837863 -0.999964178 0.00387572683 -0.00752837863 -0.999964178 0.00387572683 -0.00752837863 -0.999851763 0.0110382326 -0.0132123018 -0.999851763 0.0110382326 -0.0132123018 -0.999851763 0.0110382326 -0.0132123018 -0.999788344 0.0107295448 -0.0175529886 -0.999788344 0.0107295448 -0.0175529886 -0.999788344 0.0107295448 -0.0175529886 -0.999799669 0.00922563765 -0.0177641325 -0.999799669 0.00922563765 -0.0177641325 -0.999799669 0.00922563765 -0.0177641325 -0.99977994 0.0100541161 -0.0184121579 -0.99977994 0.0100541161 -0.0184121579 -0.99977994 0.0100541161 -0.0184121579 -0.999741793 0.00688227545 -0.021656299 -0.999741793 0.00688227545 -0.021656299 -0.999741793 0.00688227545 -0.021656299 -0.999739468 0.00440051127 -0.0223974176 -0.999739468 0.00440051127 -0.0223974176 -0.999739468 0.00440051127 -0.0223974176 -0.999775112 0.00477134623 -0.0206627734 -0.999775112 0.00477134623 -0.0206627734 -0.999775112 0.00477134623 -0.0206627734 -0.999720931 -0.00127958611 -0.0235874616 -0.999720931 -0.00127958611 -0.0235874616 -0.999720931 -0.00127958611 -0.0235874616 -0.999808431 0.000135841401 -0.0195733309 -0.999808431 0.000135841401 -0.0195733309 -0.999808431 0.000135841401 -0.0195733309 -0.999720156 -0.0045397114 -0.0232172757 -0.999720156 -0.0045397114 -0.0232172757 -0.999720156 -0.0045397114 -0.0232172757 -0.997546434 -0.0311901085 -0.0626760796 -0.997546434 -0.0311901085 -0.0626760796 -0.997546434 -0.0311901085 -0.0626760796 -0.999132991 -0.0137056708 -0.0393122211 -0.999132991 -0.0137056708 -0.0393122211 -0.999132991 -0.0137056708 -0.0393122211 -0.999017835 -0.015470596 -0.0415219329 -0.999017835 -0.015470596 -0.0415219329 -0.999017835 -0.015470596 -0.0415219329 -0.999491334 -0.00752139371 -0.0309924427 -0.999491334 -0.00752139371 -0.0309924427 -0.999491334 -0.00752139371 -0.0309924427 -0.999464393 -0.00776742445 -0.0317898877 -0.999464393 -0.00776742445 -0.0317898877 -0.999464393 -0.00776742445 -0.0317898877 -0.999521196 -0.00684527494 -0.0301748756 -0.999521196 -0.00684527494 -0.0301748756 -0.999521196 -0.00684527494 -0.0301748756 -0.998690605 -0.0194853973 -0.04730165 -0.998690605 -0.0194853973 -0.04730165 -0.998690605 -0.0194853973 -0.04730165 -0.999093294 -0.0142455027 -0.0401207134 -0.999093294 -0.0142455027 -0.0401207134 -0.999093294 -0.0142455027 -0.0401207134 -0.998086572 -0.0260506123 -0.0560767986 -0.998086572 -0.0260506123 -0.0560767986 -0.998086572 -0.0260506123 -0.0560767986 -0.998212695 -0.0247974545 -0.054373689 -0.998212695 -0.0247974545 -0.054373689 -0.998212695 -0.0247974545 -0.054373689 -0.982381463 -0.101180099 -0.157128274 -0.982381463 -0.101180099 -0.157128274 -0.982381463 -0.101180099 -0.157128274 -0.999497235 -0.00769898435 -0.0307579897 -0.999497235 -0.00769898435 -0.0307579897 -0.999497235 -0.00769898435 -0.0307579897 -0.999627829 -0.00457204785 -0.0268933699 -0.999627829 -0.00457204785 -0.0268933699 -0.999627829 -0.00457204785 -0.0268933699 -0.999563336 -0.0064996602 -0.0288250633 -0.999563336 -0.0064996602 -0.0288250633 -0.999563336 -0.0064996602 -0.0288250633 -0.999626458 -0.00480592065 -0.0269052237 -0.999626458 -0.00480592065 -0.0269052237 -0.999626458 -0.00480592065 -0.0269052237 -0.999593198 -0.00609272206 -0.0278619956 -0.999593198 -0.00609272206 -0.0278619956 -0.999593198 -0.00609272206 -0.0278619956 -0.999497473 -0.000270291464 -0.0316981524 -0.999497473 -0.000270291464 -0.0316981524 -0.999497473 -0.000270291464 -0.0316981524 -0.999498546 -0.00182106381 -0.0316129252 -0.999498546 -0.00182106381 -0.0316129252 -0.999498546 -0.00182106381 -0.0316129252 -0.99951452 -0.00163747557 -0.031112764 -0.99951452 -0.00163747557 -0.031112764 -0.99951452 -0.00163747557 -0.031112764 -0.999563515 0.000958467426 -0.029527802 -0.999563515 0.000958467426 -0.029527802 -0.999563515 0.000958467426 -0.029527802 -0.999589086 0.00116603053 -0.0286416393 -0.999589086 0.00116603053 -0.0286416393 -0.999589086 0.00116603053 -0.0286416393 -0.999623179 0.00592385791 -0.026803175 -0.999623179 0.00592385791 -0.026803175 -0.999623179 0.00592385791 -0.026803175 -0.999697506 0.00632346654 -0.0237681791 -0.999697506 0.00632346654 -0.0237681791 -0.999697506 0.00632346654 -0.0237681791 -0.99966526 0.0124822706 -0.0226624403 -0.99966526 0.0124822706 -0.0226624403 -0.99966526 0.0124822706 -0.0226624403 -0.999716818 0.0126167918 -0.0201773364 -0.999716818 0.0126167918 -0.0201773364 -0.999716818 0.0126167918 -0.0201773364 -0.999698937 0.0140891196 -0.0200882144 -0.999698937 0.0140891196 -0.0200882144 -0.999698937 0.0140891196 -0.0200882144 -0.999653101 -0.00305569381 -0.0261592884 -0.999653101 -0.00305569381 -0.0261592884 -0.999653101 -0.00305569381 -0.0261592884 -0.999554932 -0.00497968122 -0.0294141863 -0.999554932 -0.00497968122 -0.0294141863 -0.999554932 -0.00497968122 -0.0294141863 -0.999639034 -0.00235803449 -0.0267631393 -0.999639034 -0.00235803449 -0.0267631393 -0.999639034 -0.00235803449 -0.0267631393 -0.999516368 -0.00428232085 -0.0307999998 -0.999516368 -0.00428232085 -0.0307999998 -0.999516368 -0.00428232085 -0.0307999998 -0.999608457 -0.000594501325 -0.0279749632 -0.999608457 -0.000594501325 -0.0279749632 -0.999608457 -0.000594501325 -0.0279749632 -0.999590874 -0.00078824861 -0.0285912734 -0.999590874 -0.00078824861 -0.0285912734 -0.999590874 -0.00078824861 -0.0285912734 -0.9995206 -0.00312800286 -0.0308023244 -0.9995206 -0.00312800286 -0.0308023244 -0.9995206 -0.00312800286 -0.0308023244 -0.999521911 -0.00395601662 -0.0306639131 -0.999521911 -0.00395601662 -0.0306639131 -0.999521911 -0.00395601662 -0.0306639131 -0.999584973 -0.00292283879 -0.0286587439 -0.999584973 -0.00292283879 -0.0286587439 -0.999584973 -0.00292283879 -0.0286587439 -0.99956584 -0.00457820669 -0.0291058868 -0.99956584 -0.00457820669 -0.0291058868 -0.99956584 -0.00457820669 -0.0291058868 -0.999614656 -0.00360542629 -0.0275243707 -0.999614656 -0.00360542629 -0.0275243707 -0.999614656 -0.00360542629 -0.0275243707 -0.999581575 -0.00504736369 -0.0284810998 -0.999581575 -0.00504736369 -0.0284810998 -0.999581575 -0.00504736369 -0.0284810998 -0.999635518 -0.00387100549 -0.0267185364 -0.999635518 -0.00387100549 -0.0267185364 -0.999635518 -0.00387100549 -0.0267185364 -0.999602377 -0.00509519083 -0.0277322307 -0.999602377 -0.00509519083 -0.0277322307 -0.999602377 -0.00509519083 -0.0277322307 -0.999327362 -0.010767852 -0.0350561887 -0.999327362 -0.010767852 -0.0350561887 -0.999327362 -0.010767852 -0.0350561887 -0.999725461 0.0135587966 -0.0191104989 -0.999725461 0.0135587966 -0.0191104989 -0.999725461 0.0135587966 -0.0191104989 -0.999710619 0.0128809325 -0.0203173272 -0.999710619 0.0128809325 -0.0203173272 -0.999710619 0.0128809325 -0.0203173272 -0.999726593 0.0113404216 -0.0204482172 -0.999726593 0.0113404216 -0.0204482172 -0.999726593 0.0113404216 -0.0204482172 -0.999683321 0.0111763859 -0.0225453712 -0.999683321 0.0111763859 -0.0225453712 -0.999683321 0.0111763859 -0.0225453712 -0.999699116 0.00468153507 -0.0240782257 -0.999699116 0.00468153507 -0.0240782257 -0.999699116 0.00468153507 -0.0240782257 -0.999729037 0.00491976086 -0.0227519814 -0.999729037 0.00491976086 -0.0227519814 -0.999729037 0.00491976086 -0.0227519814 -0.999604046 0.000133933063 -0.0281376671 -0.999604046 0.000133933063 -0.0281376671 -0.999604046 0.000133933063 -0.0281376671 -0.999693334 0.00103556889 -0.024741035 -0.999693334 0.00103556889 -0.024741035 -0.999693334 0.00103556889 -0.024741035 -0.999627292 -0.0028841733 -0.0271460228 -0.999627292 -0.0028841733 -0.0271460228 -0.999627292 -0.0028841733 -0.0271460228 -0.999800563 0.000134645947 -0.0199713986 -0.999800563 0.000134645947 -0.0199713986 -0.999800563 0.000134645947 -0.0199713986 -0.999548972 -0.00751628913 -0.0290760193 -0.999548972 -0.00751628913 -0.0290760193 -0.999548972 -0.00751628913 -0.0290760193 -0.999618709 0.0042728954 -0.0272793807 -0.999618709 0.0042728954 -0.0272793807 -0.999618709 0.0042728954 -0.0272793807 -0.99968189 0.00432265736 -0.0248480141 -0.99968189 0.00432265736 -0.0248480141 -0.99968189 0.00432265736 -0.0248480141 -0.999660134 0.00977544859 -0.0241676886 -0.999660134 0.00977544859 -0.0241676886 -0.999660134 0.00977544859 -0.0241676886 -0.999723911 0.00984215178 -0.0213374943 -0.999723911 0.00984215178 -0.0213374943 -0.999723911 0.00984215178 -0.0213374943 -0.99964273 0.0163479615 -0.0211467464 -0.99964273 0.0163479615 -0.0211467464 -0.99964273 0.0163479615 -0.0211467464 -0.999709308 0.0163279157 -0.0177392345 -0.999709308 0.0163279157 -0.0177392345 -0.999709308 0.0163279157 -0.0177392345 -0.999567926 0.00340097561 -0.029195657 -0.999567926 0.00340097561 -0.029195657 -0.999567926 0.00340097561 -0.029195657 -0.999632835 0.00244944054 -0.0269857049 -0.999632835 0.00244944054 -0.0269857049 -0.999632835 0.00244944054 -0.0269857049 -0.999516666 0.00165038696 -0.0310441013 -0.999516666 0.00165038696 -0.0310441013 -0.999516666 0.00165038696 -0.0310441013 -0.999508798 0.00173567957 -0.0312918611 -0.999508798 0.00173567957 -0.0312918611 -0.999508798 0.00173567957 -0.0312918611 -0.999590814 0.00338804233 -0.0284029879 -0.999590814 0.00338804233 -0.0284029879 -0.999590814 0.00338804233 -0.0284029879 -0.99965483 0.00369051332 -0.0260121357 -0.99965483 0.00369051332 -0.0260121357 -0.99965483 0.00369051332 -0.0260121357 -0.999650419 0.00861887354 -0.0249949936 -0.999650419 0.00861887354 -0.0249949936 -0.999650419 0.00861887354 -0.0249949936 -0.999714911 0.00877504237 -0.0222063866 -0.999714911 0.00877504237 -0.0222063866 -0.999714911 0.00877504237 -0.0222063866 -0.99965179 0.0149754537 -0.0217265245 -0.99965179 0.0149754537 -0.0217265245 -0.99965179 0.0149754537 -0.0217265245 -0.999712825 0.0150153833 -0.0186768025 -0.999712825 0.0150153833 -0.0186768025 -0.999712825 0.0150153833 -0.0186768025 -0.999704242 0.0155840172 -0.0186684635 -0.999704242 0.0155840172 -0.0186684635 -0.999704242 0.0155840172 -0.0186684635 -0.999721348 0.0155811878 -0.0177335031 -0.999721348 0.0155811878 -0.0177335031 -0.999721348 0.0155811878 -0.0177335031 -0.999740362 0.0169001576 -0.0152842551 -0.999740362 0.0169001576 -0.0152842551 -0.999740362 0.0169001576 -0.0152842551 -0.999372482 0.0250363983 -0.0250563826 -0.999372482 0.0250363983 -0.0250563826 -0.999372482 0.0250363983 -0.0250563826 -0.999530792 0.0222567618 -0.0210440848 -0.999530792 0.0222567618 -0.0210440848 -0.999530792 0.0222567618 -0.0210440848 -0.999477983 0.0229674354 -0.0227208473 -0.999477983 0.0229674354 -0.0227208473 -0.999477983 0.0229674354 -0.0227208473 -0.999550223 0.0216630138 -0.0207368936 -0.999550223 0.0216630138 -0.0207368936 -0.999550223 0.0216630138 -0.0207368936 -0.99950397 0.0220569316 -0.0224776864 -0.99950397 0.0220569316 -0.0224776864 -0.99950397 0.0220569316 -0.0224776864 -0.999546766 0.0213269796 -0.0212478992 -0.999546766 0.0213269796 -0.0212478992 -0.999546766 0.0213269796 -0.0212478992 -0.999463081 0.0195573568 -0.0262872316 -0.999463081 0.0195573568 -0.0262872316 -0.999463081 0.0195573568 -0.0262872316 -0.999454439 0.0211381894 -0.0253770854 -0.999454439 0.0211381894 -0.0253770854 -0.999454439 0.0211381894 -0.0253770854 -0.999674201 0.0191029627 -0.0169277657 -0.999674201 0.0191029627 -0.0169277657 -0.999674201 0.0191029627 -0.0169277657 -0.999649048 0.020452641 -0.0168349519 -0.999649048 0.020452641 -0.0168349519 -0.999649048 0.020452641 -0.0168349519 -0.999563634 0.022593895 -0.0190285239 -0.999563634 0.022593895 -0.0190285239 -0.999563634 0.022593895 -0.0190285239 -0.999600708 0.0213127006 -0.0185514167 -0.999600708 0.0213127006 -0.0185514167 -0.999600708 0.0213127006 -0.0185514167 -0.999520421 0.0230814926 -0.0206431765 -0.999520421 0.0230814926 -0.0206431765 -0.999520421 0.0230814926 -0.0206431765 -0.999567509 0.0218302906 -0.0197021756 -0.999567509 0.0218302906 -0.0197021756 -0.999567509 0.0218302906 -0.0197021756 -0.999462426 0.0239463691 -0.0223932452 -0.999462426 0.0239463691 -0.0223932452 -0.999462426 0.0239463691 -0.0223932452 -0.999521554 0.0226455498 -0.0210684706 -0.999521554 0.0226455498 -0.0210684706 -0.999521554 0.0226455498 -0.0210684706 -0.999296725 0.0266616587 -0.0263665393 -0.999296725 0.0266616587 -0.0263665393 -0.999296725 0.0266616587 -0.0263665393 -0.999396265 0.0181640126 -0.0296181403 -0.999396265 0.0181640126 -0.0296181403 -0.999396265 0.0181640126 -0.0296181403 -0.999435246 0.0178586077 -0.0284643322 -0.999435246 0.0178586077 -0.0284643322 -0.999435246 0.0178586077 -0.0284643322 -0.999592841 0.0165841747 -0.0232191999 -0.999592841 0.0165841747 -0.0232191999 -0.999592841 0.0165841747 -0.0232191999 -0.999509454 0.0193711054 -0.0246082135 -0.999509454 0.0193711054 -0.0246082135 -0.999509454 0.0193711054 -0.0246082135 -0.999566495 0.018779723 -0.0226757228 -0.999566495 0.018779723 -0.0226757228 -0.999566495 0.018779723 -0.0226757228 -0.999437749 0.0220783949 -0.0252332278 -0.999437749 0.0220783949 -0.0252332278 -0.999437749 0.0220783949 -0.0252332278 -0.999494016 0.0212957598 -0.0236258116 -0.999494016 0.0212957598 -0.0236258116 -0.999494016 0.0212957598 -0.0236258116 -0.992312372 0.0775424466 -0.0964540467 -0.992312372 0.0775424466 -0.0964540467 -0.992312372 0.0775424466 -0.0964540467 -0.98808533 0.095335789 -0.120824158 -0.98808533 0.095335789 -0.120824158 -0.98808533 0.095335789 -0.120824158 -0.996909857 0.0508682244 -0.0598590598 -0.996909857 0.0508682244 -0.0598590598 -0.996909857 0.0508682244 -0.0598590598 -0.997519195 0.0460381657 -0.0532530285 -0.997519195 0.0460381657 -0.0532530285 -0.997519195 0.0460381657 -0.0532530285 -0.99730587 0.0477885976 -0.0556532592 -0.99730587 0.0477885976 -0.0556532592 -0.99730587 0.0477885976 -0.0556532592 -0.999425828 0.0243149474 -0.0235956218 -0.999425828 0.0243149474 -0.0235956218 -0.999425828 0.0243149474 -0.0235956218 -0.999451458 0.0238659773 -0.0229612123 -0.999451458 0.0238659773 -0.0229612123 -0.999451458 0.0238659773 -0.0229612123 -0.999495804 0.0230228622 -0.0218656138 -0.999495804 0.0230228622 -0.0218656138 -0.999495804 0.0230228622 -0.0218656138 -0.999511003 0.0227454398 -0.021456847 -0.999511003 0.0227454398 -0.021456847 -0.999511003 0.0227454398 -0.021456847 -0.999541342 0.0221191272 -0.020683663 -0.999541342 0.0221191272 -0.020683663 -0.999541342 0.0221191272 -0.020683663 -0.999526978 0.0223785117 -0.0210945588 -0.999526978 0.0223785117 -0.0210945588 -0.999526978 0.0223785117 -0.0210945588 -0.999570906 0.0213992223 -0.0200017095 -0.999570906 0.0213992223 -0.0200017095 -0.999570906 0.0213992223 -0.0200017095 -0.999528468 0.0221119318 -0.0213048663 -0.999528468 0.0221119318 -0.0213048663 -0.999528468 0.0221119318 -0.0213048663 -0.999613106 0.0199785624 -0.0193503704 -0.999613106 0.0199785624 -0.0193503704 -0.999613106 0.0199785624 -0.0193503704 -0.999539256 0.0210236572 -0.0218912996 -0.999539256 0.0210236572 -0.0218912996 -0.999539256 0.0210236572 -0.0218912996 -0.999631882 0.0181898177 -0.0201290641 -0.999631882 0.0181898177 -0.0201290641 -0.999631882 0.0181898177 -0.0201290641 -0.999641001 0.0180950873 -0.0197600089 -0.999641001 0.0180950873 -0.0197600089 -0.999641001 0.0180950873 -0.0197600089 -0.999498248 0.0166112576 -0.0269687437 -0.999498248 0.0166112576 -0.0269687437 -0.999498248 0.0166112576 -0.0269687437 -0.99951905 0.0158992875 -0.0266253799 -0.99951905 0.0158992875 -0.0266253799 -0.99951905 0.0158992875 -0.0266253799 -0.999554694 0.0156940557 -0.025378732 -0.999554694 0.0156940557 -0.025378732 -0.999554694 0.0156940557 -0.025378732 -0.999854565 0.0157986488 -0.00642181933 -0.999854565 0.0157986488 -0.00642181933 -0.999854565 0.0157986488 -0.00642181933 -0.999864638 0.0148945274 -0.0069931047 -0.999864638 0.0148945274 -0.0069931047 -0.999864638 0.0148945274 -0.0069931047 -0.999801755 0.0181587152 -0.00816905405 -0.999801755 0.0181587152 -0.00816905405 -0.999801755 0.0181587152 -0.00816905405 -0.999612451 0.0201969333 -0.0191565584 -0.999612451 0.0201969333 -0.0191565584 -0.999612451 0.0201969333 -0.0191565584 -0.99970156 0.0169710163 -0.0175728928 -0.99970156 0.0169710163 -0.0175728928 -0.99970156 0.0169710163 -0.0175728928 -0.999643564 0.0175068974 -0.0201546866 -0.999643564 0.0175068974 -0.0201546866 -0.999643564 0.0175068974 -0.0201546866 -0.999670148 0.0163536239 -0.0198035706 -0.999670148 0.0163536239 -0.0198035706 -0.999670148 0.0163536239 -0.0198035706 -0.999750137 0.0140278721 -0.017403936 -0.999750137 0.0140278721 -0.017403936 -0.999750137 0.0140278721 -0.017403936 -0.999878049 0.0132910321 -0.00820061844 -0.999878049 0.0132910321 -0.00820061844 -0.999878049 0.0132910321 -0.00820061844 -0.999881685 0.0128942188 -0.00838991534 -0.999881685 0.0128942188 -0.00838991534 -0.999881685 0.0128942188 -0.00838991534 -0.999794602 0.0184375327 -0.00841723848 -0.999794602 0.0184375327 -0.00841723848 -0.999794602 0.0184375327 -0.00841723848 -0.999832928 0.0136224525 -0.0121888444 -0.999832928 0.0136224525 -0.0121888444 -0.999832928 0.0136224525 -0.0121888444 -0.999797404 0.0157249514 -0.0125655476 -0.999797404 0.0157249514 -0.0125655476 -0.999797404 0.0157249514 -0.0125655476 -0.999549031 0.0143394591 -0.0263842754 -0.999549031 0.0143394591 -0.0263842754 -0.999549031 0.0143394591 -0.0263842754 -0.999456763 0.0159519725 -0.0288391728 -0.999456763 0.0159519725 -0.0288391728 -0.999456763 0.0159519725 -0.0288391728 -0.99946028 0.0159307644 -0.0287281387 -0.99946028 0.0159307644 -0.0287281387 -0.99946028 0.0159307644 -0.0287281387 -0.99974221 0.0107488213 -0.0199988913 -0.99974221 0.0107488213 -0.0199988913 -0.99974221 0.0107488213 -0.0199988913 -0.999704301 0.0114653241 -0.0214438047 -0.999704301 0.0114653241 -0.0214438047 -0.999704301 0.0114653241 -0.0214438047 -0.999691188 0.0114851315 -0.022037914 -0.999691188 0.0114851315 -0.022037914 -0.999691188 0.0114851315 -0.022037914 -0.999622107 0.0126968361 -0.024381984 -0.999622107 0.0126968361 -0.024381984 -0.999622107 0.0126968361 -0.024381984 -0.999633968 0.0126980897 -0.0238878839 -0.999633968 0.0126980897 -0.0238878839 -0.999633968 0.0126980897 -0.0238878839 -0.999533951 0.014182182 -0.0270325877 -0.999533951 0.014182182 -0.0270325877 -0.999533951 0.014182182 -0.0270325877 -0.999509513 0.0142840082 -0.0278694332 -0.999509513 0.0142840082 -0.0278694332 -0.999509513 0.0142840082 -0.0278694332 -0.999669611 0.0132003706 -0.0220549535 -0.999669611 0.0132003706 -0.0220549535 -0.999669611 0.0132003706 -0.0220549535 -0.999733567 0.0119083347 -0.0197739862 -0.999733567 0.0119083347 -0.0197739862 -0.999733567 0.0119083347 -0.0197739862 -0.999697328 0.0119959963 -0.0214791745 -0.999697328 0.0119959963 -0.0214791745 -0.999697328 0.0119959963 -0.0214791745 -0.999750495 0.0108989831 -0.0194991715 -0.999750495 0.0108989831 -0.0194991715 -0.999750495 0.0108989831 -0.0194991715 -0.999737859 0.0109184887 -0.0201247483 -0.999737859 0.0109184887 -0.0201247483 -0.999737859 0.0109184887 -0.0201247483 -0.999565542 0.0152218835 -0.0252390597 -0.999565542 0.0152218835 -0.0252390597 -0.999565542 0.0152218835 -0.0252390597 -0.99966532 0.0134472474 -0.0221000817 -0.99966532 0.0134472474 -0.0221000817 -0.99966532 0.0134472474 -0.0221000817 -0.999617279 0.0136196082 -0.0240796544 -0.999617279 0.0136196082 -0.0240796544 -0.999617279 0.0136196082 -0.0240796544 -0.999694169 0.012209354 -0.0215066858 -0.999694169 0.012209354 -0.0215066858 -0.999694169 0.012209354 -0.0215066858 -0.999680102 0.0122424765 -0.0221324451 -0.999680102 0.0122424765 -0.0221324451 -0.999680102 0.0122424765 -0.0221324451 -0.999734521 0.0111819282 -0.0201451238 -0.999734521 0.0111819282 -0.0201451238 -0.999734521 0.0111819282 -0.0201451238 -0.999737084 0.0111791594 -0.0200183596 -0.999737084 0.0111791594 -0.0200183596 -0.999737084 0.0111791594 -0.0200183596 -0.999776483 0.0104091009 -0.0184025075 -0.999776483 0.0104091009 -0.0184025075 -0.999776483 0.0104091009 -0.0184025075 -0.999783933 0.0106848618 -0.0178307891 -0.999783933 0.0106848618 -0.0178307891 -0.999783933 0.0106848618 -0.0178307891 -0.999786675 0.0104066087 -0.0178399347 -0.999786675 0.0104066087 -0.0178399347 -0.999786675 0.0104066087 -0.0178399347 -0.999774337 0.010401262 -0.018523993 -0.999774337 0.010401262 -0.018523993 -0.999774337 0.010401262 -0.018523993 -0.999778152 0.0100432839 -0.0185140334 -0.999778152 0.0100432839 -0.0185140334 -0.999778152 0.0100432839 -0.0185140334 -0.999778092 0.0100433165 -0.0185166243 -0.999778092 0.0100433165 -0.0185166243 -0.999778092 0.0100433165 -0.0185166243 -0.999753296 0.012150934 -0.0185945798 -0.999753296 0.012150934 -0.0185945798 -0.999753296 0.012150934 -0.0185945798 -0.999734402 0.0121605983 -0.0195774827 -0.999734402 0.0121605983 -0.0195774827 -0.999734402 0.0121605983 -0.0195774827 -0.999740303 0.0124156633 -0.0191092454 -0.999740303 0.0124156633 -0.0191092454 -0.999740303 0.0124156633 -0.0191092454 -0.999720514 0.012832378 -0.0198553372 -0.999720514 0.012832378 -0.0198553372 -0.999720514 0.012832378 -0.0198553372 -0.999737024 0.0128126349 -0.0190188363 -0.999737024 0.0128126349 -0.0190188363 -0.999737024 0.0128126349 -0.0190188363 -0.999734581 0.0129755503 -0.0190376732 -0.999734581 0.0129755503 -0.0190376732 -0.999734581 0.0129755503 -0.0190376732 -0.999662697 0.0144533953 -0.0215766206 -0.999662697 0.0144533953 -0.0215766206 -0.999662697 0.0144533953 -0.0215766206 -0.999656439 0.014769135 -0.021652583 -0.999656439 0.014769135 -0.021652583 -0.999656439 0.014769135 -0.021652583 -0.999533772 0.0169598237 -0.0253890138 -0.999533772 0.0169598237 -0.0253890138 -0.999533772 0.0169598237 -0.0253890138 -0.999519408 0.0174887646 -0.0255959257 -0.999519408 0.0174887646 -0.0255959257 -0.999519408 0.0174887646 -0.0255959257 -0.999519408 0.0174884535 -0.025594553 -0.999519408 0.0174884535 -0.025594553 -0.999519408 0.0174884535 -0.025594553 -0.999462426 0.0191427749 -0.0266158599 -0.999462426 0.0191427749 -0.0266158599 -0.999462426 0.0191427749 -0.0266158599 -0.999352276 0.0206906777 -0.0294431839 -0.999352276 0.0206906777 -0.0294431839 -0.999352276 0.0206906777 -0.0294431839 -0.999584496 0.0228365641 -0.0175865535 -0.999584496 0.0228365641 -0.0175865535 -0.999584496 0.0228365641 -0.0175865535 -0.999587476 0.0227444358 -0.0175361764 -0.999587476 0.0227444358 -0.0175361764 -0.999587476 0.0227444358 -0.0175361764 -0.999713838 0.0187308397 -0.0148780672 -0.999713838 0.0187308397 -0.0148780672 -0.999713838 0.0187308397 -0.0148780672 -0.999692082 0.0207648128 -0.0135852704 -0.999692082 0.0207648128 -0.0135852704 -0.999692082 0.0207648128 -0.0135852704 -0.999793828 0.017201636 -0.0107888244 -0.999793828 0.017201636 -0.0107888244 -0.999793828 0.017201636 -0.0107888244 -0.999804616 0.0165223032 -0.0108536622 -0.999804616 0.0165223032 -0.0108536622 -0.999804616 0.0165223032 -0.0108536622 -0.999749482 0.0172443241 -0.0142685892 -0.999749482 0.0172443241 -0.0142685892 -0.999749482 0.0172443241 -0.0142685892 -0.999804616 0.014439417 -0.0135008506 -0.999804616 0.014439417 -0.0135008506 -0.999804616 0.014439417 -0.0135008506 -0.999749184 0.0148110837 -0.0167991389 -0.999749184 0.0148110837 -0.0167991389 -0.999749184 0.0148110837 -0.0167991389 -0.999764144 0.0139197558 -0.016669238 -0.999764144 0.0139197558 -0.016669238 -0.999764144 0.0139197558 -0.016669238 -0.999760628 0.0140390424 -0.0167818405 -0.999760628 0.0140390424 -0.0167818405 -0.999760628 0.0140390424 -0.0167818405 -0.999766946 0.0130747613 -0.0171780568 -0.999766946 0.0130747613 -0.0171780568 -0.999766946 0.0130747613 -0.0171780568 -0.999780118 0.0120271863 -0.0171756204 -0.999780118 0.0120271863 -0.0171756204 -0.999780118 0.0120271863 -0.0171756204 -0.999891281 0.0122519238 -0.0082081547 -0.999891281 0.0122519238 -0.0082081547 -0.999891281 0.0122519238 -0.0082081547 -0.999897659 0.0114372894 -0.00859358441 -0.999897659 0.0114372894 -0.00859358441 -0.999897659 0.0114372894 -0.00859358441 -0.999355614 0.016764883 -0.0317380987 -0.999355614 0.016764883 -0.0317380987 -0.999355614 0.016764883 -0.0317380987 -0.999342918 0.0194383133 -0.0305917338 -0.999342918 0.0194383133 -0.0305917338 -0.999342918 0.0194383133 -0.0305917338 -0.999214768 0.0226826519 -0.032485161 -0.999214768 0.0226826519 -0.032485161 -0.999214768 0.0226826519 -0.032485161 -0.999189556 0.0262589306 -0.0305083226 -0.999189556 0.0262589306 -0.0305083226 -0.999189556 0.0262589306 -0.0305083226 -0.99905467 0.0294553768 -0.0319717787 -0.99905467 0.0294553768 -0.0319717787 -0.99905467 0.0294553768 -0.0319717787 -0.999001205 0.0338982716 -0.0291108936 -0.999001205 0.0338982716 -0.0291108936 -0.999001205 0.0338982716 -0.0291108936 -0.999016404 0.0335527547 -0.0289907176 -0.999016404 0.0335527547 -0.0289907176 -0.999016404 0.0335527547 -0.0289907176 -0.998935342 0.0384464972 -0.0254949983 -0.998935342 0.0384464972 -0.0254949983 -0.998935342 0.0384464972 -0.0254949983 -0.99917531 0.0327041522 -0.0240641776 -0.99917531 0.0327041522 -0.0240641776 -0.99917531 0.0327041522 -0.0240641776 -0.999094009 0.0372734219 -0.0205386598 -0.999094009 0.0372734219 -0.0205386598 -0.999094009 0.0372734219 -0.0205386598 -0.999390185 0.0291328132 -0.0192491207 -0.999390185 0.0291328132 -0.0192491207 -0.999390185 0.0291328132 -0.0192491207 -0.999346673 0.0319072343 -0.0169737153 -0.999346673 0.0319072343 -0.0169737153 -0.999346673 0.0319072343 -0.0169737153 -0.999541104 0.0241903756 -0.0182328951 -0.999541104 0.0241903756 -0.0182328951 -0.999541104 0.0241903756 -0.0182328951 -0.999381661 0.0328652225 -0.0124955298 -0.999381661 0.0328652225 -0.0124955298 -0.999381661 0.0328652225 -0.0124955298 -0.999750614 0.0183938909 -0.0126659656 -0.999750614 0.0183938909 -0.0126659656 -0.999750614 0.0183938909 -0.0126659656 -0.999722362 0.0204701293 -0.0116703277 -0.999722362 0.0204701293 -0.0116703277 -0.999722362 0.0204701293 -0.0116703277 -0.999857426 0.0125550684 -0.0112915253 -0.999857426 0.0125550684 -0.0112915253 -0.999857426 0.0125550684 -0.0112915253 -0.999867857 0.0110605573 -0.0119147375 -0.999867857 0.0110605573 -0.0119147375 -0.999867857 0.0110605573 -0.0119147375 -0.999891758 0.0077404622 -0.0125110373 -0.999891758 0.0077404622 -0.0125110373 -0.999891758 0.0077404622 -0.0125110373 -0.999883115 0.00762530696 -0.0132534374 -0.999883115 0.00762530696 -0.0132534374 -0.999883115 0.00762530696 -0.0132534374 -0.999889135 0.00541617628 -0.0138715748 -0.999889135 0.00541617628 -0.0138715748 -0.999889135 0.00541617628 -0.0138715748 -0.999651015 0.00493206363 -0.0259525739 -0.999651015 0.00493206363 -0.0259525739 -0.999651015 0.00493206363 -0.0259525739 -0.999705553 0.00506485812 -0.0237301122 -0.999705553 0.00506485812 -0.0237301122 -0.999705553 0.00506485812 -0.0237301122 -0.999664843 0.0109525993 -0.0234567616 -0.999664843 0.0109525993 -0.0234567616 -0.999664843 0.0109525993 -0.0234567616 -0.999730587 0.010930147 -0.0204751845 -0.999730587 0.010930147 -0.0204751845 -0.999730587 0.010930147 -0.0204751845 -0.99962759 0.0178972241 -0.0206015818 -0.99962759 0.0178972241 -0.0206015818 -0.99962759 0.0178972241 -0.0206015818 -0.999698937 0.0178045202 -0.0168822687 -0.999698937 0.0178045202 -0.0168822687 -0.999698937 0.0178045202 -0.0168822687 -0.999699295 0.0177859496 -0.0168817136 -0.999699295 0.0177859496 -0.0168817136 -0.999699295 0.0177859496 -0.0168817136 -0.999711394 0.0177736618 -0.0161628835 -0.999711394 0.0177736618 -0.0161628835 -0.999711394 0.0177736618 -0.0161628835 -0.99972558 0.0193557292 -0.0131972395 -0.99972558 0.0193557292 -0.0131972395 -0.99972558 0.0193557292 -0.0131972395 -0.99960351 0.0228557494 -0.0164434556 -0.99960351 0.0228557494 -0.0164434556 -0.99960351 0.0228557494 -0.0164434556 -0.999591291 0.0228889063 -0.0171281006 -0.999591291 0.0228889063 -0.0171281006 -0.999591291 0.0228889063 -0.0171281006 -0.999553502 0.024378242 -0.0172787327 -0.999553502 0.024378242 -0.0172787327 -0.999553502 0.024378242 -0.0172787327 -0.999307275 0.0284315143 -0.0240124948 -0.999307275 0.0284315143 -0.0240124948 -0.999307275 0.0284315143 -0.0240124948 -0.999612808 0.017530892 -0.0216080025 -0.999612808 0.017530892 -0.0216080025 -0.999612808 0.017530892 -0.0216080025 -0.999380708 0.0213971585 -0.0279341936 -0.999380708 0.0213971585 -0.0279341936 -0.999380708 0.0213971585 -0.0279341936 -0.999620855 0.0123251043 -0.0246217977 -0.999620855 0.0123251043 -0.0246217977 -0.999620855 0.0123251043 -0.0246217977 -0.999509335 0.0132878134 -0.0283649024 -0.999509335 0.0132878134 -0.0283649024 -0.999509335 0.0132878134 -0.0283649024 -0.99956423 0.0113605969 -0.0272449329 -0.99956423 0.0113605969 -0.0272449329 -0.99956423 0.0113605969 -0.0272449329 -0.999464214 0.0122551201 -0.0303491317 -0.999464214 0.0122551201 -0.0303491317 -0.999464214 0.0122551201 -0.0303491317 -0.999862611 0.010636176 -0.0127143823 -0.999862611 0.010636176 -0.0127143823 -0.999862611 0.010636176 -0.0127143823 -0.999858379 0.0101685105 -0.0134114427 -0.999858379 0.0101685105 -0.0134114427 -0.999858379 0.0101685105 -0.0134114427 -0.999855459 0.0105681345 -0.0133161731 -0.999855459 0.0105681345 -0.0133161731 -0.999855459 0.0105681345 -0.0133161731 -0.999824762 0.0103627779 -0.0155918552 -0.999824762 0.0103627779 -0.0155918552 -0.999824762 0.0103627779 -0.0155918552 -0.999828637 0.00989683066 -0.0156440809 -0.999828637 0.00989683066 -0.0156440809 -0.999828637 0.00989683066 -0.0156440809 -0.999811053 0.00985522941 -0.0167543534 -0.999811053 0.00985522941 -0.0167543534 -0.999811053 0.00985522941 -0.0167543534 -0.999815643 0.00936077815 -0.0167646613 -0.999815643 0.00936077815 -0.0167646613 -0.999815643 0.00936077815 -0.0167646613 -0.999807656 0.00935846474 -0.0172361489 -0.999807656 0.00935846474 -0.0172361489 -0.999807656 0.00935846474 -0.0172361489 -0.999779701 0.0119280871 -0.0172692556 -0.999779701 0.0119280871 -0.0172692556 -0.999779701 0.0119280871 -0.0172692556 -0.999774635 0.0116773164 -0.017729288 -0.999774635 0.0116773164 -0.017729288 -0.999774635 0.0116773164 -0.017729288 -0.999729276 0.0150699802 -0.0177273806 -0.999729276 0.0150699802 -0.0177273806 -0.999729276 0.0150699802 -0.0177273806 -0.999710321 0.0140953921 -0.0195082724 -0.999710321 0.0140953921 -0.0195082724 -0.999710321 0.0140953921 -0.0195082724 -0.999714196 0.0138023347 -0.0195191801 -0.999714196 0.0138023347 -0.0195191801 -0.999714196 0.0138023347 -0.0195191801 -0.999657989 0.0137121473 -0.0222689603 -0.999657989 0.0137121473 -0.0222689603 -0.999657989 0.0137121473 -0.0222689603 -0.999705255 0.00765090855 -0.0230402127 -0.999705255 0.00765090855 -0.0230402127 -0.999705255 0.00765090855 -0.0230402127 -0.9996351 0.00738199521 -0.0259834994 -0.9996351 0.00738199521 -0.0259834994 -0.9996351 0.00738199521 -0.0259834994 -0.99962306 0.00287101627 -0.027303068 -0.99962306 0.00287101627 -0.027303068 -0.99962306 0.00287101627 -0.027303068 -0.999561191 0.00249317358 -0.0295165703 -0.999561191 0.00249317358 -0.0295165703 -0.999561191 0.00249317358 -0.0295165703 -0.999534488 0.000421860459 -0.0305055398 -0.999534488 0.000421860459 -0.0305055398 -0.999534488 0.000421860459 -0.0305055398 -0.999484599 -1.1557684e-05 -0.03210105 -0.999484599 -1.1557684e-05 -0.03210105 -0.999484599 -1.1557684e-05 -0.03210105</float_array><technique_common><accessor source="#normals-array" count="3264" stride="3"><param name="X" type="float" /><param name="Y" type="float" /><param name="Z" type="float" /></accessor></technique_common></source><source id="uv"><float_array id="uv-array" count="6528">0.519656956 0.000387624721 0.519656956 0.000387624721 0.587217927 0.00765974401 0.653087914 0.0239813291 0.653087914 0.0239813291 0.716131032 0.04910025 0.797397554 0.0980384648 0.797645271 0.0982215926 0.796653688 0.0974897817 0.797645271 0.0982215926 0.797397554 0.0980384648 0.797645271 0.0982215926 0.797645271 0.0982215926 0.797397554 0.0980384648 0.797149718 0.097855337 0.797645271 0.0982215926 0.797149718 0.097855337 0.796653688 0.0974897817 0.797397554 0.0980384648 0.796653688 0.0974897817 0.797149718 0.097855337 0.797149718 0.097855337 0.796653688 0.0974897817 0.795660198 0.0967602134 0.797149718 0.097855337 0.795660198 0.0967602134 0.796653688 0.0974897817 0.796653688 0.0974897817 0.795660198 0.0967602134 0.795660198 0.0967602134 0.795660198 0.0967602134 0.795660198 0.0967602134 0.793667614 0.0953084677 0.795660198 0.0967602134 0.793667614 0.0953084677 0.793667614 0.0953084677 0.793667614 0.0953084677 0.793667614 0.0953084677 0.789659977 0.092433624 0.793667614 0.0953084677 0.789659977 0.092433624 0.789659977 0.092433624 0.789659977 0.092433624 0.789659977 0.092433624 0.781555951 0.0868002847 0.781555951 0.0868002847 0.789659977 0.092433624 0.781555951 0.0868002847 0.781555951 0.0868002847 0.781555951 0.0868002847 0.774112046 0.0818310007 0.774112046 0.0818310007 0.781555951 0.0868002847 0.774112046 0.0818310007 0.774112046 0.0818310007 0.774112046 0.0818310007 0.735013604 0.0587006323 0.735013604 0.0587006323 0.774112046 0.0818310007 0.735013604 0.0587006323 0.735013604 0.0587006323 0.735013604 0.0587006323 0.729200423 0.0556581616 0.729200423 0.0556581616 0.735013604 0.0587006323 0.729200423 0.0556581616 0.729200423 0.0556581616 0.729200423 0.0556581616 0.716131032 0.04910025 0.716131032 0.04910025 0.729200423 0.0556581616 0.716131032 0.04910025 0.716131032 0.04910025 0.716131032 0.04910025 0.653087914 0.0239813291 0.653087914 0.0239813291 0.653087914 0.0239813291 0.619440496 0.0144607071 0.619440496 0.0144607071 0.653087914 0.0239813291 0.619440496 0.0144607071 0.619440496 0.0144607071 0.619440496 0.0144607071 0.587217927 0.00765974401 0.587217927 0.00765974401 0.619440496 0.0144607071 0.587217927 0.00765974401 0.587217927 0.00765974401 0.587217927 0.00765974401 0.519656956 0.000387624721 0.519656956 0.000387624721 0.519656956 0.000387624721 0.500255525 0 0.500255525 0 0.519656956 0.000387624721 0.500255525 0 0.500255525 0 0.500255525 0 0.451770544 0.00232057995 0.500255525 0 0.451770544 0.00232057995 0.451770544 0.00232057995 0.451770544 0.00232057995 0.451770544 0.00232057995 0.384695888 0.0134382164 0.451770544 0.00232057995 0.384695888 0.0134382164 0.384695888 0.0134382164 0.384695888 0.0134382164 0.384695888 0.0134382164 0.319824219 0.0335012525 0.384695888 0.0134382164 0.319824219 0.0335012525 0.319824219 0.0335012525 0.319824219 0.0335012525 0.319824219 0.0335012525 0.264962047 0.0585349649 0.264962047 0.0585349649 0.319824219 0.0335012525 0.264962047 0.0585349649 0.264962047 0.0585349649 0.264962047 0.0585349649 0.258559734 0.0619960688 0.258559734 0.0619960688 0.264962047 0.0585349649 0.258559734 0.0619960688 0.258559734 0.0619960688 0.258559734 0.0619960688 0.243895009 0.0703866407 0.243895009 0.0703866407 0.258559734 0.0619960688 0.243895009 0.0703866407 0.243895009 0.0703866407 0.243895009 0.0703866407 0.237484738 0.0742005929 0.237484738 0.0742005929 0.243895009 0.0703866407 0.237484738 0.0742005929 0.237484738 0.0742005929 0.237484738 0.0742005929 0.220890164 0.0848730505 0.220890164 0.0848730505 0.237484738 0.0742005929 0.220890164 0.0848730505 0.220890164 0.0848730505 0.220890164 0.0848730505 0.212765053 0.0904481411 0.212765053 0.0904481411 0.220890164 0.0848730505 0.212765053 0.0904481411 0.212765053 0.0904481411 0.212765053 0.0904481411 0.208746105 0.0932933763 0.208746105 0.0932933763 0.212765053 0.0904481411 0.208746105 0.0932933763 0.208746105 0.0932933763 0.208746105 0.0932933763 0.206747726 0.0947304517 0.208746105 0.0932933763 0.206747726 0.0947304517 0.206747726 0.0947304517 0.206747726 0.0947304517 0.206747726 0.0947304517 0.205751374 0.0954524875 0.206747726 0.0947304517 0.205751374 0.0954524875 0.205751374 0.0954524875 0.205751374 0.0954524875 0.205751374 0.0954524875 0.205253884 0.0958145484 0.205751374 0.0954524875 0.205253884 0.0958145484 0.205253884 0.0958145484 0.205253884 0.0958145484 0.205253884 0.0958145484 0.204756871 0.0961770266 0.205253884 0.0958145484 0.204756871 0.0961770266 0.204756871 0.0961770266 0.98390317 0.373791754 0.98390317 0.373791754 0.996481001 0.440369338 0.808529794 0.892656982 0.808529794 0.892656982 0.807823479 0.89320904 0.808529794 0.892656982 0.807823479 0.89320904 0.807823479 0.89320904 0.807823479 0.89320904 0.807823479 0.89320904 0.807469964 0.893484652 0.807823479 0.89320904 0.807469964 0.893484652 0.807469964 0.893484652 0.807469964 0.893484652 0.807469964 0.893484652 0.80711627 0.893759966 0.807469964 0.893484652 0.80711627 0.893759966 0.80711627 0.893759966 0.808529794 0.892656982 0.808529794 0.892656982 0.809939325 0.891548872 0.809939325 0.891548872 0.808529794 0.892656982 0.809939325 0.891548872 0.809939325 0.891548872 0.809939325 0.891548872 0.812746465 0.889317453 0.812746465 0.889317453 0.809939325 0.891548872 0.812746465 0.889317453 0.812746465 0.889317453 0.812746465 0.889317453 0.818312705 0.884794593 0.818312705 0.884794593 0.812746465 0.889317453 0.818312705 0.884794593 0.818312705 0.884794593 0.818312705 0.884794593 0.829248369 0.875511289 0.829248369 0.875511289 0.818312705 0.884794593 0.829248369 0.875511289 0.829248369 0.875511289 0.829248369 0.875511289 0.836798728 0.868777812 0.836798728 0.868777812 0.829248369 0.875511289 0.836798728 0.868777812 0.836798728 0.868777812 0.836798728 0.868777812 0.850302279 0.856022656 0.850302279 0.856022656 0.836798728 0.868777812 0.850302279 0.856022656 0.850302279 0.856022656 0.850302279 0.856022656 0.883636475 0.819964051 0.850302279 0.856022656 0.883636475 0.819964051 0.883636475 0.819964051 0.883636475 0.819964051 0.883636475 0.819964051 0.923532069 0.765076935 0.883636475 0.819964051 0.923532069 0.765076935 0.923532069 0.765076935 0.923532069 0.765076935 0.923532069 0.765076935 0.955621898 0.705308259 0.923532069 0.765076935 0.955621898 0.705308259 0.955621898 0.705308259 0.955621898 0.705308259 0.955621898 0.705308259 0.972237825 0.663727522 0.972237825 0.663727522 0.955621898 0.705308259 0.972237825 0.663727522 0.972237825 0.663727522 0.972237825 0.663727522 0.979275644 0.641946793 0.979275644 0.641946793 0.972237825 0.663727522 0.979275644 0.641946793 0.979275644 0.641946793 0.979275644 0.641946793 0.987991571 0.608486176 0.987991571 0.608486176 0.979275644 0.641946793 0.987991571 0.608486176 0.987991571 0.608486176 0.987991571 0.608486176 0.994164586 0.575752914 0.994164586 0.575752914 0.987991571 0.608486176 0.994164586 0.575752914 0.994164586 0.575752914 0.994164586 0.575752914 0.997268081 0.551777184 0.997268081 0.551777184 0.994164586 0.575752914 0.997268081 0.551777184 0.997268081 0.551777184 0.997268081 0.551777184 0.999926388 0.508154809 0.999926388 0.508154809 0.997268081 0.551777184 0.999926388 0.508154809 0.999926388 0.508154809 0.999926388 0.508154809 1 0.499373376 1 0.499373376 0.999926388 0.508154809 1 0.499373376 1 0.499373376 1 0.499373376 0.996481001 0.440369338 0.996481001 0.440369338 1 0.499373376 0.996481001 0.440369338 0.996481001 0.440369338 0.996481001 0.440369338 0.98390317 0.373791754 0.98390317 0.373791754 0.98390317 0.373791754 0.968629301 0.325434506 0.968629301 0.325434506 0.98390317 0.373791754 0.968629301 0.325434506 0.968629301 0.325434506 0.968629301 0.325434506 0.962366223 0.309466869 0.962366223 0.309466869 0.968629301 0.325434506 0.962366223 0.309466869 0.962366223 0.309466869 0.962366223 0.309466869 0.945459127 0.272724241 0.945459127 0.272724241 0.962366223 0.309466869 0.945459127 0.272724241 0.945459127 0.272724241 0.945459127 0.272724241 0.932395101 0.2487524 0.932395101 0.2487524 0.945459127 0.272724241 0.932395101 0.2487524 0.932395101 0.2487524 0.932395101 0.2487524 0.916373193 0.223010629 0.916373193 0.223010629 0.932395101 0.2487524 0.916373193 0.223010629 0.916373193 0.223010629 0.916373193 0.223010629 0.894444525 0.192606464 0.894444525 0.192606464 0.916373193 0.223010629 0.894444525 0.192606464 0.894444525 0.192606464 0.894444525 0.192606464 0.88171947 0.176952288 0.88171947 0.176952288 0.894444525 0.192606464 0.88171947 0.176952288 0.88171947 0.176952288 0.88171947 0.176952288 0.849276423 0.142147362 0.849276423 0.142147362 0.88171947 0.176952288 0.849276423 0.142147362 0.849276423 0.142147362 0.849276423 0.142147362 0.841972589 0.135166913 0.841972589 0.135166913 0.849276423 0.142147362 0.841972589 0.135166913 0.841972589 0.135166913 0.841972589 0.135166913 0.820346177 0.1160568 0.820346177 0.1160568 0.841972589 0.135166913 0.820346177 0.1160568 0.820346177 0.1160568 0.820346177 0.1160568 0.809125245 0.106976047 0.809125245 0.106976047 0.820346177 0.1160568 0.809125245 0.106976047 0.809125245 0.106976047 0.809125245 0.106976047 0.803417027 0.10255754 0.803417027 0.10255754 0.809125245 0.106976047 0.803417027 0.10255754 0.803417027 0.10255754 0.803417027 0.10255754 0.800539076 0.100379162 0.803417027 0.10255754 0.800539076 0.100379162 0.800539076 0.100379162 0.800539076 0.100379162 0.800539076 0.100379162 0.799094141 0.0992977247 0.800539076 0.100379162 0.799094141 0.0992977247 0.799094141 0.0992977247 0.799094141 0.0992977247 0.799094141 0.0992977247 0.798370183 0.0987590998 0.799094141 0.0992977247 0.798370183 0.0987590998 0.798370183 0.0987590998 0.798370183 0.0987590998 0.798370183 0.0987590998 0.797645271 0.0982215926 0.798370183 0.0987590998 0.797645271 0.0982215926 0.797645271 0.0982215926 0.197986245 0.898403049 0.197986245 0.898403049 0.254116744 0.93517518 0.197986245 0.898403049 0.254116744 0.93517518 0.254116744 0.93517518 0.254116744 0.93517518 0.254116744 0.93517518 0.314639747 0.964115441 0.254116744 0.93517518 0.314639747 0.964115441 0.314639747 0.964115441 0.314639747 0.964115441 0.314639747 0.964115441 0.379387796 0.985062122 0.314639747 0.964115441 0.379387796 0.985062122 0.379387796 0.985062122 0.379387796 0.985062122 0.379387796 0.985062122 0.446604103 0.997129738 0.379387796 0.985062122 0.446604103 0.997129738 0.446604103 0.997129738 0.446604103 0.997129738 0.446604103 0.997129738 0.503556073 1 0.446604103 0.997129738 0.503556073 1 0.503556073 1 0.503556073 1 0.503556073 1 0.569820225 0.994853437 0.503556073 1 0.569820225 0.994853437 0.569820225 0.994853437 0.569820225 0.994853437 0.569820225 0.994853437 0.634976387 0.980833888 0.569820225 0.994853437 0.634976387 0.980833888 0.634976387 0.980833888 0.634976387 0.980833888 0.634976387 0.980833888 0.698949039 0.95787853 0.634976387 0.980833888 0.698949039 0.95787853 0.698949039 0.95787853 0.698949039 0.95787853 0.698949039 0.95787853 0.759665906 0.926423073 0.698949039 0.95787853 0.759665906 0.926423073 0.759665906 0.926423073 0.803036451 0.896898091 0.805080295 0.895334482 0.805080295 0.895334482 0.805080295 0.895334482 0.805080295 0.895334482 0.806099296 0.894548595 0.805080295 0.895334482 0.806099296 0.894548595 0.806099296 0.894548595 0.806099296 0.894548595 0.806099296 0.894548595 0.806607962 0.894154549 0.806099296 0.894548595 0.806607962 0.894154549 0.806607962 0.894154549 0.806607962 0.894154549 0.806607962 0.894154549 0.80711627 0.893759966 0.806607962 0.894154549 0.80711627 0.893759966 0.80711627 0.893759966 0.759665906 0.926423073 0.759665906 0.926423073 0.773639679 0.917628407 0.773639679 0.917628407 0.759665906 0.926423073 0.773639679 0.917628407 0.773639679 0.917628407 0.773639679 0.917628407 0.790612876 0.906049013 0.790612876 0.906049013 0.773639679 0.917628407 0.790612876 0.906049013 0.790612876 0.906049013 0.790612876 0.906049013 0.798925638 0.899992406 0.798925638 0.899992406 0.790612876 0.906049013 0.798925638 0.899992406 0.798925638 0.899992406 0.798925638 0.899992406 0.803036451 0.896898091 0.803036451 0.896898091 0.798925638 0.899992406 0.803036451 0.896898091 0.803036451 0.896898091 0.803036451 0.896898091 0.805080295 0.895334482 0.204391032 0.0964445248 0.204756871 0.0961770266 0.204756871 0.0961770266 0.204756871 0.0961770266 0.204391032 0.0964445248 0.204391032 0.0964445248 0.204391032 0.0964445248 0.204391032 0.0964445248 0.204025432 0.0967122987 0.204391032 0.0964445248 0.204025432 0.0967122987 0.204025432 0.0967122987 0.204025432 0.0967122987 0.204025432 0.0967122987 0.203294933 0.0972489715 0.204025432 0.0967122987 0.203294933 0.0972489715 0.203294933 0.0972489715 0.203294933 0.0972489715 0.203294933 0.0972489715 0.201836884 0.0983260721 0.203294933 0.0972489715 0.201836884 0.0983260721 0.201836884 0.0983260721 0.201836884 0.0983260721 0.201836884 0.0983260721 0.198932528 0.100496352 0.198932528 0.100496352 0.201836884 0.0983260721 0.198932528 0.100496352 0.198932528 0.100496352 0.198932528 0.100496352 0.193171218 0.104899772 0.193171218 0.104899772 0.198932528 0.100496352 0.193171218 0.104899772 0.193171218 0.104899772 0.193171218 0.104899772 0.181842595 0.113955945 0.181842595 0.113955945 0.193171218 0.104899772 0.181842595 0.113955945 0.181842595 0.113955945 0.181842595 0.113955945 0.159995422 0.133038118 0.159995422 0.133038118 0.181842595 0.113955945 0.159995422 0.133038118 0.159995422 0.133038118 0.159995422 0.133038118 0.152878657 0.139759734 0.152878657 0.139759734 0.159995422 0.133038118 0.152878657 0.139759734 0.152878657 0.139759734 0.152878657 0.139759734 0.119797945 0.174856752 0.119797945 0.174856752 0.152878657 0.139759734 0.119797945 0.174856752 0.119797945 0.174856752 0.119797945 0.174856752 0.107387453 0.18995358 0.107387453 0.18995358 0.119797945 0.174856752 0.107387453 0.18995358 0.107387453 0.18995358 0.107387453 0.18995358 0.0847054645 0.221068457 0.0847054645 0.221068457 0.107387453 0.18995358 0.0847054645 0.221068457 0.0847054645 0.221068457 0.0847054645 0.221068457 0.0690747127 0.245904803 0.0690747127 0.245904803 0.0847054645 0.221068457 0.0690747127 0.245904803 0.0690747127 0.245904803 0.0690747127 0.245904803 0.05522158 0.271052063 0.05522158 0.271052063 0.0690747127 0.245904803 0.05522158 0.271052063 0.05522158 0.271052063 0.05522158 0.271052063 0.0387420766 0.306440324 0.0387420766 0.306440324 0.05522158 0.271052063 0.0387420766 0.306440324 0.0387420766 0.306440324 0.0387420766 0.306440324 0.0317192227 0.324134439 0.0317192227 0.324134439 0.0387420766 0.306440324 0.0317192227 0.324134439 0.0317192227 0.324134439 0.0317192227 0.324134439 0.0168137886 0.370700836 0.0317192227 0.324134439 0.0168137886 0.370700836 0.0168137886 0.370700836 0.0168137886 0.370700836 0.0168137886 0.370700836 0.0038747529 0.437205225 0.0168137886 0.370700836 0.0038747529 0.437205225 0.0038747529 0.437205225 0.0038747529 0.437205225 0.0038747529 0.437205225 2.30288533e-05 0.49476546 0.0038747529 0.437205225 2.30288533e-05 0.49476546 2.30288533e-05 0.49476546 2.30288533e-05 0.49476546 2.30288533e-05 0.49476546 0 0.499838948 0 0.499838948 2.30288533e-05 0.49476546 0 0.499838948 0 0.499838948 0 0.499838948 0.00397410197 0.562772989 0.00397410197 0.562772989 0 0.499838948 0.00397410197 0.562772989 0.00397410197 0.562772989 0.00397410197 0.562772989 0.0123198768 0.610268533 0.0123198768 0.610268533 0.00397410197 0.562772989 0.0123198768 0.610268533 0.0123198768 0.610268533 0.0123198768 0.610268533 0.0171072576 0.629621029 0.0171072576 0.629621029 0.0123198768 0.610268533 0.0171072576 0.629621029 0.0171072576 0.629621029 0.0171072576 0.629621029 0.0284589101 0.66618526 0.0284589101 0.66618526 0.0171072576 0.629621029 0.0284589101 0.66618526 0.0284589101 0.66618526 0.0284589101 0.66618526 0.0390693732 0.693644881 0.0390693732 0.693644881 0.0284589101 0.66618526 0.0390693732 0.693644881 0.0390693732 0.693644881 0.0390693732 0.693644881 0.0510005914 0.719878614 0.0510005914 0.719878614 0.0390693732 0.693644881 0.0510005914 0.719878614 0.0510005914 0.719878614 0.0510005914 0.719878614 0.0695584565 0.754287004 0.0695584565 0.754287004 0.0510005914 0.719878614 0.0695584565 0.754287004 0.0695584565 0.754287004 0.0695584565 0.754287004 0.0796359405 0.770623803 0.0796359405 0.770623803 0.0695584565 0.754287004 0.0796359405 0.770623803 0.0796359405 0.770623803 0.0796359405 0.770623803 0.108035304 0.810349107 0.0796359405 0.770623803 0.108035304 0.810349107 0.108035304 0.810349107 0.108035304 0.810349107 0.108035304 0.810349107 0.153688863 0.86056602 0.108035304 0.810349107 0.153688863 0.86056602 0.153688863 0.86056602 0.153688863 0.86056602 0.153688863 0.86056602 0.197986245 0.898403049 0.153688863 0.86056602 0.197986245 0.898403049 0.197986245 0.898403049 0.384695888 0.0134382164 0.319824219 0.0335012525 0.323447824 0.0715190694 0.201836884 0.0983260721 0.198932528 0.100496352 0.203021169 0.0976645276 0.892776847 0.262370408 0.838971496 0.253203601 0.855956078 0.311210841 0.855956078 0.311210841 0.838971496 0.253203601 0.728526235 0.238697067 0.822469294 0.79476887 0.842811942 0.739173234 0.731393814 0.755684674 0.994164586 0.575752914 0.997268081 0.551777184 0.877053201 0.558359265 0.979275644 0.641946793 0.987991571 0.608486176 0.870308101 0.620281994 0.451667577 0.891803384 0.401198328 0.888287961 0.411075354 0.943274677 0.411075354 0.943274677 0.401198328 0.888287961 0.351139396 0.882306933 0.0796359405 0.770623803 0.108035304 0.810349107 0.159019336 0.83509022 0.123526588 0.559348464 0.121461473 0.496216089 0 0.499838948 0.104443885 0.731530666 0.0849135667 0.675073802 0.0390693732 0.693644881 0 0.499838948 0.00397410197 0.562772989 0.123526588 0.559348464 0.123526588 0.559348464 0.00397410197 0.562772989 0.0123198768 0.610268533 0.123526588 0.559348464 0.0123198768 0.610268533 0.0709315911 0.616436303 0.0709315911 0.616436303 0.0123198768 0.610268533 0.0171072576 0.629621029 0.0709315911 0.616436303 0.0171072576 0.629621029 0.0849135667 0.675073802 0.0849135667 0.675073802 0.0171072576 0.629621029 0.0284589101 0.66618526 0.0849135667 0.675073802 0.0284589101 0.66618526 0.0390693732 0.693644881 0.0796359405 0.770623803 0.12925522 0.785097659 0.0695584565 0.754287004 0.0695584565 0.754287004 0.12925522 0.785097659 0.104443885 0.731530666 0.0695584565 0.754287004 0.104443885 0.731530666 0.0510005914 0.719878614 0.0510005914 0.719878614 0.104443885 0.731530666 0.0390693732 0.693644881 0.12925522 0.785097659 0.180125356 0.797742844 0.104443885 0.731530666 0.104443885 0.731530666 0.180125356 0.797742844 0.159022436 0.74170208 0.104443885 0.731530666 0.159022436 0.74170208 0.0849135667 0.675073802 0.0849135667 0.675073802 0.159022436 0.74170208 0.142412588 0.682822704 0.0849135667 0.675073802 0.142412588 0.682822704 0.0709315911 0.616436303 0.0709315911 0.616436303 0.142412588 0.682822704 0.130522683 0.621800601 0.0709315911 0.616436303 0.130522683 0.621800601 0.123526588 0.559348464 0.20544228 0.85027504 0.159019336 0.83509022 0.234657094 0.898660481 0.234657094 0.898660481 0.159019336 0.83509022 0.193364501 0.880856335 0.234657094 0.898660481 0.193364501 0.880856335 0.254116744 0.93517518 0.254116744 0.93517518 0.193364501 0.880856335 0.197986245 0.898403049 0.159019336 0.83509022 0.108035304 0.810349107 0.193364501 0.880856335 0.193364501 0.880856335 0.108035304 0.810349107 0.153688863 0.86056602 0.193364501 0.880856335 0.153688863 0.86056602 0.197986245 0.898403049 0.373656511 0.428818136 0.372754782 0.497766316 0.500568032 0.497921914 0.500568032 0.497921914 0.372754782 0.497766316 0.373488635 0.566786408 0.365722209 0.936249793 0.301695168 0.873934507 0.321053803 0.926422119 0.321053803 0.926422119 0.301695168 0.873934507 0.25306356 0.863237202 0.321053803 0.926422119 0.25306356 0.863237202 0.277291507 0.913868368 0.446604103 0.997129738 0.365722209 0.936249793 0.379387796 0.985062122 0.379387796 0.985062122 0.365722209 0.936249793 0.321053803 0.926422119 0.379387796 0.985062122 0.321053803 0.926422119 0.314639747 0.964115441 0.314639747 0.964115441 0.321053803 0.926422119 0.277291507 0.913868368 0.351139396 0.882306933 0.392639905 0.829368174 0.284920275 0.817428887 0.44337827 0.769456327 0.385506481 0.767113805 0.392639905 0.829368174 0.351139396 0.882306933 0.401198328 0.888287961 0.392639905 0.829368174 0.392639905 0.829368174 0.401198328 0.888287961 0.451667577 0.891803384 0.392639905 0.829368174 0.451667577 0.891803384 0.44337827 0.769456327 0.44337827 0.769456327 0.451667577 0.891803384 0.501406729 0.770084739 0.44337827 0.769456327 0.501406729 0.770084739 0.500829518 0.636698842 0.385506481 0.767113805 0.44337827 0.769456327 0.379890859 0.702156126 0.379890859 0.702156126 0.44337827 0.769456327 0.500829518 0.636698842 0.379890859 0.702156126 0.500829518 0.636698842 0.375867158 0.635154605 0.75356251 0.563165486 0.62830019 0.497499496 0.627751887 0.566341102 0.627751887 0.566341102 0.62830019 0.497499496 0.500568032 0.497921914 0.627751887 0.566341102 0.500568032 0.497921914 0.500829518 0.636698842 0.500829518 0.636698842 0.500568032 0.497921914 0.373488635 0.566786408 0.500829518 0.636698842 0.373488635 0.566786408 0.375867158 0.635154605 0.870308101 0.620281994 0.75356251 0.563165486 0.749206543 0.628949702 0.749206543 0.628949702 0.75356251 0.563165486 0.627751887 0.566341102 0.749206543 0.628949702 0.627751887 0.566341102 0.625686228 0.634529233 0.625686228 0.634529233 0.627751887 0.566341102 0.500829518 0.636698842 0.979275644 0.641946793 0.870308101 0.620281994 0.972237825 0.663727522 0.622140169 0.701354086 0.731393814 0.755684674 0.741776526 0.693349421 0.741776526 0.693349421 0.731393814 0.755684674 0.842811942 0.739173234 0.741776526 0.693349421 0.842811942 0.739173234 0.858833492 0.680785358 0.503556073 1 0.569820225 0.994853437 0.552947879 0.891167521 0.603300393 0.88703537 0.59457016 0.941924989 0.653177679 0.88046813 0.653177679 0.88046813 0.59457016 0.941924989 0.639727354 0.934268057 0.603300393 0.88703537 0.552947879 0.891167521 0.59457016 0.941924989 0.59457016 0.941924989 0.552947879 0.891167521 0.569820225 0.994853437 0.59457016 0.941924989 0.569820225 0.994853437 0.639727354 0.934268057 0.639727354 0.934268057 0.569820225 0.994853437 0.634976387 0.980833888 0.446604103 0.997129738 0.503556073 1 0.502327621 0.892778277 0.502327621 0.892778277 0.503556073 1 0.552947879 0.891167521 0.502327621 0.892778277 0.552947879 0.891167521 0.559402287 0.768962681 0.559402287 0.768962681 0.552947879 0.891167521 0.603300393 0.88703537 0.559402287 0.768962681 0.603300393 0.88703537 0.61086762 0.828245103 0.61086762 0.828245103 0.603300393 0.88703537 0.653177679 0.88046813 0.718206406 0.81529367 0.702391684 0.871546745 0.750757813 0.860341549 0.750757813 0.860341549 0.702391684 0.871546745 0.684148073 0.923847854 0.750757813 0.860341549 0.684148073 0.923847854 0.727625847 0.910745323 0.622140169 0.701354086 0.617176235 0.766143858 0.731393814 0.755684674 0.731393814 0.755684674 0.617176235 0.766143858 0.718206406 0.81529367 0.731393814 0.755684674 0.718206406 0.81529367 0.822469294 0.79476887 0.822469294 0.79476887 0.718206406 0.81529367 0.750757813 0.860341549 0.822469294 0.79476887 0.750757813 0.860341549 0.798077404 0.846928716 0.798077404 0.846928716 0.750757813 0.860341549 0.727625847 0.910745323 0.798077404 0.846928716 0.727625847 0.910745323 0.769941628 0.895042956 0.80711627 0.893759966 0.807469964 0.893484652 0.806607962 0.894154549 0.806607962 0.894154549 0.807469964 0.893484652 0.807823479 0.89320904 0.806607962 0.894154549 0.807823479 0.89320904 0.806099296 0.894548595 0.806099296 0.894548595 0.807823479 0.89320904 0.808529794 0.892656982 0.806099296 0.894548595 0.808529794 0.892656982 0.805080295 0.895334482 0.805080295 0.895334482 0.808529794 0.892656982 0.807878733 0.893110394 0.805080295 0.895334482 0.807878733 0.893110394 0.803036451 0.896898091 0.809732258 0.890822828 0.804359853 0.895447612 0.808568537 0.892404199 0.804359853 0.895447612 0.809732258 0.890822828 0.801033139 0.896680772 0.801033139 0.896680772 0.809732258 0.890822828 0.811210811 0.886997819 0.801033139 0.896680772 0.811210811 0.886997819 0.792728424 0.897820294 0.792728424 0.897820294 0.811210811 0.886997819 0.810886919 0.876794159 0.792728424 0.897820294 0.810886919 0.876794159 0.769941628 0.895042956 0.769941628 0.895042956 0.810886919 0.876794159 0.844168663 0.831333935 0.769941628 0.895042956 0.844168663 0.831333935 0.798077404 0.846928716 0.798077404 0.846928716 0.844168663 0.831333935 0.873022914 0.781766593 0.798077404 0.846928716 0.873022914 0.781766593 0.822469294 0.79476887 0.822469294 0.79476887 0.873022914 0.781766593 0.897088945 0.728711426 0.822469294 0.79476887 0.897088945 0.728711426 0.842811942 0.739173234 0.842811942 0.739173234 0.897088945 0.728711426 0.916045427 0.672820985 0.842811942 0.739173234 0.916045427 0.672820985 0.858833492 0.680785358 0.836798728 0.868777812 0.810886919 0.876794159 0.829248369 0.875511289 0.829248369 0.875511289 0.810886919 0.876794159 0.811210811 0.886997819 0.829248369 0.875511289 0.811210811 0.886997819 0.818312705 0.884794593 0.818312705 0.884794593 0.811210811 0.886997819 0.809732258 0.890822828 0.818312705 0.884794593 0.809732258 0.890822828 0.812746465 0.889317453 0.812746465 0.889317453 0.809732258 0.890822828 0.808568537 0.892404199 0.812746465 0.889317453 0.808568537 0.892404199 0.809939325 0.891548872 0.808529794 0.892656982 0.809939325 0.891548872 0.807878733 0.893110394 0.807878733 0.893110394 0.809939325 0.891548872 0.808568537 0.892404199 0.807878733 0.893110394 0.808568537 0.892404199 0.803036451 0.896898091 0.803036451 0.896898091 0.808568537 0.892404199 0.804359853 0.895447612 0.803036451 0.896898091 0.804359853 0.895447612 0.798925638 0.899992406 0.798925638 0.899992406 0.804359853 0.895447612 0.801033139 0.896680772 0.798925638 0.899992406 0.801033139 0.896680772 0.790612876 0.906049013 0.790612876 0.906049013 0.801033139 0.896680772 0.792728424 0.897820294 0.790612876 0.906049013 0.792728424 0.897820294 0.773639679 0.917628407 0.773639679 0.917628407 0.792728424 0.897820294 0.769941628 0.895042956 0.622140169 0.701354086 0.559402287 0.768962681 0.617176235 0.766143858 0.617176235 0.766143858 0.559402287 0.768962681 0.61086762 0.828245103 0.617176235 0.766143858 0.61086762 0.828245103 0.718206406 0.81529367 0.718206406 0.81529367 0.61086762 0.828245103 0.653177679 0.88046813 0.718206406 0.81529367 0.653177679 0.88046813 0.702391684 0.871546745 0.702391684 0.871546745 0.653177679 0.88046813 0.639727354 0.934268057 0.702391684 0.871546745 0.639727354 0.934268057 0.684148073 0.923847854 0.684148073 0.923847854 0.639727354 0.934268057 0.634976387 0.980833888 0.684148073 0.923847854 0.634976387 0.980833888 0.727625847 0.910745323 0.727625847 0.910745323 0.634976387 0.980833888 0.698949039 0.95787853 0.727625847 0.910745323 0.698949039 0.95787853 0.769941628 0.895042956 0.769941628 0.895042956 0.698949039 0.95787853 0.759665906 0.926423073 0.769941628 0.895042956 0.759665906 0.926423073 0.773639679 0.917628407 0.600331008 0.110247873 0.608485818 0.168351218 0.649458766 0.11602132 0.649458766 0.11602132 0.608485818 0.168351218 0.714578509 0.179624602 0.792259336 0.146553859 0.745637953 0.134195954 0.714578509 0.179624602 0.714578509 0.179624602 0.745637953 0.134195954 0.697960794 0.124019518 0.714578509 0.179624602 0.697960794 0.124019518 0.649458766 0.11602132 0.735013604 0.0587006323 0.763127685 0.099139601 0.774112046 0.0818310007 0.774112046 0.0818310007 0.763127685 0.099139601 0.803323686 0.116032772 0.774112046 0.0818310007 0.803323686 0.116032772 0.781555951 0.0868002847 0.781555951 0.0868002847 0.803323686 0.116032772 0.802706599 0.105434068 0.781555951 0.0868002847 0.802706599 0.105434068 0.789659977 0.092433624 0.789659977 0.092433624 0.802706599 0.105434068 0.800746441 0.101391315 0.789659977 0.092433624 0.800746441 0.101391315 0.793667614 0.0953084677 0.793667614 0.0953084677 0.800746441 0.101391315 0.799340367 0.0996956825 0.793667614 0.0953084677 0.799340367 0.0996956825 0.795660198 0.0967602134 0.795660198 0.0967602134 0.799340367 0.0996956825 0.800539076 0.100379162 0.795660198 0.0967602134 0.800539076 0.100379162 0.796653688 0.0974897817 0.796653688 0.0974897817 0.800539076 0.100379162 0.799094141 0.0992977247 0.796653688 0.0974897817 0.799094141 0.0992977247 0.797149718 0.097855337 0.797149718 0.097855337 0.799094141 0.0992977247 0.798370183 0.0987590998 0.797149718 0.097855337 0.798370183 0.0987590998 0.797397554 0.0980384648 0.797397554 0.0980384648 0.798370183 0.0987590998 0.797645271 0.0982215926 0.86763525 0.209793404 0.916373193 0.223010629 0.894444525 0.192606464 0.714578509 0.179624602 0.817655265 0.198106125 0.792259336 0.146553859 0.792259336 0.146553859 0.817655265 0.198106125 0.86763525 0.209793404 0.792259336 0.146553859 0.86763525 0.209793404 0.837681472 0.160812572 0.837681472 0.160812572 0.86763525 0.209793404 0.894444525 0.192606464 0.837681472 0.160812572 0.894444525 0.192606464 0.88171947 0.176952288 0.88171947 0.176952288 0.849276423 0.142147362 0.837681472 0.160812572 0.837681472 0.160812572 0.849276423 0.142147362 0.841972589 0.135166913 0.837681472 0.160812572 0.841972589 0.135166913 0.82285589 0.125330731 0.82285589 0.125330731 0.841972589 0.135166913 0.820346177 0.1160568 0.82285589 0.125330731 0.820346177 0.1160568 0.811582625 0.110673778 0.811582625 0.110673778 0.820346177 0.1160568 0.809125245 0.106976047 0.608485818 0.168351218 0.615328014 0.2298792 0.728526235 0.238697067 0.728526235 0.238697067 0.615328014 0.2298792 0.739642978 0.300618261 0.728526235 0.238697067 0.739642978 0.300618261 0.855956078 0.311210841 0.855956078 0.311210841 0.739642978 0.300618261 0.868394315 0.371443808 0.855956078 0.311210841 0.868394315 0.371443808 0.98390317 0.373791754 0.98390317 0.373791754 0.868394315 0.371443808 0.996481001 0.440369338 0.98390317 0.373791754 0.968629301 0.325434506 0.855956078 0.311210841 0.855956078 0.311210841 0.968629301 0.325434506 0.962366223 0.309466869 0.855956078 0.311210841 0.962366223 0.309466869 0.892776847 0.262370408 0.892776847 0.262370408 0.962366223 0.309466869 0.945459127 0.272724241 0.892776847 0.262370408 0.945459127 0.272724241 0.932395101 0.2487524 0.608485818 0.168351218 0.728526235 0.238697067 0.714578509 0.179624602 0.714578509 0.179624602 0.728526235 0.238697067 0.838971496 0.253203601 0.714578509 0.179624602 0.838971496 0.253203601 0.817655265 0.198106125 0.817655265 0.198106125 0.838971496 0.253203601 0.892776847 0.262370408 0.817655265 0.198106125 0.892776847 0.262370408 0.86763525 0.209793404 0.86763525 0.209793404 0.892776847 0.262370408 0.932395101 0.2487524 0.86763525 0.209793404 0.932395101 0.2487524 0.916373193 0.223010629 0.997268081 0.551777184 0.999926388 0.508154809 0.877053201 0.558359265 0.877053201 0.558359265 0.999926388 0.508154809 0.878994226 0.495751619 0.877053201 0.558359265 0.878994226 0.495751619 0.754788756 0.496715873 0.754788756 0.496715873 0.878994226 0.495751619 0.752858818 0.430326581 0.754788756 0.496715873 0.752858818 0.430326581 0.627310395 0.428722322 0.627310395 0.428722322 0.752858818 0.430326581 0.624795973 0.360727489 0.627310395 0.428722322 0.624795973 0.360727489 0.500522971 0.359419197 0.203021169 0.0976645276 0.198932528 0.100496352 0.201574057 0.0993763655 0.201574057 0.0993763655 0.198932528 0.100496352 0.193171218 0.104899772 0.201574057 0.0993763655 0.193171218 0.104899772 0.199530572 0.103458926 0.199530572 0.103458926 0.193171218 0.104899772 0.181842595 0.113955945 0.199530572 0.103458926 0.181842595 0.113955945 0.198747799 0.114169657 0.198747799 0.114169657 0.181842595 0.113955945 0.159995422 0.133038118 0.198747799 0.114169657 0.159995422 0.133038118 0.163956448 0.158994451 0.239085361 0.09757597 0.264962047 0.0585349649 0.258559734 0.0619960688 0.258559734 0.0619960688 0.243895009 0.0703866407 0.239085361 0.09757597 0.239085361 0.09757597 0.243895009 0.0703866407 0.237484738 0.0742005929 0.239085361 0.09757597 0.237484738 0.0742005929 0.217655152 0.0935470462 0.217655152 0.0935470462 0.237484738 0.0742005929 0.220890164 0.0848730505 0.217655152 0.0935470462 0.220890164 0.0848730505 0.210090682 0.0940011591 0.210090682 0.0940011591 0.220890164 0.0848730505 0.212765053 0.0904481411 0.210090682 0.0940011591 0.212765053 0.0904481411 0.207139134 0.0948704183 0.207139134 0.0948704183 0.212765053 0.0904481411 0.208746105 0.0932933763 0.207139134 0.0948704183 0.208746105 0.0932933763 0.205875978 0.0954684094 0.205875978 0.0954684094 0.208746105 0.0932933763 0.206747726 0.0947304517 0.159995422 0.133038118 0.152878657 0.139759734 0.163956448 0.158994451 0.163956448 0.158994451 0.152878657 0.139759734 0.119797945 0.174856752 0.163956448 0.158994451 0.119797945 0.174856752 0.133580446 0.208123326 0.119797945 0.174856752 0.107387453 0.18995358 0.133580446 0.208123326 0.133580446 0.208123326 0.107387453 0.18995358 0.0847054645 0.221068457 0.133580446 0.208123326 0.0847054645 0.221068457 0.108057179 0.260949254 0.319824219 0.0335012525 0.28071174 0.0833083093 0.323447824 0.0715190694 0.323447824 0.0715190694 0.28071174 0.0833083093 0.256269306 0.133037418 0.323447824 0.0715190694 0.256269306 0.133037418 0.3039985 0.123123161 0.3039985 0.123123161 0.256269306 0.133037418 0.287008733 0.178826585 0.384695888 0.0134382164 0.323447824 0.0715190694 0.367083192 0.0622895472 0.367083192 0.0622895472 0.323447824 0.0715190694 0.3039985 0.123123161 0.367083192 0.0622895472 0.3039985 0.123123161 0.352535158 0.115367457 0.352535158 0.115367457 0.3039985 0.123123161 0.287008733 0.178826585 0.352535158 0.115367457 0.287008733 0.178826585 0.393187821 0.167978823 0.393187821 0.167978823 0.287008733 0.178826585 0.386043251 0.229587406 0.393187821 0.167978823 0.386043251 0.229587406 0.500701427 0.226855174 0.411399364 0.0556824654 0.401683569 0.1098224 0.451770544 0.00232057995 0.451770544 0.00232057995 0.401683569 0.1098224 0.451242924 0.106526263 0.451770544 0.00232057995 0.451242924 0.106526263 0.500255525 0 0.500255525 0 0.451242924 0.106526263 0.50101006 0.105496362 0.500255525 0 0.50101006 0.105496362 0.519656956 0.000387624721 0.0847054645 0.221068457 0.0690747127 0.245904803 0.108057179 0.260949254 0.108057179 0.260949254 0.0690747127 0.245904803 0.05522158 0.271052063 0.108057179 0.260949254 0.05522158 0.271052063 0.144763276 0.310352892 0.05522158 0.271052063 0.0387420766 0.306440324 0.144763276 0.310352892 0.144763276 0.310352892 0.0387420766 0.306440324 0.0317192227 0.324134439 0.144763276 0.310352892 0.0317192227 0.324134439 0.132119119 0.370957971 0.132119119 0.370957971 0.0317192227 0.324134439 0.0168137886 0.370700836 0.132119119 0.370957971 0.0168137886 0.370700836 0.12433061 0.433163434 0.12433061 0.433163434 0.0168137886 0.370700836 0.0038747529 0.437205225 0.12433061 0.433163434 0.0038747529 0.437205225 0.121461473 0.496216089 0.121461473 0.496216089 0.0038747529 0.437205225 2.30288533e-05 0.49476546 0.121461473 0.496216089 2.30288533e-05 0.49476546 0 0.499838948 0.183732748 0.196729258 0.162049636 0.252048969 0.272728384 0.238052994 0.272728384 0.238052994 0.162049636 0.252048969 0.261343449 0.300176591 0.272728384 0.238052994 0.261343449 0.300176591 0.380348384 0.294035345 0.380348384 0.294035345 0.261343449 0.300176591 0.376193464 0.360669374 0.380348384 0.294035345 0.376193464 0.360669374 0.500522971 0.359419197 0.284920275 0.817428887 0.392639905 0.829368174 0.270938396 0.757519722 0.270938396 0.757519722 0.392639905 0.829368174 0.385506481 0.767113805 0.270938396 0.757519722 0.385506481 0.767113805 0.25993374 0.69485414 0.25993374 0.69485414 0.385506481 0.767113805 0.379890859 0.702156126 0.25993374 0.69485414 0.379890859 0.702156126 0.252055287 0.630106151 0.252055287 0.630106151 0.379890859 0.702156126 0.375867158 0.635154605 0.252055287 0.630106151 0.375867158 0.635154605 0.247415632 0.56396687 0.247415632 0.56396687 0.375867158 0.635154605 0.373488635 0.566786408 0.247415632 0.56396687 0.373488635 0.566786408 0.24603264 0.497165233 0.24603264 0.497165233 0.373488635 0.566786408 0.372754782 0.497766316 0.24603264 0.497165233 0.372754782 0.497766316 0.247903347 0.430439323 0.247903347 0.430439323 0.372754782 0.497766316 0.373656511 0.428818136 0.247903347 0.430439323 0.373656511 0.428818136 0.253020316 0.364532918 0.999926388 0.508154809 1 0.499373376 0.878994226 0.495751619 0.878994226 0.495751619 1 0.499373376 0.876098573 0.433200449 0.878994226 0.495751619 0.876098573 0.433200449 0.752858818 0.430326581 0.752858818 0.430326581 0.876098573 0.433200449 0.747793376 0.364722461 0.752858818 0.430326581 0.747793376 0.364722461 0.624795973 0.360727489 0.624795973 0.360727489 0.747793376 0.364722461 0.620784402 0.294222534 0.624795973 0.360727489 0.620784402 0.294222534 0.500522971 0.359419197 0.500522971 0.359419197 0.620784402 0.294222534 0.500701427 0.226855174 0.500522971 0.359419197 0.500701427 0.226855174 0.380348384 0.294035345 0.380348384 0.294035345 0.500701427 0.226855174 0.386043251 0.229587406 0.380348384 0.294035345 0.386043251 0.229587406 0.272728384 0.238052994 0.272728384 0.238052994 0.386043251 0.229587406 0.287008733 0.178826585 0.272728384 0.238052994 0.287008733 0.178826585 0.183732748 0.196729258 0.183732748 0.196729258 0.287008733 0.178826585 0.256269306 0.133037418 0.183732748 0.196729258 0.256269306 0.133037418 0.209535733 0.145039812 0.209535733 0.145039812 0.256269306 0.133037418 0.28071174 0.0833083093 0.209535733 0.145039812 0.28071174 0.0833083093 0.239085361 0.09757597 0.239085361 0.09757597 0.28071174 0.0833083093 0.319824219 0.0335012525 0.239085361 0.09757597 0.319824219 0.0335012525 0.264962047 0.0585349649 0.0796359405 0.770623803 0.159019336 0.83509022 0.12925522 0.785097659 0.12925522 0.785097659 0.159019336 0.83509022 0.20544228 0.85027504 0.12925522 0.785097659 0.20544228 0.85027504 0.180125356 0.797742844 0.180125356 0.797742844 0.20544228 0.85027504 0.284920275 0.817428887 0.180125356 0.797742844 0.284920275 0.817428887 0.159022436 0.74170208 0.159022436 0.74170208 0.284920275 0.817428887 0.270938396 0.757519722 0.159022436 0.74170208 0.270938396 0.757519722 0.142412588 0.682822704 0.142412588 0.682822704 0.270938396 0.757519722 0.25993374 0.69485414 0.142412588 0.682822704 0.25993374 0.69485414 0.130522683 0.621800601 0.130522683 0.621800601 0.25993374 0.69485414 0.252055287 0.630106151 0.130522683 0.621800601 0.252055287 0.630106151 0.123526588 0.559348464 0.123526588 0.559348464 0.252055287 0.630106151 0.247415632 0.56396687 0.123526588 0.559348464 0.247415632 0.56396687 0.121461473 0.496216089 0.121461473 0.496216089 0.247415632 0.56396687 0.24603264 0.497165233 0.121461473 0.496216089 0.24603264 0.497165233 0.12433061 0.433163434 0.12433061 0.433163434 0.24603264 0.497165233 0.247903347 0.430439323 0.12433061 0.433163434 0.247903347 0.430439323 0.132119119 0.370957971 0.132119119 0.370957971 0.247903347 0.430439323 0.253020316 0.364532918 0.132119119 0.370957971 0.253020316 0.364532918 0.144763276 0.310352892 0.735013604 0.0587006323 0.729200423 0.0556581616 0.763127685 0.099139601 0.763127685 0.099139601 0.729200423 0.0556581616 0.716131032 0.04910025 0.763127685 0.099139601 0.716131032 0.04910025 0.721596599 0.0845116898 0.721596599 0.0845116898 0.716131032 0.04910025 0.653087914 0.0239813291 0.721596599 0.0845116898 0.653087914 0.0239813291 0.678893387 0.072456494 0.678893387 0.072456494 0.653087914 0.0239813291 0.619440496 0.0144607071 0.678893387 0.072456494 0.619440496 0.0144607071 0.635275245 0.0629780516 0.635275245 0.0629780516 0.619440496 0.0144607071 0.587217927 0.00765974401 0.635275245 0.0629780516 0.587217927 0.00765974401 0.590965271 0.0561330877 0.590965271 0.0561330877 0.587217927 0.00765974401 0.519656956 0.000387624721 0.590965271 0.0561330877 0.519656956 0.000387624721 0.550778151 0.106735088 0.550778151 0.106735088 0.519656956 0.000387624721 0.50101006 0.105496362 0.550778151 0.106735088 0.50101006 0.105496362 0.500701427 0.226855174 0.500701427 0.226855174 0.50101006 0.105496362 0.451242924 0.106526263 0.500701427 0.226855174 0.451242924 0.106526263 0.393187821 0.167978823 0.393187821 0.167978823 0.451242924 0.106526263 0.401683569 0.1098224 0.393187821 0.167978823 0.401683569 0.1098224 0.352535158 0.115367457 0.352535158 0.115367457 0.401683569 0.1098224 0.411399364 0.0556824654 0.352535158 0.115367457 0.411399364 0.0556824654 0.367083192 0.0622895472 0.367083192 0.0622895472 0.411399364 0.0556824654 0.451770544 0.00232057995 0.367083192 0.0622895472 0.451770544 0.00232057995 0.384695888 0.0134382164 0.254116744 0.93517518 0.314639747 0.964115441 0.234657094 0.898660481 0.234657094 0.898660481 0.314639747 0.964115441 0.277291507 0.913868368 0.234657094 0.898660481 0.277291507 0.913868368 0.20544228 0.85027504 0.20544228 0.85027504 0.277291507 0.913868368 0.25306356 0.863237202 0.20544228 0.85027504 0.25306356 0.863237202 0.284920275 0.817428887 0.284920275 0.817428887 0.25306356 0.863237202 0.301695168 0.873934507 0.284920275 0.817428887 0.301695168 0.873934507 0.351139396 0.882306933 0.351139396 0.882306933 0.301695168 0.873934507 0.365722209 0.936249793 0.351139396 0.882306933 0.365722209 0.936249793 0.411075354 0.943274677 0.411075354 0.943274677 0.365722209 0.936249793 0.446604103 0.997129738 0.411075354 0.943274677 0.446604103 0.997129738 0.451667577 0.891803384 0.451667577 0.891803384 0.446604103 0.997129738 0.502327621 0.892778277 0.451667577 0.891803384 0.502327621 0.892778277 0.501406729 0.770084739 0.501406729 0.770084739 0.502327621 0.892778277 0.559402287 0.768962681 0.501406729 0.770084739 0.559402287 0.768962681 0.500829518 0.636698842 0.500829518 0.636698842 0.559402287 0.768962681 0.622140169 0.701354086 0.500829518 0.636698842 0.622140169 0.701354086 0.625686228 0.634529233 0.625686228 0.634529233 0.622140169 0.701354086 0.741776526 0.693349421 0.625686228 0.634529233 0.741776526 0.693349421 0.749206543 0.628949702 0.749206543 0.628949702 0.741776526 0.693349421 0.858833492 0.680785358 0.749206543 0.628949702 0.858833492 0.680785358 0.870308101 0.620281994 0.870308101 0.620281994 0.858833492 0.680785358 0.916045427 0.672820985 0.870308101 0.620281994 0.916045427 0.672820985 0.972237825 0.663727522 0.972237825 0.663727522 0.916045427 0.672820985 0.897088945 0.728711426 0.972237825 0.663727522 0.897088945 0.728711426 0.955621898 0.705308259 0.955621898 0.705308259 0.897088945 0.728711426 0.873022914 0.781766593 0.955621898 0.705308259 0.873022914 0.781766593 0.923532069 0.765076935 0.923532069 0.765076935 0.873022914 0.781766593 0.844168663 0.831333935 0.923532069 0.765076935 0.844168663 0.831333935 0.883636475 0.819964051 0.883636475 0.819964051 0.844168663 0.831333935 0.810886919 0.876794159 0.883636475 0.819964051 0.810886919 0.876794159 0.850302279 0.856022656 0.850302279 0.856022656 0.810886919 0.876794159 0.836798728 0.868777812 1 0.499373376 0.996481001 0.440369338 0.876098573 0.433200449 0.876098573 0.433200449 0.996481001 0.440369338 0.868394315 0.371443808 0.876098573 0.433200449 0.868394315 0.371443808 0.747793376 0.364722461 0.747793376 0.364722461 0.868394315 0.371443808 0.739642978 0.300618261 0.747793376 0.364722461 0.739642978 0.300618261 0.620784402 0.294222534 0.620784402 0.294222534 0.739642978 0.300618261 0.615328014 0.2298792 0.620784402 0.294222534 0.615328014 0.2298792 0.500701427 0.226855174 0.500701427 0.226855174 0.615328014 0.2298792 0.608485818 0.168351218 0.500701427 0.226855174 0.608485818 0.168351218 0.550778151 0.106735088 0.550778151 0.106735088 0.608485818 0.168351218 0.600331008 0.110247873 0.550778151 0.106735088 0.600331008 0.110247873 0.590965271 0.0561330877 0.590965271 0.0561330877 0.600331008 0.110247873 0.649458766 0.11602132 0.590965271 0.0561330877 0.649458766 0.11602132 0.635275245 0.0629780516 0.635275245 0.0629780516 0.649458766 0.11602132 0.697960794 0.124019518 0.635275245 0.0629780516 0.697960794 0.124019518 0.678893387 0.072456494 0.678893387 0.072456494 0.697960794 0.124019518 0.745637953 0.134195954 0.678893387 0.072456494 0.745637953 0.134195954 0.721596599 0.0845116898 0.721596599 0.0845116898 0.745637953 0.134195954 0.792259336 0.146553859 0.721596599 0.0845116898 0.792259336 0.146553859 0.763127685 0.099139601 0.763127685 0.099139601 0.792259336 0.146553859 0.837681472 0.160812572 0.763127685 0.099139601 0.837681472 0.160812572 0.803323686 0.116032772 0.803323686 0.116032772 0.837681472 0.160812572 0.82285589 0.125330731 0.803323686 0.116032772 0.82285589 0.125330731 0.802706599 0.105434068 0.802706599 0.105434068 0.82285589 0.125330731 0.811582625 0.110673778 0.802706599 0.105434068 0.811582625 0.110673778 0.800746441 0.101391315 0.800746441 0.101391315 0.811582625 0.110673778 0.809125245 0.106976047 0.800746441 0.101391315 0.809125245 0.106976047 0.799340367 0.0996956825 0.799340367 0.0996956825 0.809125245 0.106976047 0.803417027 0.10255754 0.799340367 0.0996956825 0.803417027 0.10255754 0.800539076 0.100379162 0.204756871 0.0961770266 0.204391032 0.0964445248 0.205253884 0.0958145484 0.205253884 0.0958145484 0.204391032 0.0964445248 0.204025432 0.0967122987 0.205253884 0.0958145484 0.204025432 0.0967122987 0.205751374 0.0954524875 0.205751374 0.0954524875 0.204025432 0.0967122987 0.203294933 0.0972489715 0.205751374 0.0954524875 0.203294933 0.0972489715 0.206747726 0.0947304517 0.206747726 0.0947304517 0.203294933 0.0972489715 0.201836884 0.0983260721 0.206747726 0.0947304517 0.201836884 0.0983260721 0.205875978 0.0954684094 0.205875978 0.0954684094 0.201836884 0.0983260721 0.203021169 0.0976645276 0.205875978 0.0954684094 0.203021169 0.0976645276 0.207139134 0.0948704183 0.207139134 0.0948704183 0.203021169 0.0976645276 0.201574057 0.0993763655 0.207139134 0.0948704183 0.201574057 0.0993763655 0.210090682 0.0940011591 0.210090682 0.0940011591 0.201574057 0.0993763655 0.199530572 0.103458926 0.210090682 0.0940011591 0.199530572 0.103458926 0.217655152 0.0935470462 0.217655152 0.0935470462 0.199530572 0.103458926 0.198747799 0.114169657 0.217655152 0.0935470462 0.198747799 0.114169657 0.239085361 0.09757597 0.239085361 0.09757597 0.198747799 0.114169657 0.163956448 0.158994451 0.239085361 0.09757597 0.163956448 0.158994451 0.209535733 0.145039812 0.209535733 0.145039812 0.163956448 0.158994451 0.133580446 0.208123326 0.209535733 0.145039812 0.133580446 0.208123326 0.183732748 0.196729258 0.183732748 0.196729258 0.133580446 0.208123326 0.108057179 0.260949254 0.183732748 0.196729258 0.108057179 0.260949254 0.162049636 0.252048969 0.162049636 0.252048969 0.108057179 0.260949254 0.144763276 0.310352892 0.162049636 0.252048969 0.144763276 0.310352892 0.261343449 0.300176591 0.261343449 0.300176591 0.144763276 0.310352892 0.253020316 0.364532918 0.261343449 0.300176591 0.253020316 0.364532918 0.376193464 0.360669374 0.376193464 0.360669374 0.253020316 0.364532918 0.373656511 0.428818136 0.376193464 0.360669374 0.373656511 0.428818136 0.500522971 0.359419197 0.500522971 0.359419197 0.373656511 0.428818136 0.500568032 0.497921914 0.500522971 0.359419197 0.500568032 0.497921914 0.627310395 0.428722322 0.627310395 0.428722322 0.500568032 0.497921914 0.62830019 0.497499496 0.627310395 0.428722322 0.62830019 0.497499496 0.754788756 0.496715873 0.754788756 0.496715873 0.62830019 0.497499496 0.75356251 0.563165486 0.754788756 0.496715873 0.75356251 0.563165486 0.877053201 0.558359265 0.877053201 0.558359265 0.75356251 0.563165486 0.870308101 0.620281994 0.877053201 0.558359265 0.870308101 0.620281994 0.994164586 0.575752914 0.994164586 0.575752914 0.870308101 0.620281994 0.987991571 0.608486176 0.996481001 0.440369338 1 0.499373376 0.878994226 0.495751619 0.352535158 0.115367457 0.3039985 0.123123161 0.323447824 0.0715190694 0.323447824 0.0715190694 0.3039985 0.123123161 0.28071174 0.0833083093 0.204391032 0.0964445248 0.204756871 0.0961770266 0.205253884 0.0958145484 0.803417027 0.10255754 0.809125245 0.106976047 0.799340367 0.0996956825 0.797397554 0.0980384648 0.797645271 0.0982215926 0.798370183 0.0987590998 0.803036451 0.896898091 0.807878733 0.893110394 0.805080295 0.895334482 0.805080295 0.895334482 0.807878733 0.893110394 0.808529794 0.892656982 0.805080295 0.895334482 0.808529794 0.892656982 0.806099296 0.894548595 0.806099296 0.894548595 0.808529794 0.892656982 0.807823479 0.89320904 0.806099296 0.894548595 0.807823479 0.89320904 0.806607962 0.894154549 0.806607962 0.894154549 0.807823479 0.89320904 0.807469964 0.893484652 0.806607962 0.894154549 0.807469964 0.893484652 0.80711627 0.893759966 0.844168663 0.831333935 0.798077404 0.846928716 0.822469294 0.79476887 0.634976387 0.980833888 0.569820225 0.994853437 0.59457016 0.941924989 0.552947879 0.891167521 0.502327621 0.892778277 0.501406729 0.770084739 0.877053201 0.558359265 0.870308101 0.620281994 0.749206543 0.628949702 0.411075354 0.943274677 0.446604103 0.997129738 0.379387796 0.985062122 0.501406729 0.770084739 0.502327621 0.892778277 0.44337827 0.769456327 0.180125356 0.797742844 0.20544228 0.85027504 0.159019336 0.83509022 0.159019336 0.83509022 0.20544228 0.85027504 0.193364501 0.880856335 0.0390693732 0.693644881 0.0284589101 0.66618526 0.0849135667 0.675073802 0 0.499838948 2.30288533e-05 0.49476546 0.121461473 0.496216089 0.0390693732 0.693644881 0.0849135667 0.675073802 0.0510005914 0.719878614 0.0171072576 0.629621029 0.0123198768 0.610268533 0.0709315911 0.616436303 0.0709315911 0.616436303 0.0123198768 0.610268533 0.00397410197 0.562772989 0.0709315911 0.616436303 0.00397410197 0.562772989 0.123526588 0.559348464 0.0796359405 0.770623803 0.0695584565 0.754287004 0.104443885 0.731530666 0.254116744 0.93517518 0.197986245 0.898403049 0.193364501 0.880856335 0.193364501 0.880856335 0.197986245 0.898403049 0.153688863 0.86056602 0.193364501 0.880856335 0.153688863 0.86056602 0.159019336 0.83509022 0.351139396 0.882306933 0.321053803 0.926422119 0.301695168 0.873934507 0.301695168 0.873934507 0.321053803 0.926422119 0.277291507 0.913868368 0.373488635 0.566786408 0.375867158 0.635154605 0.252055287 0.630106151 0.252055287 0.630106151 0.375867158 0.635154605 0.25993374 0.69485414 0.252055287 0.630106151 0.25993374 0.69485414 0.142412588 0.682822704 0.142412588 0.682822704 0.25993374 0.69485414 0.159022436 0.74170208 0.142412588 0.682822704 0.159022436 0.74170208 0.104443885 0.731530666 0.104443885 0.731530666 0.159022436 0.74170208 0.12925522 0.785097659 0.104443885 0.731530666 0.12925522 0.785097659 0.0796359405 0.770623803 0.0796359405 0.770623803 0.12925522 0.785097659 0.108035304 0.810349107 0.372754782 0.497766316 0.373488635 0.566786408 0.247415632 0.56396687 0.247415632 0.56396687 0.373488635 0.566786408 0.252055287 0.630106151 0.247415632 0.56396687 0.252055287 0.630106151 0.130522683 0.621800601 0.130522683 0.621800601 0.252055287 0.630106151 0.142412588 0.682822704 0.130522683 0.621800601 0.142412588 0.682822704 0.0849135667 0.675073802 0.0849135667 0.675073802 0.142412588 0.682822704 0.104443885 0.731530666 0.0849135667 0.675073802 0.104443885 0.731530666 0.0510005914 0.719878614 0.0510005914 0.719878614 0.104443885 0.731530666 0.0695584565 0.754287004 0.372754782 0.497766316 0.500568032 0.497921914 0.373488635 0.566786408 0.373488635 0.566786408 0.500568032 0.497921914 0.500829518 0.636698842 0.373488635 0.566786408 0.500829518 0.636698842 0.375867158 0.635154605 0.375867158 0.635154605 0.500829518 0.636698842 0.379890859 0.702156126 0.375867158 0.635154605 0.379890859 0.702156126 0.25993374 0.69485414 0.25993374 0.69485414 0.379890859 0.702156126 0.270938396 0.757519722 0.25993374 0.69485414 0.270938396 0.757519722 0.159022436 0.74170208 0.159022436 0.74170208 0.270938396 0.757519722 0.180125356 0.797742844 0.159022436 0.74170208 0.180125356 0.797742844 0.12925522 0.785097659 0.12925522 0.785097659 0.180125356 0.797742844 0.159019336 0.83509022 0.12925522 0.785097659 0.159019336 0.83509022 0.108035304 0.810349107 0.108035304 0.810349107 0.159019336 0.83509022 0.153688863 0.86056602 0.44337827 0.769456327 0.392639905 0.829368174 0.385506481 0.767113805 0.385506481 0.767113805 0.392639905 0.829368174 0.284920275 0.817428887 0.254116744 0.93517518 0.277291507 0.913868368 0.314639747 0.964115441 0.314639747 0.964115441 0.277291507 0.913868368 0.321053803 0.926422119 0.314639747 0.964115441 0.321053803 0.926422119 0.365722209 0.936249793 0.365722209 0.936249793 0.321053803 0.926422119 0.351139396 0.882306933 0.365722209 0.936249793 0.351139396 0.882306933 0.401198328 0.888287961 0.254116744 0.93517518 0.234657094 0.898660481 0.277291507 0.913868368 0.277291507 0.913868368 0.234657094 0.898660481 0.25306356 0.863237202 0.277291507 0.913868368 0.25306356 0.863237202 0.301695168 0.873934507 0.301695168 0.873934507 0.25306356 0.863237202 0.284920275 0.817428887 0.301695168 0.873934507 0.284920275 0.817428887 0.351139396 0.882306933 0.351139396 0.882306933 0.284920275 0.817428887 0.392639905 0.829368174 0.351139396 0.882306933 0.392639905 0.829368174 0.401198328 0.888287961 0.401198328 0.888287961 0.392639905 0.829368174 0.44337827 0.769456327 0.401198328 0.888287961 0.44337827 0.769456327 0.451667577 0.891803384 0.451667577 0.891803384 0.44337827 0.769456327 0.502327621 0.892778277 1 0.499373376 0.999926388 0.508154809 0.878994226 0.495751619 0.878994226 0.495751619 0.999926388 0.508154809 0.877053201 0.558359265 0.878994226 0.495751619 0.877053201 0.558359265 0.75356251 0.563165486 0.75356251 0.563165486 0.877053201 0.558359265 0.749206543 0.628949702 0.75356251 0.563165486 0.749206543 0.628949702 0.625686228 0.634529233 0.625686228 0.634529233 0.749206543 0.628949702 0.622140169 0.701354086 0.870308101 0.620281994 0.979275644 0.641946793 0.916045427 0.672820985 0.916045427 0.672820985 0.979275644 0.641946793 0.972237825 0.663727522 0.916045427 0.672820985 0.972237825 0.663727522 0.955621898 0.705308259 0.999926388 0.508154809 0.997268081 0.551777184 0.877053201 0.558359265 0.877053201 0.558359265 0.997268081 0.551777184 0.994164586 0.575752914 0.877053201 0.558359265 0.994164586 0.575752914 0.870308101 0.620281994 0.870308101 0.620281994 0.994164586 0.575752914 0.987991571 0.608486176 0.870308101 0.620281994 0.987991571 0.608486176 0.979275644 0.641946793 0.617176235 0.766143858 0.622140169 0.701354086 0.741776526 0.693349421 0.254116744 0.93517518 0.193364501 0.880856335 0.234657094 0.898660481 0.234657094 0.898660481 0.193364501 0.880856335 0.20544228 0.85027504 0.234657094 0.898660481 0.20544228 0.85027504 0.25306356 0.863237202 0.25306356 0.863237202 0.20544228 0.85027504 0.180125356 0.797742844 0.25306356 0.863237202 0.180125356 0.797742844 0.284920275 0.817428887 0.284920275 0.817428887 0.180125356 0.797742844 0.270938396 0.757519722 0.284920275 0.817428887 0.270938396 0.757519722 0.385506481 0.767113805 0.385506481 0.767113805 0.270938396 0.757519722 0.379890859 0.702156126 0.385506481 0.767113805 0.379890859 0.702156126 0.44337827 0.769456327 0.44337827 0.769456327 0.379890859 0.702156126 0.500829518 0.636698842 0.44337827 0.769456327 0.500829518 0.636698842 0.501406729 0.770084739 0.501406729 0.770084739 0.500829518 0.636698842 0.559402287 0.768962681 0.501406729 0.770084739 0.559402287 0.768962681 0.552947879 0.891167521 0.552947879 0.891167521 0.559402287 0.768962681 0.61086762 0.828245103 0.552947879 0.891167521 0.61086762 0.828245103 0.603300393 0.88703537 0.603300393 0.88703537 0.61086762 0.828245103 0.653177679 0.88046813 0.653177679 0.88046813 0.61086762 0.828245103 0.718206406 0.81529367 0.653177679 0.88046813 0.718206406 0.81529367 0.702391684 0.871546745 0.617176235 0.766143858 0.741776526 0.693349421 0.731393814 0.755684674 0.731393814 0.755684674 0.741776526 0.693349421 0.858833492 0.680785358 0.731393814 0.755684674 0.858833492 0.680785358 0.842811942 0.739173234 0.842811942 0.739173234 0.858833492 0.680785358 0.897088945 0.728711426 0.842811942 0.739173234 0.897088945 0.728711426 0.873022914 0.781766593 0.873022914 0.781766593 0.897088945 0.728711426 0.923532069 0.765076935 0.873022914 0.781766593 0.923532069 0.765076935 0.883636475 0.819964051 0.822469294 0.79476887 0.798077404 0.846928716 0.718206406 0.81529367 0.718206406 0.81529367 0.798077404 0.846928716 0.750757813 0.860341549 0.718206406 0.81529367 0.750757813 0.860341549 0.702391684 0.871546745 0.809939325 0.891548872 0.808568537 0.892404199 0.812746465 0.889317453 0.812746465 0.889317453 0.808568537 0.892404199 0.809732258 0.890822828 0.812746465 0.889317453 0.809732258 0.890822828 0.818312705 0.884794593 0.818312705 0.884794593 0.809732258 0.890822828 0.811210811 0.886997819 0.818312705 0.884794593 0.811210811 0.886997819 0.829248369 0.875511289 0.829248369 0.875511289 0.811210811 0.886997819 0.810886919 0.876794159 0.808568537 0.892404199 0.804359853 0.895447612 0.809732258 0.890822828 0.809732258 0.890822828 0.804359853 0.895447612 0.801033139 0.896680772 0.809732258 0.890822828 0.801033139 0.896680772 0.811210811 0.886997819 0.811210811 0.886997819 0.801033139 0.896680772 0.792728424 0.897820294 0.811210811 0.886997819 0.792728424 0.897820294 0.810886919 0.876794159 0.810886919 0.876794159 0.792728424 0.897820294 0.769941628 0.895042956 0.844168663 0.831333935 0.850302279 0.856022656 0.810886919 0.876794159 0.810886919 0.876794159 0.850302279 0.856022656 0.836798728 0.868777812 0.810886919 0.876794159 0.836798728 0.868777812 0.829248369 0.875511289 0.59457016 0.941924989 0.639727354 0.934268057 0.634976387 0.980833888 0.634976387 0.980833888 0.639727354 0.934268057 0.684148073 0.923847854 0.634976387 0.980833888 0.684148073 0.923847854 0.698949039 0.95787853 0.698949039 0.95787853 0.684148073 0.923847854 0.727625847 0.910745323 0.698949039 0.95787853 0.727625847 0.910745323 0.759665906 0.926423073 0.759665906 0.926423073 0.727625847 0.910745323 0.769941628 0.895042956 0.759665906 0.926423073 0.769941628 0.895042956 0.773639679 0.917628407 0.773639679 0.917628407 0.769941628 0.895042956 0.792728424 0.897820294 0.773639679 0.917628407 0.792728424 0.897820294 0.790612876 0.906049013 0.790612876 0.906049013 0.792728424 0.897820294 0.801033139 0.896680772 0.790612876 0.906049013 0.801033139 0.896680772 0.798925638 0.899992406 0.798925638 0.899992406 0.801033139 0.896680772 0.804359853 0.895447612 0.798925638 0.899992406 0.804359853 0.895447612 0.803036451 0.896898091 0.803036451 0.896898091 0.804359853 0.895447612 0.808568537 0.892404199 0.803036451 0.896898091 0.808568537 0.892404199 0.807878733 0.893110394 0.807878733 0.893110394 0.808568537 0.892404199 0.809939325 0.891548872 0.807878733 0.893110394 0.809939325 0.891548872 0.808529794 0.892656982 0.622140169 0.701354086 0.749206543 0.628949702 0.741776526 0.693349421 0.741776526 0.693349421 0.749206543 0.628949702 0.870308101 0.620281994 0.741776526 0.693349421 0.870308101 0.620281994 0.858833492 0.680785358 0.858833492 0.680785358 0.870308101 0.620281994 0.916045427 0.672820985 0.858833492 0.680785358 0.916045427 0.672820985 0.897088945 0.728711426 0.897088945 0.728711426 0.916045427 0.672820985 0.955621898 0.705308259 0.897088945 0.728711426 0.955621898 0.705308259 0.923532069 0.765076935 0.550778151 0.106735088 0.519656956 0.000387624721 0.587217927 0.00765974401 0.714578509 0.179624602 0.615328014 0.2298792 0.608485818 0.168351218 0.608485818 0.168351218 0.615328014 0.2298792 0.500701427 0.226855174 0.608485818 0.168351218 0.500701427 0.226855174 0.550778151 0.106735088 0.729200423 0.0556581616 0.721596599 0.0845116898 0.716131032 0.04910025 0.716131032 0.04910025 0.721596599 0.0845116898 0.678893387 0.072456494 0.716131032 0.04910025 0.678893387 0.072456494 0.653087914 0.0239813291 0.653087914 0.0239813291 0.678893387 0.072456494 0.635275245 0.0629780516 0.653087914 0.0239813291 0.635275245 0.0629780516 0.619440496 0.0144607071 0.619440496 0.0144607071 0.635275245 0.0629780516 0.590965271 0.0561330877 0.619440496 0.0144607071 0.590965271 0.0561330877 0.587217927 0.00765974401 0.721596599 0.0845116898 0.697960794 0.124019518 0.678893387 0.072456494 0.678893387 0.072456494 0.697960794 0.124019518 0.649458766 0.11602132 0.678893387 0.072456494 0.649458766 0.11602132 0.635275245 0.0629780516 0.635275245 0.0629780516 0.649458766 0.11602132 0.600331008 0.110247873 0.635275245 0.0629780516 0.600331008 0.110247873 0.590965271 0.0561330877 0.587217927 0.00765974401 0.590965271 0.0561330877 0.550778151 0.106735088 0.550778151 0.106735088 0.590965271 0.0561330877 0.600331008 0.110247873 0.550778151 0.106735088 0.600331008 0.110247873 0.608485818 0.168351218 0.608485818 0.168351218 0.600331008 0.110247873 0.649458766 0.11602132 0.608485818 0.168351218 0.649458766 0.11602132 0.714578509 0.179624602 0.714578509 0.179624602 0.649458766 0.11602132 0.697960794 0.124019518 0.714578509 0.179624602 0.697960794 0.124019518 0.745637953 0.134195954 0.745637953 0.134195954 0.697960794 0.124019518 0.721596599 0.0845116898 0.745637953 0.134195954 0.721596599 0.0845116898 0.763127685 0.099139601 0.763127685 0.099139601 0.721596599 0.0845116898 0.729200423 0.0556581616 0.763127685 0.099139601 0.729200423 0.0556581616 0.735013604 0.0587006323 0.797149718 0.097855337 0.7973755 0.0980288237 0.796653688 0.0974897817 0.796653688 0.0974897817 0.7973755 0.0980288237 0.79709661 0.0978429094 0.796653688 0.0974897817 0.79709661 0.0978429094 0.795660198 0.0967602134 0.795660198 0.0967602134 0.79709661 0.0978429094 0.799340367 0.0996956825 0.803417027 0.10255754 0.799340367 0.0996956825 0.800539076 0.100379162 0.800539076 0.100379162 0.799340367 0.0996956825 0.79709661 0.0978429094 0.800539076 0.100379162 0.79709661 0.0978429094 0.799094141 0.0992977247 0.799094141 0.0992977247 0.79709661 0.0978429094 0.7973755 0.0980288237 0.799094141 0.0992977247 0.7973755 0.0980288237 0.798370183 0.0987590998 0.798370183 0.0987590998 0.7973755 0.0980288237 0.797149718 0.097855337 0.798370183 0.0987590998 0.797149718 0.097855337 0.797397554 0.0980384648 0.793667614 0.0953084677 0.800746441 0.101391315 0.789659977 0.092433624 0.789659977 0.092433624 0.800746441 0.101391315 0.802706599 0.105434068 0.789659977 0.092433624 0.802706599 0.105434068 0.781555951 0.0868002847 0.781555951 0.0868002847 0.802706599 0.105434068 0.803323686 0.116032772 0.781555951 0.0868002847 0.803323686 0.116032772 0.774112046 0.0818310007 0.88171947 0.176952288 0.894444525 0.192606464 0.86763525 0.209793404 0.849276423 0.142147362 0.88171947 0.176952288 0.837681472 0.160812572 0.837681472 0.160812572 0.88171947 0.176952288 0.86763525 0.209793404 0.837681472 0.160812572 0.86763525 0.209793404 0.817655265 0.198106125 0.817655265 0.198106125 0.86763525 0.209793404 0.838971496 0.253203601 0.817655265 0.198106125 0.838971496 0.253203601 0.728526235 0.238697067 0.728526235 0.238697067 0.838971496 0.253203601 0.739642978 0.300618261 0.728526235 0.238697067 0.739642978 0.300618261 0.620784402 0.294222534 0.620784402 0.294222534 0.739642978 0.300618261 0.624795973 0.360727489 0.620784402 0.294222534 0.624795973 0.360727489 0.500522971 0.359419197 0.800746441 0.101391315 0.811582625 0.110673778 0.802706599 0.105434068 0.802706599 0.105434068 0.811582625 0.110673778 0.82285589 0.125330731 0.802706599 0.105434068 0.82285589 0.125330731 0.803323686 0.116032772 0.803323686 0.116032772 0.82285589 0.125330731 0.837681472 0.160812572 0.803323686 0.116032772 0.837681472 0.160812572 0.792259336 0.146553859 0.792259336 0.146553859 0.837681472 0.160812572 0.817655265 0.198106125 0.849276423 0.142147362 0.837681472 0.160812572 0.841972589 0.135166913 0.841972589 0.135166913 0.837681472 0.160812572 0.82285589 0.125330731 0.841972589 0.135166913 0.82285589 0.125330731 0.820346177 0.1160568 0.820346177 0.1160568 0.82285589 0.125330731 0.811582625 0.110673778 0.820346177 0.1160568 0.811582625 0.110673778 0.809125245 0.106976047 0.809125245 0.106976047 0.811582625 0.110673778 0.800746441 0.101391315 0.809125245 0.106976047 0.800746441 0.101391315 0.799340367 0.0996956825 0.799340367 0.0996956825 0.800746441 0.101391315 0.793667614 0.0953084677 0.799340367 0.0996956825 0.793667614 0.0953084677 0.795660198 0.0967602134 0.500522971 0.359419197 0.500701427 0.226855174 0.620784402 0.294222534 0.620784402 0.294222534 0.500701427 0.226855174 0.615328014 0.2298792 0.620784402 0.294222534 0.615328014 0.2298792 0.728526235 0.238697067 0.728526235 0.238697067 0.615328014 0.2298792 0.714578509 0.179624602 0.728526235 0.238697067 0.714578509 0.179624602 0.817655265 0.198106125 0.817655265 0.198106125 0.714578509 0.179624602 0.745637953 0.134195954 0.817655265 0.198106125 0.745637953 0.134195954 0.792259336 0.146553859 0.792259336 0.146553859 0.745637953 0.134195954 0.763127685 0.099139601 0.792259336 0.146553859 0.763127685 0.099139601 0.803323686 0.116032772 0.803323686 0.116032772 0.763127685 0.099139601 0.735013604 0.0587006323 0.803323686 0.116032772 0.735013604 0.0587006323 0.774112046 0.0818310007 0.968629301 0.325434506 0.98390317 0.373791754 0.868394315 0.371443808 0.868394315 0.371443808 0.98390317 0.373791754 0.876098573 0.433200449 0.868394315 0.371443808 0.876098573 0.433200449 0.752858818 0.430326581 0.752858818 0.430326581 0.876098573 0.433200449 0.754788756 0.496715873 0.752858818 0.430326581 0.754788756 0.496715873 0.62830019 0.497499496 0.62830019 0.497499496 0.754788756 0.496715873 0.627751887 0.566341102 0.962366223 0.309466869 0.855956078 0.311210841 0.945459127 0.272724241 0.945459127 0.272724241 0.855956078 0.311210841 0.892776847 0.262370408 0.945459127 0.272724241 0.892776847 0.262370408 0.932395101 0.2487524 0.932395101 0.2487524 0.892776847 0.262370408 0.916373193 0.223010629 0.962366223 0.309466869 0.968629301 0.325434506 0.855956078 0.311210841 0.855956078 0.311210841 0.968629301 0.325434506 0.868394315 0.371443808 0.855956078 0.311210841 0.868394315 0.371443808 0.747793376 0.364722461 0.747793376 0.364722461 0.868394315 0.371443808 0.752858818 0.430326581 0.747793376 0.364722461 0.752858818 0.430326581 0.627310395 0.428722322 0.627310395 0.428722322 0.752858818 0.430326581 0.62830019 0.497499496 0.627310395 0.428722322 0.62830019 0.497499496 0.500568032 0.497921914 0.500568032 0.497921914 0.62830019 0.497499496 0.627751887 0.566341102 0.500568032 0.497921914 0.627751887 0.566341102 0.500829518 0.636698842 0.201836884 0.0983260721 0.203021169 0.0976645276 0.198932528 0.100496352 0.198932528 0.100496352 0.203021169 0.0976645276 0.201574057 0.0993763655 0.198932528 0.100496352 0.201574057 0.0993763655 0.193171218 0.104899772 0.193171218 0.104899772 0.201574057 0.0993763655 0.199530572 0.103458926 0.193171218 0.104899772 0.199530572 0.103458926 0.181842595 0.113955945 0.181842595 0.113955945 0.199530572 0.103458926 0.198747799 0.114169657 0.119797945 0.174856752 0.152878657 0.139759734 0.163956448 0.158994451 0.163956448 0.158994451 0.152878657 0.139759734 0.159995422 0.133038118 0.243895009 0.0703866407 0.239085361 0.09757597 0.237484738 0.0742005929 0.237484738 0.0742005929 0.239085361 0.09757597 0.217655152 0.0935470462 0.237484738 0.0742005929 0.217655152 0.0935470462 0.220890164 0.0848730505 0.220890164 0.0848730505 0.217655152 0.0935470462 0.210090682 0.0940011591 0.220890164 0.0848730505 0.210090682 0.0940011591 0.212765053 0.0904481411 0.212765053 0.0904481411 0.210090682 0.0940011591 0.207139134 0.0948704183 0.212765053 0.0904481411 0.207139134 0.0948704183 0.208746105 0.0932933763 0.208746105 0.0932933763 0.207139134 0.0948704183 0.205875978 0.0954684094 0.208746105 0.0932933763 0.205875978 0.0954684094 0.206747726 0.0947304517 0.0690747127 0.245904803 0.0847054645 0.221068457 0.133580446 0.208123326 0.133580446 0.208123326 0.0847054645 0.221068457 0.107387453 0.18995358 0.287008733 0.178826585 0.183732748 0.196729258 0.209535733 0.145039812 0.209535733 0.145039812 0.183732748 0.196729258 0.163956448 0.158994451 0.209535733 0.145039812 0.163956448 0.158994451 0.198747799 0.114169657 0.198747799 0.114169657 0.163956448 0.158994451 0.159995422 0.133038118 0.198747799 0.114169657 0.159995422 0.133038118 0.181842595 0.113955945 0.204391032 0.0964445248 0.205253884 0.0958145484 0.204025432 0.0967122987 0.204025432 0.0967122987 0.205253884 0.0958145484 0.205751374 0.0954524875 0.204025432 0.0967122987 0.205751374 0.0954524875 0.203294933 0.0972489715 0.203294933 0.0972489715 0.205751374 0.0954524875 0.206747726 0.0947304517 0.203294933 0.0972489715 0.206747726 0.0947304517 0.201836884 0.0983260721 0.201836884 0.0983260721 0.206747726 0.0947304517 0.205875978 0.0954684094 0.201836884 0.0983260721 0.205875978 0.0954684094 0.203021169 0.0976645276 0.203021169 0.0976645276 0.205875978 0.0954684094 0.207139134 0.0948704183 0.203021169 0.0976645276 0.207139134 0.0948704183 0.201574057 0.0993763655 0.201574057 0.0993763655 0.207139134 0.0948704183 0.210090682 0.0940011591 0.201574057 0.0993763655 0.210090682 0.0940011591 0.199530572 0.103458926 0.199530572 0.103458926 0.210090682 0.0940011591 0.217655152 0.0935470462 0.199530572 0.103458926 0.217655152 0.0935470462 0.198747799 0.114169657 0.198747799 0.114169657 0.217655152 0.0935470462 0.239085361 0.09757597 0.198747799 0.114169657 0.239085361 0.09757597 0.209535733 0.145039812 0.209535733 0.145039812 0.239085361 0.09757597 0.256269306 0.133037418 0.209535733 0.145039812 0.256269306 0.133037418 0.287008733 0.178826585 0.0690747127 0.245904803 0.133580446 0.208123326 0.108057179 0.260949254 0.108057179 0.260949254 0.133580446 0.208123326 0.162049636 0.252048969 0.108057179 0.260949254 0.162049636 0.252048969 0.144763276 0.310352892 0.451770544 0.00232057995 0.411399364 0.0556824654 0.384695888 0.0134382164 0.384695888 0.0134382164 0.411399364 0.0556824654 0.367083192 0.0622895472 0.384695888 0.0134382164 0.367083192 0.0622895472 0.319824219 0.0335012525 0.239085361 0.09757597 0.28071174 0.0833083093 0.256269306 0.133037418 0.256269306 0.133037418 0.28071174 0.0833083093 0.3039985 0.123123161 0.256269306 0.133037418 0.3039985 0.123123161 0.287008733 0.178826585 0.287008733 0.178826585 0.3039985 0.123123161 0.352535158 0.115367457 0.287008733 0.178826585 0.352535158 0.115367457 0.393187821 0.167978823 0.500255525 0 0.50101006 0.105496362 0.451770544 0.00232057995 0.451770544 0.00232057995 0.50101006 0.105496362 0.451242924 0.106526263 0.451770544 0.00232057995 0.451242924 0.106526263 0.411399364 0.0556824654 0.411399364 0.0556824654 0.451242924 0.106526263 0.401683569 0.1098224 0.411399364 0.0556824654 0.401683569 0.1098224 0.367083192 0.0622895472 0.144763276 0.310352892 0.0387420766 0.306440324 0.108057179 0.260949254 0.108057179 0.260949254 0.0387420766 0.306440324 0.05522158 0.271052063 0.108057179 0.260949254 0.05522158 0.271052063 0.0690747127 0.245904803 0.121461473 0.496216089 2.30288533e-05 0.49476546 0.12433061 0.433163434 0.12433061 0.433163434 2.30288533e-05 0.49476546 0.0038747529 0.437205225 0.12433061 0.433163434 0.0038747529 0.437205225 0.132119119 0.370957971 0.132119119 0.370957971 0.0038747529 0.437205225 0.0168137886 0.370700836 0.132119119 0.370957971 0.0168137886 0.370700836 0.144763276 0.310352892 0.144763276 0.310352892 0.0168137886 0.370700836 0.0317192227 0.324134439 0.144763276 0.310352892 0.0317192227 0.324134439 0.0387420766 0.306440324 0.272728384 0.238052994 0.386043251 0.229587406 0.261343449 0.300176591 0.261343449 0.300176591 0.386043251 0.229587406 0.380348384 0.294035345 0.261343449 0.300176591 0.380348384 0.294035345 0.253020316 0.364532918 0.253020316 0.364532918 0.380348384 0.294035345 0.376193464 0.360669374 0.253020316 0.364532918 0.376193464 0.360669374 0.247903347 0.430439323 0.162049636 0.252048969 0.272728384 0.238052994 0.144763276 0.310352892 0.144763276 0.310352892 0.272728384 0.238052994 0.261343449 0.300176591 0.144763276 0.310352892 0.261343449 0.300176591 0.132119119 0.370957971 0.132119119 0.370957971 0.261343449 0.300176591 0.253020316 0.364532918 0.132119119 0.370957971 0.253020316 0.364532918 0.12433061 0.433163434 0.12433061 0.433163434 0.253020316 0.364532918 0.247903347 0.430439323 0.12433061 0.433163434 0.247903347 0.430439323 0.121461473 0.496216089 0.00397410197 0.562772989 0 0.499838948 0.123526588 0.559348464 0.123526588 0.559348464 0 0.499838948 0.121461473 0.496216089 0.123526588 0.559348464 0.121461473 0.496216089 0.24603264 0.497165233 0.24603264 0.497165233 0.121461473 0.496216089 0.247903347 0.430439323 0.24603264 0.497165233 0.247903347 0.430439323 0.373656511 0.428818136 0.373656511 0.428818136 0.247903347 0.430439323 0.376193464 0.360669374 0.373656511 0.428818136 0.376193464 0.360669374 0.500522971 0.359419197 0.500522971 0.359419197 0.376193464 0.360669374 0.380348384 0.294035345 0.500522971 0.359419197 0.380348384 0.294035345 0.500701427 0.226855174 0.500701427 0.226855174 0.380348384 0.294035345 0.386043251 0.229587406 0.500701427 0.226855174 0.386043251 0.229587406 0.393187821 0.167978823 0.393187821 0.167978823 0.386043251 0.229587406 0.272728384 0.238052994 0.393187821 0.167978823 0.272728384 0.238052994 0.287008733 0.178826585 0.287008733 0.178826585 0.272728384 0.238052994 0.162049636 0.252048969 0.287008733 0.178826585 0.162049636 0.252048969 0.183732748 0.196729258 0.183732748 0.196729258 0.162049636 0.252048969 0.133580446 0.208123326 0.183732748 0.196729258 0.133580446 0.208123326 0.163956448 0.158994451 0.163956448 0.158994451 0.133580446 0.208123326 0.107387453 0.18995358 0.163956448 0.158994451 0.107387453 0.18995358 0.119797945 0.174856752 0.243895009 0.0703866407 0.258559734 0.0619960688 0.239085361 0.09757597 0.239085361 0.09757597 0.258559734 0.0619960688 0.264962047 0.0585349649 0.239085361 0.09757597 0.264962047 0.0585349649 0.28071174 0.0833083093 0.28071174 0.0833083093 0.264962047 0.0585349649 0.319824219 0.0335012525 0.28071174 0.0833083093 0.319824219 0.0335012525 0.323447824 0.0715190694 0.323447824 0.0715190694 0.319824219 0.0335012525 0.367083192 0.0622895472 0.323447824 0.0715190694 0.367083192 0.0622895472 0.352535158 0.115367457 0.352535158 0.115367457 0.367083192 0.0622895472 0.401683569 0.1098224 0.352535158 0.115367457 0.401683569 0.1098224 0.393187821 0.167978823 0.393187821 0.167978823 0.401683569 0.1098224 0.451242924 0.106526263 0.393187821 0.167978823 0.451242924 0.106526263 0.500701427 0.226855174 0.500701427 0.226855174 0.451242924 0.106526263 0.50101006 0.105496362 0.500701427 0.226855174 0.50101006 0.105496362 0.550778151 0.106735088 0.550778151 0.106735088 0.50101006 0.105496362 0.500255525 0 0.550778151 0.106735088 0.500255525 0 0.519656956 0.000387624721 0.844168663 0.831333935 0.810886919 0.876794159 0.798077404 0.846928716 0.798077404 0.846928716 0.810886919 0.876794159 0.769941628 0.895042956 0.798077404 0.846928716 0.769941628 0.895042956 0.750757813 0.860341549 0.750757813 0.860341549 0.769941628 0.895042956 0.727625847 0.910745323 0.750757813 0.860341549 0.727625847 0.910745323 0.702391684 0.871546745 0.702391684 0.871546745 0.727625847 0.910745323 0.684148073 0.923847854 0.702391684 0.871546745 0.684148073 0.923847854 0.653177679 0.88046813 0.653177679 0.88046813 0.684148073 0.923847854 0.639727354 0.934268057 0.653177679 0.88046813 0.639727354 0.934268057 0.603300393 0.88703537 0.603300393 0.88703537 0.639727354 0.934268057 0.59457016 0.941924989 0.603300393 0.88703537 0.59457016 0.941924989 0.552947879 0.891167521 0.552947879 0.891167521 0.59457016 0.941924989 0.569820225 0.994853437 0.552947879 0.891167521 0.569820225 0.994853437 0.502327621 0.892778277 0.502327621 0.892778277 0.569820225 0.994853437 0.503556073 1 0.502327621 0.892778277 0.503556073 1 0.451667577 0.891803384 0.451667577 0.891803384 0.503556073 1 0.446604103 0.997129738 0.451667577 0.891803384 0.446604103 0.997129738 0.401198328 0.888287961 0.401198328 0.888287961 0.446604103 0.997129738 0.411075354 0.943274677 0.401198328 0.888287961 0.411075354 0.943274677 0.365722209 0.936249793 0.365722209 0.936249793 0.411075354 0.943274677 0.379387796 0.985062122 0.365722209 0.936249793 0.379387796 0.985062122 0.314639747 0.964115441 0.98390317 0.373791754 0.996481001 0.440369338 0.876098573 0.433200449 0.876098573 0.433200449 0.996481001 0.440369338 0.878994226 0.495751619 0.876098573 0.433200449 0.878994226 0.495751619 0.754788756 0.496715873 0.754788756 0.496715873 0.878994226 0.495751619 0.75356251 0.563165486 0.754788756 0.496715873 0.75356251 0.563165486 0.627751887 0.566341102 0.627751887 0.566341102 0.75356251 0.563165486 0.625686228 0.634529233 0.627751887 0.566341102 0.625686228 0.634529233 0.500829518 0.636698842 0.500829518 0.636698842 0.625686228 0.634529233 0.622140169 0.701354086 0.500829518 0.636698842 0.622140169 0.701354086 0.559402287 0.768962681 0.559402287 0.768962681 0.622140169 0.701354086 0.617176235 0.766143858 0.559402287 0.768962681 0.617176235 0.766143858 0.61086762 0.828245103 0.61086762 0.828245103 0.617176235 0.766143858 0.731393814 0.755684674 0.61086762 0.828245103 0.731393814 0.755684674 0.718206406 0.81529367 0.718206406 0.81529367 0.731393814 0.755684674 0.842811942 0.739173234 0.718206406 0.81529367 0.842811942 0.739173234 0.822469294 0.79476887 0.822469294 0.79476887 0.842811942 0.739173234 0.873022914 0.781766593 0.822469294 0.79476887 0.873022914 0.781766593 0.844168663 0.831333935 0.844168663 0.831333935 0.873022914 0.781766593 0.883636475 0.819964051 0.844168663 0.831333935 0.883636475 0.819964051 0.850302279 0.856022656 0.0284589101 0.66618526 0.0171072576 0.629621029 0.0849135667 0.675073802 0.0849135667 0.675073802 0.0171072576 0.629621029 0.0709315911 0.616436303 0.0849135667 0.675073802 0.0709315911 0.616436303 0.130522683 0.621800601 0.130522683 0.621800601 0.0709315911 0.616436303 0.123526588 0.559348464 0.130522683 0.621800601 0.123526588 0.559348464 0.247415632 0.56396687 0.247415632 0.56396687 0.123526588 0.559348464 0.24603264 0.497165233 0.247415632 0.56396687 0.24603264 0.497165233 0.372754782 0.497766316 0.372754782 0.497766316 0.24603264 0.497165233 0.373656511 0.428818136 0.372754782 0.497766316 0.373656511 0.428818136 0.500568032 0.497921914 0.500568032 0.497921914 0.373656511 0.428818136 0.500522971 0.359419197 0.500568032 0.497921914 0.500522971 0.359419197 0.627310395 0.428722322 0.627310395 0.428722322 0.500522971 0.359419197 0.624795973 0.360727489 0.627310395 0.428722322 0.624795973 0.360727489 0.747793376 0.364722461 0.747793376 0.364722461 0.624795973 0.360727489 0.739642978 0.300618261 0.747793376 0.364722461 0.739642978 0.300618261 0.855956078 0.311210841 0.855956078 0.311210841 0.739642978 0.300618261 0.838971496 0.253203601 0.855956078 0.311210841 0.838971496 0.253203601 0.892776847 0.262370408 0.892776847 0.262370408 0.838971496 0.253203601 0.86763525 0.209793404 0.892776847 0.262370408 0.86763525 0.209793404 0.916373193 0.223010629 0.916373193 0.223010629 0.86763525 0.209793404 0.894444525 0.192606464</float_array><technique_common><accessor source="#uv-array" count="3264" stride="2"><param name="S" type="float" /><param name="T" type="float" /></accessor></technique_common></source>
 <vertices id="screen-vertices"><input semantic="POSITION" source="#positions" /></vertices>
 <triangles material="screen" count="1088"><input semantic="VERTEX" source="#screen-vertices" offset="0" /><input semantic="NORMAL" source="#normals" offset="1" /><input semantic="TEXCOORD" source="#uv" offset="2" set="0" /><p>0 0 0 1 1 1 2 2 2 3 3 3 4 4 4 5 5 5 6 6 6 7 7 7 8 8 8 9 9 9 10 10 10 11 11 11 12 12 12 13 13 13 14 14 14 15 15 15 16 16 16 17 17 17 18 18 18 19 19 19 20 20 20 21 21 21 22 22 22 23 23 23 24 24 24 25 25 25 26 26 26 27 27 27 28 28 28 29 29 29 30 30 30 31 31 31 32 32 32 33 33 33 34 34 34 35 35 35 36 36 36 37 37 37 38 38 38 39 39 39 40 40 40 41 41 41 42 42 42 43 43 43 44 44 44 45 45 45 46 46 46 47 47 47 48 48 48 49 49 49 50 50 50 51 51 51 52 52 52 53 53 53 54 54 54 55 55 55 56 56 56 57 57 57 58 58 58 59 59 59 60 60 60 61 61 61 62 62 62 63 63 63 64 64 64 65 65 65 66 66 66 67 67 67 68 68 68 69 69 69 70 70 70 71 71 71 72 72 72 73 73 73 74 74 74 75 75 75 76 76 76 77 77 77 78 78 78 79 79 79 80 80 80 81 81 81 82 82 82 83 83 83 84 84 84 85 85 85 86 86 86 87 87 87 88 88 88 89 89 89 90 90 90 91 91 91 92 92 92 93 93 93 94 94 94 95 95 95 96 96 96 97 97 97 98 98 98 99 99 99 100 100 100 101 101 101 102 102 102 103 103 103 104 104 104 105 105 105 106 106 106 107 107 107 108 108 108 109 109 109 110 110 110 111 111 111 112 112 112 113 113 113 114 114 114 115 115 115 116 116 116 117 117 117 118 118 118 119 119 119 120 120 120 121 121 121 122 122 122 123 123 123 124 124 124 125 125 125 126 126 126 127 127 127 128 128 128 129 129 129 130 130 130 131 131 131 132 132 132 133 133 133 134 134 134 135 135 135 136 136 136 137 137 137 138 138 138 139 139 139 140 140 140 141 141 141 142 142 142 143 143 143 144 144 144 145 145 145 146 146 146 147 147 147 148 148 148 149 149 149 150 150 150 151 151 151 152 152 152 153 153 153 154 154 154 155 155 155 156 156 156 157 157 157 158 158 158 159 159 159 160 160 160 161 161 161 162 162 162 163 163 163 164 164 164 165 165 165 166 166 166 167 167 167 168 168 168 169 169 169 170 170 170 171 171 171 172 172 172 173 173 173 174 174 174 175 175 175 176 176 176 177 177 177 178 178 178 179 179 179 180 180 180 181 181 181 182 182 182 183 183 183 184 184 184 185 185 185 186 186 186 187 187 187 188 188 188 189 189 189 190 190 190 191 191 191 192 192 192 193 193 193 194 194 194 195 195 195 196 196 196 197 197 197 198 198 198 199 199 199 200 200 200 201 201 201 202 202 202 203 203 203 204 204 204 205 205 205 206 206 206 207 207 207 208 208 208 209 209 209 210 210 210 211 211 211 212 212 212 213 213 213 214 214 214 215 215 215 216 216 216 217 217 217 218 218 218 219 219 219 220 220 220 221 221 221 222 222 222 223 223 223 224 224 224 225 225 225 226 226 226 227 227 227 228 228 228 229 229 229 230 230 230 231 231 231 232 232 232 233 233 233 234 234 234 235 235 235 236 236 236 237 237 237 238 238 238 239 239 239 240 240 240 241 241 241 242 242 242 243 243 243 244 244 244 245 245 245 246 246 246 247 247 247 248 248 248 249 249 249 250 250 250 251 251 251 252 252 252 253 253 253 254 254 254 255 255 255 256 256 256 257 257 257 258 258 258 259 259 259 260 260 260 261 261 261 262 262 262 263 263 263 264 264 264 265 265 265 266 266 266 267 267 267 268 268 268 269 269 269 270 270 270 271 271 271 272 272 272 273 273 273 274 274 274 275 275 275 276 276 276 277 277 277 278 278 278 279 279 279 280 280 280 281 281 281 282 282 282 283 283 283 284 284 284 285 285 285 286 286 286 287 287 287 288 288 288 289 289 289 290 290 290 291 291 291 292 292 292 293 293 293 294 294 294 295 295 295 296 296 296 297 297 297 298 298 298 299 299 299 300 300 300 301 301 301 302 302 302 303 303 303 304 304 304 305 305 305 306 306 306 307 307 307 308 308 308 309 309 309 310 310 310 311 311 311 312 312 312 313 313 313 314 314 314 315 315 315 316 316 316 317 317 317 318 318 318 319 319 319 320 320 320 321 321 321 322 322 322 323 323 323 324 324 324 325 325 325 326 326 326 327 327 327 328 328 328 329 329 329 330 330 330 331 331 331 332 332 332 333 333 333 334 334 334 335 335 335 336 336 336 337 337 337 338 338 338 339 339 339 340 340 340 341 341 341 342 342 342 343 343 343 344 344 344 345 345 345 346 346 346 347 347 347 348 348 348 349 349 349 350 350 350 351 351 351 352 352 352 353 353 353 354 354 354 355 355 355 356 356 356 357 357 357 358 358 358 359 359 359 360 360 360 361 361 361 362 362 362 363 363 363 364 364 364 365 365 365 366 366 366 367 367 367 368 368 368 369 369 369 370 370 370 371 371 371 372 372 372 373 373 373 374 374 374 375 375 375 376 376 376 377 377 377 378 378 378 379 379 379 380 380 380 381 381 381 382 382 382 383 383 383 384 384 384 385 385 385 386 386 386 387 387 387 388 388 388 389 389 389 390 390 390 391 391 391 392 392 392 393 393 393 394 394 394 395 395 395 396 396 396 397 397 397 398 398 398 399 399 399 400 400 400 401 401 401 402 402 402 403 403 403 404 404 404 405 405 405 406 406 406 407 407 407 408 408 408 409 409 409 410 410 410 411 411 411 412 412 412 413 413 413 414 414 414 415 415 415 416 416 416 417 417 417 418 418 418 419 419 419 420 420 420 421 421 421 422 422 422 423 423 423 424 424 424 425 425 425 426 426 426 427 427 427 428 428 428 429 429 429 430 430 430 431 431 431 432 432 432 433 433 433 434 434 434 435 435 435 436 436 436 437 437 437 438 438 438 439 439 439 440 440 440 441 441 441 442 442 442 443 443 443 444 444 444 445 445 445 446 446 446 447 447 447 448 448 448 449 449 449 450 450 450 451 451 451 452 452 452 453 453 453 454 454 454 455 455 455 456 456 456 457 457 457 458 458 458 459 459 459 460 460 460 461 461 461 462 462 462 463 463 463 464 464 464 465 465 465 466 466 466 467 467 467 468 468 468 469 469 469 470 470 470 471 471 471 472 472 472 473 473 473 474 474 474 475 475 475 476 476 476 477 477 477 478 478 478 479 479 479 480 480 480 481 481 481 482 482 482 483 483 483 484 484 484 485 485 485 486 486 486 487 487 487 488 488 488 489 489 489 490 490 490 491 491 491 492 492 492 493 493 493 494 494 494 495 495 495 496 496 496 497 497 497 498 498 498 499 499 499 500 500 500 501 501 501 502 502 502 503 503 503 504 504 504 505 505 505 506 506 506 507 507 507 508 508 508 509 509 509 510 510 510 511 511 511 512 512 512 513 513 513 514 514 514 515 515 515 516 516 516 517 517 517 518 518 518 519 519 519 520 520 520 521 521 521 522 522 522 523 523 523 524 524 524 525 525 525 526 526 526 527 527 527 528 528 528 529 529 529 530 530 530 531 531 531 532 532 532 533 533 533 534 534 534 535 535 535 536 536 536 537 537 537 538 538 538 539 539 539 540 540 540 541 541 541 542 542 542 543 543 543 544 544 544 545 545 545 546 546 546 547 547 547 548 548 548 549 549 549 550 550 550 551 551 551 552 552 552 553 553 553 554 554 554 555 555 555 556 556 556 557 557 557 558 558 558 559 559 559 560 560 560 561 561 561 562 562 562 563 563 563 564 564 564 565 565 565 566 566 566 567 567 567 568 568 568 569 569 569 570 570 570 571 571 571 572 572 572 573 573 573 574 574 574 575 575 575 576 576 576 577 577 577 578 578 578 579 579 579 580 580 580 581 581 581 582 582 582 583 583 583 584 584 584 585 585 585 586 586 586 587 587 587 588 588 588 589 589 589 590 590 590 591 591 591 592 592 592 593 593 593 594 594 594 595 595 595 596 596 596 597 597 597 598 598 598 599 599 599 600 600 600 601 601 601 602 602 602 603 603 603 604 604 604 605 605 605 606 606 606 607 607 607 608 608 608 609 609 609 610 610 610 611 611 611 612 612 612 613 613 613 614 614 614 615 615 615 616 616 616 617 617 617 618 618 618 619 619 619 620 620 620 621 621 621 622 622 622 623 623 623 624 624 624 625 625 625 626 626 626 627 627 627 628 628 628 629 629 629 630 630 630 631 631 631 632 632 632 633 633 633 634 634 634 635 635 635 636 636 636 637 637 637 638 638 638 639 639 639 640 640 640 641 641 641 642 642 642 643 643 643 644 644 644 645 645 645 646 646 646 647 647 647 648 648 648 649 649 649 650 650 650 651 651 651 652 652 652 653 653 653 654 654 654 655 655 655 656 656 656 657 657 657 658 658 658 659 659 659 660 660 660 661 661 661 662 662 662 663 663 663 664 664 664 665 665 665 666 666 666 667 667 667 668 668 668 669 669 669 670 670 670 671 671 671 672 672 672 673 673 673 674 674 674 675 675 675 676 676 676 677 677 677 678 678 678 679 679 679 680 680 680 681 681 681 682 682 682 683 683 683 684 684 684 685 685 685 686 686 686 687 687 687 688 688 688 689 689 689 690 690 690 691 691 691 692 692 692 693 693 693 694 694 694 695 695 695 696 696 696 697 697 697 698 698 698 699 699 699 700 700 700 701 701 701 702 702 702 703 703 703 704 704 704 705 705 705 706 706 706 707 707 707 708 708 708 709 709 709 710 710 710 711 711 711 712 712 712 713 713 713 714 714 714 715 715 715 716 716 716 717 717 717 718 718 718 719 719 719 720 720 720 721 721 721 722 722 722 723 723 723 724 724 724 725 725 725 726 726 726 727 727 727 728 728 728 729 729 729 730 730 730 731 731 731 732 732 732 733 733 733 734 734 734 735 735 735 736 736 736 737 737 737 738 738 738 739 739 739 740 740 740 741 741 741 742 742 742 743 743 743 744 744 744 745 745 745 746 746 746 747 747 747 748 748 748 749 749 749 750 750 750 751 751 751 752 752 752 753 753 753 754 754 754 755 755 755 756 756 756 757 757 757 758 758 758 759 759 759 760 760 760 761 761 761 762 762 762 763 763 763 764 764 764 765 765 765 766 766 766 767 767 767 768 768 768 769 769 769 770 770 770 771 771 771 772 772 772 773 773 773 774 774 774 775 775 775 776 776 776 777 777 777 778 778 778 779 779 779 780 780 780 781 781 781 782 782 782 783 783 783 784 784 784 785 785 785 786 786 786 787 787 787 788 788 788 789 789 789 790 790 790 791 791 791 792 792 792 793 793 793 794 794 794 795 795 795 796 796 796 797 797 797 798 798 798 799 799 799 800 800 800 801 801 801 802 802 802 803 803 803 804 804 804 805 805 805 806 806 806 807 807 807 808 808 808 809 809 809 810 810 810 811 811 811 812 812 812 813 813 813 814 814 814 815 815 815 816 816 816 817 817 817 818 818 818 819 819 819 820 820 820 821 821 821 822 822 822 823 823 823 824 824 824 825 825 825 826 826 826 827 827 827 828 828 828 829 829 829 830 830 830 831 831 831 832 832 832 833 833 833 834 834 834 835 835 835 836 836 836 837 837 837 838 838 838 839 839 839 840 840 840 841 841 841 842 842 842 843 843 843 844 844 844 845 845 845 846 846 846 847 847 847 848 848 848 849 849 849 850 850 850 851 851 851 852 852 852 853 853 853 854 854 854 855 855 855 856 856 856 857 857 857 858 858 858 859 859 859 860 860 860 861 861 861 862 862 862 863 863 863 864 864 864 865 865 865 866 866 866 867 867 867 868 868 868 869 869 869 870 870 870 871 871 871 872 872 872 873 873 873 874 874 874 875 875 875 876 876 876 877 877 877 878 878 878 879 879 879 880 880 880 881 881 881 882 882 882 883 883 883 884 884 884 885 885 885 886 886 886 887 887 887 888 888 888 889 889 889 890 890 890 891 891 891 892 892 892 893 893 893 894 894 894 895 895 895 896 896 896 897 897 897 898 898 898 899 899 899 900 900 900 901 901 901 902 902 902 903 903 903 904 904 904 905 905 905 906 906 906 907 907 907 908 908 908 909 909 909 910 910 910 911 911 911 912 912 912 913 913 913 914 914 914 915 915 915 916 916 916 917 917 917 918 918 918 919 919 919 920 920 920 921 921 921 922 922 922 923 923 923 924 924 924 925 925 925 926 926 926 927 927 927 928 928 928 929 929 929 930 930 930 931 931 931 932 932 932 933 933 933 934 934 934 935 935 935 936 936 936 937 937 937 938 938 938 939 939 939 940 940 940 941 941 941 942 942 942 943 943 943 944 944 944 945 945 945 946 946 946 947 947 947 948 948 948 949 949 949 950 950 950 951 951 951 952 952 952 953 953 953 954 954 954 955 955 955 956 956 956 957 957 957 958 958 958 959 959 959 960 960 960 961 961 961 962 962 962 963 963 963 964 964 964 965 965 965 966 966 966 967 967 967 968 968 968 969 969 969 970 970 970 971 971 971 972 972 972 973 973 973 974 974 974 975 975 975 976 976 976 977 977 977 978 978 978 979 979 979 980 980 980 981 981 981 982 982 982 983 983 983 984 984 984 985 985 985 986 986 986 987 987 987 988 988 988 989 989 989 990 990 990 991 991 991 992 992 992 993 993 993 994 994 994 995 995 995 996 996 996 997 997 997 998 998 998 999 999 999 1000 1000 1000 1001 1001 1001 1002 1002 1002 1003 1003 1003 1004 1004 1004 1005 1005 1005 1006 1006 1006 1007 1007 1007 1008 1008 1008 1009 1009 1009 1010 1010 1010 1011 1011 1011 1012 1012 1012 1013 1013 1013 1014 1014 1014 1015 1015 1015 1016 1016 1016 1017 1017 1017 1018 1018 1018 1019 1019 1019 1020 1020 1020 1021 1021 1021 1022 1022 1022 1023 1023 1023 1024 1024 1024 1025 1025 1025 1026 1026 1026 1027 1027 1027 1028 1028 1028 1029 1029 1029 1030 1030 1030 1031 1031 1031 1032 1032 1032 1033 1033 1033 1034 1034 1034 1035 1035 1035 1036 1036 1036 1037 1037 1037 1038 1038 1038 1039 1039 1039 1040 1040 1040 1041 1041 1041 1042 1042 1042 1043 1043 1043 1044 1044 1044 1045 1045 1045 1046 1046 1046 1047 1047 1047 1048 1048 1048 1049 1049 1049 1050 1050 1050 1051 1051 1051 1052 1052 1052 1053 1053 1053 1054 1054 1054 1055 1055 1055 1056 1056 1056 1057 1057 1057 1058 1058 1058 1059 1059 1059 1060 1060 1060 1061 1061 1061 1062 1062 1062 1063 1063 1063 1064 1064 1064 1065 1065 1065 1066 1066 1066 1067 1067 1067 1068 1068 1068 1069 1069 1069 1070 1070 1070 1071 1071 1071 1072 1072 1072 1073 1073 1073 1074 1074 1074 1075 1075 1075 1076 1076 1076 1077 1077 1077 1078 1078 1078 1079 1079 1079 1080 1080 1080 1081 1081 1081 1082 1082 1082 1083 1083 1083 1084 1084 1084 1085 1085 1085 1086 1086 1086 1087 1087 1087 1088 1088 1088 1089 1089 1089 1090 1090 1090 1091 1091 1091 1092 1092 1092 1093 1093 1093 1094 1094 1094 1095 1095 1095 1096 1096 1096 1097 1097 1097 1098 1098 1098 1099 1099 1099 1100 1100 1100 1101 1101 1101 1102 1102 1102 1103 1103 1103 1104 1104 1104 1105 1105 1105 1106 1106 1106 1107 1107 1107 1108 1108 1108 1109 1109 1109 1110 1110 1110 1111 1111 1111 1112 1112 1112 1113 1113 1113 1114 1114 1114 1115 1115 1115 1116 1116 1116 1117 1117 1117 1118 1118 1118 1119 1119 1119 1120 1120 1120 1121 1121 1121 1122 1122 1122 1123 1123 1123 1124 1124 1124 1125 1125 1125 1126 1126 1126 1127 1127 1127 1128 1128 1128 1129 1129 1129 1130 1130 1130 1131 1131 1131 1132 1132 1132 1133 1133 1133 1134 1134 1134 1135 1135 1135 1136 1136 1136 1137 1137 1137 1138 1138 1138 1139 1139 1139 1140 1140 1140 1141 1141 1141 1142 1142 1142 1143 1143 1143 1144 1144 1144 1145 1145 1145 1146 1146 1146 1147 1147 1147 1148 1148 1148 1149 1149 1149 1150 1150 1150 1151 1151 1151 1152 1152 1152 1153 1153 1153 1154 1154 1154 1155 1155 1155 1156 1156 1156 1157 1157 1157 1158 1158 1158 1159 1159 1159 1160 1160 1160 1161 1161 1161 1162 1162 1162 1163 1163 1163 1164 1164 1164 1165 1165 1165 1166 1166 1166 1167 1167 1167 1168 1168 1168 1169 1169 1169 1170 1170 1170 1171 1171 1171 1172 1172 1172 1173 1173 1173 1174 1174 1174 1175 1175 1175 1176 1176 1176 1177 1177 1177 1178 1178 1178 1179 1179 1179 1180 1180 1180 1181 1181 1181 1182 1182 1182 1183 1183 1183 1184 1184 1184 1185 1185 1185 1186 1186 1186 1187 1187 1187 1188 1188 1188 1189 1189 1189 1190 1190 1190 1191 1191 1191 1192 1192 1192 1193 1193 1193 1194 1194 1194 1195 1195 1195 1196 1196 1196 1197 1197 1197 1198 1198 1198 1199 1199 1199 1200 1200 1200 1201 1201 1201 1202 1202 1202 1203 1203 1203 1204 1204 1204 1205 1205 1205 1206 1206 1206 1207 1207 1207 1208 1208 1208 1209 1209 1209 1210 1210 1210 1211 1211 1211 1212 1212 1212 1213 1213 1213 1214 1214 1214 1215 1215 1215 1216 1216 1216 1217 1217 1217 1218 1218 1218 1219 1219 1219 1220 1220 1220 1221 1221 1221 1222 1222 1222 1223 1223 1223 1224 1224 1224 1225 1225 1225 1226 1226 1226 1227 1227 1227 1228 1228 1228 1229 1229 1229 1230 1230 1230 1231 1231 1231 1232 1232 1232 1233 1233 1233 1234 1234 1234 1235 1235 1235 1236 1236 1236 1237 1237 1237 1238 1238 1238 1239 1239 1239 1240 1240 1240 1241 1241 1241 1242 1242 1242 1243 1243 1243 1244 1244 1244 1245 1245 1245 1246 1246 1246 1247 1247 1247 1248 1248 1248 1249 1249 1249 1250 1250 1250 1251 1251 1251 1252 1252 1252 1253 1253 1253 1254 1254 1254 1255 1255 1255 1256 1256 1256 1257 1257 1257 1258 1258 1258 1259 1259 1259 1260 1260 1260 1261 1261 1261 1262 1262 1262 1263 1263 1263 1264 1264 1264 1265 1265 1265 1266 1266 1266 1267 1267 1267 1268 1268 1268 1269 1269 1269 1270 1270 1270 1271 1271 1271 1272 1272 1272 1273 1273 1273 1274 1274 1274 1275 1275 1275 1276 1276 1276 1277 1277 1277 1278 1278 1278 1279 1279 1279 1280 1280 1280 1281 1281 1281 1282 1282 1282 1283 1283 1283 1284 1284 1284 1285 1285 1285 1286 1286 1286 1287 1287 1287 1288 1288 1288 1289 1289 1289 1290 1290 1290 1291 1291 1291 1292 1292 1292 1293 1293 1293 1294 1294 1294 1295 1295 1295 1296 1296 1296 1297 1297 1297 1298 1298 1298 1299 1299 1299 1300 1300 1300 1301 1301 1301 1302 1302 1302 1303 1303 1303 1304 1304 1304 1305 1305 1305 1306 1306 1306 1307 1307 1307 1308 1308 1308 1309 1309 1309 1310 1310 1310 1311 1311 1311 1312 1312 1312 1313 1313 1313 1314 1314 1314 1315 1315 1315 1316 1316 1316 1317 1317 1317 1318 1318 1318 1319 1319 1319 1320 1320 1320 1321 1321 1321 1322 1322 1322 1323 1323 1323 1324 1324 1324 1325 1325 1325 1326 1326 1326 1327 1327 1327 1328 1328 1328 1329 1329 1329 1330 1330 1330 1331 1331 1331 1332 1332 1332 1333 1333 1333 1334 1334 1334 1335 1335 1335 1336 1336 1336 1337 1337 1337 1338 1338 1338 1339 1339 1339 1340 1340 1340 1341 1341 1341 1342 1342 1342 1343 1343 1343 1344 1344 1344 1345 1345 1345 1346 1346 1346 1347 1347 1347 1348 1348 1348 1349 1349 1349 1350 1350 1350 1351 1351 1351 1352 1352 1352 1353 1353 1353 1354 1354 1354 1355 1355 1355 1356 1356 1356 1357 1357 1357 1358 1358 1358 1359 1359 1359 1360 1360 1360 1361 1361 1361 1362 1362 1362 1363 1363 1363 1364 1364 1364 1365 1365 1365 1366 1366 1366 1367 1367 1367 1368 1368 1368 1369 1369 1369 1370 1370 1370 1371 1371 1371 1372 1372 1372 1373 1373 1373 1374 1374 1374 1375 1375 1375 1376 1376 1376 1377 1377 1377 1378 1378 1378 1379 1379 1379 1380 1380 1380 1381 1381 1381 1382 1382 1382 1383 1383 1383 1384 1384 1384 1385 1385 1385 1386 1386 1386 1387 1387 1387 1388 1388 1388 1389 1389 1389 1390 1390 1390 1391 1391 1391 1392 1392 1392 1393 1393 1393 1394 1394 1394 1395 1395 1395 1396 1396 1396 1397 1397 1397 1398 1398 1398 1399 1399 1399 1400 1400 1400 1401 1401 1401 1402 1402 1402 1403 1403 1403 1404 1404 1404 1405 1405 1405 1406 1406 1406 1407 1407 1407 1408 1408 1408 1409 1409 1409 1410 1410 1410 1411 1411 1411 1412 1412 1412 1413 1413 1413 1414 1414 1414 1415 1415 1415 1416 1416 1416 1417 1417 1417 1418 1418 1418 1419 1419 1419 1420 1420 1420 1421 1421 1421 1422 1422 1422 1423 1423 1423 1424 1424 1424 1425 1425 1425 1426 1426 1426 1427 1427 1427 1428 1428 1428 1429 1429 1429 1430 1430 1430 1431 1431 1431 1432 1432 1432 1433 1433 1433 1434 1434 1434 1435 1435 1435 1436 1436 1436 1437 1437 1437 1438 1438 1438 1439 1439 1439 1440 1440 1440 1441 1441 1441 1442 1442 1442 1443 1443 1443 1444 1444 1444 1445 1445 1445 1446 1446 1446 1447 1447 1447 1448 1448 1448 1449 1449 1449 1450 1450 1450 1451 1451 1451 1452 1452 1452 1453 1453 1453 1454 1454 1454 1455 1455 1455 1456 1456 1456 1457 1457 1457 1458 1458 1458 1459 1459 1459 1460 1460 1460 1461 1461 1461 1462 1462 1462 1463 1463 1463 1464 1464 1464 1465 1465 1465 1466 1466 1466 1467 1467 1467 1468 1468 1468 1469 1469 1469 1470 1470 1470 1471 1471 1471 1472 1472 1472 1473 1473 1473 1474 1474 1474 1475 1475 1475 1476 1476 1476 1477 1477 1477 1478 1478 1478 1479 1479 1479 1480 1480 1480 1481 1481 1481 1482 1482 1482 1483 1483 1483 1484 1484 1484 1485 1485 1485 1486 1486 1486 1487 1487 1487 1488 1488 1488 1489 1489 1489 1490 1490 1490 1491 1491 1491 1492 1492 1492 1493 1493 1493 1494 1494 1494 1495 1495 1495 1496 1496 1496 1497 1497 1497 1498 1498 1498 1499 1499 1499 1500 1500 1500 1501 1501 1501 1502 1502 1502 1503 1503 1503 1504 1504 1504 1505 1505 1505 1506 1506 1506 1507 1507 1507 1508 1508 1508 1509 1509 1509 1510 1510 1510 1511 1511 1511 1512 1512 1512 1513 1513 1513 1514 1514 1514 1515 1515 1515 1516 1516 1516 1517 1517 1517 1518 1518 1518 1519 1519 1519 1520 1520 1520 1521 1521 1521 1522 1522 1522 1523 1523 1523 1524 1524 1524 1525 1525 1525 1526 1526 1526 1527 1527 1527 1528 1528 1528 1529 1529 1529 1530 1530 1530 1531 1531 1531 1532 1532 1532 1533 1533 1533 1534 1534 1534 1535 1535 1535 1536 1536 1536 1537 1537 1537 1538 1538 1538 1539 1539 1539 1540 1540 1540 1541 1541 1541 1542 1542 1542 1543 1543 1543 1544 1544 1544 1545 1545 1545 1546 1546 1546 1547 1547 1547 1548 1548 1548 1549 1549 1549 1550 1550 1550 1551 1551 1551 1552 1552 1552 1553 1553 1553 1554 1554 1554 1555 1555 1555 1556 1556 1556 1557 1557 1557 1558 1558 1558 1559 1559 1559 1560 1560 1560 1561 1561 1561 1562 1562 1562 1563 1563 1563 1564 1564 1564 1565 1565 1565 1566 1566 1566 1567 1567 1567 1568 1568 1568 1569 1569 1569 1570 1570 1570 1571 1571 1571 1572 1572 1572 1573 1573 1573 1574 1574 1574 1575 1575 1575 1576 1576 1576 1577 1577 1577 1578 1578 1578 1579 1579 1579 1580 1580 1580 1581 1581 1581 1582 1582 1582 1583 1583 1583 1584 1584 1584 1585 1585 1585 1586 1586 1586 1587 1587 1587 1588 1588 1588 1589 1589 1589 1590 1590 1590 1591 1591 1591 1592 1592 1592 1593 1593 1593 1594 1594 1594 1595 1595 1595 1596 1596 1596 1597 1597 1597 1598 1598 1598 1599 1599 1599 1600 1600 1600 1601 1601 1601 1602 1602 1602 1603 1603 1603 1604 1604 1604 1605 1605 1605 1606 1606 1606 1607 1607 1607 1608 1608 1608 1609 1609 1609 1610 1610 1610 1611 1611 1611 1612 1612 1612 1613 1613 1613 1614 1614 1614 1615 1615 1615 1616 1616 1616 1617 1617 1617 1618 1618 1618 1619 1619 1619 1620 1620 1620 1621 1621 1621 1622 1622 1622 1623 1623 1623 1624 1624 1624 1625 1625 1625 1626 1626 1626 1627 1627 1627 1628 1628 1628 1629 1629 1629 1630 1630 1630 1631 1631 1631 1632 1632 1632 1633 1633 1633 1634 1634 1634 1635 1635 1635 1636 1636 1636 1637 1637 1637 1638 1638 1638 1639 1639 1639 1640 1640 1640 1641 1641 1641 1642 1642 1642 1643 1643 1643 1644 1644 1644 1645 1645 1645 1646 1646 1646 1647 1647 1647 1648 1648 1648 1649 1649 1649 1650 1650 1650 1651 1651 1651 1652 1652 1652 1653 1653 1653 1654 1654 1654 1655 1655 1655 1656 1656 1656 1657 1657 1657 1658 1658 1658 1659 1659 1659 1660 1660 1660 1661 1661 1661 1662 1662 1662 1663 1663 1663 1664 1664 1664 1665 1665 1665 1666 1666 1666 1667 1667 1667 1668 1668 1668 1669 1669 1669 1670 1670 1670 1671 1671 1671 1672 1672 1672 1673 1673 1673 1674 1674 1674 1675 1675 1675 1676 1676 1676 1677 1677 1677 1678 1678 1678 1679 1679 1679 1680 1680 1680 1681 1681 1681 1682 1682 1682 1683 1683 1683 1684 1684 1684 1685 1685 1685 1686 1686 1686 1687 1687 1687 1688 1688 1688 1689 1689 1689 1690 1690 1690 1691 1691 1691 1692 1692 1692 1693 1693 1693 1694 1694 1694 1695 1695 1695 1696 1696 1696 1697 1697 1697 1698 1698 1698 1699 1699 1699 1700 1700 1700 1701 1701 1701 1702 1702 1702 1703 1703 1703 1704 1704 1704 1705 1705 1705 1706 1706 1706 1707 1707 1707 1708 1708 1708 1709 1709 1709 1710 1710 1710 1711 1711 1711 1712 1712 1712 1713 1713 1713 1714 1714 1714 1715 1715 1715 1716 1716 1716 1717 1717 1717 1718 1718 1718 1719 1719 1719 1720 1720 1720 1721 1721 1721 1722 1722 1722 1723 1723 1723 1724 1724 1724 1725 1725 1725 1726 1726 1726 1727 1727 1727 1728 1728 1728 1729 1729 1729 1730 1730 1730 1731 1731 1731 1732 1732 1732 1733 1733 1733 1734 1734 1734 1735 1735 1735 1736 1736 1736 1737 1737 1737 1738 1738 1738 1739 1739 1739 1740 1740 1740 1741 1741 1741 1742 1742 1742 1743 1743 1743 1744 1744 1744 1745 1745 1745 1746 1746 1746 1747 1747 1747 1748 1748 1748 1749 1749 1749 1750 1750 1750 1751 1751 1751 1752 1752 1752 1753 1753 1753 1754 1754 1754 1755 1755 1755 1756 1756 1756 1757 1757 1757 1758 1758 1758 1759 1759 1759 1760 1760 1760 1761 1761 1761 1762 1762 1762 1763 1763 1763 1764 1764 1764 1765 1765 1765 1766 1766 1766 1767 1767 1767 1768 1768 1768 1769 1769 1769 1770 1770 1770 1771 1771 1771 1772 1772 1772 1773 1773 1773 1774 1774 1774 1775 1775 1775 1776 1776 1776 1777 1777 1777 1778 1778 1778 1779 1779 1779 1780 1780 1780 1781 1781 1781 1782 1782 1782 1783 1783 1783 1784 1784 1784 1785 1785 1785 1786 1786 1786 1787 1787 1787 1788 1788 1788 1789 1789 1789 1790 1790 1790 1791 1791 1791 1792 1792 1792 1793 1793 1793 1794 1794 1794 1795 1795 1795 1796 1796 1796 1797 1797 1797 1798 1798 1798 1799 1799 1799 1800 1800 1800 1801 1801 1801 1802 1802 1802 1803 1803 1803 1804 1804 1804 1805 1805 1805 1806 1806 1806 1807 1807 1807 1808 1808 1808 1809 1809 1809 1810 1810 1810 1811 1811 1811 1812 1812 1812 1813 1813 1813 1814 1814 1814 1815 1815 1815 1816 1816 1816 1817 1817 1817 1818 1818 1818 1819 1819 1819 1820 1820 1820 1821 1821 1821 1822 1822 1822 1823 1823 1823 1824 1824 1824 1825 1825 1825 1826 1826 1826 1827 1827 1827 1828 1828 1828 1829 1829 1829 1830 1830 1830 1831 1831 1831 1832 1832 1832 1833 1833 1833 1834 1834 1834 1835 1835 1835 1836 1836 1836 1837 1837 1837 1838 1838 1838 1839 1839 1839 1840 1840 1840 1841 1841 1841 1842 1842 1842 1843 1843 1843 1844 1844 1844 1845 1845 1845 1846 1846 1846 1847 1847 1847 1848 1848 1848 1849 1849 1849 1850 1850 1850 1851 1851 1851 1852 1852 1852 1853 1853 1853 1854 1854 1854 1855 1855 1855 1856 1856 1856 1857 1857 1857 1858 1858 1858 1859 1859 1859 1860 1860 1860 1861 1861 1861 1862 1862 1862 1863 1863 1863 1864 1864 1864 1865 1865 1865 1866 1866 1866 1867 1867 1867 1868 1868 1868 1869 1869 1869 1870 1870 1870 1871 1871 1871 1872 1872 1872 1873 1873 1873 1874 1874 1874 1875 1875 1875 1876 1876 1876 1877 1877 1877 1878 1878 1878 1879 1879 1879 1880 1880 1880 1881 1881 1881 1882 1882 1882 1883 1883 1883 1884 1884 1884 1885 1885 1885 1886 1886 1886 1887 1887 1887 1888 1888 1888 1889 1889 1889 1890 1890 1890 1891 1891 1891 1892 1892 1892 1893 1893 1893 1894 1894 1894 1895 1895 1895 1896 1896 1896 1897 1897 1897 1898 1898 1898 1899 1899 1899 1900 1900 1900 1901 1901 1901 1902 1902 1902 1903 1903 1903 1904 1904 1904 1905 1905 1905 1906 1906 1906 1907 1907 1907 1908 1908 1908 1909 1909 1909 1910 1910 1910 1911 1911 1911 1912 1912 1912 1913 1913 1913 1914 1914 1914 1915 1915 1915 1916 1916 1916 1917 1917 1917 1918 1918 1918 1919 1919 1919 1920 1920 1920 1921 1921 1921 1922 1922 1922 1923 1923 1923 1924 1924 1924 1925 1925 1925 1926 1926 1926 1927 1927 1927 1928 1928 1928 1929 1929 1929 1930 1930 1930 1931 1931 1931 1932 1932 1932 1933 1933 1933 1934 1934 1934 1935 1935 1935 1936 1936 1936 1937 1937 1937 1938 1938 1938 1939 1939 1939 1940 1940 1940 1941 1941 1941 1942 1942 1942 1943 1943 1943 1944 1944 1944 1945 1945 1945 1946 1946 1946 1947 1947 1947 1948 1948 1948 1949 1949 1949 1950 1950 1950 1951 1951 1951 1952 1952 1952 1953 1953 1953 1954 1954 1954 1955 1955 1955 1956 1956 1956 1957 1957 1957 1958 1958 1958 1959 1959 1959 1960 1960 1960 1961 1961 1961 1962 1962 1962 1963 1963 1963 1964 1964 1964 1965 1965 1965 1966 1966 1966 1967 1967 1967 1968 1968 1968 1969 1969 1969 1970 1970 1970 1971 1971 1971 1972 1972 1972 1973 1973 1973 1974 1974 1974 1975 1975 1975 1976 1976 1976 1977 1977 1977 1978 1978 1978 1979 1979 1979 1980 1980 1980 1981 1981 1981 1982 1982 1982 1983 1983 1983 1984 1984 1984 1985 1985 1985 1986 1986 1986 1987 1987 1987 1988 1988 1988 1989 1989 1989 1990 1990 1990 1991 1991 1991 1992 1992 1992 1993 1993 1993 1994 1994 1994 1995 1995 1995 1996 1996 1996 1997 1997 1997 1998 1998 1998 1999 1999 1999 2000 2000 2000 2001 2001 2001 2002 2002 2002 2003 2003 2003 2004 2004 2004 2005 2005 2005 2006 2006 2006 2007 2007 2007 2008 2008 2008 2009 2009 2009 2010 2010 2010 2011 2011 2011 2012 2012 2012 2013 2013 2013 2014 2014 2014 2015 2015 2015 2016 2016 2016 2017 2017 2017 2018 2018 2018 2019 2019 2019 2020 2020 2020 2021 2021 2021 2022 2022 2022 2023 2023 2023 2024 2024 2024 2025 2025 2025 2026 2026 2026 2027 2027 2027 2028 2028 2028 2029 2029 2029 2030 2030 2030 2031 2031 2031 2032 2032 2032 2033 2033 2033 2034 2034 2034 2035 2035 2035 2036 2036 2036 2037 2037 2037 2038 2038 2038 2039 2039 2039 2040 2040 2040 2041 2041 2041 2042 2042 2042 2043 2043 2043 2044 2044 2044 2045 2045 2045 2046 2046 2046 2047 2047 2047 2048 2048 2048 2049 2049 2049 2050 2050 2050 2051 2051 2051 2052 2052 2052 2053 2053 2053 2054 2054 2054 2055 2055 2055 2056 2056 2056 2057 2057 2057 2058 2058 2058 2059 2059 2059 2060 2060 2060 2061 2061 2061 2062 2062 2062 2063 2063 2063 2064 2064 2064 2065 2065 2065 2066 2066 2066 2067 2067 2067 2068 2068 2068 2069 2069 2069 2070 2070 2070 2071 2071 2071 2072 2072 2072 2073 2073 2073 2074 2074 2074 2075 2075 2075 2076 2076 2076 2077 2077 2077 2078 2078 2078 2079 2079 2079 2080 2080 2080 2081 2081 2081 2082 2082 2082 2083 2083 2083 2084 2084 2084 2085 2085 2085 2086 2086 2086 2087 2087 2087 2088 2088 2088 2089 2089 2089 2090 2090 2090 2091 2091 2091 2092 2092 2092 2093 2093 2093 2094 2094 2094 2095 2095 2095 2096 2096 2096 2097 2097 2097 2098 2098 2098 2099 2099 2099 2100 2100 2100 2101 2101 2101 2102 2102 2102 2103 2103 2103 2104 2104 2104 2105 2105 2105 2106 2106 2106 2107 2107 2107 2108 2108 2108 2109 2109 2109 2110 2110 2110 2111 2111 2111 2112 2112 2112 2113 2113 2113 2114 2114 2114 2115 2115 2115 2116 2116 2116 2117 2117 2117 2118 2118 2118 2119 2119 2119 2120 2120 2120 2121 2121 2121 2122 2122 2122 2123 2123 2123 2124 2124 2124 2125 2125 2125 2126 2126 2126 2127 2127 2127 2128 2128 2128 2129 2129 2129 2130 2130 2130 2131 2131 2131 2132 2132 2132 2133 2133 2133 2134 2134 2134 2135 2135 2135 2136 2136 2136 2137 2137 2137 2138 2138 2138 2139 2139 2139 2140 2140 2140 2141 2141 2141 2142 2142 2142 2143 2143 2143 2144 2144 2144 2145 2145 2145 2146 2146 2146 2147 2147 2147 2148 2148 2148 2149 2149 2149 2150 2150 2150 2151 2151 2151 2152 2152 2152 2153 2153 2153 2154 2154 2154 2155 2155 2155 2156 2156 2156 2157 2157 2157 2158 2158 2158 2159 2159 2159 2160 2160 2160 2161 2161 2161 2162 2162 2162 2163 2163 2163 2164 2164 2164 2165 2165 2165 2166 2166 2166 2167 2167 2167 2168 2168 2168 2169 2169 2169 2170 2170 2170 2171 2171 2171 2172 2172 2172 2173 2173 2173 2174 2174 2174 2175 2175 2175 2176 2176 2176 2177 2177 2177 2178 2178 2178 2179 2179 2179 2180 2180 2180 2181 2181 2181 2182 2182 2182 2183 2183 2183 2184 2184 2184 2185 2185 2185 2186 2186 2186 2187 2187 2187 2188 2188 2188 2189 2189 2189 2190 2190 2190 2191 2191 2191 2192 2192 2192 2193 2193 2193 2194 2194 2194 2195 2195 2195 2196 2196 2196 2197 2197 2197 2198 2198 2198 2199 2199 2199 2200 2200 2200 2201 2201 2201 2202 2202 2202 2203 2203 2203 2204 2204 2204 2205 2205 2205 2206 2206 2206 2207 2207 2207 2208 2208 2208 2209 2209 2209 2210 2210 2210 2211 2211 2211 2212 2212 2212 2213 2213 2213 2214 2214 2214 2215 2215 2215 2216 2216 2216 2217 2217 2217 2218 2218 2218 2219 2219 2219 2220 2220 2220 2221 2221 2221 2222 2222 2222 2223 2223 2223 2224 2224 2224 2225 2225 2225 2226 2226 2226 2227 2227 2227 2228 2228 2228 2229 2229 2229 2230 2230 2230 2231 2231 2231 2232 2232 2232 2233 2233 2233 2234 2234 2234 2235 2235 2235 2236 2236 2236 2237 2237 2237 2238 2238 2238 2239 2239 2239 2240 2240 2240 2241 2241 2241 2242 2242 2242 2243 2243 2243 2244 2244 2244 2245 2245 2245 2246 2246 2246 2247 2247 2247 2248 2248 2248 2249 2249 2249 2250 2250 2250 2251 2251 2251 2252 2252 2252 2253 2253 2253 2254 2254 2254 2255 2255 2255 2256 2256 2256 2257 2257 2257 2258 2258 2258 2259 2259 2259 2260 2260 2260 2261 2261 2261 2262 2262 2262 2263 2263 2263 2264 2264 2264 2265 2265 2265 2266 2266 2266 2267 2267 2267 2268 2268 2268 2269 2269 2269 2270 2270 2270 2271 2271 2271 2272 2272 2272 2273 2273 2273 2274 2274 2274 2275 2275 2275 2276 2276 2276 2277 2277 2277 2278 2278 2278 2279 2279 2279 2280 2280 2280 2281 2281 2281 2282 2282 2282 2283 2283 2283 2284 2284 2284 2285 2285 2285 2286 2286 2286 2287 2287 2287 2288 2288 2288 2289 2289 2289 2290 2290 2290 2291 2291 2291 2292 2292 2292 2293 2293 2293 2294 2294 2294 2295 2295 2295 2296 2296 2296 2297 2297 2297 2298 2298 2298 2299 2299 2299 2300 2300 2300 2301 2301 2301 2302 2302 2302 2303 2303 2303 2304 2304 2304 2305 2305 2305 2306 2306 2306 2307 2307 2307 2308 2308 2308 2309 2309 2309 2310 2310 2310 2311 2311 2311 2312 2312 2312 2313 2313 2313 2314 2314 2314 2315 2315 2315 2316 2316 2316 2317 2317 2317 2318 2318 2318 2319 2319 2319 2320 2320 2320 2321 2321 2321 2322 2322 2322 2323 2323 2323 2324 2324 2324 2325 2325 2325 2326 2326 2326 2327 2327 2327 2328 2328 2328 2329 2329 2329 2330 2330 2330 2331 2331 2331 2332 2332 2332 2333 2333 2333 2334 2334 2334 2335 2335 2335 2336 2336 2336 2337 2337 2337 2338 2338 2338 2339 2339 2339 2340 2340 2340 2341 2341 2341 2342 2342 2342 2343 2343 2343 2344 2344 2344 2345 2345 2345 2346 2346 2346 2347 2347 2347 2348 2348 2348 2349 2349 2349 2350 2350 2350 2351 2351 2351 2352 2352 2352 2353 2353 2353 2354 2354 2354 2355 2355 2355 2356 2356 2356 2357 2357 2357 2358 2358 2358 2359 2359 2359 2360 2360 2360 2361 2361 2361 2362 2362 2362 2363 2363 2363 2364 2364 2364 2365 2365 2365 2366 2366 2366 2367 2367 2367 2368 2368 2368 2369 2369 2369 2370 2370 2370 2371 2371 2371 2372 2372 2372 2373 2373 2373 2374 2374 2374 2375 2375 2375 2376 2376 2376 2377 2377 2377 2378 2378 2378 2379 2379 2379 2380 2380 2380 2381 2381 2381 2382 2382 2382 2383 2383 2383 2384 2384 2384 2385 2385 2385 2386 2386 2386 2387 2387 2387 2388 2388 2388 2389 2389 2389 2390 2390 2390 2391 2391 2391 2392 2392 2392 2393 2393 2393 2394 2394 2394 2395 2395 2395 2396 2396 2396 2397 2397 2397 2398 2398 2398 2399 2399 2399 2400 2400 2400 2401 2401 2401 2402 2402 2402 2403 2403 2403 2404 2404 2404 2405 2405 2405 2406 2406 2406 2407 2407 2407 2408 2408 2408 2409 2409 2409 2410 2410 2410 2411 2411 2411 2412 2412 2412 2413 2413 2413 2414 2414 2414 2415 2415 2415 2416 2416 2416 2417 2417 2417 2418 2418 2418 2419 2419 2419 2420 2420 2420 2421 2421 2421 2422 2422 2422 2423 2423 2423 2424 2424 2424 2425 2425 2425 2426 2426 2426 2427 2427 2427 2428 2428 2428 2429 2429 2429 2430 2430 2430 2431 2431 2431 2432 2432 2432 2433 2433 2433 2434 2434 2434 2435 2435 2435 2436 2436 2436 2437 2437 2437 2438 2438 2438 2439 2439 2439 2440 2440 2440 2441 2441 2441 2442 2442 2442 2443 2443 2443 2444 2444 2444 2445 2445 2445 2446 2446 2446 2447 2447 2447 2448 2448 2448 2449 2449 2449 2450 2450 2450 2451 2451 2451 2452 2452 2452 2453 2453 2453 2454 2454 2454 2455 2455 2455 2456 2456 2456 2457 2457 2457 2458 2458 2458 2459 2459 2459 2460 2460 2460 2461 2461 2461 2462 2462 2462 2463 2463 2463 2464 2464 2464 2465 2465 2465 2466 2466 2466 2467 2467 2467 2468 2468 2468 2469 2469 2469 2470 2470 2470 2471 2471 2471 2472 2472 2472 2473 2473 2473 2474 2474 2474 2475 2475 2475 2476 2476 2476 2477 2477 2477 2478 2478 2478 2479 2479 2479 2480 2480 2480 2481 2481 2481 2482 2482 2482 2483 2483 2483 2484 2484 2484 2485 2485 2485 2486 2486 2486 2487 2487 2487 2488 2488 2488 2489 2489 2489 2490 2490 2490 2491 2491 2491 2492 2492 2492 2493 2493 2493 2494 2494 2494 2495 2495 2495 2496 2496 2496 2497 2497 2497 2498 2498 2498 2499 2499 2499 2500 2500 2500 2501 2501 2501 2502 2502 2502 2503 2503 2503 2504 2504 2504 2505 2505 2505 2506 2506 2506 2507 2507 2507 2508 2508 2508 2509 2509 2509 2510 2510 2510 2511 2511 2511 2512 2512 2512 2513 2513 2513 2514 2514 2514 2515 2515 2515 2516 2516 2516 2517 2517 2517 2518 2518 2518 2519 2519 2519 2520 2520 2520 2521 2521 2521 2522 2522 2522 2523 2523 2523 2524 2524 2524 2525 2525 2525 2526 2526 2526 2527 2527 2527 2528 2528 2528 2529 2529 2529 2530 2530 2530 2531 2531 2531 2532 2532 2532 2533 2533 2533 2534 2534 2534 2535 2535 2535 2536 2536 2536 2537 2537 2537 2538 2538 2538 2539 2539 2539 2540 2540 2540 2541 2541 2541 2542 2542 2542 2543 2543 2543 2544 2544 2544 2545 2545 2545 2546 2546 2546 2547 2547 2547 2548 2548 2548 2549 2549 2549 2550 2550 2550 2551 2551 2551 2552 2552 2552 2553 2553 2553 2554 2554 2554 2555 2555 2555 2556 2556 2556 2557 2557 2557 2558 2558 2558 2559 2559 2559 2560 2560 2560 2561 2561 2561 2562 2562 2562 2563 2563 2563 2564 2564 2564 2565 2565 2565 2566 2566 2566 2567 2567 2567 2568 2568 2568 2569 2569 2569 2570 2570 2570 2571 2571 2571 2572 2572 2572 2573 2573 2573 2574 2574 2574 2575 2575 2575 2576 2576 2576 2577 2577 2577 2578 2578 2578 2579 2579 2579 2580 2580 2580 2581 2581 2581 2582 2582 2582 2583 2583 2583 2584 2584 2584 2585 2585 2585 2586 2586 2586 2587 2587 2587 2588 2588 2588 2589 2589 2589 2590 2590 2590 2591 2591 2591 2592 2592 2592 2593 2593 2593 2594 2594 2594 2595 2595 2595 2596 2596 2596 2597 2597 2597 2598 2598 2598 2599 2599 2599 2600 2600 2600 2601 2601 2601 2602 2602 2602 2603 2603 2603 2604 2604 2604 2605 2605 2605 2606 2606 2606 2607 2607 2607 2608 2608 2608 2609 2609 2609 2610 2610 2610 2611 2611 2611 2612 2612 2612 2613 2613 2613 2614 2614 2614 2615 2615 2615 2616 2616 2616 2617 2617 2617 2618 2618 2618 2619 2619 2619 2620 2620 2620 2621 2621 2621 2622 2622 2622 2623 2623 2623 2624 2624 2624 2625 2625 2625 2626 2626 2626 2627 2627 2627 2628 2628 2628 2629 2629 2629 2630 2630 2630 2631 2631 2631 2632 2632 2632 2633 2633 2633 2634 2634 2634 2635 2635 2635 2636 2636 2636 2637 2637 2637 2638 2638 2638 2639 2639 2639 2640 2640 2640 2641 2641 2641 2642 2642 2642 2643 2643 2643 2644 2644 2644 2645 2645 2645 2646 2646 2646 2647 2647 2647 2648 2648 2648 2649 2649 2649 2650 2650 2650 2651 2651 2651 2652 2652 2652 2653 2653 2653 2654 2654 2654 2655 2655 2655 2656 2656 2656 2657 2657 2657 2658 2658 2658 2659 2659 2659 2660 2660 2660 2661 2661 2661 2662 2662 2662 2663 2663 2663 2664 2664 2664 2665 2665 2665 2666 2666 2666 2667 2667 2667 2668 2668 2668 2669 2669 2669 2670 2670 2670 2671 2671 2671 2672 2672 2672 2673 2673 2673 2674 2674 2674 2675 2675 2675 2676 2676 2676 2677 2677 2677 2678 2678 2678 2679 2679 2679 2680 2680 2680 2681 2681 2681 2682 2682 2682 2683 2683 2683 2684 2684 2684 2685 2685 2685 2686 2686 2686 2687 2687 2687 2688 2688 2688 2689 2689 2689 2690 2690 2690 2691 2691 2691 2692 2692 2692 2693 2693 2693 2694 2694 2694 2695 2695 2695 2696 2696 2696 2697 2697 2697 2698 2698 2698 2699 2699 2699 2700 2700 2700 2701 2701 2701 2702 2702 2702 2703 2703 2703 2704 2704 2704 2705 2705 2705 2706 2706 2706 2707 2707 2707 2708 2708 2708 2709 2709 2709 2710 2710 2710 2711 2711 2711 2712 2712 2712 2713 2713 2713 2714 2714 2714 2715 2715 2715 2716 2716 2716 2717 2717 2717 2718 2718 2718 2719 2719 2719 2720 2720 2720 2721 2721 2721 2722 2722 2722 2723 2723 2723 2724 2724 2724 2725 2725 2725 2726 2726 2726 2727 2727 2727 2728 2728 2728 2729 2729 2729 2730 2730 2730 2731 2731 2731 2732 2732 2732 2733 2733 2733 2734 2734 2734 2735 2735 2735 2736 2736 2736 2737 2737 2737 2738 2738 2738 2739 2739 2739 2740 2740 2740 2741 2741 2741 2742 2742 2742 2743 2743 2743 2744 2744 2744 2745 2745 2745 2746 2746 2746 2747 2747 2747 2748 2748 2748 2749 2749 2749 2750 2750 2750 2751 2751 2751 2752 2752 2752 2753 2753 2753 2754 2754 2754 2755 2755 2755 2756 2756 2756 2757 2757 2757 2758 2758 2758 2759 2759 2759 2760 2760 2760 2761 2761 2761 2762 2762 2762 2763 2763 2763 2764 2764 2764 2765 2765 2765 2766 2766 2766 2767 2767 2767 2768 2768 2768 2769 2769 2769 2770 2770 2770 2771 2771 2771 2772 2772 2772 2773 2773 2773 2774 2774 2774 2775 2775 2775 2776 2776 2776 2777 2777 2777 2778 2778 2778 2779 2779 2779 2780 2780 2780 2781 2781 2781 2782 2782 2782 2783 2783 2783 2784 2784 2784 2785 2785 2785 2786 2786 2786 2787 2787 2787 2788 2788 2788 2789 2789 2789 2790 2790 2790 2791 2791 2791 2792 2792 2792 2793 2793 2793 2794 2794 2794 2795 2795 2795 2796 2796 2796 2797 2797 2797 2798 2798 2798 2799 2799 2799 2800 2800 2800 2801 2801 2801 2802 2802 2802 2803 2803 2803 2804 2804 2804 2805 2805 2805 2806 2806 2806 2807 2807 2807 2808 2808 2808 2809 2809 2809 2810 2810 2810 2811 2811 2811 2812 2812 2812 2813 2813 2813 2814 2814 2814 2815 2815 2815 2816 2816 2816 2817 2817 2817 2818 2818 2818 2819 2819 2819 2820 2820 2820 2821 2821 2821 2822 2822 2822 2823 2823 2823 2824 2824 2824 2825 2825 2825 2826 2826 2826 2827 2827 2827 2828 2828 2828 2829 2829 2829 2830 2830 2830 2831 2831 2831 2832 2832 2832 2833 2833 2833 2834 2834 2834 2835 2835 2835 2836 2836 2836 2837 2837 2837 2838 2838 2838 2839 2839 2839 2840 2840 2840 2841 2841 2841 2842 2842 2842 2843 2843 2843 2844 2844 2844 2845 2845 2845 2846 2846 2846 2847 2847 2847 2848 2848 2848 2849 2849 2849 2850 2850 2850 2851 2851 2851 2852 2852 2852 2853 2853 2853 2854 2854 2854 2855 2855 2855 2856 2856 2856 2857 2857 2857 2858 2858 2858 2859 2859 2859 2860 2860 2860 2861 2861 2861 2862 2862 2862 2863 2863 2863 2864 2864 2864 2865 2865 2865 2866 2866 2866 2867 2867 2867 2868 2868 2868 2869 2869 2869 2870 2870 2870 2871 2871 2871 2872 2872 2872 2873 2873 2873 2874 2874 2874 2875 2875 2875 2876 2876 2876 2877 2877 2877 2878 2878 2878 2879 2879 2879 2880 2880 2880 2881 2881 2881 2882 2882 2882 2883 2883 2883 2884 2884 2884 2885 2885 2885 2886 2886 2886 2887 2887 2887 2888 2888 2888 2889 2889 2889 2890 2890 2890 2891 2891 2891 2892 2892 2892 2893 2893 2893 2894 2894 2894 2895 2895 2895 2896 2896 2896 2897 2897 2897 2898 2898 2898 2899 2899 2899 2900 2900 2900 2901 2901 2901 2902 2902 2902 2903 2903 2903 2904 2904 2904 2905 2905 2905 2906 2906 2906 2907 2907 2907 2908 2908 2908 2909 2909 2909 2910 2910 2910 2911 2911 2911 2912 2912 2912 2913 2913 2913 2914 2914 2914 2915 2915 2915 2916 2916 2916 2917 2917 2917 2918 2918 2918 2919 2919 2919 2920 2920 2920 2921 2921 2921 2922 2922 2922 2923 2923 2923 2924 2924 2924 2925 2925 2925 2926 2926 2926 2927 2927 2927 2928 2928 2928 2929 2929 2929 2930 2930 2930 2931 2931 2931 2932 2932 2932 2933 2933 2933 2934 2934 2934 2935 2935 2935 2936 2936 2936 2937 2937 2937 2938 2938 2938 2939 2939 2939 2940 2940 2940 2941 2941 2941 2942 2942 2942 2943 2943 2943 2944 2944 2944 2945 2945 2945 2946 2946 2946 2947 2947 2947 2948 2948 2948 2949 2949 2949 2950 2950 2950 2951 2951 2951 2952 2952 2952 2953 2953 2953 2954 2954 2954 2955 2955 2955 2956 2956 2956 2957 2957 2957 2958 2958 2958 2959 2959 2959 2960 2960 2960 2961 2961 2961 2962 2962 2962 2963 2963 2963 2964 2964 2964 2965 2965 2965 2966 2966 2966 2967 2967 2967 2968 2968 2968 2969 2969 2969 2970 2970 2970 2971 2971 2971 2972 2972 2972 2973 2973 2973 2974 2974 2974 2975 2975 2975 2976 2976 2976 2977 2977 2977 2978 2978 2978 2979 2979 2979 2980 2980 2980 2981 2981 2981 2982 2982 2982 2983 2983 2983 2984 2984 2984 2985 2985 2985 2986 2986 2986 2987 2987 2987 2988 2988 2988 2989 2989 2989 2990 2990 2990 2991 2991 2991 2992 2992 2992 2993 2993 2993 2994 2994 2994 2995 2995 2995 2996 2996 2996 2997 2997 2997 2998 2998 2998 2999 2999 2999 3000 3000 3000 3001 3001 3001 3002 3002 3002 3003 3003 3003 3004 3004 3004 3005 3005 3005 3006 3006 3006 3007 3007 3007 3008 3008 3008 3009 3009 3009 3010 3010 3010 3011 3011 3011 3012 3012 3012 3013 3013 3013 3014 3014 3014 3015 3015 3015 3016 3016 3016 3017 3017 3017 3018 3018 3018 3019 3019 3019 3020 3020 3020 3021 3021 3021 3022 3022 3022 3023 3023 3023 3024 3024 3024 3025 3025 3025 3026 3026 3026 3027 3027 3027 3028 3028 3028 3029 3029 3029 3030 3030 3030 3031 3031 3031 3032 3032 3032 3033 3033 3033 3034 3034 3034 3035 3035 3035 3036 3036 3036 3037 3037 3037 3038 3038 3038 3039 3039 3039 3040 3040 3040 3041 3041 3041 3042 3042 3042 3043 3043 3043 3044 3044 3044 3045 3045 3045 3046 3046 3046 3047 3047 3047 3048 3048 3048 3049 3049 3049 3050 3050 3050 3051 3051 3051 3052 3052 3052 3053 3053 3053 3054 3054 3054 3055 3055 3055 3056 3056 3056 3057 3057 3057 3058 3058 3058 3059 3059 3059 3060 3060 3060 3061 3061 3061 3062 3062 3062 3063 3063 3063 3064 3064 3064 3065 3065 3065 3066 3066 3066 3067 3067 3067 3068 3068 3068 3069 3069 3069 3070 3070 3070 3071 3071 3071 3072 3072 3072 3073 3073 3073 3074 3074 3074 3075 3075 3075 3076 3076 3076 3077 3077 3077 3078 3078 3078 3079 3079 3079 3080 3080 3080 3081 3081 3081 3082 3082 3082 3083 3083 3083 3084 3084 3084 3085 3085 3085 3086 3086 3086 3087 3087 3087 3088 3088 3088 3089 3089 3089 3090 3090 3090 3091 3091 3091 3092 3092 3092 3093 3093 3093 3094 3094 3094 3095 3095 3095 3096 3096 3096 3097 3097 3097 3098 3098 3098 3099 3099 3099 3100 3100 3100 3101 3101 3101 3102 3102 3102 3103 3103 3103 3104 3104 3104 3105 3105 3105 3106 3106 3106 3107 3107 3107 3108 3108 3108 3109 3109 3109 3110 3110 3110 3111 3111 3111 3112 3112 3112 3113 3113 3113 3114 3114 3114 3115 3115 3115 3116 3116 3116 3117 3117 3117 3118 3118 3118 3119 3119 3119 3120 3120 3120 3121 3121 3121 3122 3122 3122 3123 3123 3123 3124 3124 3124 3125 3125 3125 3126 3126 3126 3127 3127 3127 3128 3128 3128 3129 3129 3129 3130 3130 3130 3131 3131 3131 3132 3132 3132 3133 3133 3133 3134 3134 3134 3135 3135 3135 3136 3136 3136 3137 3137 3137 3138 3138 3138 3139 3139 3139 3140 3140 3140 3141 3141 3141 3142 3142 3142 3143 3143 3143 3144 3144 3144 3145 3145 3145 3146 3146 3146 3147 3147 3147 3148 3148 3148 3149 3149 3149 3150 3150 3150 3151 3151 3151 3152 3152 3152 3153 3153 3153 3154 3154 3154 3155 3155 3155 3156 3156 3156 3157 3157 3157 3158 3158 3158 3159 3159 3159 3160 3160 3160 3161 3161 3161 3162 3162 3162 3163 3163 3163 3164 3164 3164 3165 3165 3165 3166 3166 3166 3167 3167 3167 3168 3168 3168 3169 3169 3169 3170 3170 3170 3171 3171 3171 3172 3172 3172 3173 3173 3173 3174 3174 3174 3175 3175 3175 3176 3176 3176 3177 3177 3177 3178 3178 3178 3179 3179 3179 3180 3180 3180 3181 3181 3181 3182 3182 3182 3183 3183 3183 3184 3184 3184 3185 3185 3185 3186 3186 3186 3187 3187 3187 3188 3188 3188 3189 3189 3189 3190 3190 3190 3191 3191 3191 3192 3192 3192 3193 3193 3193 3194 3194 3194 3195 3195 3195 3196 3196 3196 3197 3197 3197 3198 3198 3198 3199 3199 3199 3200 3200 3200 3201 3201 3201 3202 3202 3202 3203 3203 3203 3204 3204 3204 3205 3205 3205 3206 3206 3206 3207 3207 3207 3208 3208 3208 3209 3209 3209 3210 3210 3210 3211 3211 3211 3212 3212 3212 3213 3213 3213 3214 3214 3214 3215 3215 3215 3216 3216 3216 3217 3217 3217 3218 3218 3218 3219 3219 3219 3220 3220 3220 3221 3221 3221 3222 3222 3222 3223 3223 3223 3224 3224 3224 3225 3225 3225 3226 3226 3226 3227 3227 3227 3228 3228 3228 3229 3229 3229 3230 3230 3230 3231 3231 3231 3232 3232 3232 3233 3233 3233 3234 3234 3234 3235 3235 3235 3236 3236 3236 3237 3237 3237 3238 3238 3238 3239 3239 3239 3240 3240 3240 3241 3241 3241 3242 3242 3242 3243 3243 3243 3244 3244 3244 3245 3245 3245 3246 3246 3246 3247 3247 3247 3248 3248 3248 3249 3249 3249 3250 3250 3250 3251 3251 3251 3252 3252 3252 3253 3253 3253 3254 3254 3254 3255 3255 3255 3256 3256 3256 3257 3257 3257 3258 3258 3258 3259 3259 3259 3260 3260 3260 3261 3261 3261 3262 3262 3262 3263 3263 3263</p></triangles>
 </mesh></geometry></library_geometries>
 <library_visual_scenes><visual_scene id="Scene"><node id="screen"><instance_geometry url="#screen-geometry"><bind_material><technique_common><instance_material symbol="screen" target="#screen-material"><bind_vertex_input semantic="UVMap" input_semantic="TEXCOORD" input_set="0" /></instance_material></technique_common></bind_material></instance_geometry></node></visual_scene></library_visual_scenes>
 <scene><instance_visual_scene url="#Scene" /></scene>
</COLLADA>