# https://github.com/mikedh/trimesh
v -0.02116201631724834 -0.02829293906688690 0.02661514095962048
v -0.02390829101204872 -0.02935898862779140 0.03799999132752419
v -0.02209075167775154 -0.03363676741719246 0.03511439636349678
v -0.02301983349025249 -0.03440238162875175 0.03939778357744217
v -0.02288328297436237 -0.03396455198526382 0.03831208497285843
v -0.02292237058281898 -0.03408671170473099 0.03861287236213684
v -0.02218028530478477 -0.03583956882357597 0.03800000250339508
v -0.02237815037369728 -0.03540593758225441 0.03815003484487534
v -0.02214037440717220 -0.03571613132953644 0.03769657760858536
v -0.02265743166208267 -0.03526158630847931 0.03902913257479668
v -0.02256756462156773 -0.03496882691979408 0.03830231353640556
v -0.02263673208653927 -0.03450913354754448 0.03800000622868538
v -0.02252810634672642 -0.03484568744897842 0.03799999132752419
v -0.02087567932903767 -0.03661717474460602 0.03498889133334160
v -0.02143596298992634 -0.03761643171310425 0.03799999505281448
v -0.02103636413812637 -0.03841559961438179 0.03799998760223389
v -0.02066167257726192 -0.03529997169971466 0.03669103235006332
v -0.02055460028350353 -0.03501067310571671 0.03601286932826042
v -0.02120572514832020 -0.03360812366008759 0.03650495782494545
v -0.02199951745569706 -0.03333537280559540 0.03920342773199081
v -0.02076167240738869 -0.03558596223592758 0.03737166896462440
v -0.02088641747832298 -0.03597307577729225 0.03830990195274353
v -0.02098544873297215 -0.03631337359547615 0.03915007412433624
v -0.02323067560791969 -0.02673151530325413 0.03235609456896782
v -0.02242182940244675 -0.02977840974926949 0.03230418264865875
v -0.02142732590436935 -0.03270145133137703 0.03216895088553429
v -0.02131005376577377 -0.02945637330412865 0.03262057155370712
v -0.02299769781529903 -0.03053646720945835 0.03518828004598618
v -0.02301231026649475 -0.03323705494403839 0.03800000622868538
v -0.02234978042542934 -0.03106868825852871 0.03826233372092247
v -0.02275541424751282 -0.02913325838744640 0.03824434801936150
v -0.02187965996563435 -0.03295572102069855 0.03828049078583717
v -0.02185702882707119 -0.03301773965358734 0.03825862705707550
v -0.02169028483331203 -0.03239424154162407 0.03694123774766922
v -0.01983805000782013 -0.04035525768995285 0.03799998387694359
v -0.01938697695732117 -0.04095136374235153 0.03799998387694359
v -0.01806786656379700 -0.04070012271404266 0.03473364561796188
v -0.01828611455857754 -0.04218748956918716 0.03799998387694359
v -0.01855055429041386 -0.04015925154089928 0.03835118934512138
v -0.01730710826814175 -0.04308702051639557 0.03799998760223389
v -0.01595997810363770 -0.04052402824163437 0.03132343292236328
v -0.01446149311959743 -0.04152809083461761 0.03117426484823227
v -0.01651318930089474 -0.04371212795376778 0.03799999132752419
v -0.01677556708455086 -0.04188830032944679 0.03464704379439354
v -0.01606204733252525 -0.04104482010006905 0.03511545807123184
v -0.01715707778930664 -0.04169255122542381 0.03836812078952789
v -0.01628327183425426 -0.04245300218462944 0.03837685286998749
v -0.01447370182722807 -0.04500113427639008 0.03799999505281448
v -0.01528138574212790 -0.04295764863491058 0.03456617519259453
v -0.01467718277126551 -0.04203871265053749 0.03504580259323120
v -0.01534639671444893 -0.04314488917589188 0.03838490322232246
v -0.01976454257965088 -0.02697945013642311 0.02085546776652336
v -0.01744324713945389 -0.02683507464826107 0.01500000618398190
v -0.01723170839250088 -0.02701272629201412 0.01500000618398190
v -0.01811389252543449 -0.02907871082425117 0.02069045044481754
v -0.01726722344756126 -0.02836919389665127 0.02116001211106777
v -0.01987897232174873 -0.03082593530416489 0.02641507796943188
v -0.01889350637793541 -0.03031221404671669 0.02686916291713715
v -0.02011042460799217 -0.02784038707613945 0.02697438932955265
v -0.01730180531740189 -0.03205228224396706 0.02323789335787296
v -0.01832976937294006 -0.03321211412549019 0.02608581446111202
v -0.01742937788367271 -0.03263524919748306 0.02663229219615459
v -0.01639669574797153 -0.03542749583721161 0.02565846405923367
v -0.01562214177101851 -0.03476079925894737 0.02628588303923607
v -0.01525858882814646 -0.03398085013031960 0.02282470464706421
v -0.01455602422356606 -0.03327208757400513 0.02349009551107883
v -0.01622268185019493 -0.03092704713344574 0.02042491920292377
v -0.01717577502131462 -0.02832854911684990 0.01779517345130444
v -0.01626176014542580 -0.02774400077760220 0.01500000711530447
v -0.01561478059738874 -0.02680711820721626 0.01537907775491476
v -0.01642496325075626 -0.02750225737690926 0.01823555305600166
v -0.01511822920292616 -0.02987885661423206 0.01763776876032352
v -0.01548878196626902 -0.03017569892108440 0.02100624330341816
v -0.01406631153076887 -0.03253476321697235 0.02008547075092793
v -0.01476046442985535 -0.02865726500749588 0.01500000804662704
v -0.01417857687920332 -0.02895388379693031 0.01500000711530447
v -0.01423580478876829 -0.02767579630017281 0.01544890366494656
v -0.01450599730014801 -0.02900829166173935 0.01819261722266674
v -0.01647335477173328 -0.03140001744031906 0.02381223626434803
v -0.01928416825830936 -0.03437476605176926 0.02898120880126953
v -0.02014136500656605 -0.03551601245999336 0.03194141760468483
v -0.01914425753057003 -0.03502179309725761 0.03239265829324722
v -0.01744968444108963 -0.03683502227067947 0.02859330177307129
v -0.01838553696870804 -0.03817179426550865 0.03164171800017357
v -0.01726513355970383 -0.03939771279692650 0.03148122504353523
v -0.01751331984996796 -0.03752685710787773 0.03215254843235016
v -0.01832888089120388 -0.03385013714432716 0.02948567830026150
v -0.01916965655982494 -0.03941215574741364 0.03482245281338692
v -0.01974426023662090 -0.03837156295776367 0.03833308070898056
v -0.02039024606347084 -0.03712305054068565 0.03832100704312325
v -0.01881704106926918 -0.03980639949440956 0.03834747523069382
v -0.01984808407723904 -0.03613296151161194 0.03537764027714729
v -0.01826511509716511 -0.03875467553734779 0.03525577485561371
v -0.02035961113870144 -0.03230984881520271 0.03255370631814003
v -0.01631030812859535 -0.03796716779470444 0.02838496863842010
v -0.01662017591297626 -0.03618834167718887 0.02916896343231201
v -0.01500302273780107 -0.03900276124477386 0.02817877009510994
v -0.01435585971921682 -0.03820985183119774 0.02880543470382690
v -0.01527720969170332 -0.03970752283930779 0.03187781944870949
v -0.02130879461765289 -0.04009258747100830 0.04219179227948189
v -0.02333414182066917 -0.04012677446007729 0.05151516571640968
v -0.02310271933674812 -0.04053740948438644 0.05139695107936859
v -0.02146293595433235 -0.04167671129107475 0.04675192013382912
v -0.02146322093904018 -0.04307839274406433 0.05153760313987732
v -0.02163370326161385 -0.04011960327625275 0.04966789111495018
v -0.02390130981802940 -0.04015583917498589 0.05724287033081055
v -0.02380842529237270 -0.04098167642951012 0.06098234653472900
v -0.02367847412824631 -0.04159840568900108 0.06410186737775803
v -0.02311825193464756 -0.04113017395138741 0.05359586700797081
v -0.02357192710042000 -0.04057692736387253 0.05497106164693832
v -0.02355292625725269 -0.04107823967933655 0.05703340843319893
v -0.02236519008874893 -0.04064492508769035 0.05687539279460907
v -0.02134445495903492 -0.04430131986737251 0.05655108392238617
v -0.02165919169783592 -0.04145339876413345 0.05461781844496727
v -0.02163454703986645 -0.04191907495260239 0.05660344660282135
v -0.02327028103172779 -0.04210448265075684 0.05952647700905800
v -0.02304110489785671 -0.04239548370242119 0.05892727896571159
v -0.02345998957753181 -0.04190568998456001 0.06077362224459648
v -0.02309540659189224 -0.04298591241240501 0.06390049308538437
v -0.02224990352988243 -0.04164161905646324 0.06161285191774368
v -0.02113405615091324 -0.04536890238523483 0.06174812093377113
v -0.02153668925166130 -0.04274329170584679 0.06050110235810280
v -0.02405290491878986 -0.03351766616106033 0.04325527325272560
v -0.02396127022802830 -0.03750905022025108 0.04930114746093750
v -0.02385022491216660 -0.03826862946152687 0.05015599355101585
v -0.02461276389658451 -0.03473190218210220 0.04934311658143997
v -0.02462321706116199 -0.03068665228784084 0.04330777749419212
v -0.02514164149761200 -0.02765416167676449 0.04386975616216660
v -0.02395998314023018 -0.02754746936261654 0.04407049342989922
v -0.02545145526528358 -0.02912696450948715 0.05034333094954491
v -0.02504693903028965 -0.03178703412413597 0.04882417246699333
v -0.02381585538387299 -0.03148339688777924 0.04813924059271812
v -0.02511805109679699 -0.03202177211642265 0.05022383108735085
v -0.02389391697943211 -0.03174159303307533 0.04955024644732475
v -0.02393726073205471 -0.03189987689256668 0.05047301948070526
v -0.02426052838563919 -0.02906160056591034 0.05056798085570335
v -0.02298976108431816 -0.03776876255869865 0.04427260532975197
v -0.02325477264821529 -0.03762997314333916 0.04523787647485733
v -0.02360074035823345 -0.03669972717761993 0.04542591422796249
v -0.02273635938763618 -0.03799878433346748 0.04360482841730118
v -0.02277764678001404 -0.03819357231259346 0.04413739964365959
v -0.02257386036217213 -0.03564987331628799 0.04506913572549820
v -0.02146347239613533 -0.03861341625452042 0.04513473063707352
v -0.02302582375705242 -0.03964633494615555 0.04839742556214333
v -0.02222846262156963 -0.03804153949022293 0.04755087569355965
v -0.02350492961704731 -0.03918446972966194 0.04992341250181198
v -0.02354749292135239 -0.03968559578061104 0.05163397639989853
v -0.02291573770344257 -0.03684645891189575 0.04952348768711090
v -0.02236619591712952 -0.03946399688720703 0.05217843502759933
v -0.02281848713755608 -0.03724101185798645 0.04959844052791595
v -0.02346593327820301 -0.03052071854472160 0.04361801221966743
v -0.02391942404210567 -0.03966364637017250 0.05521563813090324
v -0.02430584840476513 -0.03847321867942810 0.05621483922004700
v -0.02487965300679207 -0.03570020943880081 0.05627840757369995
v -0.02430523559451103 -0.03918915614485741 0.06417869031429291
v -0.02521703206002712 -0.03328161686658859 0.06065817177295685
v -0.02480153739452362 -0.03642044588923454 0.06426378339529037
v -0.02509986795485020 -0.03357125446200371 0.06434820592403412
v -0.02363351732492447 -0.03607579320669174 0.06445226818323135
v -0.02524654380977154 -0.03264342993497849 0.05458959564566612
v -0.02526099421083927 -0.03285140544176102 0.05634149163961411
v -0.02526041120290756 -0.03296528011560440 0.05738196521997452
v -0.02548401989042759 -0.03012777492403984 0.05736666172742844
v -0.02402439899742603 -0.03229732811450958 0.05303175374865532
v -0.02406710945069790 -0.03275018185377121 0.05649300292134285
v -0.02406382001936436 -0.03288547694683075 0.05767543986439705
v -0.02427944913506508 -0.03009844012558460 0.05763506516814232
v -0.02442132309079170 -0.02809992618858814 0.05761647969484329
v -0.02405116893351078 -0.03302113711833954 0.05894834548234940
v -0.02291084453463554 -0.03863690048456192 0.05449091643095016
v -0.02290628291666508 -0.03910629451274872 0.05639586597681046
v -0.02323221042752266 -0.03784241899847984 0.05641539394855499
v -0.02285353466868401 -0.03981926664710045 0.05958923324942589
v -0.02320457063615322 -0.03858887776732445 0.06438802927732468
v -0.01953317411243916 -0.04250386729836464 0.04212709143757820
v -0.01735348999500275 -0.04455262422561646 0.04206089302897453
v -0.01835754886269569 -0.04206136614084244 0.04240099340677261
v -0.01954104378819466 -0.04397055134177208 0.04664219543337822
v -0.01942917704582214 -0.04526155814528465 0.05138168111443520
v -0.02018403448164463 -0.04143363609910011 0.04696405678987503
v -0.02019218727946281 -0.04275846481323242 0.05169152095913887
v -0.01838143356144428 -0.04346046969294548 0.04686094820499420
v -0.01729061082005501 -0.04590968415141106 0.04652201011776924
v -0.01828736625611782 -0.04469326883554459 0.05154503136873245
v -0.01713589392602444 -0.04709765687584877 0.05120736733078957
v -0.01468685083091259 -0.04752958193421364 0.04638360813260078
v -0.01455067005008459 -0.04864116758108139 0.05100624635815620
v -0.01633068174123764 -0.04387183487415314 0.04235220327973366
v -0.01475265342742205 -0.04624830558896065 0.04198800772428513
v -0.01628056354820728 -0.04518948122859001 0.04675129428505898
v -0.01614113524556160 -0.04634268581867218 0.05137939751148224
v -0.01899338327348232 -0.04738809168338776 0.06147456169128418
v -0.02008421346545219 -0.04392626881599426 0.05665729939937592
v -0.01923841051757336 -0.04639392718672752 0.05633946508169174
v -0.01811536587774754 -0.04578194394707680 0.05646032840013504
v -0.01988468691706657 -0.04495574533939362 0.06180804222822189
v -0.01692152768373489 -0.04813893139362335 0.05610695108771324
v -0.01594622433185577 -0.04735377430915833 0.05623571947216988
v -0.01436273753643036 -0.04960075765848160 0.05584537982940674
v -0.01413587760180235 -0.05041687190532684 0.06086908280849457
v -0.02002527751028538 -0.03993668779730797 0.04245316982269287
v -0.02375421114265919 -0.01549062412232161 0.02061490714550018
v -0.02381808124482632 -0.01948251388967037 0.02653096616268158
v -0.02436126582324505 -0.01603122428059578 0.02634309977293015
v -0.02229075320065022 -0.02189111150801182 0.02088230103254318
v -0.02116386592388153 -0.02459381893277168 0.02091579884290695
v -0.02170737087726593 -0.02055476233363152 0.01500001084059477
v -0.02136405557394028 -0.02140093967318535 0.01500001177191734
v -0.02117632143199444 -0.02150113321840763 0.02108968421816826
v -0.02223292551934719 -0.02557989768683910 0.02668951824307442
v -0.02311321906745434 -0.02265357784926891 0.02665438316762447
v -0.02112798765301704 -0.02519972808659077 0.02696192637085915
v -0.02197029255330563 -0.02235081978142262 0.02685913816094398
v -0.02217338234186172 -0.01919561997056007 0.01500000804662704
v -0.02240869216620922 -0.01838525943458080 0.01500000711530447
v -0.02314706519246101 -0.01885731890797615 0.02077447623014450
v -0.02295234985649586 -0.01600247807800770 0.01500000525265932
v -0.02316805534064770 -0.01474579703062773 0.01500000525265932
v -0.02257509529590607 -0.01531814783811569 0.02075698599219322
v -0.02104237675666809 -0.01884789764881134 0.01518779993057251
v -0.02198975905776024 -0.01858825795352459 0.02093889936804771
v -0.02199192717671394 -0.01456263195723295 0.01515366043895483
v -0.02265094593167305 -0.01925503835082054 0.02669250406324863
v -0.02318053506314754 -0.01586988195776939 0.02648355625569820
v -0.02391178347170353 -0.02353858202695847 0.03233755752444267
v -0.02449236996471882 -0.02016619406640530 0.03226087242364883
v -0.02452465891838074 -0.02582173421978951 0.03800001740455627
v -0.02506584860384464 -0.02199034020304680 0.03800001740455627
v -0.02389039099216461 -0.02182776294648647 0.03817852213978767
v -0.02498160302639008 -0.01656585745513439 0.03213950619101524
v -0.02379895560443401 -0.01642038673162460 0.03228037059307098
v -0.02552998624742031 -0.01795658282935619 0.03800001367926598
v -0.02561951801180840 -0.01705943048000336 0.03800001367926598
v -0.02589820139110088 -0.01385269779711962 0.03800005093216896
v -0.02443314529955387 -0.01694449223577976 0.03813843429088593
v -0.02470752224326134 -0.01376134436577559 0.03811662644147873
v -0.02208910323679447 -0.02646263502538204 0.03260900080204010
v -0.02274984866380692 -0.02331203781068325 0.03253874182701111
v -0.02331786975264549 -0.01998016610741615 0.03242485225200653
v -0.02335376292467117 -0.02566667273640633 0.03821296244859695
v -0.02356401085853577 -0.02425331808626652 0.03820024058222771
v -0.02376864291727543 -0.00883064325898886 0.01500000618398190
v -0.02475843951106071 -0.01227820105850697 0.02611072920262814
v -0.02502205967903137 -0.00824317988008261 0.02584937214851379
v -0.02383168786764145 -0.00817771442234516 0.02598671615123749
v -0.02400000952184200 -0.00000001081727774 0.01499999966472387
v -0.02508219890296459 -0.00005952101128059 0.02469663880765438
v -0.02389649860560894 -0.00006615008169319 0.02488780952990055
v -0.02358289808034897 -0.01131101883947849 0.01500000525265932
v -0.02256411686539650 -0.00897566601634026 0.01512654684484005
v -0.02357094548642635 -0.01216967497020960 0.02624572440981865
v -0.02280460856854916 -0.00000000002391547 0.01510509196668863
v -0.02331131882965565 -0.00006273253529798 0.01995996013283730
v -0.02566090784966946 -0.00852741207927465 0.03180272504687309
v -0.02446907199919224 -0.00846052169799805 0.03192494064569473
v -0.02623363956809044 -0.00804311875253916 0.03799996525049210
v -0.02630886062979698 -0.00805742107331753 0.03906824439764023
v -0.02631543576717377 -0.00845383387058973 0.03937262296676636
v -0.02628887072205544 -0.00636173086240888 0.03800000250339508
v -0.02624729089438915 -0.00793518498539925 0.03923448547720909
v -0.02489899843931198 -0.01089561823755503 0.03810004517436028
v -0.02503753267228603 -0.00799710396677256 0.03808632493019104
v -0.02512186020612717 -0.00801490712910891 0.03929131105542183
v -0.02512038685381413 -0.00793294142931700 0.03922750055789948
v -0.02628726512193680 -0.00615657307207584 0.03789315372705460
v -0.02622809261083603 -0.00611203676089644 0.03809745609760284
v -0.02622866444289684 -0.00626598857343197 0.03818048909306526
v -0.02627388574182987 -0.00425552856177092 0.03709961846470833
v -0.02621559798717499 -0.00427439808845520 0.03731779381632805
v -0.02625781856477261 -0.00217014900408685 0.03658941760659218
v -0.02624633163213730 -0.00097705004736781 0.03645002469420433
v -0.02623552642762661 -0.00000889958118933 0.03641495108604431
v -0.02617725543677807 -0.00000945493047766 0.03661498427391052
v -0.02619972266256809 -0.00218033185228705 0.03679413720965385
v -0.02509851939976215 -0.00607923278585076 0.03807930275797844
v -0.02509897761046886 -0.00611171172931790 0.03809808567166328
v -0.02508516982197762 -0.00424858508631587 0.03730868175625801
v -0.02504631131887436 -0.00002290642260050 0.03661480918526649
v -0.02506862953305244 -0.00216337293386459 0.03679115697741508
v -0.01979986578226089 -0.02423045784235001 0.01500001084059477
v -0.01980111375451088 -0.02422867342829704 0.01500001084059477
v -0.01883842237293720 -0.02355854958295822 0.01525414083153009
v -0.02011780627071857 -0.02407373115420341 0.02119028009474277
v -0.01971957646310329 -0.02210663072764874 0.01522756926715374
v -0.02028249949216843 -0.02093172632157803 0.01521104667335749
v -0.01870441995561123 -0.02560719288885593 0.01500000804662704
v -0.01825121790170670 -0.02608506754040718 0.01500000711530447
v -0.01784016191959381 -0.02482599951326847 0.01528721954673529
v -0.01881229318678379 -0.02634668163955212 0.02121946215629578
v -0.01669275946915150 -0.02595921047031879 0.01533121988177299
v -0.02560807950794697 -0.02361649833619595 0.04391460120677948
v -0.02442046441137791 -0.02353775501251221 0.04409085214138031
v -0.02584582008421421 -0.02492712996900082 0.05037199333310127
v -0.02621518634259701 -0.01993828639388084 0.05009679123759270
v -0.02465097792446613 -0.02487811259925365 0.05057790130376816
v -0.02501996606588364 -0.01988854445517063 0.05029890313744545
v -0.02599075995385647 -0.01904140785336494 0.04364301636815071
v -0.02630476281046867 -0.01434034667909145 0.04347532987594604
v -0.02630277536809444 -0.01433744281530380 0.04343943670392036
v -0.02480027638375759 -0.01897335983812809 0.04379966109991074
v -0.02486705780029297 -0.01394842844456434 0.03997642174363136
v -0.02511269599199295 -0.01427419297397137 0.04362079873681068
v -0.02638889104127884 -0.01728454232215881 0.04996570944786072
v -0.02653424814343452 -0.01313676778227091 0.04669978469610214
v -0.02650085650384426 -0.01316971797496080 0.04789033532142639
v -0.02657002955675125 -0.01339425519108772 0.04803132265806198
v -0.02525593154132366 -0.01451962813735008 0.04680222272872925
v -0.02539252303540707 -0.01325726043432951 0.04855780676007271
v -0.02654695883393288 -0.01482477504760027 0.05014014989137650
v -0.02661803737282753 -0.01352836377918720 0.04993133246898651
v -0.02655264176428318 -0.01332814060151577 0.04993292316794395
v -0.02662869170308113 -0.01352115720510483 0.05037456005811691
v -0.02657330781221390 -0.01330013759434223 0.05080177262425423
v -0.02666831761598587 -0.01335476897656918 0.05209462717175484
v -0.02659711614251137 -0.01319080125540495 0.05184631794691086
v -0.02534867450594902 -0.01475000940263271 0.05013050138950348
v -0.02544060535728931 -0.01332072634249926 0.05050164088606834
v -0.02544774860143661 -0.01330449152737856 0.05080233514308929
v -0.02519417181611061 -0.01722929626703262 0.05016851052641869
v -0.02579472586512566 -0.02583116292953491 0.05736841633915901
v -0.02617704682052135 -0.02062258496880531 0.05743056535720825
v -0.02458716742694378 -0.02579409070312977 0.05762071907520294
v -0.02497127093374729 -0.02056997269392014 0.05770882964134216
v -0.02637318335473537 -0.01787481829524040 0.05745917931199074
v -0.02538410760462284 -0.01498378254473209 0.05394568294286728
v -0.02549021504819393 -0.01304889190942049 0.05265418440103531
v -0.02654938399791718 -0.01525036990642548 0.05746916308999062
v -0.02534628100693226 -0.01518929563462734 0.05776894837617874
v -0.02516890875995159 -0.01781800389289856 0.05775250494480133
v -0.02521815896034241 -0.01540303882211447 0.06227433308959007
v -0.02634535357356071 -0.00970199797302485 0.04050382226705551
v -0.02639819495379925 -0.01110523752868176 0.04220454022288322
v -0.02633480168879032 -0.01092648878693581 0.04230906814336777
v -0.02635091356933117 -0.01125727966427803 0.04280576482415199
v -0.02645028382539749 -0.01207812875509262 0.04383681342005730
v -0.02638234756886959 -0.01182153169065714 0.04378515109419823
v -0.02639022283256054 -0.01194863859564066 0.04403556510806084
v -0.02651022560894489 -0.01289594825357199 0.04584318399429321
v -0.02644715458154678 -0.01271267700940371 0.04593648761510849
v -0.02527292072772980 -0.01208264101296663 0.04431016370654106
v -0.02628154680132866 -0.00950161553919315 0.04059557244181633
v -0.02628527767956257 -0.00962682999670506 0.04072452336549759
v -0.02521359547972679 -0.01101988926529884 0.04244181141257286
v -0.02515968494117260 -0.00964486133307219 0.04073353484272957
v -0.02646702714264393 -0.01291363500058651 0.04664154723286629
v -0.02533360570669174 -0.01284345332533121 0.04637261852622032
v -0.02534113265573978 -0.01291469857096672 0.04664134606719017
v -0.02671334706246853 -0.01284890715032816 0.05416934564709663
v -0.02664028294384480 -0.01274243090301752 0.05384485051035881
v -0.02666199766099453 -0.01237874384969473 0.05487706139683723
v -0.02553314156830311 -0.01247576531022787 0.05462996661663055
v -0.02667991258203983 -0.01200424320995808 0.05572764575481415
v -0.02675443328917027 -0.01204488612711430 0.05609558150172234
v -0.02676416747272015 -0.01164899021387100 0.05732618272304535
v -0.02671742066740990 -0.01097446214407682 0.05749886110424995
v -0.02679299563169479 -0.01093406137079000 0.05790173262357712
v -0.02557473070919514 -0.01156952045857906 0.05655590072274208
v -0.02556229010224342 -0.01159268058836460 0.05757467076182365
v -0.02560000494122505 -0.01081154681742191 0.05772987008094788
v -0.02674901671707630 -0.00970258656889200 0.05907278507947922
v -0.02562579698860645 -0.00976945925503969 0.05900128930807114
v -0.02682431600987911 -0.00958495400846004 0.05948134139180183
v -0.02684146165847778 -0.00831033382564783 0.06060878559947014
v -0.02677063643932343 -0.00818733032792807 0.06045114248991013
v -0.02677399292588234 -0.00765111157670617 0.06084696575999260
v -0.02564847096800804 -0.00826921034604311 0.06038694828748703
v -0.02564922347664833 -0.00818760041147470 0.06045094504952431
v -0.02565085701644421 -0.00798531156033278 0.06060519441962242
v -0.02684237249195576 -0.00646317284554243 0.06181818619370461
v -0.02676405198872089 -0.00590008543804288 0.06188413128256798
v -0.02679596655070782 -0.00439108721911907 0.06273442506790161
v -0.02671136707067490 -0.00399558572098613 0.06265365332365036
v -0.02677113749086857 -0.00370528222993016 0.06295294314622879
v -0.02669646590948105 -0.00360385468229651 0.06277204304933548
v -0.02564840763807297 -0.00626660278066993 0.06169584020972252
v -0.02564540505409241 -0.00603123009204865 0.06181836873292923
v -0.02560536563396454 -0.00438963854685426 0.06252139061689377
v -0.02559999749064445 -0.00423318333923817 0.06257642805576324
v -0.02665514685213566 -0.00255910074338317 0.06302614510059357
v -0.02672420814633369 -0.00250105420127511 0.06324330717325211
v -0.02661943249404430 -0.00160425028298050 0.06318239122629166
v -0.02665916457772255 -0.00062910537235439 0.06346890330314636
v -0.02658918872475624 -0.00068683602148667 0.06326550990343094
v -0.02655975520610809 0.00041918869828805 0.06327839195728302
v -0.02553653717041016 -0.00255960971117020 0.06302827596664429
v -0.02552198618650436 -0.00217682542279363 0.06310009211301804
v -0.02545479685068130 -0.00011423864634708 0.06328433752059937
v -0.01388599071651697 -0.04064045846462250 0.03174059465527534
v -0.01278256904333830 -0.04239588603377342 0.03103446029126644
v -0.01188122946768999 -0.04070311039686203 0.02779617160558701
v -0.01231318339705467 -0.04145174846053123 0.03160713613033295
v -0.01094089820981026 -0.04311602562665939 0.03090347163379192
v -0.01359153818339109 -0.04389559105038643 0.03449116647243500
v -0.01390792895108461 -0.04401890933513641 0.03839512169361115
v -0.01322302781045437 -0.04437130689620972 0.03839923813939095
v -0.01309598702937365 -0.04291750118136406 0.03497822582721710
v -0.01171663217246532 -0.04469143971800804 0.03442130237817764
v -0.01132331322878599 -0.04367074370384216 0.03491314128041267
v -0.01211858727037907 -0.04608719795942307 0.03800000250339508
v -0.00941075105220079 -0.04696980118751526 0.03799999877810478
v -0.01010151486843824 -0.04134315252304077 0.02762168459594250
v -0.01057053823024035 -0.04213085025548935 0.03147867694497108
v -0.00895716343075037 -0.04368602856993675 0.03077872842550278
v -0.00820295140147209 -0.04183788225054741 0.02745672315359116
v -0.00793851818889380 -0.04086693003773689 0.02810856141149998
v -0.00867744442075491 -0.04267246648669243 0.03135487437248230
v -0.00967476516962051 -0.04534021019935608 0.03435443714261055
v -0.00937499105930328 -0.04429036378860474 0.03484999388456345
v -0.01073686964809895 -0.04539140686392784 0.03841171786189079
v -0.00786311179399490 -0.04619015753269196 0.03842213377356529
v -0.01159930694848299 -0.03386685252189636 0.01971855014562607
v -0.01393749844282866 -0.03735838457942009 0.02519953437149525
v -0.01248928718268871 -0.03816760331392288 0.02497939579188824
v -0.01279325876384974 -0.03563057258725166 0.02237932384014130
v -0.01333436369895935 -0.03657966107130051 0.02588513679802418
v -0.01090821065008640 -0.03885425254702568 0.02477061375975609
v -0.01224853470921516 -0.03485124930739403 0.02311152964830399
v -0.01285784319043159 -0.03114145807921886 0.01743801683187485
v -0.01346032973378897 -0.03175783157348633 0.02076993323862553
v -0.01174231152981520 -0.02992749959230423 0.01500000618398190
v -0.01238152757287025 -0.03026829101145267 0.01810921728610992
v -0.01113628782331944 -0.03306569904088974 0.02048268727958202
v -0.01129207015037537 -0.02899014391005039 0.01561566814780235
v -0.00881705339998007 -0.03486322611570358 0.01936984993517399
v -0.00849680043756962 -0.03404350206255913 0.02018546499311924
v -0.00988113973289728 -0.03689136356115341 0.02195912785828114
v -0.01049110013991594 -0.03798442333936691 0.02548410929739475
v -0.00950244255363941 -0.03605226799845695 0.02272866666316986
v -0.01039465703070164 -0.03212818503379822 0.01722164079546928
v -0.01031161565333605 -0.03033751994371414 0.01500000618398190
v -0.01004842948168516 -0.03127652406692505 0.01799291186034679
v -0.00929476320743561 -0.03056961297988892 0.01500000525265932
v -0.00774452369660139 -0.03283112123608589 0.01701473630964756
v -0.00775153050199151 -0.03083991818130016 0.01500000618398190
v -0.00762365385890007 -0.02996059320867062 0.01580644212663174
v -0.00910322833806276 -0.02964089252054691 0.01573537662625313
v -0.01352162566035986 -0.03991931304335594 0.02798195742070675
v -0.01297616772353649 -0.03906384855508804 0.02862265333533287
v -0.01143621280789375 -0.03979678452014923 0.02844439633190632
v -0.00362150371074677 -0.04027875885367393 0.02405681647360325
v -0.00413493579253554 -0.04240262508392334 0.02714501693844795
v -0.00635251030325890 -0.04761940613389015 0.03799999877810478
v -0.00469782389700413 -0.04784258082509041 0.03800000995397568
v -0.00465612625703216 -0.04438215121626854 0.03053430840373039
v -0.00453280331566930 -0.04333756119012833 0.03111277520656586
v -0.00518449489027262 -0.04618661478161812 0.03421877697110176
v -0.00504711829125881 -0.04510505124926567 0.03472034633159637
v -0.00553737767040730 -0.04660764709115028 0.03842698782682419
v -0.00464546447619796 -0.04672024771571159 0.03842828050255775
v -0.00302035338245332 -0.04798378422856331 0.03800001740455627
v -0.00402246834710240 -0.04140182211995125 0.02779829688370228
v -0.00279679265804589 -0.04636602848768234 0.03414788097143173
v -0.00578969484195113 -0.03548591583967209 0.01906517893075943
v -0.00559958443045616 -0.03465666621923447 0.01991122774779797
v -0.00661406386643648 -0.03769815713167191 0.02158919721841812
v -0.00638706889003515 -0.03682154044508934 0.02237588353455067
v -0.00742014264687896 -0.03982945531606674 0.02439087815582752
v -0.00717119267210364 -0.03890477493405342 0.02511274069547653
v -0.00751616479828954 -0.03201126307249069 0.01786061748862267
v -0.00550322327762842 -0.03107842803001404 0.01500000525265932
v -0.00496282614767551 -0.03324377909302711 0.01683538779616356
v -0.00483707711100578 -0.03245672583580017 0.01773249171674252
v -0.00212381989695132 -0.03336750343441963 0.01669883914291859
v -0.00261357845738530 -0.03572679683566093 0.01882134191691875
v -0.00254693254828453 -0.03489620238542557 0.01968507468700409
v -0.00311476667411625 -0.03804250806570053 0.02127839438617229
v -0.00302650220692158 -0.03714821860194206 0.02207406796514988
v -0.00351953576318920 -0.03932794928550720 0.02478238753974438
v -0.00418870011344552 -0.03038471378386021 0.01593167707324028
v -0.00325427204370499 -0.03115396946668625 0.01500000525265932
v -0.00325450603850186 -0.03042841143906116 0.01595580764114857
v -0.00209420989267528 -0.03260818868875504 0.01762764714658260
v -0.00168796302750707 -0.03111778385937214 0.01500000432133675
v -0.01174809318035841 -0.04758939519524574 0.04190984368324280
v -0.01372269354760647 -0.04773425683379173 0.05119401216506958
v -0.01172680780291557 -0.04882708564400673 0.04623324051499367
v -0.01108017563819885 -0.04781842976808548 0.04650121554732323
v -0.01165540330111980 -0.04988653212785721 0.05078907310962677
v -0.01101302262395620 -0.04886199161410332 0.05099455267190933
v -0.01391188614070415 -0.04538488388061523 0.04230122640728951
v -0.01110398024320602 -0.04659787192940712 0.04224499687552452
v -0.01385010778903961 -0.04664345085620880 0.04663131013512611
v -0.00841261167079210 -0.04856382310390472 0.04183150082826614
v -0.00797760672867298 -0.04748722165822983 0.04218519479036331
v -0.00850763078778982 -0.05079337209463120 0.05057484656572342
v -0.00847403053194284 -0.04977409541606903 0.04608370736241341
v -0.00803731568157673 -0.04867948964238167 0.04636866599321365
v -0.00807587336748838 -0.04968337342143059 0.05079507455229759
v -0.01355192903429270 -0.04867289587855339 0.05598534643650055
v -0.01154176518321037 -0.05077550187706947 0.05556755512952805
v -0.01091429591178894 -0.04973461478948593 0.05571944639086723
v -0.01335272938013077 -0.04946343228220940 0.06096635013818741
v -0.01139353867620230 -0.05149635300040245 0.06054137647151947
v -0.01079405099153519 -0.05043570324778557 0.06064457073807716
v -0.00851517077535391 -0.05162145942449570 0.05529487878084183
v -0.00809732824563980 -0.05049752816557884 0.05545631051063538
v -0.00850005913525820 -0.05225657299160957 0.06022067368030548
v -0.00810703169554472 -0.05111860483884811 0.06032769009470940
v -0.00504691060632467 -0.05033831670880318 0.04594814032316208
v -0.00486585171893239 -0.04915058985352516 0.04176027327775955
v -0.00464672595262527 -0.04802388697862625 0.04212408140301704
v -0.00522490916773677 -0.05132593587040901 0.05037978291511536
v -0.00500591006129980 -0.05016359314322472 0.05060850083827972
v -0.00482554268091917 -0.04919190704822540 0.04624257236719131
v -0.00149176048580557 -0.04961246252059937 0.04259625077247620
v -0.00148995115887374 -0.04847744107246399 0.04298838600516319
v -0.00188312982209027 -0.05091442540287971 0.04752546176314354
v -0.00188686198089272 -0.04976602643728256 0.04788636788725853
v -0.00539854960516095 -0.05210737884044647 0.05504411831498146
v -0.00518900249153376 -0.05093265697360039 0.05521102622151375
v -0.00556750549003482 -0.05267884582281113 0.05992187559604645
v -0.00537599669769406 -0.05149459838867188 0.06003078073263168
v -0.00229941122233868 -0.05192564427852631 0.05274894088506699
v -0.00231178849935532 -0.05076401308178902 0.05308225005865097
v -0.00274235801771283 -0.05265104025602341 0.05832927301526070
v -0.00276802759617567 -0.05147675424814224 0.05864226445555687
v -0.00321159465238452 -0.05308508127927780 0.06431867182254791
v -0.00325658684596419 -0.05189796537160873 0.06462191045284271
v -0.02052796445786953 -0.04711298272013664 0.07545804977416992
v -0.02278039604425430 -0.04361762106418610 0.06510791182518005
v -0.02272949740290642 -0.04402168095111847 0.06991387903690338
v -0.02326368167996407 -0.04276554286479950 0.06519672274589539
v -0.02361379750072956 -0.04183132201433182 0.06536424160003662
v -0.02349020354449749 -0.04220498353242874 0.06749663501977921
v -0.02314099483191967 -0.04313907399773598 0.06732132285833359
v -0.02203758805990219 -0.04248937591910362 0.06637600809335709
v -0.02262875437736511 -0.04092482849955559 0.06543672084808350
v -0.02128895185887814 -0.04376434162259102 0.06617969274520874
v -0.02123246155679226 -0.04392860829830170 0.06720003485679626
v -0.02084088884294033 -0.04628783091902733 0.06706831604242325
v -0.02232091873884201 -0.04473536461591721 0.07198116183280945
v -0.02285494282841682 -0.04346838220953941 0.07589302957057953
v -0.02250559628009796 -0.04441696032881737 0.07577782124280930
v -0.02226692624390125 -0.04486392065882683 0.07571391761302948
v -0.02330423519015312 -0.04231810942292213 0.07324394583702087
v -0.02221289277076721 -0.04193028435111046 0.07202761620283127
v -0.02226926572620869 -0.04149206727743149 0.07351423799991608
v -0.02201707847416401 -0.04524600878357887 0.07564207911491394
v -0.02139759995043278 -0.04381911084055901 0.07571323215961456
v -0.02064235135912895 -0.04509966075420380 0.07559152692556381
v -0.02191113308072090 -0.04241893067955971 0.07580246031284332
v -0.02068315632641315 -0.04691676050424576 0.08262810111045837
v -0.02231386303901672 -0.04469399899244308 0.07791220396757126
v -0.02118108049035072 -0.04636538401246071 0.07927495241165161
v -0.02131613902747631 -0.04610535129904747 0.08286092430353165
v -0.02211130596697330 -0.04438803344964981 0.08358313143253326
v -0.02308898232877254 -0.03999039903283119 0.08380253612995148
v -0.02256748452782631 -0.04263281449675560 0.08367491513490677
v -0.02113879285752773 -0.04627697542309761 0.08451762050390244
v -0.02102747373282909 -0.04341471567749977 0.08492266386747360
v -0.02049861289560795 -0.04488761350512505 0.08493734896183014
v -0.02129473164677620 -0.04577719047665596 0.08783283829689026
v -0.02163840644061565 -0.04484215378761292 0.08788701146841049
v -0.02164364978671074 -0.04482311755418777 0.08788806200027466
v -0.02164462767541409 -0.04481955617666245 0.08788825571537018
v -0.02160990796983242 -0.04494395852088928 0.08788142353296280
v -0.02145810052752495 -0.04498650506138802 0.08947730809450150
v -0.02146375738084316 -0.04496284201741219 0.08947825431823730
v -0.02146306820213795 -0.04496725648641586 0.08947811275720596
v -0.02077890373766422 -0.04658573865890503 0.08774805068969727
v -0.02148717641830444 -0.04183934256434441 0.08401121944189072
v -0.02494217827916145 -0.03378028795123100 0.06763679534196854
v -0.02384689450263977 -0.03358616679906845 0.06558939814567566
v -0.02391293272376060 -0.03967852517962456 0.07335029542446136
v -0.02433207258582115 -0.03691407665610313 0.07345682382583618
v -0.02435519173741341 -0.03415251150727272 0.07593443244695663
v -0.02524379454553127 -0.02865052036941051 0.06512361764907837
v -0.02511966787278652 -0.03237736225128174 0.06525582075119019
v -0.02517212741076946 -0.03067661076784134 0.06516928225755692
v -0.02389904484152794 -0.03238775953650475 0.06562646478414536
v -0.02394794113934040 -0.03069142997264862 0.06552289426326752
v -0.02401626668870449 -0.02864341065287590 0.06546109169721603
v -0.02446972019970417 -0.03080982901155949 0.07393945753574371
v -0.02450997196137905 -0.03264263644814491 0.07414401322603226
v -0.02443945780396461 -0.02874195016920567 0.07382935285568237
v -0.02445071190595627 -0.02762745134532452 0.07391110807657242
v -0.02278307266533375 -0.03910733759403229 0.07359974831342697
v -0.02314291149377823 -0.03659666329622269 0.07368761301040649
v -0.02336651459336281 -0.03401473164558411 0.07328726351261139
v -0.02326225861907005 -0.03270605951547623 0.07465430349111557
v -0.02321754954755306 -0.03088094666600227 0.07442439347505569
v -0.02317995578050613 -0.02876243926584721 0.07428638637065887
v -0.02318895235657692 -0.02760537154972553 0.07436190545558929
v -0.02265447378158569 -0.03429630771279335 0.08123385161161423
v -0.02343067899346352 -0.03723042830824852 0.08393052220344543
v -0.02221571281552315 -0.03694092109799385 0.08422914892435074
v -0.02336825616657734 -0.03442088887095451 0.08581092953681946
v -0.02192574180662632 -0.03944906219840050 0.08411896228790283
v -0.02347915433347225 -0.03261391073465347 0.08422155678272247
v -0.02332324720919132 -0.03056723624467850 0.08378644287586212
v -0.02219466306269169 -0.03273323178291321 0.08491651713848114
v -0.02203537710011005 -0.03070622682571411 0.08444724231958389
v -0.02323633618652821 -0.02950889244675636 0.08359633386135101
v -0.02316484041512012 -0.02843768522143364 0.08352244645357132
v -0.02312393859028816 -0.02735159173607826 0.08363671600818634
v -0.02194168046116829 -0.02962213568389416 0.08423455804586411
v -0.02186158485710621 -0.02849619463086128 0.08413975685834885
v -0.02181478030979633 -0.02732862345874310 0.08424134552478790
v -0.01869566552340984 -0.04824273288249969 0.06673519313335419
v -0.01760985516011715 -0.04756563156843185 0.06677614152431488
v -0.01882065273821354 -0.04873326048254967 0.07531697303056717
v -0.01805597543716431 -0.04780905321240425 0.07535299658775330
v -0.01794147491455078 -0.04794164374470711 0.07651619613170624
v -0.01960193738341331 -0.04584721103310585 0.06708341836929321
v -0.01941960863769054 -0.04654163122177124 0.07545831054449081
v -0.01637050881981850 -0.04981977492570877 0.06639407575130463
v -0.01544933766126633 -0.04897014051675797 0.06644617021083832
v -0.01670812070369720 -0.05022717639803886 0.07519792765378952
v -0.01577542908489704 -0.05075345560908318 0.07515767216682434
v -0.01704412326216698 -0.04857878014445305 0.07529137283563614
v -0.01608748361468315 -0.04920146241784096 0.07524126023054123
v -0.01438328251242638 -0.05141576379537582 0.07510830461978912
v -0.01491600275039673 -0.04984703660011292 0.07518776506185532
v -0.02027300745248795 -0.04743130877614021 0.07892400771379471
v -0.01934682577848434 -0.04834906011819839 0.07852088660001755
v -0.01966337859630585 -0.04805092141032219 0.08214708417654037
v -0.01841433346271515 -0.04913598299026489 0.07832372188568115
v -0.01820236817002296 -0.04931931942701340 0.07936181128025055
v -0.01847157999873161 -0.04752414301037788 0.07863385230302811
v -0.01747286505997181 -0.04836661741137505 0.07938124239444733
v -0.01867714710533619 -0.04896719753742218 0.08154503256082535
v -0.01870041526854038 -0.04731630906462669 0.08218969404697418
v -0.01783115789294243 -0.04963383451104164 0.08082589507102966
v -0.01720673590898514 -0.04859327897429466 0.08048064261674881
v -0.01750856824219227 -0.04989795014262199 0.08183602988719940
v -0.01782787777483463 -0.04811487719416618 0.08161336928606033
v -0.02016097865998745 -0.04743981361389160 0.08542238920927048
v -0.01895949244499207 -0.04869406670331955 0.08484221249818802
v -0.01909077912569046 -0.04683709889650345 0.08539463579654694
v -0.02032527141273022 -0.04713100939989090 0.08797997236251831
v -0.01960709504783154 -0.04794299602508545 0.08772847056388855
v -0.01801791042089462 -0.04792997613549232 0.08482626825571060
v -0.01783986762166023 -0.04966075345873833 0.08407288044691086
v -0.01814663596451283 -0.04933707043528557 0.08701270073652267
v -0.01853868924081326 -0.04732370749115944 0.08765109628438950
v -0.01744696125388145 -0.04990221560001373 0.08656079322099686
v -0.01723825745284557 -0.04853173345327377 0.08693674951791763
v -0.01721785403788090 -0.04996655136346817 0.08871595561504364
v -0.01795250922441483 -0.04779569059610367 0.08949957787990570
v -0.02010345272719860 -0.04579150304198265 0.07936343550682068
v -0.01929144002497196 -0.04672372341156006 0.07902412861585617
v -0.01996291242539883 -0.04589647427201271 0.08280409127473831
v -0.01961135864257812 -0.04632622748613358 0.08265384286642075
v -0.01982449926435947 -0.04602574929594994 0.08411654829978943
v -0.01938868500292301 -0.04637862741947174 0.08797623962163925
v -0.01652701571583748 -0.05049348995089531 0.08087208867073059
v -0.01646740175783634 -0.04918953031301498 0.08278376609086990
v -0.01592095755040646 -0.04945414513349533 0.08077934384346008
v -0.01628233864903450 -0.04932641610503197 0.08320713043212891
v -0.01431393437087536 -0.05160952731966972 0.08109284937381744
v -0.01678206399083138 -0.05044264346361160 0.08349464833736420
v -0.01681777648627758 -0.05037032067775726 0.08603958040475845
v -0.01601739600300789 -0.05094404891133308 0.08464548736810684
v -0.01628888025879860 -0.05074549466371536 0.08544254302978516
v -0.01560278981924057 -0.05105550959706306 0.08748366683721542
v -0.01636017672717571 -0.05056604743003845 0.08814378827810287
v -0.01702516153454781 -0.04877470433712006 0.08408355712890625
v -0.01566732116043568 -0.04974628984928131 0.08429107815027237
v -0.01606012508273125 -0.04943605512380600 0.08598284423351288
v -0.01635512150824070 -0.04911047220230103 0.08858462423086166
v -0.01499353069812059 -0.05152336508035660 0.08562158048152924
v -0.01454005483537912 -0.05175014957785606 0.08591718226671219
v -0.01475837919861078 -0.05028655380010605 0.08534462004899979
v -0.01498647034168243 -0.05144916102290154 0.08672776818275452
v -0.01510842330753803 -0.05117785930633545 0.08931996673345566
v -0.01443438883870840 -0.05018255114555359 0.08912981301546097
v -0.01418571826070547 -0.05167360603809357 0.08849409967660904
v -0.01524197123944759 -0.05000983923673630 0.08484715968370438
v -0.01492712087929249 -0.05006457492709160 0.08735891431570053
v -0.02127161435782909 -0.04510901868343353 0.09113568812608719
v -0.02127217501401901 -0.04510453343391418 0.09113580733537674
v -0.02123889699578285 -0.04523171484470367 0.09113109111785889
v -0.02126664482057095 -0.04512840136885643 0.09113494306802750
v -0.02086338959634304 -0.04617886245250702 0.09115000069141388
v -0.02103497460484505 -0.04537110403180122 0.09286643564701080
v -0.02106281183660030 -0.04526713863015175 0.09287090599536896
v -0.02106788381934166 -0.04524764418601990 0.09287178516387939
v -0.02106867544353008 -0.04524318873882294 0.09287195652723312
v -0.02093085832893848 -0.04543769359588623 0.09374408423900604
v -0.02095843479037285 -0.04533329606056213 0.09374922513961792
v -0.02096350491046906 -0.04531372711062431 0.09375023841857910
v -0.02096447534859180 -0.04530930146574974 0.09375044703483582
v -0.02066697925329208 -0.04631196707487106 0.09289559721946716
v -0.02056699059903622 -0.04637665674090385 0.09377079457044601
v -0.02083682641386986 -0.04549515992403030 0.09453152865171432
v -0.02084214240312576 -0.04547489807009697 0.09453261643648148
v -0.02086903527379036 -0.04537065699696541 0.09453865885734558
v -0.02086997404694557 -0.04536698013544083 0.09453888237476349
v -0.02086400240659714 -0.04539030417799950 0.09453748911619186
v -0.02054389752447605 -0.04630606621503830 0.09454451501369476
v -0.02073710225522518 -0.04583571106195450 0.09452357888221741
v -0.02080978825688362 -0.04559533298015594 0.09452699124813080
v -0.02077585086226463 -0.04546205326914787 0.09521466493606567
v -0.02076055668294430 -0.04552254825830460 0.09521073848009109
v -0.02078793384134769 -0.04541336372494698 0.09521793574094772
v -0.02078347839415073 -0.04543180391192436 0.09521670639514923
v -0.02136698178946972 -0.04289678856730461 0.09528853744268417
v -0.02180112712085247 -0.04025151953101158 0.09543739259243011
v -0.02041970938444138 -0.04600751772522926 0.09718525409698486
v -0.02064642123878002 -0.04569017887115479 0.09588557481765747
v -0.02067777514457703 -0.04556885734200478 0.09589342772960663
v -0.02070031501352787 -0.04547771438956261 0.09590028226375580
v -0.02069278620183468 -0.04550809413194656 0.09589794278144836
v -0.02070458047091961 -0.04545913636684418 0.09590167552232742
v -0.02051921933889389 -0.04565179347991943 0.09718525409698486
v -0.02053452655673027 -0.04559014365077019 0.09718525409698486
v -0.02052021026611328 -0.04564790800213814 0.09718525409698486
v -0.02053505741059780 -0.04558807238936424 0.09718525409698486
v -0.02054651454091072 -0.04554039239883423 0.09718525409698486
v -0.02054225653409958 -0.04555932804942131 0.09718525409698486
v -0.02054256573319435 -0.04555802047252655 0.09718525409698486
v -0.02048732899129391 -0.04577471688389778 0.09718525409698486
v -0.02048913575708866 -0.04576789960265160 0.09718525409698486
v -0.02057546377182007 -0.04541591182351112 0.09718525409698486
v -0.02101992070674896 -0.04343509301543236 0.09718525409698486
v -0.02102258987724781 -0.04342294484376907 0.09718525409698486
v -0.02102738991379738 -0.04340094700455666 0.09718525409698486
v -0.02103594131767750 -0.04336126148700714 0.09718525409698486
v -0.02089937962591648 -0.04400262609124184 0.09718525409698486
v -0.02098224870860577 -0.04362249374389648 0.09718525409698486
v -0.02095071226358414 -0.04377023503184319 0.09718525409698486
v -0.02101672440767288 -0.04344956576824188 0.09718525409698486
v -0.02101712301373482 -0.04344776645302773 0.09718525409698486
v -0.02156614698469639 -0.04019170626997948 0.09718525409698486
v -0.02104632183909416 -0.04331218078732491 0.09718525409698486
v -0.02112967148423195 -0.04285828024148941 0.09718525409698486
v -0.02118371613323689 -0.04241490736603737 0.09718525409698486
v -0.02206495590507984 -0.03749572858214378 0.09558705240488052
v -0.02139214426279068 -0.03457922488451004 0.09210226684808731
v -0.02183008380234241 -0.03753221780061722 0.09718525409698486
v -0.02181134559214115 -0.03781642019748688 0.09718525409698486
v -0.02059924602508545 -0.03974653780460358 0.09583374112844467
v -0.02081892266869545 -0.03724024072289467 0.09596490859985352
v -0.02062561362981796 -0.03746748343110085 0.09718525409698486
v -0.02062881924211979 -0.03742567077279091 0.09718525409698486
v -0.02063767611980438 -0.03724718466401100 0.09718525409698486
v -0.02064828202128410 -0.03680152446031570 0.09718525409698486
v -0.02189974300563335 -0.03510259091854095 0.09718525409698486
v -0.02190665155649185 -0.03468460962176323 0.09718525409698486
v -0.02190471254289150 -0.03464785590767860 0.09718525409698486
v -0.02188598364591599 -0.03438122197985649 0.09718525409698486
v -0.02085324376821518 -0.03468997403979301 0.09609373658895493
v -0.02069165930151939 -0.03472620621323586 0.09718525409698486
v -0.02197999134659767 -0.03239408880472183 0.09542187303304672
v -0.02167522720992565 -0.03003829158842564 0.09472380578517914
v -0.02150596119463444 -0.02890656515955925 0.09441784769296646
v -0.02135800756514072 -0.02781813405454159 0.09429223835468292
v -0.02125485241413116 -0.02676881477236748 0.09445891529321671
v -0.02170017361640930 -0.03244130313396454 0.09718525409698486
v -0.02163003571331501 -0.03209529444575310 0.09718525409698486
v -0.02128025889396667 -0.03014317527413368 0.09718525409698486
v -0.02064804546535015 -0.03257481008768082 0.09631795436143875
v -0.02054390124976635 -0.03290283679962158 0.09718525409698486
v -0.02050261944532394 -0.03256502375006676 0.09718525409698486
v -0.02049401961266994 -0.03252029418945312 0.09718525409698486
v -0.02121061459183693 -0.02987726218998432 0.09718525409698486
v -0.02103804983198643 -0.02900177799165249 0.09718525409698486
v -0.02097997814416885 -0.02879033423960209 0.09718525409698486
v -0.02095667086541653 -0.02870241180062294 0.09718525409698486
v -0.02082807198166847 -0.02788589708507061 0.09718525409698486
v -0.02077807858586311 -0.02767640352249146 0.09718525409698486
v -0.02072559483349323 -0.02689290605485439 0.09718525409698486
v -0.02069053426384926 -0.02666083164513111 0.09718525409698486
v -0.02068712934851646 -0.02659500390291214 0.09718525409698486
v -0.02038682065904140 -0.04687380045652390 0.09113323688507080
v -0.02030605077743530 -0.04692801460623741 0.09182033687829971
v -0.01902003772556782 -0.04843567684292793 0.08962170779705048
v -0.01946857385337353 -0.04788662493228912 0.09159519523382187
v -0.02018120326101780 -0.04700851440429688 0.09287662059068680
v -0.02007834799587727 -0.04707194119691849 0.09374243021011353
v -0.02013497240841389 -0.04694262892007828 0.09453826397657394
v -0.02005688846111298 -0.04698792472481728 0.09519676864147186
v -0.01998701505362988 -0.04712635278701782 0.09450985491275787
v -0.01990891247987747 -0.04717112705111504 0.09516341239213943
v -0.01997965946793556 -0.04708472266793251 0.09518040716648102
v -0.01994065940380096 -0.04713256657123566 0.09517118334770203
v -0.01925718225538731 -0.04795267060399055 0.09432413429021835
v -0.01839693076908588 -0.04892127215862274 0.09118642657995224
v -0.01828547753393650 -0.04738261923193932 0.09145102649927139
v -0.01728332787752151 -0.04981351271271706 0.09066177159547806
v -0.01773919537663460 -0.04939288645982742 0.09248952567577362
v -0.01732837036252022 -0.04825688526034355 0.09102167934179306
v -0.01860672980546951 -0.04689094424247742 0.09433849900960922
v -0.01771704107522964 -0.04935630410909653 0.09378575533628464
v -0.02012689039111137 -0.04683259129524231 0.09588088840246201
v -0.01983084902167320 -0.04721443727612495 0.09581502526998520
v -0.01986245810985565 -0.04717605561017990 0.09582405537366867
v -0.01997830346226692 -0.04703202098608017 0.09585417062044144
v -0.01990129239857197 -0.04712839424610138 0.09583481401205063
v -0.01978533528745174 -0.04723887890577316 0.09619308263063431
v -0.01996827125549316 -0.04691789299249649 0.09718525409698486
v -0.01988939754664898 -0.04702160134911537 0.09718525409698486
v -0.01981883123517036 -0.04711624607443810 0.09716559946537018
v -0.01981634087860584 -0.04711739718914032 0.09718525409698486
v -0.01981574855744839 -0.04711810871958733 0.09718525409698486
v -0.01974293589591980 -0.04721128940582275 0.09713887423276901
v -0.01973709650337696 -0.04721393808722496 0.09718525409698486
v -0.01973639428615570 -0.04721476882696152 0.09718525409698486
v -0.01970476657152176 -0.04725828021764755 0.09712438285350800
v -0.01967372372746468 -0.04729607701301575 0.09711232036352158
v -0.01966460794210434 -0.04730013757944107 0.09718525409698486
v -0.01969713158905506 -0.04726171121001244 0.09718525409698486
v -0.01969638280570507 -0.04726258292794228 0.09718525409698486
v -0.01932642236351967 -0.04762162640690804 0.09718525409698486
v -0.01819379627704620 -0.04888667538762093 0.09577530622482300
v -0.01838940568268299 -0.04689674451947212 0.09718525409698486
v -0.01823535002768040 -0.04708395898342133 0.09718525409698486
v -0.01755888015031815 -0.04932427406311035 0.09718525409698486
v -0.01725152321159840 -0.04955436289310455 0.09718525409698486
v -0.01742499880492687 -0.04783836007118225 0.09718525409698486
v -0.01894164085388184 -0.04668476060032845 0.09166694432497025
v -0.01991368271410465 -0.04425780847668648 0.09447392076253891
v -0.01938384585082531 -0.04575524851679802 0.09444155544042587
v -0.01898530498147011 -0.04642357304692268 0.09441902488470078
v -0.02021830156445503 -0.04650413244962692 0.09718525409698486
v -0.02022820152342319 -0.04648740217089653 0.09718525409698486
v -0.02041205950081348 -0.04602896794676781 0.09718525409698486
v -0.02041639573872089 -0.04601830244064331 0.09718525409698486
v -0.01895295642316341 -0.04604290798306465 0.09718525409698486
v -0.01907686144113541 -0.04582259058952332 0.09718525409698486
v -0.01947385817766190 -0.04470761120319366 0.09718525409698486
v -0.01955510117113590 -0.04442805051803589 0.09718525409698486
v -0.02029160037636757 -0.04051607847213745 0.09718525409698486
v -0.01866133697330952 -0.04652934148907661 0.09718525409698486
v -0.01616527512669563 -0.05056456476449966 0.09003892540931702
v -0.01636795513331890 -0.05034295469522476 0.09183977544307709
v -0.01614127121865749 -0.05041623860597610 0.09310324490070343
v -0.01612215489149094 -0.05037767067551613 0.09448467195034027
v -0.01666628383100033 -0.04870036244392395 0.09228567779064178
v -0.01634260639548302 -0.04901212081313133 0.09048473834991455
v -0.01679942198097706 -0.04993318021297455 0.09567535668611526
v -0.01658992841839790 -0.05007998645305634 0.09523737430572510
v -0.01706607826054096 -0.04834237694740295 0.09378168731927872
v -0.01697045937180519 -0.04833857342600822 0.09574890881776810
v -0.01624186895787716 -0.04894278943538666 0.09340593963861465
v -0.01498927827924490 -0.05110365897417068 0.09107333421707153
v -0.01425114832818508 -0.05013209581375122 0.09084174782037735
v -0.01436119154095650 -0.05129685625433922 0.09219991415739059
v -0.01507050544023514 -0.05094116926193237 0.09340283274650574
v -0.01475224364548922 -0.05041386932134628 0.09367011487483978
v -0.01421641837805510 -0.05131589993834496 0.09284975379705429
v -0.01536079403012991 -0.04965144768357277 0.08985464274883270
v -0.01545779686421156 -0.04949083551764488 0.09162099659442902
v -0.01455887686461210 -0.04989443719387054 0.09251327067613602
v -0.01526264194399118 -0.04953466728329659 0.09290615469217300
v -0.01559365354478359 -0.04997443035244942 0.09459756314754486
v -0.01506561692804098 -0.04956964403390884 0.09469506144523621
v -0.01436720509082079 -0.04991843551397324 0.09387291967868805
v -0.01662531867623329 -0.04851671680808067 0.09718525409698486
v -0.01657260768115520 -0.04917683452367783 0.09718525409698486
v -0.01680614799261093 -0.04837856441736221 0.09718525409698486
v -0.01603991538286209 -0.04892809316515923 0.09718525409698486
v -0.01562876254320145 -0.04923555254936218 0.09575590491294861
v -0.01598935574293137 -0.04897699505090714 0.09688699245452881
v -0.02040424942970276 -0.03980129212141037 0.09718525409698486
v -0.02041234262287617 -0.03971210867166519 0.09718525409698486
v -0.02034307457506657 -0.03025394491851330 0.09558925032615662
v -0.02016319148242474 -0.02909373678267002 0.09525906294584274
v -0.01999755203723907 -0.02792847156524658 0.09510868042707443
v -0.01987989805638790 -0.02674223668873310 0.09525909274816513
v -0.02011940628290176 -0.03047926165163517 0.09718525409698486
v -0.02001468278467655 -0.03006862103939056 0.09718525409698486
v -0.01981054991483688 -0.02908136136829853 0.09718525409698486
v -0.01974913105368614 -0.02884651161730289 0.09718525409698486
v -0.01973134279251099 -0.02876347117125988 0.09718525409698486
v -0.01957049407064915 -0.02780247665941715 0.09718525409698486
v -0.01955188997089863 -0.02768787369132042 0.09718525409698486
v -0.01948190666735172 -0.02672977000474930 0.09718525409698486
v -0.01947353407740593 -0.02656709775328636 0.09718525409698486
v -0.02536384016275406 -0.02634117938578129 0.06525111198425293
v -0.02554439194500446 -0.02380991354584694 0.06561396270990372
v -0.02577127888798714 -0.02112388797104359 0.06608831882476807
v -0.02413515374064445 -0.02629787847399712 0.06558908522129059
v -0.02431694790720940 -0.02373731508851051 0.06597819179296494
v -0.02454613521695137 -0.02103826589882374 0.06649304181337357
v -0.02448846772313118 -0.02647440508008003 0.07413237541913986
v -0.02455659024417400 -0.02528150938451290 0.07450314611196518
v -0.02465561218559742 -0.02403549849987030 0.07499460875988007
v -0.02492156066000462 -0.02145143225789070 0.07611980289220810
v -0.02507046423852444 -0.02013138122856617 0.07662527263164520
v -0.02367004379630089 -0.02129249460995197 0.07668540626764297
v -0.02600946836173534 -0.01836873777210712 0.06646578758955002
v -0.02629920281469822 -0.01560314465314150 0.06500694155693054
v -0.02635364048182964 -0.01380335073918104 0.06641961634159088
v -0.02478568255901337 -0.01829151250422001 0.06690430641174316
v -0.02499457262456417 -0.01560401264578104 0.06706150621175766
v -0.02513528801500797 -0.01374289300292730 0.06678576022386551
v -0.02521901205182076 -0.01876232959330082 0.07700640708208084
v -0.02470336109399796 -0.01577845215797424 0.07170077413320541
v -0.02329750917851925 -0.02516801469027996 0.07497381418943405
v -0.02322692796587944 -0.02640404924750328 0.07458700984716415
v -0.02339961566030979 -0.02389336749911308 0.07549215853214264
v -0.02381885051727295 -0.01998638361692429 0.07722205668687820
v -0.02379795163869858 -0.02036815136671066 0.08827661722898483
v -0.02535742707550526 -0.01735115982592106 0.07723727822303772
v -0.02546673454344273 -0.01606672443449497 0.07734587043523788
v -0.02562740072607994 -0.01416732836514711 0.07711638510227203
v -0.02396627515554428 -0.01864134147763252 0.07762671262025833
v -0.02410354092717171 -0.01725598238408566 0.07787213474512100
v -0.02421216107904911 -0.01598989404737949 0.07798652350902557
v -0.02438321895897388 -0.01410763431340456 0.07763122022151947
v -0.02375316619873047 -0.01614246144890785 0.08301653712987900
v -0.02398943528532982 -0.01906365156173706 0.08892774581909180
v -0.02416323497891426 -0.01770045049488544 0.08931737393140793
v -0.02472357265651226 -0.01631991192698479 0.08535470813512802
v -0.02448809519410133 -0.01453726552426815 0.08920136094093323
v -0.02312576584517956 -0.02625469677150249 0.08399779349565506
v -0.02317793481051922 -0.02513985708355904 0.08462438732385635
v -0.02328132092952728 -0.02399277128279209 0.08546939492225647
v -0.02360576204955578 -0.02161080576479435 0.08741074055433273
v -0.02251767925918102 -0.02012006752192974 0.08909592777490616
v -0.02233025245368481 -0.02132574841380119 0.08818408101797104
v -0.02181874029338360 -0.02613251842558384 0.08460505306720734
v -0.02188155241310596 -0.02492647059261799 0.08525428920984268
v -0.02199693210422993 -0.02372145652770996 0.08613991737365723
v -0.02646058984100819 -0.01188810076564550 0.06645113229751587
v -0.02524134702980518 -0.01183939632028341 0.06681790947914124
v -0.02656639553606510 -0.00837723072618246 0.06682426482439041
v -0.02536725066602230 -0.00835125986486673 0.06677937507629395
v -0.02623312920331955 -0.00842876825481653 0.07184283435344696
v -0.02622282318770885 -0.00634280685335398 0.07173214852809906
v -0.02503690123558044 -0.00841686222702265 0.07174863666296005
v -0.02613577432930470 -0.00424200203269720 0.07145593315362930
v -0.02602844312787056 -0.00220156717114151 0.07122214138507843
v -0.02595348656177521 -0.00019692172645591 0.07122356444597244
v -0.02502547204494476 -0.00628124596551061 0.07161808013916016
v -0.02493915706872940 -0.00422535743564367 0.07132282108068466
v -0.02483271807432175 -0.00216714036650956 0.07108519971370697
v -0.02475879341363907 -0.00012253431486897 0.07109609991312027
v -0.02573063597083092 -0.01213128864765167 0.07718955725431442
v -0.02579471096396446 -0.00848085992038250 0.07714224606752396
v -0.02448455803096294 -0.01209740061312914 0.07770443707704544
v -0.02454426139593124 -0.00849568378180265 0.07764423638582230
v -0.02458539977669716 -0.01237497199326754 0.08930948376655579
v -0.02459865808486938 -0.01030075270682573 0.08928684890270233
v -0.02498489059507847 -0.00855718646198511 0.08531331270933151
v -0.02486971952021122 -0.00645628571510315 0.08503178507089615
v -0.02378117106854916 -0.00859836023300886 0.08529040217399597
v -0.02365048602223396 -0.00649576028808951 0.08509305119514465
v -0.02455823309719563 -0.00859224610030651 0.08918997645378113
v -0.02462207153439522 -0.00427812943235040 0.08442316204309464
v -0.02437942102551460 -0.00214020814746618 0.08391021937131882
v -0.02430030144751072 -0.00109152996446937 0.08383186906576157
v -0.02425940521061420 -0.00006516435678350 0.08390474319458008
v -0.02340673469007015 -0.00437409337610006 0.08445139974355698
v -0.02327277697622776 -0.00327841937541962 0.08414285629987717
v -0.02315823920071125 -0.00216600950807333 0.08393396437168121
v -0.02307749167084694 -0.00105428590904921 0.08386386930942535
v -0.02303875610232353 0.00004497294139583 0.08395149558782578
v -0.02121624909341335 -0.02574895508587360 0.09500630199909210
v -0.02203508652746677 -0.02051473595201969 0.10156946629285812
v -0.02125423960387707 -0.02474292181432247 0.09596384316682816
v -0.02136980369687080 -0.02373253926634789 0.09726118296384811
v -0.02073266729712486 -0.02600000053644180 0.09718525409698486
v -0.02178172767162323 -0.02163823693990707 0.10024287551641464
v -0.02050422504544258 -0.02115825191140175 0.10130573809146881
v -0.02287026308476925 -0.01756444573402405 0.09019143134355545
v -0.02270217612385750 -0.01886994577944279 0.08978113532066345
v -0.02321015857160091 -0.01447638310492039 0.08990819752216339
v -0.02221941947937012 -0.01651588082313538 0.09726951271295547
v -0.02073590457439423 -0.02011048234999180 0.10269834846258163
v -0.02104746736586094 -0.01990829594433308 0.11030565947294235
v -0.02065109275281429 -0.02081438153982162 0.11030565947294235
v -0.02081687189638615 -0.02039628848433495 0.11030565947294235
v -0.02228734456002712 -0.01931203342974186 0.10256779193878174
v -0.02251259796321392 -0.01802801899611950 0.10316512733697891
v -0.02267622575163841 -0.01681628450751305 0.10343071818351746
v -0.02275254949927330 -0.01680026575922966 0.10281185060739517
v -0.02292333357036114 -0.01493128854781389 0.10306527465581894
v -0.02096368558704853 -0.01900799013674259 0.10374531894922256
v -0.02117074839770794 -0.01782805658876896 0.10437287390232086
v -0.02160053141415119 -0.01486243773251772 0.10404987633228302
v -0.02206707373261452 -0.01452715974301100 0.11030565947294235
v -0.02207536995410919 -0.01436638645827770 0.11030565947294235
v -0.02208357863128185 -0.01413736585527658 0.11030565947294235
v -0.02122347056865692 -0.01936194859445095 0.11030565947294235
v -0.02154086157679558 -0.01823361217975616 0.11030565947294235
v -0.02138617448508739 -0.01889022625982761 0.11030565947294235
v -0.02167793363332748 -0.01764838211238384 0.11030565947294235
v -0.02178461477160454 -0.01699209026992321 0.11030565947294235
v -0.02046767063438892 -0.01725825481116772 0.11030565947294235
v -0.02056692726910114 -0.01680134981870651 0.11030565947294235
v -0.02195191942155361 -0.01560330204665661 0.11030565947294235
v -0.02070785872638226 -0.01574590057134628 0.11030565947294235
v -0.02080479636788368 -0.01511476375162601 0.11030565947294235
v -0.02087524347007275 -0.01376774627715349 0.11030565947294235
v -0.02330485545098782 -0.01235868316143751 0.09001664817333221
v -0.02331575937569141 -0.01032769493758678 0.08998763561248779
v -0.02327361516654491 -0.00865966174751520 0.08988082408905029
v -0.02306449785828590 -0.00770123070105910 0.10078970342874527
v -0.02290352247655392 -0.00659125903621316 0.10047432035207748
v -0.02190418727695942 -0.00880841072648764 0.10133659839630127
v -0.02180519513785839 -0.00778184412047267 0.10116145759820938
v -0.02165278792381287 -0.00675607286393642 0.10081776976585388
v -0.02244530618190765 -0.00431326171383262 0.09942740201950073
v -0.02221362106502056 -0.00316888070665300 0.09891016781330109
v -0.02202400937676430 -0.00204029143787920 0.09854849427938461
v -0.02120103873312473 -0.00453412765637040 0.09972497075796127
v -0.02095920033752918 -0.00334689021110535 0.09920097887516022
v -0.02189697697758675 -0.00093743472825736 0.09841214865446091
v -0.02184398286044598 0.00013627865700983 0.09853849560022354
v -0.02075611241161823 -0.00213547027669847 0.09884335845708847
v -0.02062073536217213 -0.00091645325301215 0.09872228652238846
v -0.02057276479899883 0.00029441027436405 0.09887481480836868
v -0.02302237227559090 -0.01263264007866383 0.10322675108909607
v -0.02299672551453114 -0.01042596343904734 0.10318727046251297
v -0.02169647626578808 -0.01263067591935396 0.10421594232320786
v -0.02166968770325184 -0.01049088034778833 0.10417281836271286
v -0.02214947715401649 -0.01286100875586271 0.11030565947294235
v -0.02212723158299923 -0.01171863917261362 0.11030565947294235
v -0.02211013436317444 -0.01048440579324961 0.11030565947294235
v -0.02206044271588326 -0.00994992442429066 0.11030565947294235
v -0.02203019522130489 -0.00971887819468975 0.11030565947294235
v -0.02094236388802528 -0.01284514646977186 0.11030565947294235
v -0.02094671502709389 -0.01247610058635473 0.11030565947294235
v -0.02092718705534935 -0.01117351278662682 0.11030565947294235
v -0.02090434171259403 -0.01055102143436670 0.11030565947294235
v -0.02084521204233170 -0.00996978953480721 0.11030565947294235
v -0.02083638496696949 -0.00990704260766506 0.11030565947294235
v -0.02193044312298298 -0.00877027399837971 0.11030565947294235
v -0.02190632931888103 -0.00829511787742376 0.11030565947294235
v -0.02180205844342709 -0.00772787909954786 0.11030565947294235
v -0.02164314687252045 -0.00716519262641668 0.11030565947294235
v -0.02154893241822720 -0.00665458384901285 0.11030565947294235
v -0.02148888260126114 -0.00647890381515026 0.11030565947294235
v -0.02075958065688610 -0.00891309231519699 0.11030565947294235
v -0.02069839462637901 -0.00839648861438036 0.11030565947294235
v -0.02054813131690025 -0.00767934555187821 0.11030565947294235
v -0.02045136690139771 -0.00718033546581864 0.11030565947294235
v -0.02123161777853966 -0.00551131647080183 0.11030565947294235
v -0.02063030935823917 -0.00399501295760274 0.11030565947294235
v -0.01985022239387035 -0.02553732134401798 0.09581243991851807
v -0.01992614567279816 -0.02435845136642456 0.09680838137865067
v -0.02008098550140858 -0.02324628829956055 0.09817087650299072
v -0.01951629668474197 -0.02600000053644180 0.09718525409698486
v -0.01928013190627098 -0.02600000053644180 0.10400096327066422
v -0.01889794506132603 -0.02600000053644180 0.10578627139329910
v -0.01888125203549862 -0.02600000053644180 0.10579808056354523
v -0.01885731704533100 -0.02600000053644180 0.10580255836248398
v -0.01884741894900799 -0.02553568966686726 0.10611393302679062
v -0.01882347837090492 -0.02511014416813850 0.10655864328145981
v -0.01882116496562958 -0.02478510513901711 0.10699407756328583
v -0.01885307766497135 -0.02422541566193104 0.10793907940387726
v -0.01815773546695709 -0.02600000053644180 0.10342211276292801
v -0.01874647848308086 -0.02600000053644180 0.10588391125202179
v -0.01858480647206306 -0.02600000053644180 0.10595158487558365
v -0.01854785531759262 -0.02567086555063725 0.10614451020956039
v -0.01851641573011875 -0.02518999762833118 0.10656534135341644
v -0.01836612634360790 -0.02600000053644180 0.10601753741502762
v -0.01824957691133022 -0.02600000053644180 0.10606631636619568
v -0.01823618635535240 -0.02589843235909939 0.10611283034086227
v -0.01819253712892532 -0.02535192854702473 0.10650867223739624
v -0.01851004175841808 -0.02473842538893223 0.10710273683071136
v -0.01819010078907013 -0.02440414950251579 0.10760328918695450
v -0.01780823618173599 -0.02600000053644180 0.10617759078741074
v -0.01770555041730404 -0.02600000053644180 0.10623609274625778
v -0.01757619529962540 -0.02600000053644180 0.10624114423990250
v -0.01753810979425907 -0.02573294751346111 0.10635913163423538
v -0.01749006845057011 -0.02491005510091782 0.10703238099813461
v -0.01890153810381889 -0.02384554408490658 0.10870846360921860
v -0.01904967054724693 -0.02315774559974670 0.11030565947294235
v -0.01899260282516479 -0.02336579561233521 0.10979499667882919
v -0.01963546685874462 -0.02230422198772430 0.11030565947294235
v -0.02030937001109123 -0.02136543951928616 0.11030565947294235
v -0.01975412666797638 -0.01983460038900375 0.11030565947294235
v -0.01962536759674549 -0.02006346732378006 0.11030565947294235
v -0.01932812854647636 -0.02067567780613899 0.11030565947294235
v -0.01951084285974503 -0.02024586498737335 0.11030565947294235
v -0.01886883191764355 -0.02128801494836807 0.11030565947294235
v -0.01827282644808292 -0.02358786202967167 0.10903740674257278
v -0.01753120869398117 -0.02397426217794418 0.10822263360023499
v -0.01757723093032837 -0.02360033802688122 0.10884802788496017
v -0.01867999881505966 -0.02307557128369808 0.11030565947294235
v -0.01838735304772854 -0.02302401885390282 0.11030565947294235
v -0.01793334819376469 -0.02292862907052040 0.11030565947294235
v -0.01795287616550922 -0.02251717448234558 0.11030565947294235
v -0.01788894273340702 -0.02264199592173100 0.11030565947294235
v -0.01769080571830273 -0.02297294326126575 0.11010012775659561
v -0.01771213486790657 -0.02288302034139633 0.11030565947294235
v -0.02005372382700443 -0.01904376037418842 0.11030565947294235
v -0.02028236538171768 -0.01821566186845303 0.11030565947294235
v -0.02011633478105068 -0.01888905279338360 0.11030565947294235
v -0.01994452998042107 -0.01927607133984566 0.11030565947294235
v -0.02034198865294456 -0.01804233901202679 0.11030565947294235
v -0.02041193842887878 -0.01779556646943092 0.11030565947294235
v -0.02022721059620380 -0.00652673747390509 0.11030565947294235
v -0.01995754241943359 -0.00554237561300397 0.11030565947294235
v -0.02029735594987869 -0.00302747194655240 0.11030565947294235
v -0.01931388303637505 -0.00392415141686797 0.11030565947294235
v -0.01919131353497505 -0.00347910798154771 0.11030565947294235
v -0.01909816451370716 -0.00304665951989591 0.11030565947294235
v -0.02018873393535614 -0.00263519980944693 0.11030565947294235
v -0.02008834294974804 -0.00226392783224583 0.11030565947294235
v -0.02000843361020088 -0.00190417305566370 0.11030565947294235
v -0.01991802640259266 -0.00147681951057166 0.11030565947294235
v -0.01987217366695404 -0.00114094710443169 0.11030565947294235
v -0.01981678791344166 -0.00074758229311556 0.11030565947294235
v -0.01980741322040558 -0.00042238866444677 0.11030565947294235
v -0.01978471130132675 -0.00010864754585782 0.11030565947294235
v -0.01978710666298866 0.00000000000000000 0.11030565947294235
v -0.01883545145392418 -0.00221028900705278 0.11030565947294235
v -0.01907537318766117 0.00000000000000000 0.11438336968421936
v -0.01876859366893768 -0.00193040503654629 0.11030565947294235
v -0.01868101023137569 -0.00144665734842420 0.11030565947294235
v -0.01863353326916695 -0.00099098391365260 0.11030565947294235
v -0.01858226023614407 -0.00059096887707710 0.11030565947294235
v -0.01857234537601471 -0.00032478818320669 0.11030565947294235
v -0.01856667734682560 0.00000000000000000 0.11030565947294235
v -0.01790838129818439 0.00000000000000000 0.11404709517955780
v -0.01784952543675900 0.00000000000000000 0.11438336968421936
v -0.01387128606438637 -0.05108125880360603 0.06603811681270599
v -0.01312620285898447 -0.05009746551513672 0.06609524786472321
v -0.01121270935982466 -0.05204337090253830 0.06567585468292236
v -0.01332688331604004 -0.05183237418532372 0.07507814466953278
v -0.01391080208122730 -0.05031341686844826 0.07514772564172745
v -0.01266722474247217 -0.05079380795359612 0.07510492205619812
v -0.01208070944994688 -0.05224135890603065 0.07504962384700775
v -0.01174106076359749 -0.05109075829386711 0.07507738471031189
v -0.01081766095012426 -0.05257387086749077 0.07502787560224533
v -0.01065399684011936 -0.05095965415239334 0.06573408097028732
v -0.00846329331398010 -0.05269649252295494 0.06532222032546997
v -0.00810606498271227 -0.05154418200254440 0.06537933647632599
v -0.00840617530047894 -0.05294372141361237 0.07056171447038651
v -0.00809535011649132 -0.05177700519561768 0.07057461887598038
v -0.00994480215013027 -0.05275922268629074 0.07501684874296188
v -0.00971798878163099 -0.05158092826604843 0.07502937316894531
v -0.01385628618299961 -0.05049564316868782 0.08100561797618866
v -0.01212581433355808 -0.05237603187561035 0.08131891489028931
v -0.01180204283446074 -0.05121581628918648 0.08123261481523514
v -0.01380848605185747 -0.05208079144358635 0.08627182245254517
v -0.01380305923521519 -0.05076805502176285 0.08601936697959900
v -0.01344794034957886 -0.05208399146795273 0.08755338191986084
v -0.01361941173672676 -0.05062462761998177 0.08829969167709351
v -0.01292822416871786 -0.05242491886019707 0.08655373007059097
v -0.01256871875375509 -0.05217543989419937 0.08918736129999161
v -0.01295444369316101 -0.05100410431623459 0.08736246824264526
v -0.01269917283207178 -0.05122601985931396 0.08645990490913391
v -0.01233044918626547 -0.05262703076004982 0.08668277412652969
v -0.01167471893131733 -0.05259042605757713 0.08804839849472046
v -0.01212831772863865 -0.05107755213975906 0.08893011510372162
v -0.01132598239928484 -0.05146957188844681 0.08778356015682220
v -0.01106279622763395 -0.05173322185873985 0.08674595504999161
v -0.01010003779083490 -0.05284496024250984 0.08154413849115372
v -0.00989141315221786 -0.05165860056877136 0.08145494759082794
v -0.01060217898339033 -0.05307973176240921 0.08688984066247940
v -0.00918885506689548 -0.05198812857270241 0.08726150542497635
v -0.00991376768797636 -0.05285543203353882 0.08849555253982544
v -0.00960056297481060 -0.05176002159714699 0.08801987022161484
v -0.00905907712876797 -0.05333271250128746 0.08697193115949631
v -0.00899876747280359 -0.05211804434657097 0.08685528486967087
v -0.00768148386850953 -0.05222973972558975 0.08687306195497513
v -0.00790385063737631 -0.05295192450284958 0.08879762887954712
v -0.00776706868782640 -0.05174201354384422 0.08871995657682419
v -0.00573035143315792 -0.05304065719246864 0.06498852372169495
v -0.00556573783978820 -0.05184926837682724 0.06504408270120621
v -0.00588560942560434 -0.05320036783814430 0.07021369040012360
v -0.00575667386874557 -0.05200348794460297 0.07022220641374588
v -0.00649719825014472 -0.05316692963242531 0.07500151544809341
v -0.00643988931551576 -0.05196791887283325 0.07498653978109360
v -0.00370600167661905 -0.05322247371077538 0.07078872621059418
v -0.00377698126249015 -0.05202187225222588 0.07108686119318008
v -0.00401794537901878 -0.05316161736845970 0.07500074058771133
v -0.00404815562069416 -0.05315042659640312 0.07541579008102417
v -0.00408230582252145 -0.05196388810873032 0.07496485114097595
v -0.00317500648088753 -0.05189521610736847 0.07495804131031036
v -0.00273140310309827 -0.05305286124348640 0.07500072568655014
v -0.00122872542124242 -0.05281205102801323 0.07500071823596954
v -0.00148929655551910 -0.05164154991507530 0.07494923472404480
v -0.00134323630481958 -0.05161181837320328 0.07494864612817764
v -0.00684187607839704 -0.05317930504679680 0.08195845037698746
v -0.00680613471195102 -0.05197539553046227 0.08185695111751556
v -0.00442576641216874 -0.05309586226940155 0.08095043897628784
v -0.00453687598928809 -0.05190490186214447 0.08129592239856720
v -0.00738717010244727 -0.05224126949906349 0.08687315881252289
v -0.00661886110901833 -0.05346543714404106 0.08702104538679123
v -0.00477310456335545 -0.05336489155888557 0.08699285238981247
v -0.00491839880123734 -0.05215876176953316 0.08681279420852661
v -0.00487310858443379 -0.05215428397059441 0.08681101351976395
v -0.00489497138187289 -0.05207527801394463 0.08703158795833588
v -0.00496196839958429 -0.05199715867638588 0.08728281408548355
v -0.00495974859222770 -0.05200518295168877 0.08725842088460922
v -0.00496418634429574 -0.05198916792869568 0.08730722218751907
v -0.00499216886237264 -0.05189030990004539 0.08761923015117645
v -0.00501974578946829 -0.05179643630981445 0.08793415874242783
v -0.00500045018270612 -0.05179214105010033 0.08793101459741592
v -0.00498113548383117 -0.05178784206509590 0.08792830258607864
v -0.00491676991805434 -0.05199890956282616 0.08725453168153763
v -0.00493827043101192 -0.05200204625725746 0.08725622296333313
v -0.00492148660123348 -0.05198270827531815 0.08730313181877136
v -0.00494284695014358 -0.05198593810200691 0.08730492740869522
v -0.00495138857513666 -0.05188270658254623 0.08761408179998398
v -0.00463711516931653 -0.05213098973035812 0.08680382370948792
v -0.00487279938533902 -0.05298020690679550 0.08813355863094330
v -0.00496797449886799 -0.05266490206122398 0.08933038264513016
v -0.00503101991489530 -0.05175907537341118 0.08806508779525757
v -0.00501220719888806 -0.05175460502505302 0.08806185424327850
v -0.00502539239823818 -0.05177764967083931 0.08799957484006882
v -0.00502187665551901 -0.05172425135970116 0.08817024528980255
v -0.00504027400165796 -0.05172884464263916 0.08817352354526520
v -0.00503565371036530 -0.05174388736486435 0.08811928331851959
v -0.00499337492510676 -0.05175013467669487 0.08805903792381287
v -0.00500346021726727 -0.05171965435147285 0.08816736936569214
v -0.00504710758104920 -0.05170678347349167 0.08825415372848511
v -0.00501092197373509 -0.05169742926955223 0.08824793249368668
v -0.00501836324110627 -0.05167554318904877 0.08832860738039017
v -0.00503614544868469 -0.05168029293417931 0.08833155035972595
v -0.00505390949547291 -0.05168504267930984 0.08833487331867218
v -0.00506638735532761 -0.05164572224020958 0.08848424255847931
v -0.00506221922114491 -0.05160256102681160 0.08863051235675812
v -0.00507875019684434 -0.05160749703645706 0.08863383531570435
v -0.00508773978799582 -0.05158017203211784 0.08874360471963882
v -0.00503205880522728 -0.05163600295782089 0.08847793936729431
v -0.00504566961899400 -0.05159762874245644 0.08862755447626114
v -0.00505557563155890 -0.05157022923231125 0.08873736113309860
v -0.00506542716175318 -0.05154345557093620 0.08884724229574203
v -0.00509666278958321 -0.05155343562364578 0.08885341137647629
v -0.00508105382323265 -0.05154844373464584 0.08885015547275543
v -0.00434987060725689 -0.05308527871966362 0.08039879798889160
v -0.00400879327207804 -0.05185334384441376 0.08024868369102478
v -0.00171808095183223 -0.05152606964111328 0.08023418486118317
v -0.00358390831388533 -0.05102978274226189 0.08847890049219131
v -0.00321940914727747 -0.05318519845604897 0.08694305270910263
v -0.00285826390609145 -0.05287736654281616 0.08742028474807739
v -0.00327550387009978 -0.05123912915587425 0.08778657019138336
v -0.00334840500727296 -0.05118218064308167 0.08794653415679932
v -0.00318475998938084 -0.05126685276627541 0.08767002075910568
v -0.00292649585753679 -0.05162101611495018 0.08699968457221985
v -0.00290919654071331 -0.05164550617337227 0.08695916831493378
v -0.00312741892412305 -0.05131967738270760 0.08754537254571915
v -0.00348788825795054 -0.05109005048871040 0.08825160562992096
v -0.00308791431598365 -0.05034048110246658 0.08939766883850098
v -0.00279282499104738 -0.05031594634056091 0.08897702395915985
v -0.00253807823173702 -0.05183804780244827 0.08657141774892807
v -0.00255322246812284 -0.05260391160845757 0.08794356137514114
v -0.00204207608476281 -0.05298526585102081 0.08688788115978241
v -0.00207829405553639 -0.05215631052851677 0.08907027542591095
v -0.00205457699485123 -0.05174087733030319 0.08649187535047531
v -0.00206131790764630 -0.05037242174148560 0.08798395842313766
v -0.00154419429600239 -0.05288074538111687 0.08685455471277237
v -0.00192927150055766 -0.05136943981051445 0.08678121864795685
v -0.00190610531717539 -0.05139747634530067 0.08674413710832596
v -0.00189430697355419 -0.05043271556496620 0.08774250745773315
v -0.00164968229364604 -0.05052883177995682 0.08742073923349380
v -0.00139729189686477 -0.05062404647469521 0.08713585138320923
v -0.00129927147645503 -0.05068726837635040 0.08701265603303909
v -0.00152266037184745 -0.05059320852160454 0.08725646138191223
v -0.01369312033057213 -0.05169922113418579 0.09019342064857483
v -0.01362238079309464 -0.05030700564384460 0.09194184839725494
v -0.01330815721303225 -0.05043146014213562 0.09173568338155746
v -0.01256213057786226 -0.05196553096175194 0.09108441323041916
v -0.01311801653355360 -0.05064789578318596 0.08994863182306290
v -0.01291175466030836 -0.05177036672830582 0.09230273962020874
v -0.01254868227988482 -0.05123553425073624 0.09246996045112610
v -0.01371770538389683 -0.05085189267992973 0.09296547621488571
v -0.01339706685394049 -0.05031523481011391 0.09315472096204758
v -0.01249804906547070 -0.05060759559273720 0.09272491186857224
v -0.01188809145241976 -0.05215701460838318 0.09080895036458969
v -0.01198529638350010 -0.05201621726155281 0.09205295890569687
v -0.01225980464369059 -0.05080919712781906 0.09097716212272644
v -0.01108536683022976 -0.05243592709302902 0.08987104147672653
v -0.01135628111660480 -0.05214972048997879 0.09192930907011032
v -0.01124947424978018 -0.05114160105586052 0.09009623527526855
v -0.01135119702666998 -0.05103387683629990 0.09083944559097290
v -0.01093407161533833 -0.05124529078602791 0.08977674692869186
v -0.01129646226763725 -0.05153212696313858 0.09214570373296738
v -0.01146688405424356 -0.05086442828178406 0.09239876270294189
v -0.01235681492835283 -0.05064755305647850 0.09267132729291916
v -0.01007377728819847 -0.05109124630689621 0.09213877469301224
v -0.00982892699539661 -0.05248967185616493 0.09076690673828125
v -0.00994120910763741 -0.05235769599676132 0.09175026416778564
v -0.00867395289242268 -0.05181830003857613 0.09185048937797546
v -0.00848500803112984 -0.05244775861501694 0.09166443347930908
v -0.00886361394077539 -0.05118585005402565 0.09202323108911514
v -0.00795596931129694 -0.05258496850728989 0.09073044359683990
v -0.00798069126904011 -0.05245159566402435 0.09164851158857346
v -0.00784135144203901 -0.05137482658028603 0.09069856256246567
v -0.00648340722545981 -0.05119680985808372 0.09143291413784027
v -0.00651693576946855 -0.05112875252962112 0.09192891418933868
v -0.00586254568770528 -0.05232973769307137 0.09160038083791733
v -0.00576717918738723 -0.05231943354010582 0.09159809350967407
v -0.00516135944053531 -0.05137065425515175 0.08967451006174088
v -0.00517418188974261 -0.05133667588233948 0.08984240889549255
v -0.00518680969253182 -0.05130391195416451 0.09000942111015320
v -0.00517630577087402 -0.05129966512322426 0.09000704437494278
v -0.00516578648239374 -0.05129541084170341 0.09000487625598907
v -0.00519568193703890 -0.05122946575284004 0.09036406129598618
v -0.00585385691374540 -0.05113587155938148 0.09141267836093903
v -0.00583585444837809 -0.05109446123242378 0.09165976941585541
v -0.00556669244542718 -0.05110261216759682 0.09140328317880630
v -0.00552282063290477 -0.05105838552117348 0.09164902567863464
v -0.00527692306786776 -0.05108045041561127 0.09129891544580460
v -0.00528487470000982 -0.05106664076447487 0.09139385074377060
v -0.00530337635427713 -0.05103079229593277 0.09164167195558548
v -0.00532088661566377 -0.05099616572260857 0.09188963472843170
v -0.00529378838837147 -0.05099251493811607 0.09188937395811081
v -0.00505002960562706 -0.05243230611085892 0.09044765681028366
v -0.00512796267867088 -0.05224196985363960 0.09158185124397278
v -0.00514935469254851 -0.05136603116989136 0.08967181295156479
v -0.00513733457773924 -0.05136140435934067 0.08966936171054840
v -0.00515165925025940 -0.05132776871323586 0.08983755856752396
v -0.00481026386842132 -0.05092429369688034 0.09187784045934677
v -0.00372531171888113 -0.05047937482595444 0.09031904488801956
v -0.00431711878627539 -0.05070111900568008 0.09120866656303406
v -0.00432291161268950 -0.05070324987173080 0.09120979160070419
v -0.00360337039455771 -0.05072591453790665 0.09183740615844727
v -0.00293918442912400 -0.05059449374675751 0.09182295203208923
v -0.00261515402235091 -0.05031104385852814 0.09135897457599640
v -0.00247086421586573 -0.05049113556742668 0.09181353449821472
v -0.00214319000951946 -0.05018094182014465 0.09132193028926849
v -0.00196287874132395 -0.05036693066358566 0.09180409461259842
v -0.00167613662779331 -0.05180279165506363 0.09028428792953491
v -0.00159476220142096 -0.05160839110612869 0.09150308370590210
v -0.00128095736727118 -0.05153390765190125 0.09149716794490814
v -0.00140851165633649 -0.05021665245294571 0.09179566800594330
v -0.00228239269927144 -0.05004231259226799 0.09089535474777222
v -0.00205101445317268 -0.04996715858578682 0.09086365252733231
v -0.00180612225085497 -0.04988651722669601 0.09083069115877151
v -0.00155793945305049 -0.04980309307575226 0.09079749137163162
v -0.00135857413988560 -0.04941178113222122 0.08965760469436646
v -0.00129960000049323 -0.04971417784690857 0.09076329320669174
v -0.00163625646382570 -0.05003216117620468 0.09128350764513016
v -0.02381899766623974 0.00792924407869577 0.01499999966472387
v -0.02370197139680386 0.00984233058989048 0.01499999966472387
v -0.02424191311001778 0.00828419812023640 0.01961171627044678
v -0.02393886633217335 0.01229202840477228 0.01961015723645687
v -0.02481251955032349 0.00865443889051676 0.02501422539353371
v -0.02364212647080421 0.00827570538967848 0.02515291422605515
v -0.02447422035038471 0.01275664754211903 0.02498131990432739
v -0.02264475449919701 0.00745515385642648 0.01509874314069748
v -0.02306674607098103 0.00792481005191803 0.01974106021225452
v -0.02236348763108253 0.01151549629867077 0.01510756649076939
v -0.02277297154068947 0.01194389071315527 0.01973144710063934
v -0.02331060916185379 0.01240163762122393 0.02511190809309483
v -0.02620544470846653 0.00225070351734757 0.03660364821553230
v -0.02615116909146309 0.00194466160610318 0.03675764054059982
v -0.02612135931849480 0.00389422359876335 0.03719631209969521
v -0.02617352455854416 0.00436120992526412 0.03713697567582130
v -0.02609230577945709 0.00579852331429720 0.03794147074222565
v -0.02608597651124001 0.00626134965568781 0.03817607462406158
v -0.02614481188356876 0.00635589659214020 0.03800000622868538
v -0.02607877366244793 0.00682300468906760 0.03849181160330772
v -0.02501976303756237 0.00197241338901222 0.03676160424947739
v -0.02498803101480007 0.00408058520406485 0.03725461661815643
v -0.02495898492634296 0.00606344826519489 0.03807297348976135
v -0.02491591125726700 0.00698970770463347 0.03807481378316879
v -0.02494934387505054 0.00682320445775986 0.03849148005247116
v -0.02543777786195278 0.00901400856673717 0.03116200305521488
v -0.02426749654114246 0.00862185563892126 0.03128468617796898
v -0.02392596378922462 0.01287684962153435 0.03123765066266060
v -0.02606502920389175 0.00797975994646549 0.03799996897578239
v -0.02612829394638538 0.00798400491476059 0.03901928290724754
v -0.02606893889605999 0.00786587502807379 0.03917995840311050
v -0.02486903220415115 0.00791668053716421 0.03807699307799339
v -0.02493974007666111 0.00792472064495087 0.03922343626618385
v -0.02469235472381115 0.01093719154596329 0.03808750584721565
v -0.02401484735310078 0.01659922301769257 0.02503860741853714
v -0.02317823283374310 0.01467790734022856 0.01499999966472387
v -0.02299750410020351 0.01575573906302452 0.01499999966472387
v -0.02346407622098923 0.01608736440539360 0.01968091353774071
v -0.02231384813785553 0.01572514511644840 0.01980932243168354
v -0.02217741124331951 0.01918908394873142 0.01500000059604645
v -0.02275838144123554 0.01958097331225872 0.01979760453104973
v -0.02199871093034744 0.01449593435972929 0.01512363646179438
v -0.02192254364490509 0.01497380062937737 0.01512710377573967
v -0.02158339135348797 0.01674982346594334 0.01514244358986616
v -0.02175341174006462 0.02044065482914448 0.01500000059604645
v -0.02107594348490238 0.01872618496417999 0.01516473293304443
v -0.02077423781156540 0.01965845003724098 0.01517757773399353
v -0.02163647115230560 0.01916850917041302 0.01995804719626904
v -0.02286036126315594 0.01625266671180725 0.02517533488571644
v -0.02341508306562901 0.02015092410147190 0.02515547163784504
v -0.02227512374520302 0.01979316025972366 0.02532250806689262
v -0.02096298336982727 0.02226639911532402 0.01500000059604645
v -0.02177832089364529 0.02270341850817204 0.01991940103471279
v -0.02070674672722816 0.02220646478235722 0.02014305815100670
v -0.02051534317433834 0.02542816288769245 0.02000381611287594
v -0.02265873551368713 0.02340717613697052 0.02528191730380058
v -0.02154354006052017 0.02301963604986668 0.02550997771322727
v -0.02172922156751156 0.02638444118201733 0.02536621689796448
v -0.02065367810428143 0.02595588378608227 0.02568375878036022
v -0.02466864325106144 0.01717487536370754 0.03112648241221905
v -0.02567567862570286 0.01404208783060312 0.03800002858042717
v -0.02580348215997219 0.01423381827771664 0.03974143788218498
v -0.02537762373685837 0.01776311174035072 0.03799999877810478
v -0.02448345720767975 0.01395321357995272 0.03810198977589607
v -0.02428639866411686 0.01648530550301075 0.03811745718121529
v -0.02417876757681370 0.02085575461387634 0.03118220902979374
v -0.02496419660747051 0.02221907675266266 0.03799999877810478
v -0.02377401478588581 0.02216687425971031 0.03815892338752747
v -0.02413261681795120 0.02481899969279766 0.03456610813736916
v -0.02418538555502892 0.02500000037252903 0.03502412512898445
v -0.02418129518628120 0.02500000037252903 0.03500000014901161
v -0.02412039972841740 0.02544295974075794 0.03500000014901161
v -0.02431565709412098 0.02500000037252903 0.03582739084959030
v -0.02466454543173313 0.02500000037252903 0.03799999877810478
v -0.02481041662395000 0.02500000037252903 0.03920244798064232
v -0.02369919791817665 0.02500000037252903 0.03983009979128838
v -0.02350716106593609 0.01684966124594212 0.03126383200287819
v -0.02302218973636627 0.02055325172841549 0.03134861961007118
v -0.02247449383139610 0.02402642555534840 0.03146006911993027
v -0.02362243458628654 0.02431561611592770 0.03124709241092205
v -0.02184392511844635 0.02730362676084042 0.03156280890107155
v -0.02359959855675697 0.02385323308408260 0.03817255049943924
v -0.02297306060791016 0.02456800639629364 0.03476572036743164
v -0.02296424284577370 0.02500000037252903 0.03506392240524292
v -0.02294966392219067 0.02500000037252903 0.03500000014901161
v -0.02347265928983688 0.02500000037252903 0.03818210959434509
v -0.02338000200688839 0.02500000037252903 0.03760445863008499
v -0.01993805170059204 0.02167527191340923 0.01521249115467072
v -0.01996027305722237 0.02399557083845139 0.01500000059604645
v -0.01946603134274483 0.02256439067423344 0.01523218210786581
v -0.01895517110824585 0.02338837087154388 0.01525381114333868
v -0.01937346346676350 0.02480888925492764 0.01499999966472387
v -0.01952110044658184 0.02483435533940792 0.02032001316547394
v -0.01847020164132118 0.02406755462288857 0.01527484972029924
v -0.01842005550861359 0.02591252885758877 0.01499999966472387
v -0.01758487708866596 0.02511050179600716 0.01531487051397562
v -0.01747221685945988 0.02681018598377705 0.01500000059604645
v -0.01748069375753403 0.02680287696421146 0.01500000059604645
v -0.01810134202241898 0.02710023708641529 0.02044688351452351
v -0.01673008315265179 0.02593679167330265 0.01535565126687288
v -0.01529959030449390 0.02703930437564850 0.01542839966714382
v -0.01479306537657976 0.02736551500856876 0.01545517053455114
v -0.02612644806504250 0.00944633223116398 0.04025470092892647
v -0.02606691792607307 0.00941975414752960 0.04051034525036812
v -0.02613446302711964 0.01031788997352123 0.04118898138403893
v -0.02607382088899612 0.01016514562070370 0.04131935164332390
v -0.02614470198750496 0.01090374030172825 0.04193124175071716
v -0.02608251385390759 0.01068695448338985 0.04197574406862259
v -0.02611397206783295 0.01178011856973171 0.04370710626244545
v -0.02617928199470043 0.01204286608844995 0.04377893730998039
v -0.02615384198725224 0.01258192118257284 0.04554839059710503
v -0.02622115425765514 0.01283808425068855 0.04568260163068771
v -0.02493882365524769 0.00936086475849152 0.04045163467526436
v -0.02495722100138664 0.01077925413846970 0.04210259392857552
v -0.02499271556735039 0.01193492859601974 0.04400672763586044
v -0.02503029070794582 0.01264234911650419 0.04572537168860435
v -0.02619808353483677 0.01310536079108715 0.04753130301833153
v -0.02626834250986576 0.01335016731172800 0.04777816310524940
v -0.02624096907675266 0.01331772468984127 0.04956045746803284
v -0.02624863386154175 0.01332290936261415 0.04994441568851471
v -0.02631436474621296 0.01352335233241320 0.04994401335716248
v -0.02634857967495918 0.01340427249670029 0.05173275992274284
v -0.02627946995198727 0.01322551630437374 0.05155684426426888
v -0.02628720737993717 0.01316571142524481 0.05198963731527328
v -0.02507693134248257 0.01315385662019253 0.04781103506684303
v -0.02512217871844769 0.01332293078303337 0.04994422197341919
v -0.02515191771090031 0.01323463115841150 0.05148376896977425
v -0.02654618769884109 0.00109714583959430 0.06323905289173126
v -0.02661199308931828 0.00153139815665781 0.06339783966541290
v -0.02653011865913868 0.00226772460155189 0.06308706849813461
v -0.02652796730399132 0.00247644609771669 0.06304870545864105
v -0.02659184113144875 0.00352238165214658 0.06301430612802505
v -0.02541487291455269 0.00208796001970768 0.06312081217765808
v -0.02542906068265438 0.00109702115878463 0.06323807686567307
v -0.02650953643023968 0.00444059167057276 0.06251455843448639
v -0.02657046727836132 0.00547122862190008 0.06232230737805367
v -0.02650640904903412 0.00472220312803984 0.06241112574934959
v -0.02648271061480045 0.00632495107129216 0.06167950108647346
v -0.02539603598415852 0.00401987321674824 0.06265863031148911
v -0.02538830786943436 0.00472221104428172 0.06241112574934959
v -0.02537017874419689 0.00594675494357944 0.06187510862946510
v -0.02630671113729477 0.01293674483895302 0.05313415080308914
v -0.02638117596507072 0.01301413215696812 0.05362235382199287
v -0.02632020600140095 0.01270364038646221 0.05396492034196854
v -0.02635447680950165 0.01181395538151264 0.05611056461930275
v -0.02635050937533379 0.01193767599761486 0.05586700141429901
v -0.02642335183918476 0.01199188083410263 0.05620224028825760
v -0.02644680440425873 0.01118663977831602 0.05755155906081200
v -0.02638027258217335 0.01090189721435308 0.05761126056313515
v -0.02642207033932209 0.01174059510231018 0.05749670788645744
v -0.02641293965280056 0.01229932252317667 0.05557221546769142
v -0.02525340206921101 0.01105958130210638 0.05738147348165512
v -0.02526137419044971 0.01076378673315048 0.05780401453375816
v -0.02518679574131966 0.01285033021122217 0.05346656963229179
v -0.02519211359322071 0.01275934372097254 0.05378403142094612
v -0.02522052451968193 0.01211355999112129 0.05549830943346024
v -0.02522193454205990 0.01168927457183599 0.05759367346763611
v -0.02653611265122890 0.00735640712082386 0.06130242347717285
v -0.02644740231335163 0.00804552529007196 0.06057536602020264
v -0.02651812322437763 0.00816609151661396 0.06073459237813950
v -0.02648142166435719 0.00978400371968746 0.05929002538323402
v -0.02641190588474274 0.00959822349250317 0.05919434130191803
v -0.02533165179193020 0.00781938992440701 0.06074270233511925
v -0.02532501891255379 0.00811116956174374 0.06052521616220474
v -0.02532652020454407 0.00804617255926132 0.06057482212781906
v -0.02528768405318260 0.00970924645662308 0.05907670781016350
v -0.02601748332381248 0.01458345167338848 0.04329174384474754
v -0.02465299144387245 0.01422278117388487 0.04045716673135757
v -0.02482336387038231 0.01452165935188532 0.04340671747922897
v -0.02615242823958397 0.01486055366694927 0.04654001817107201
v -0.02623753063380718 0.01510134711861610 0.04975767061114311
v -0.02601936645805836 0.02021866478025913 0.04988983273506165
v -0.02504126355051994 0.01505525037646294 0.04990364983677864
v -0.02506355941295624 0.01515685580670834 0.05137491226196289
v -0.02482314221560955 0.02018897607922554 0.05004147812724113
v -0.02547007799148560 0.02385398931801319 0.04362227767705917
v -0.02536814659833908 0.02500000037252903 0.04360523819923401
v -0.02547769993543625 0.02500000037252903 0.04499913007020950
v -0.02428030036389828 0.02378940209746361 0.04377980530261993
v -0.02500524558126926 0.02500000037252903 0.04084746167063713
v -0.02417337708175182 0.02500000037252903 0.04376832768321037
v -0.02575080469250679 0.02500000037252903 0.04930263012647629
v -0.02579781040549278 0.02500000037252903 0.05009552836418152
v -0.02456576749682426 0.02500000037252903 0.04965281113982201
v -0.02460125833749771 0.02500000037252903 0.05025787651538849
v -0.02460233308374882 0.02500000037252903 0.05048443004488945
v -0.02627816051244736 0.01537126302719116 0.05394814535975456
v -0.02625381015241146 0.01556631363928318 0.05749317258596420
v -0.02505345270037651 0.01552093494683504 0.05758892372250557
v -0.02505185082554817 0.01552652753889561 0.05769854038953781
v -0.02613032050430775 0.01581038907170296 0.06273676455020905
v -0.02602894976735115 0.02094085142016411 0.05746159702539444
v -0.02584948390722275 0.02500000037252903 0.05602243170142174
v -0.02585691027343273 0.02500000037252903 0.05742270499467850
v -0.02482565678656101 0.02091375924646854 0.05765440687537193
v -0.02465226314961910 0.02500000037252903 0.05760451778769493
v -0.02565765380859375 0.02500000037252903 0.06212263554334641
v -0.02437737956643105 0.02500000037252903 0.06374834477901459
v -0.02061884850263596 0.02910716459155083 0.02536840923130512
v -0.02297569252550602 0.02759444899857044 0.03128698468208313
v -0.02219842001795769 0.03071187436580658 0.03127510100603104
v -0.02142182178795338 0.02988325990736485 0.02822639793157578
v -0.02109169587492943 0.03040536306798458 0.03162323683500290
v -0.02124365232884884 0.03367016091942787 0.03118655085563660
v -0.02306803315877914 0.03134888410568237 0.03500000014901161
v -0.02292971685528755 0.03157635405659676 0.03457128629088402
v -0.02300909161567688 0.03168120607733727 0.03500000014901161
v -0.02300131134688854 0.03171919658780098 0.03500000014901161
v -0.02295145764946938 0.03193574771285057 0.03500000014901161
v -0.02183805033564568 0.03125056624412537 0.03500000014901161
v -0.02179606631398201 0.03131869062781334 0.03486903011798859
v -0.02182000316679478 0.03135219588875771 0.03500000014901161
v -0.02180906385183334 0.03140251338481903 0.03500000014901161
v -0.02207153849303722 0.03474554419517517 0.03451859578490257
v -0.02221425063908100 0.03470476716756821 0.03500000014901161
v -0.02218063734471798 0.03483507409691811 0.03500000014901161
v -0.02217518724501133 0.03484813496470451 0.03500000014901161
v -0.02208747901022434 0.03511089831590652 0.03500000014901161
v -0.02096440270543098 0.03443767130374908 0.03486692160367966
v -0.02101023495197296 0.03440040722489357 0.03500000014901161
v -0.02100376226007938 0.03442686423659325 0.03500000014901161
v -0.02098773792386055 0.03448585420846939 0.03500000014901161
v -0.02110308781266212 0.03766153380274773 0.03500000014901161
v -0.02089122869074345 0.03771506622433662 0.03441352769732475
v -0.02099874056875706 0.03790342062711716 0.03500000014901161
v -0.02095906063914299 0.03798163682222366 0.03500000014901161
v -0.01900047622621059 0.02776974812150002 0.02001873962581158
v -0.01728764548897743 0.02976919338107109 0.01994639821350574
v -0.01980703882873058 0.02839869260787964 0.02264785207808018
v -0.01884091831743717 0.02783580683171749 0.02308346331119537
v -0.01959550939500332 0.02864416129887104 0.02579077519476414
v -0.01933046057820320 0.03160481527447701 0.02525954507291317
v -0.01831053569912910 0.03065051697194576 0.02255131676793098
v -0.01741944812238216 0.03006414324045181 0.02310179919004440
v -0.01836550608277321 0.03112212754786015 0.02578573860228062
v -0.01781514659523964 0.03390695154666901 0.02502987906336784
v -0.01590995118021965 0.02797945402562618 0.01500000245869160
v -0.01628873683512211 0.02897390909492970 0.01740165799856186
v -0.01648526079952717 0.02906392142176628 0.02049375697970390
v -0.01538366638123989 0.02830613404512405 0.01500000245869160
v -0.01442430075258017 0.02883217483758926 0.01500000432133675
v -0.01422735489904881 0.03036548942327499 0.01731390133500099
v -0.01469702459871769 0.03076263889670372 0.02044710703194141
v -0.01540386676788330 0.03147576004266739 0.01978682354092598
v -0.01661481335759163 0.03266398981213570 0.02234324067831039
v -0.01580681093037128 0.03206102177500725 0.02299783565104008
v -0.01692396029829979 0.03338886052370071 0.02564884349703789
v -0.01591195724904537 0.03598142787814140 0.02471792139112949
v -0.01461612526327372 0.03443257138133049 0.02205795422196388
v -0.01513830479234457 0.03537089750170708 0.02541029453277588
v -0.01476008445024490 0.03688324242830276 0.02455795370042324
v -0.01406331919133663 0.03620972484350204 0.02527427114546299
v -0.01467042881995440 0.03941458091139793 0.02731712162494659
v -0.02035149931907654 0.02950707636773586 0.02861830033361912
v -0.02031882293522358 0.03261709213256836 0.02811964973807335
v -0.01929363980889320 0.03221700340509415 0.02860004827380180
v -0.02017140388488770 0.03332901746034622 0.03160516545176506
v -0.01896016113460064 0.03518010303378105 0.02789869718253613
v -0.02000198327004910 0.03645813837647438 0.03100655414164066
v -0.01898821443319321 0.03602802008390427 0.03149031847715378
v -0.01920462213456631 0.03776805475354195 0.03088965825736523
v -0.01800063252449036 0.03471928834915161 0.02845904231071472
v -0.01824942044913769 0.03899365290999413 0.03076580353081226
v -0.01735709048807621 0.03839179500937462 0.03130748867988586
v -0.01994291879236698 0.03717456758022308 0.03500000014901161
v -0.01983763091266155 0.03729022666811943 0.03480906784534454
v -0.01987234316766262 0.03735216706991196 0.03500000014901161
v -0.01983615569770336 0.03741734847426414 0.03500000014901161
v -0.02011540532112122 0.03909385949373245 0.03434552252292633
v -0.02032863534986973 0.03913887962698936 0.03500000014901161
v -0.02014821209013462 0.03943032398819923 0.03500000014901161
v -0.01939744502305984 0.04049080982804298 0.03500000014901161
v -0.01930913887917995 0.04060523957014084 0.03500000014901161
v -0.01924173720180988 0.04068347811698914 0.03500000014901161
v -0.01917937025427818 0.04037421196699142 0.03427400067448616
v -0.01824638247489929 0.03975092619657516 0.03471398353576660
v -0.01837058179080486 0.03974093869328499 0.03500000014901161
v -0.01829718239605427 0.03984229639172554 0.03500000014901161
v -0.01827218756079674 0.03987071663141251 0.03500000014901161
v -0.01721820794045925 0.04079264402389526 0.03466347604990005
v -0.01734240725636482 0.04083615168929100 0.03500000014901161
v -0.01714141294360161 0.03751559183001518 0.02760098502039909
v -0.01630250923335552 0.03691994771361351 0.02822812460362911
v -0.01599305681884289 0.03853528574109077 0.02745165117084980
v -0.01711083576083183 0.04009960219264030 0.03064761869609356
v -0.01630814932286739 0.03939640894532204 0.03120911121368408
v -0.01523855887353420 0.03785501793026924 0.02810080535709858
v -0.01401241403073072 0.03864846751093864 0.02797752618789673
v -0.01508133206516504 0.04025430604815483 0.03111610375344753
v -0.01805962808430195 0.04152694717049599 0.03420696035027504
v -0.01836066320538521 0.04161778837442398 0.03500000014901161
v -0.01792668178677559 0.04199508205056190 0.03500000014901161
v -0.01727518253028393 0.04090209677815437 0.03500000014901161
v -0.01578009501099586 0.04105546697974205 0.03054422885179520
v -0.01427275873720646 0.04183853790163994 0.03045946732163429
v -0.01674516685307026 0.04252796992659569 0.03415010496973991
v -0.01689497008919716 0.04280127584934235 0.03500000014901161
v -0.01680086366832256 0.04286225885152817 0.03500000014901161
v -0.01600941456854343 0.04169099405407906 0.03461687639355659
v -0.01619776897132397 0.04172166436910629 0.03500000014901161
v -0.01608193665742874 0.04181083291769028 0.03500000014901161
v -0.01601976715028286 0.04184952005743980 0.03500000014901161
v -0.01564598456025124 0.04351739957928658 0.03500000014901161
v -0.01524310372769833 0.04336093738675117 0.03410568460822105
v -0.01531384978443384 0.04369534179568291 0.03500000014901161
v -0.01460918225347996 0.04243914037942886 0.03457772359251976
v -0.01477693486958742 0.04252845793962479 0.03500000014901161
v -0.01464015152305365 0.04259790480136871 0.03500000014901161
v -0.01403406355530024 0.04420752450823784 0.03500000014901161
v -0.00815438479185104 0.01389332581311464 0.03982559964060783
v -0.00818493403494358 0.01673173345625401 0.03960648924112320
v -0.00887738261371851 0.01949585601687431 0.03975549340248108
v -0.00858022645115852 0.01949661783874035 0.03965514153242111
v -0.00891399756073952 0.02500000037252903 0.03974887728691101
v -0.00875863805413246 0.02500000037252903 0.03969641029834747
v -0.00857928954064846 0.02500000037252903 0.03963949903845787
v -0.00780170224606991 0.02500000037252903 0.03948928788304329
v -0.00657086912542582 0.01371409650892019 0.03959937021136284
v -0.00499999988824129 0.01311538461595774 0.03963534161448479
v -0.00659866817295551 0.01663409918546677 0.03938184306025505
v -0.00709949526935816 0.01949922181665897 0.03936909511685371
v -0.00499999988824129 0.01655146665871143 0.03935181722044945
v -0.00500000221654773 0.01949993707239628 0.03930000215768814
v -0.00705640111118555 0.02500000037252903 0.03936221078038216
v -0.00613035354763269 0.02500000037252903 0.03933719918131828
v -0.00500000081956387 0.02500000037252903 0.03930000215768814
v -0.00383717706426978 0.02500000037252903 0.03930000215768814
v -0.00294182496145368 0.02500000037252903 0.03929992020130157
v -0.01150835677981377 0.00904877949506044 0.04551085457205772
v -0.01154025830328465 0.00972682796418667 0.04456543177366257
v -0.01158492080867290 0.01270243246108294 0.04281372949481010
v -0.01079101767390966 0.01203920785337687 0.04177336394786835
v -0.01199427712708712 0.01079265400767326 0.04540906846523285
v -0.01200390700250864 0.01156490109860897 0.04472147673368454
v -0.01200955267995596 0.01246298942714930 0.04421477392315865
v -0.01201279647648335 0.01343157794326544 0.04388023540377617
v -0.01217630878090858 0.01254925783723593 0.04561338573694229
v -0.01156278979033232 0.01060036383569241 0.04377784207463264
v -0.01157665345817804 0.01161550264805555 0.04319960251450539
v -0.01088211219757795 0.01137465983629227 0.04554047808051109
v -0.01087442319840193 0.01262127701193094 0.04456761479377747
v -0.01198027189821005 0.01018511597067118 0.04623547196388245
v -0.01194431819021702 0.00940763019025326 0.04809554666280746
v -0.01142708770930767 0.00820585712790489 0.04761489853262901
v -0.01088067796081305 0.01054472662508488 0.04681864380836487
v -0.01087036263197660 0.01002044230699539 0.04834501817822456
v -0.01180642470717430 0.00865324307233095 0.05200086906552315
v -0.01215796824544668 0.01030702050775290 0.05030300468206406
v -0.01190292648971081 0.00899687502533197 0.05006952956318855
v -0.01210893690586090 0.00984010100364685 0.05200057476758957
v -0.01133327558636665 0.00776780676096678 0.04983076825737953
v -0.01153111550956964 0.00804040208458900 0.05200061947107315
v -0.01119308639317751 0.00749362446367741 0.05200019478797913
v -0.01085543073713779 0.00971744488924742 0.05008921772241592
v -0.01090541854500771 0.00991278048604727 0.05199987813830376
v -0.01217209547758102 0.01134689804166555 0.04692737013101578
v -0.01217467710375786 0.01187865715473890 0.04620934277772903
v -0.01216540392488241 0.01065817289054394 0.04856078699231148
v -0.01219992246478796 0.01200470142066479 0.04846692085266113
v -0.01219992898404598 0.01243550237268209 0.04753172770142555
v -0.01219993177801371 0.01261397451162338 0.04725498333573341
v -0.01219994202256203 0.01340114325284958 0.04643217101693153
v -0.01099999062716961 0.01209355238825083 0.04823022335767746
v -0.01099999062716961 0.01193046942353249 0.04868871346116066
v -0.01099998969584703 0.01299009937793016 0.04679723083972931
v -0.01099999062716961 0.01239424850791693 0.04760251566767693
v -0.01099998876452446 0.01384994387626648 0.04614353552460670
v -0.01219991873949766 0.01163723692297935 0.04999272152781487
v -0.01219997555017471 0.01150000002235174 0.05199983716011047
v -0.01099998876452446 0.01171667035669088 0.04953652992844582
v -0.01099998783320189 0.01159511785954237 0.05029849335551262
v -0.01099998690187931 0.01149999350309372 0.05199990794062614
v -0.00939785037189722 0.00670919427648187 0.04544638842344284
v -0.00800336711108685 0.00677506672218442 0.04377663880586624
v -0.00795576721429825 0.00624559586867690 0.04508533328771591
v -0.01055238582193851 0.00714621739462018 0.04714628681540489
v -0.00933393184095621 0.00635482789948583 0.04673910140991211
v -0.01041846163570881 0.00671991100534797 0.04959993064403534
v -0.01036756858229637 0.00660370755940676 0.05199943482875824
v -0.00920206774026155 0.00596512248739600 0.04939810186624527
v -0.00925939716398716 0.00591186666861176 0.05199917778372765
v -0.00790712237358093 0.00590178975835443 0.04644110426306725
v -0.00799693353474140 0.00685238931328058 0.04871562123298645
v -0.00904878694564104 0.00714888051152229 0.05199990049004555
v -0.00788815505802631 0.00548289576545358 0.05199936032295227
v -0.00781264249235392 0.00554761011153460 0.04924397915601730
v -0.00795459002256393 0.00672606891021132 0.05199992656707764
v -0.01075401157140732 0.00972343888133764 0.04285369068384171
v -0.00957533251494169 0.01023405045270920 0.04137516021728516
v -0.00954878982156515 0.00903677474707365 0.04207583516836166
v -0.01071935426443815 0.00876067485660315 0.04373889416456223
v -0.01067151315510273 0.00802489463239908 0.04480130225419998
v -0.01061449479311705 0.00750563200563192 0.04595416039228439
v -0.01006722636520863 0.00994660146534443 0.04401464387774467
v -0.01005971990525723 0.00897174421697855 0.04538906365633011
v -0.00951011944562197 0.00801221840083599 0.04303798079490662
v -0.00945820845663548 0.00724013615399599 0.04419393837451935
v -0.00920986384153366 0.00833598338067532 0.04475850611925125
v -0.00921928510069847 0.00935288146138191 0.04336688295006752
v -0.01077642105519772 0.01084435265511274 0.04220671951770782
v -0.01000641658902168 0.01341255661100149 0.04233204945921898
v -0.00959503557533026 0.01150951348245144 0.04090544208884239
v -0.00919829867780209 0.01082620862871408 0.04234603419899940
v -0.01058447081595659 0.01198260299861431 0.04375882819294930
v -0.01004514098167419 0.01136826723814011 0.04299433529376984
v -0.01060071866959333 0.01064407639205456 0.04476004466414452
v -0.01055758446455002 0.01391178928315639 0.04312510043382645
v -0.00804534647613764 0.00755781028419733 0.04257311299443245
v -0.00807721819728613 0.00860555097460747 0.04157376289367676
v -0.00810017623007298 0.00983568094670773 0.04084674268960953
v -0.00805902108550072 0.00894320569932461 0.04289791360497475
v -0.00804424472153187 0.01041086204349995 0.04190673679113388
v -0.00805187318474054 0.00792541075497866 0.04425635188817978
v -0.00916100479662418 0.01295725908130407 0.04166934266686440
v -0.00811942853033543 0.01115149352699518 0.04035821557044983
v -0.00802040193229914 0.01257542148232460 0.04122768342494965
v -0.01002380065619946 0.00834054034203291 0.04714915901422501
v -0.01059684436768293 0.00973658170551062 0.04609068110585213
v -0.01057321764528751 0.00915249530225992 0.04773806035518646
v -0.01053786836564541 0.00880757067352533 0.04972039908170700
v -0.01052241027355194 0.00870300922542810 0.05199987068772316
v -0.00997162703424692 0.00797288399189711 0.04936149716377258
v -0.00986194238066673 0.00776729779317975 0.05199988186359406
v -0.00917257089167833 0.00767247145995498 0.04660342633724213
v -0.00912287458777428 0.00729486532509327 0.04902287200093269
v -0.00802597030997276 0.00724303442984819 0.04613178223371506
v -0.01199373602867126 0.00934423785656691 0.05399406328797340
v -0.01154514960944653 0.00815650261938572 0.05440177768468857
v -0.01083915214985609 0.00967323593795300 0.05395282059907913
v -0.01158247236162424 0.00852397177368402 0.05649765208363533
v -0.01200706418603659 0.00967978592962027 0.05581159517168999
v -0.01202643569558859 0.01028686575591564 0.05741105228662491
v -0.01163384970277548 0.00919352192431688 0.05828124657273293
v -0.01082450803369284 0.00743268616497517 0.05716406926512718
v -0.01084635872393847 0.00997878611087799 0.05572861805558205
v -0.01085818093270063 0.01053647603839636 0.05728168413043022
v -0.01219999883323908 0.01154781784862280 0.05317989364266396
v -0.01219999883323908 0.01178092788904905 0.05452717468142509
v -0.01099998317658901 0.01154806837439537 0.05318297818303108
v -0.01099999994039536 0.01176464278250933 0.05446427315473557
v -0.01219999883323908 0.01223289128392935 0.05576913431286812
v -0.01219999883323908 0.01278139278292656 0.05667663365602493
v -0.01219999883323908 0.01301045529544353 0.05695741996169090
v -0.01100003253668547 0.01223333273082972 0.05577026680111885
v -0.01100004557520151 0.01301044970750809 0.05695754662156105
v -0.01166106574237347 0.01025875471532345 0.05973863974213600
v -0.01091710850596428 0.00814590323716402 0.05913783982396126
v -0.01096653658896685 0.00932101812213659 0.06072309613227844
v -0.01095780264586210 0.01009598653763533 0.06135788187384605
v -0.01203668303787708 0.01123663131147623 0.05874777585268021
v -0.01164224836975336 0.01178349647670984 0.06082900241017342
v -0.01202945969998837 0.01260005403310061 0.05976389348506927
v -0.01160253025591373 0.01385222841054201 0.06148961931467056
v -0.01086512301117182 0.01142910495400429 0.05856270343065262
v -0.01086172088980675 0.01273144688457251 0.05951355770230293
v -0.01092999055981636 0.01100606378167868 0.06187813356518745
v -0.01085889711976051 0.01325879339128733 0.06256311386823654
v -0.01075833570212126 0.00705755408853292 0.05479395389556885
v -0.00962281320244074 0.00618537096306682 0.05515887588262558
v -0.00970264617353678 0.00654621096327901 0.05778069421648979
v -0.00821188651025295 0.00564506556838751 0.05548594146966934
v -0.00797437783330679 0.00682053389027715 0.05540595948696136
v -0.00827807839959860 0.00598855409771204 0.05831089243292809
v -0.00799371674656868 0.00713372556492686 0.05808135867118835
v -0.00837866589426994 0.00670141307637095 0.06053908914327621
v -0.01049849670380354 0.00874318089336157 0.05434238910675049
v -0.00991550087928772 0.00791064742952585 0.05472091212868690
v -0.01051500253379345 0.00906093046069145 0.05637131258845329
v -0.01054106373339891 0.00964318308979273 0.05806267634034157
v -0.00994085893034935 0.00822915975004435 0.05699417740106583
v -0.00907419715076685 0.00725141912698746 0.05507874116301537
v -0.00910109747201204 0.00756587414070964 0.05757376179099083
v -0.00998040381819010 0.00882600434124470 0.05881457030773163
v -0.01000572368502617 0.00982525758445263 0.06020630151033401
v -0.00981996022164822 0.00727062486112118 0.05991935729980469
v -0.00986568257212639 0.00782511848956347 0.06082173064351082
v -0.00988251995295286 0.00851806066930294 0.06160601601004601
v -0.00986705906689167 0.00935039483010769 0.06226501241326332
v -0.00982674397528172 0.01032584160566330 0.06279230862855911
v -0.01055740471929312 0.01059655006974936 0.05940398573875427
v -0.01055253110826015 0.01200005598366261 0.06037131324410439
v -0.00999965425580740 0.01131187006831169 0.06118156388401985
v -0.00997968018054962 0.01340100169181824 0.06175658851861954
v -0.00973493792116642 0.01272372063249350 0.06346834450960159
v -0.00914400350302458 0.00816814135760069 0.05949239432811737
v -0.00841804780066013 0.00725489994511008 0.06145681440830231
v -0.00917044933885336 0.00918401312083006 0.06090297177433968
v -0.00802685972303152 0.00773617299273610 0.06003834679722786
v -0.00804487336426973 0.00872843619436026 0.06140746176242828
v -0.00842927955091000 0.00795420538634062 0.06224298849701881
v -0.00840916018933058 0.00880034081637859 0.06289271265268326
v -0.00803167186677456 0.01023242808878422 0.06233464553952217
v -0.00836731493473053 0.00979689136147499 0.06340374797582626
v -0.00916127115488052 0.01071124989539385 0.06186857074499130
v -0.00913825351744890 0.01289534103125334 0.06243936717510223
v -0.00801072269678116 0.01245819497853518 0.06289732456207275
v -0.00828400254249573 0.01227061450481415 0.06405282765626907
v -0.01158912666141987 0.01495490130037069 0.04239224269986153
v -0.01080296374857426 0.01450903341174126 0.04129535704851151
v -0.01079153642058372 0.01704003475606441 0.04107174277305603
v -0.01201446540653706 0.01544703170657158 0.04352870211005211
v -0.01219995319843292 0.01437994837760925 0.04590964689850807
v -0.01219996903091669 0.01577139645814896 0.04561378806829453
v -0.01219997555017471 0.01644820719957352 0.04555467888712883
v -0.01086253579705954 0.01442811451852322 0.04397480189800262
v -0.01099998690187931 0.01487956382334232 0.04576438292860985
v -0.01084974780678749 0.01679408736526966 0.04369805008172989
v -0.01099998410791159 0.01652135327458382 0.04555018991231918
v -0.01148789189755917 0.01949338056147099 0.04196082428097725
v -0.01219999138265848 0.01821102201938629 0.04550369456410408
v -0.01197541784495115 0.01949686184525490 0.04318666458129883
v -0.01218795962631702 0.01949974149465561 0.04469149187207222
v -0.01219999883323908 0.01950000040233135 0.04549999907612801
v -0.01087393146008253 0.01950000599026680 0.04374594613909721
v -0.01099996641278267 0.01950000040233135 0.04549999907612801
v -0.01179626025259495 0.02500000037252903 0.04282763972878456
v -0.01170627400279045 0.02500000037252903 0.04242067039012909
v -0.01162162981927395 0.02500000037252903 0.04217669367790222
v -0.01102482620626688 0.02500000037252903 0.04124139621853828
v -0.01086733490228653 0.02500000037252903 0.04109163582324982
v -0.01153948064893484 0.02500000037252903 0.04199419915676117
v -0.01117243152111769 0.02500000037252903 0.04149489477276802
v -0.01203847024589777 0.02500000037252903 0.04343662783503532
v -0.01207096688449383 0.02500000037252903 0.04371945932507515
v -0.01217641215771437 0.02500000037252903 0.04446606338024139
v -0.01219403650611639 0.02500000037252903 0.04509962722659111
v -0.01219403836876154 0.02500000037252903 0.04508994519710541
v -0.01219999790191650 0.02500000037252903 0.04550000280141830
v -0.01081073097884655 0.02500000037252903 0.04344180971384048
v -0.01088357064872980 0.02500000037252903 0.04374048113822937
v -0.01092769484966993 0.02500000037252903 0.04414734616875648
v -0.01099083758890629 0.02500000037252903 0.04502611607313156
v -0.01099997851997614 0.02500000037252903 0.04549999907612801
v -0.01220000069588423 0.02500000037252903 0.04631171002984047
v -0.01219998113811016 0.02500000037252903 0.04715211689472198
v -0.01099998038262129 0.02500000037252903 0.04632353037595749
v -0.01099999342113733 0.02500000037252903 0.04703892022371292
v -0.01219997555017471 0.02500000037252903 0.05142263323068619
v -0.01219999231398106 0.02500000037252903 0.05200026929378510
v -0.01099999528378248 0.02500000037252903 0.05199997499585152
v -0.01052643917500973 0.01647594198584557 0.04279812052845955
v -0.00962130352854729 0.01414910610765219 0.04039027914404869
v -0.00962958764284849 0.01686194166541100 0.04016653820872307
v -0.00995955336838961 0.01616759970784187 0.04197411239147186
v -0.01075708679854870 0.01949197053909302 0.04096670821309090
v -0.01044527534395456 0.01949219219386578 0.04067020863294601
v -0.01038174331188202 0.01950000599026680 0.04244538396596909
v -0.00983357056975365 0.01949334144592285 0.04021905735135078
v -0.00955756939947605 0.01950000599026680 0.04149259254336357
v -0.00911626312881708 0.01588013023138046 0.04129912331700325
v -0.00799529906362295 0.01562456227838993 0.04085049778223038
v -0.00906539708375931 0.01950000599026680 0.04116010665893555
v -0.00835424941033125 0.01950000599026680 0.04084299504756927
v -0.00796922389417887 0.01950000599026680 0.04072966426610947
v -0.01077244151383638 0.02500000037252903 0.04096049442887306
v -0.01049394998699427 0.02500000037252903 0.04066532850265503
v -0.01018106564879417 0.02500000037252903 0.04043456912040710
v -0.01004759036004543 0.02500000037252903 0.04032639786601067
v -0.01041348744183779 0.02500000037252903 0.04243673011660576
v -0.01056205946952105 0.02500000037252903 0.04278471693396568
v -0.01031971443444490 0.02500000037252903 0.04228669032454491
v -0.00955633632838726 0.02500000037252903 0.04008823260664940
v -0.00935088749974966 0.02500000037252903 0.03995149210095406
v -0.00989739876240492 0.02500000037252903 0.04179847240447998
v -0.00957394111901522 0.02500000037252903 0.04146121069788933
v -0.00912147667258978 0.02500000037252903 0.04121369495987892
v -0.00886125117540359 0.02500000037252903 0.04103790223598480
v -0.00848524738103151 0.02500000037252903 0.04087023437023163
v -0.00789204426109791 0.02500000037252903 0.04072932526469231
v -0.00768535351380706 0.02500000037252903 0.04066848754882812
v -0.01219999883323908 0.01427286118268967 0.05792582035064697
v -0.01219999883323908 0.01569013297557831 0.05834329500794411
v -0.01219999883323908 0.01650926843285561 0.05843580514192581
v -0.01100002229213715 0.01414810959249735 0.05786256864666939
v -0.01099999714642763 0.01568748801946640 0.05834297090768814
v -0.01201471127569675 0.01447296794503927 0.06037287786602974
v -0.01200258918106556 0.01682795397937298 0.06064113974571228
v -0.01085492502897978 0.01454064715653658 0.06006731092929840
v -0.01084751263260841 0.01685209013521671 0.06031249836087227
v -0.01156910136342049 0.01646108925342560 0.06180388480424881
v -0.01080033462494612 0.01610728912055492 0.06289640814065933
v -0.01219999883323908 0.01950000040233135 0.05850000306963921
v -0.01207588054239750 0.01949802227318287 0.06035912781953812
v -0.01198913902044296 0.01949699781835079 0.06076012179255486
v -0.01186974439769983 0.01949582621455193 0.06116788089275360
v -0.01099998503923416 0.01755081675946712 0.05848468467593193
v -0.01099996641278267 0.01950000040233135 0.05850000306963921
v -0.01083708927035332 0.01950000040233135 0.06042013689875603
v -0.01137274224311113 0.01949292793869972 0.06223577260971069
v -0.01115742791444063 0.01949234493076801 0.06255567073822021
v -0.01219999883323908 0.02500000037252903 0.05522033572196960
v -0.01099992729723454 0.02500000037252903 0.05661363154649734
v -0.01220000069588423 0.02500000037252903 0.05851836130023003
v -0.01217762939631939 0.02500000037252903 0.05918783694505692
v -0.01211600936949253 0.02500000037252903 0.06011087447404861
v -0.01199634093791246 0.02500000037252903 0.06075205653905869
v -0.01195299718528986 0.02500000037252903 0.06095242872834206
v -0.01189334969967604 0.02500000037252903 0.06115614622831345
v -0.01186396274715662 0.02500000037252903 0.06124856695532799
v -0.01099993474781513 0.02500000037252903 0.05850000679492950
v -0.01099518965929747 0.02500000037252903 0.05887369439005852
v -0.01091358531266451 0.02500000037252903 0.05983571708202362
v -0.01083049271255732 0.02500000037252903 0.06010417640209198
v -0.01161535829305649 0.02500000037252903 0.06178275123238564
v -0.01132304128259420 0.02500000037252903 0.06237461790442467
v -0.01121387723833323 0.02500000037252903 0.06253680586814880
v -0.01099919434636831 0.02500000037252903 0.06279110163450241
v -0.01053891424089670 0.01395746786147356 0.06094100326299667
v -0.01052096299827099 0.01649843156337738 0.06121816486120224
v -0.00995162781327963 0.01615728251636028 0.06204751133918762
v -0.00966641679406166 0.01578104309737682 0.06379059702157974
v -0.01067124214023352 0.01950000040233135 0.06095596030354500
v -0.01049351040273905 0.01950000040233135 0.06135429441928864
v -0.01073396019637585 0.01949197612702847 0.06305726617574692
v -0.00990771315991879 0.01950000040233135 0.06218516454100609
v -0.00985376536846161 0.01949329115450382 0.06376842409372330
v -0.00959557760506868 0.01949394121766090 0.06391996890306473
v -0.00927871186286211 0.01949479058384895 0.06407926976680756
v -0.00910940859466791 0.01583895459771156 0.06272742152214050
v -0.00799218751490116 0.01555111911147833 0.06318058073520660
v -0.00823195371776819 0.01549140736460686 0.06435687094926834
v -0.00906618032604456 0.01950000040233135 0.06284134089946747
v -0.00796920713037252 0.01950000040233135 0.06327027827501297
v -0.00766520481556654 0.01950000040233135 0.06333783268928528
v -0.00770539138466120 0.01949845254421234 0.06455032527446747
v -0.01075015030801296 0.02500000037252903 0.06076263263821602
v -0.01069121342152357 0.02500000037252903 0.06096431240439415
v -0.01060067117214203 0.02500000037252903 0.06116723641753197
v -0.01047181338071823 0.02500000037252903 0.06145872175693512
v -0.01016973145306110 0.02500000037252903 0.06188718229532242
v -0.01002507843077183 0.02500000037252903 0.06210532784461975
v -0.01058768946677446 0.02500000037252903 0.06324091553688049
v -0.01013366878032684 0.02500000037252903 0.06360773742198944
v -0.00958596356213093 0.02500000037252903 0.06244772300124168
v -0.00941099226474762 0.02500000037252903 0.06263379752635956
v -0.00969833787530661 0.02500000037252903 0.06388733536005020
v -0.00956279877573252 0.02500000037252903 0.06396689265966415
v -0.00939643569290638 0.02500000037252903 0.06405052542686462
v -0.00931901764124632 0.02500000037252903 0.06408682465553284
v -0.00913547072559595 0.02500000037252903 0.06283368170261383
v -0.00854635797441006 0.02500000037252903 0.06306403875350952
v -0.00886377505958080 0.02500000037252903 0.06424202024936676
v -0.00835452415049076 0.02500000037252903 0.06315927207469940
v -0.00833376683294773 0.02500000037252903 0.06316801905632019
v -0.00805973727256060 0.02500000037252903 0.06325986981391907
v -0.00802113208919764 0.02500000037252903 0.06449429690837860
v -0.00778091838583350 0.02500000037252903 0.06331623345613480
v -0.00759761687368155 0.02500000037252903 0.06335587799549103
v -0.00761215807870030 0.02500000037252903 0.06335373222827911
v -0.00765983154997230 0.02500000037252903 0.06456371396780014
v -0.00647797528654337 0.00658896751701832 0.04355199262499809
v -0.00645123654976487 0.00606643920764327 0.04486928135156631
v -0.00663343723863363 0.00707776984199882 0.04574533924460411
v -0.00499999988824129 0.00675102509558201 0.04312818124890327
v -0.00499999988824129 0.00657654367387295 0.04345053806900978
v -0.00499999988824129 0.00584705499932170 0.04550595209002495
v -0.00499999942258000 0.00710815750062466 0.04542059078812599
v -0.00637549208477139 0.00539464829489589 0.04913480579853058
v -0.00642463238909841 0.00572986947372556 0.04624869674444199
v -0.00662336032837629 0.00666062207892537 0.04844214022159576
v -0.00599476415663958 0.00530716776847839 0.05199973657727242
v -0.00651908572763205 0.00652756076306105 0.05199996381998062
v -0.00499999988824129 0.00571635318920016 0.04611794278025627
v -0.00499999942258000 0.00664875144138932 0.04813877120614052
v -0.00499999988824129 0.00533994939178228 0.04978199303150177
v -0.00500000081956387 0.00530000030994415 0.05199980735778809
v -0.00499999849125743 0.00649999873712659 0.05200000107288361
v -0.00652010180056095 0.00839333981275558 0.04135932028293610
v -0.00650189444422722 0.00736089795827866 0.04235254973173141
v -0.00664874492213130 0.00874323491007090 0.04264657571911812
v -0.00653346208855510 0.00961193162947893 0.04063257202506065
v -0.00664090272039175 0.01013664621859789 0.04171853512525558
v -0.00664549320936203 0.00777087453752756 0.04390843585133553
v -0.00654549291357398 0.01092900708317757 0.04013906791806221
v -0.00663060648366809 0.01227239519357681 0.04104254767298698
v -0.00499999988824129 0.00831470359116793 0.04133857041597366
v -0.00499999988824129 0.00732606928795576 0.04229469969868660
v -0.00499999942258000 0.00856202282011509 0.04271309077739716
v -0.00499999988824129 0.00948741659522057 0.04062625393271446
v -0.00499999988824129 0.01032885629683733 0.04027756303548813
v -0.00499999942258000 0.00996619462966919 0.04172871634364128
v -0.00499999942258000 0.00781687721610069 0.04368299618363380
v -0.00499999942258000 0.00733037572354078 0.04472403228282928
v -0.00499999988824129 0.01077792700380087 0.04012973979115486
v -0.00499999942258000 0.01202154438942671 0.04104590415954590
v -0.00499999942258000 0.01063077710568905 0.04144538193941116
v -0.00499999942258000 0.01347472518682480 0.04079742729663849
v -0.00662736268714070 0.00542645296081901 0.05577794462442398
v -0.00661977287381887 0.00662631867453456 0.05570045486092567
v -0.00499999942258000 0.00660321721807122 0.05597362667322159
v -0.00499999988824129 0.00551780359819531 0.05736105889081955
v -0.00499999942258000 0.00673882896080613 0.05747742950916290
v -0.00666120415553451 0.00577367609366775 0.05875059217214584
v -0.00662916805595160 0.00695086969062686 0.05850686877965927
v -0.00671370979398489 0.00648375134915113 0.06096594035625458
v -0.00673410901799798 0.00701239658519626 0.06183297932147980
v -0.00499999988824129 0.00579424249008298 0.05912558361887932
v -0.00499999942258000 0.00696824816986918 0.05887397751212120
v -0.00499999988824129 0.00615846179425716 0.06039818003773689
v -0.00499999988824129 0.00653936993330717 0.06125142052769661
v -0.00664704758673906 0.00755623960867524 0.06042570248246193
v -0.00673805596306920 0.00767148332670331 0.06256258487701416
v -0.00665502715855837 0.00848044455051422 0.06167640164494514
v -0.00672385795041919 0.00847067963331938 0.06316412985324860
v -0.00664350390434265 0.00988499354571104 0.06253344565629959
v -0.00669830432161689 0.00942773371934891 0.06364447623491287
v -0.00662991963326931 0.01209152024239302 0.06309360265731812
v -0.00665220711380243 0.01189657580107450 0.06428003311157227
v -0.00499999942258000 0.00724888872355223 0.05988485738635063
v -0.00499999942258000 0.00759691372513771 0.06068385019898415
v -0.00499999942258000 0.00824992824345827 0.06158417835831642
v -0.00499999988824129 0.00727403583005071 0.06229799240827560
v -0.00499999942258000 0.00841510668396950 0.06174366548657417
v -0.00499999988824129 0.00830398965626955 0.06316110491752625
v -0.00499999942258000 0.00964371766895056 0.06251160055398941
v -0.00499999942258000 0.00993472710251808 0.06262797117233276
v -0.00499999988824129 0.00890926364809275 0.06349623948335648
v -0.00499999988824129 0.00917037855833769 0.06361511349678040
v -0.00499999942258000 0.01177393458783627 0.06309458613395691
v -0.00499999988824129 0.01170955039560795 0.06429868936538696
v -0.00499999942258000 0.01318795233964920 0.06327746063470840
v -0.00662305438891053 0.01540209539234638 0.04065120220184326
v -0.00731949647888541 0.01950000599026680 0.04060705378651619
v -0.00610578758642077 0.01950000599026680 0.04051474854350090
v -0.00499999942258000 0.01520069967955351 0.04062708839774132
v -0.00500000035390258 0.01950000040233135 0.04050001502037048
v -0.00733656529337168 0.02500000037252903 0.04060266539454460
v -0.00668501947075129 0.02500000037252903 0.04055311530828476
v -0.00576159497722983 0.02500000037252903 0.04050809144973755
v -0.00515989586710930 0.02500000037252903 0.04050007462501526
v -0.00499999942258000 0.02500000037252903 0.04050001129508018
v -0.00118558155372739 0.02500000037252903 0.04050000384449959
v -0.00662261852994561 0.01529402006417513 0.06338375061750412
v -0.00662816176190972 0.01523504965007305 0.06458470225334167
v -0.00661771837621927 0.01950000040233135 0.06346645951271057
v -0.00499999942258000 0.01505712512880564 0.06341056525707245
v -0.00499999988824129 0.01500711403787136 0.06460950523614883
v -0.00499999988824129 0.01695986837148666 0.06467624753713608
v -0.00500000035390258 0.01950000040233135 0.06349998712539673
v -0.00729771656915545 0.02500000037252903 0.06460035592317581
v -0.00701586063951254 0.02500000037252903 0.06342731416225433
v -0.00626548193395138 0.02500000037252903 0.06347828358411789
v -0.00581778399646282 0.02500000037252903 0.06468223035335541
v -0.00535180140286684 0.02500000037252903 0.06349722295999527
v -0.00499650882557034 0.02500000037252903 0.06349999457597733
v -0.01360864564776421 0.02802729979157448 0.01551884785294533
v -0.01272930670529604 0.02844190783798695 0.01556597743183374
v -0.01318318489938974 0.02939949184656143 0.01500000525265932
v -0.01282433420419693 0.02954301051795483 0.01500000525265932
v -0.01330613251775503 0.03291120752692223 0.01956579275429249
v -0.01270540803670883 0.03218647092580795 0.02031586505472660
v -0.01203663181513548 0.03145883977413177 0.01719110645353794
v -0.01093022059649229 0.03403301909565926 0.01933088339865208
v -0.01392031554132700 0.03378031775355339 0.02279289998114109
v -0.01285137049853802 0.03691893443465233 0.02513917535543442
v -0.01346264220774174 0.03766006231307983 0.02440973371267319
v -0.01319154258817434 0.04012995585799217 0.02720219269394875
v -0.01164587773382664 0.03511204943060875 0.02254357933998108
v -0.01220172364264727 0.03584710881114006 0.02176574431359768
v -0.01150591019541025 0.03748567029833794 0.02501141466200352
v -0.01203592121601105 0.03829164057970047 0.02427840605378151
v -0.01157965976744890 0.04067083820700645 0.02710772491991520
v -0.01057518925517797 0.02924176491796970 0.01567485369741917
v -0.01036712061613798 0.03032345138490200 0.01500000245869160
v -0.00980948191136122 0.02946415916085243 0.01570968143641949
v -0.01044469233602285 0.03327654302120209 0.02013445086777210
v -0.00859024748206139 0.03070468455553055 0.01499999873340130
v -0.00860495399683714 0.03070207126438618 0.01499999873340130
v -0.00833530258387327 0.02981453388929367 0.01576947234570980
v -0.00790722854435444 0.03398312255740166 0.01994418352842331
v -0.00829288456588984 0.03478281572461128 0.01912043616175652
v -0.00939776096493006 0.03678696230053902 0.02151900157332420
v -0.01050084177404642 0.03876867517828941 0.02416568249464035
v -0.01004098914563656 0.03791182860732079 0.02489387243986130
v -0.00896876119077206 0.03596736863255501 0.02230356074869633
v -0.01262605842202902 0.03928591683506966 0.02786443755030632
v -0.01109324209392071 0.03976908326148987 0.02776371873915195
v -0.00767459068447351 0.04035183787345886 0.02758835256099701
v -0.00807242933660746 0.04132209345698357 0.02694874443113804
v -0.01260981056839228 0.04243895784020424 0.03039345331490040
v -0.01367408037185669 0.04095275700092316 0.03103373385965824
v -0.01209576614201069 0.04149317741394043 0.03096352517604828
v -0.01323903910815716 0.04313630983233452 0.03500000014901161
v -0.01356552261859179 0.04401925951242447 0.03407347947359085
v -0.01301722042262554 0.04303847998380661 0.03454704210162163
v -0.01299720350652933 0.04322407394647598 0.03500000014901161
v -0.01291004195809364 0.04325171560049057 0.03500000014901161
v -0.01277935039252043 0.04328761249780655 0.03500000014901161
v -0.01268540415912867 0.04331094026565552 0.03500000014901161
v -0.01375786215066910 0.04432163015007973 0.03500000014901161
v -0.01355807855725288 0.04438978433609009 0.03500000014901161
v -0.01339576393365860 0.04443782940506935 0.03500000014901161
v -0.01337880920618773 0.04444251582026482 0.03500000014901161
v -0.01337670721113682 0.04444308206439018 0.03500000014901161
v -0.01297029387205839 0.04453837499022484 0.03500000014901161
v -0.01215328089892864 0.04342276602983475 0.03500000014901161
v -0.00892784073948860 0.04318596795201302 0.03028516471385956
v -0.00850546825677156 0.04217281565070152 0.03084450401365757
v -0.00938054267317057 0.04403823241591454 0.03500000014901161
v -0.00931199826300144 0.04383996501564980 0.03449772298336029
v -0.01007973402738571 0.04521357268095016 0.03500000014901161
v -0.00998051278293133 0.04523582383990288 0.03500000014901161
v -0.00976599100977182 0.04488602653145790 0.03402289003133774
v -0.00952520780265331 0.04531402885913849 0.03500000014901161
v -0.00860381871461868 0.04413682967424393 0.03500000014901161
v -0.00603139540180564 0.03018123470246792 0.01584372483193874
v -0.00624791020527482 0.03101841919124126 0.01499999593943357
v -0.00507019041106105 0.03027572669088840 0.01586848497390747
v -0.00523380236700177 0.03109573014080524 0.01499999593943357
v -0.00465724105015397 0.03308897092938423 0.01681645959615707
v -0.00549199245870113 0.03517552465200424 0.01894276589155197
v -0.00517405290156603 0.03434193134307861 0.01977059431374073
v -0.00599500536918640 0.03639848902821541 0.02209265343844891
v -0.00634680734947324 0.03727278113365173 0.02131677418947220
v -0.00720929540693760 0.03933666646480560 0.02397247776389122
v -0.00683338660746813 0.03841453418135643 0.02468514442443848
v -0.00372591079212725 0.03035451099276543 0.01589778065681458
v -0.00148370198439807 0.03035185486078262 0.01593275927007198
v -0.00209417170844972 0.03313646093010902 0.01672990433871746
v -0.00167989614419639 0.03111740201711655 0.01499999687075615
v -0.00163011578842998 0.03111508302390575 0.01499999687075615
v -0.00315299001522362 0.03741824999451637 0.02114790119230747
v -0.00235258624888957 0.03441908210515976 0.01962997578084469
v -0.00261332513764501 0.03527925908565521 0.01879980415105820
v -0.00285557517781854 0.03650670126080513 0.02191772498190403
v -0.00370982731692493 0.03952227905392647 0.02380335889756680
v -0.00338111422024667 0.03855960443615913 0.02450584620237350
v -0.00392569182440639 0.04054730013012886 0.02743008174002171
v -0.00428450526669621 0.04155754297971725 0.02680079266428947
v -0.00487705366685987 0.04349019750952721 0.03017629683017731
v -0.00448727281764150 0.04243888333439827 0.03072885796427727
v -0.00696623139083385 0.04425701126456261 0.03500000014901161
v -0.00667407223954797 0.04559640958905220 0.03500000014901161
v -0.00612822035327554 0.04566523432731628 0.03500000014901161
v -0.00506327766925097 0.04420299828052521 0.03444185107946396
v -0.00548666436225176 0.04528667032718658 0.03396683931350708
v -0.00487051205709577 0.04444727674126625 0.03500000014901161
v -0.00508659938350320 0.04572804272174835 0.03500000014901161
v -0.00294293952174485 0.04445114359259605 0.03500000014901161
v -0.00261347345076501 0.04574019461870193 0.03500000014901161
v -0.00118100643157959 0.04445353522896767 0.03500000014901161
v -0.02592753991484642 0.00178774865344167 0.07149236649274826
v -0.02594337053596973 0.00384268211200833 0.07193595170974731
v -0.02596221864223480 0.00599717348814011 0.07232063263654709
v -0.02473449893295765 0.00190830079372972 0.07138422876596451
v -0.02475041523575783 0.00398102821782231 0.07184650748968124
v -0.02476612292230129 0.00611351896077394 0.07223761081695557
v -0.02628675475716591 0.00822725798934698 0.06655382364988327
v -0.02620182000100613 0.01001691259443760 0.06705440580844879
v -0.02613199315965176 0.01198011636734009 0.06705076992511749
v -0.02499492466449738 0.00997888576239347 0.06718155741691589
v -0.02484267391264439 0.00824633520096540 0.07082506269216537
v -0.02492558956146240 0.01193848438560963 0.06718114018440247
v -0.02593844011425972 0.00828990526497364 0.07245405018329620
v -0.02425892092287540 0.00094674353022128 0.08413042873144150
v -0.02429713308811188 0.00195989175699651 0.08449123799800873
v -0.02446188218891621 0.00402326742187142 0.08545311540365219
v -0.02456361614167690 0.00508265057578683 0.08592765033245087
v -0.02465526945888996 0.00616981973871589 0.08629623800516129
v -0.02549790404736996 0.00835314765572548 0.07834472507238388
v -0.02548357285559177 0.01015205029398203 0.07837958633899689
v -0.02544637024402618 0.01221341360360384 0.07837382704019547
v -0.02426656894385815 0.01014251355081797 0.07855486869812012
v -0.02394272759556770 0.00841463357210159 0.08243366330862045
v -0.02423027530312538 0.01218556240200996 0.07855362445116043
v -0.02472189068794250 0.00728975702077150 0.08651366829872131
v -0.02475836873054504 0.00844456069171429 0.08661194145679474
v -0.02304487302899361 0.00112981046549976 0.08419717848300934
v -0.02309191599488258 0.00220263679511845 0.08458037674427032
v -0.02326703444123268 0.00431431410834193 0.08558088541030884
v -0.02336559630930424 0.00535389827564359 0.08606452494859695
v -0.02345025166869164 0.00639742380008101 0.08643335103988647
v -0.02351036854088306 0.00746703892946243 0.08664627373218536
v -0.02596304938197136 0.01597765646874905 0.06696917116641998
v -0.02582863904535770 0.01867660880088806 0.06683640182018280
v -0.02475617453455925 0.01592884398996830 0.06711789220571518
v -0.02461399883031845 0.01862395182251930 0.06713138520717621
v -0.02558101527392864 0.01620694808661938 0.07382689416408539
v -0.02567154541611671 0.02142754383385181 0.06653441488742828
v -0.02552628889679909 0.02407158911228180 0.06615820527076721
v -0.02548833377659321 0.02500000037252903 0.06605011224746704
v -0.02445561811327934 0.02136794105172157 0.06680673360824585
v -0.02430863305926323 0.02402183599770069 0.06640461832284927
v -0.02426879853010178 0.02500000037252903 0.06628627330064774
v -0.02513296157121658 0.02500000037252903 0.07000000029802322
v -0.02507505379617214 0.02612755820155144 0.07000000029802322
v -0.02505009807646275 0.02663870155811310 0.07000000029802322
v -0.02504447847604752 0.02717029303312302 0.07000000029802322
v -0.02393646910786629 0.02500000037252903 0.06992384046316147
v -0.02392841503024101 0.02502116933465004 0.07000000029802322
v -0.02392945997416973 0.02500000037252903 0.07000000029802322
v -0.02384598180651665 0.02661327645182610 0.07000000029802322
v -0.02384105697274208 0.02713171392679214 0.07000000029802322
v -0.02464580163359642 0.02421624027192593 0.07630702108144760
v -0.02457643859088421 0.02546207047998905 0.07592184841632843
v -0.02454236708581448 0.02670188061892986 0.07562680542469025
v -0.02340836077928543 0.02410090342164040 0.07664652168750763
v -0.02333573997020721 0.02538335323333740 0.07624568790197372
v -0.02329997159540653 0.02667291834950447 0.07594263553619385
v -0.02404306270182133 0.01627597957849503 0.07862123101949692
v -0.02509675361216068 0.01902309060096741 0.07788389921188354
v -0.02396659553050995 0.01755047589540482 0.07851110398769379
v -0.02386409975588322 0.01892261765897274 0.07830192148685455
v -0.02463906444609165 0.01652858592569828 0.08593697845935822
v -0.02485742419958115 0.02168260142207146 0.07718237489461899
v -0.02317960187792778 0.01650386862456799 0.08874606341123581
v -0.02362491190433502 0.02154572680592537 0.07756415754556656
v -0.02353410795331001 0.02173121459782124 0.08937064558267593
v -0.02321316301822662 0.02406006865203381 0.08789993822574615
v -0.02312061563134193 0.02524011209607124 0.08725889772176743
v -0.02309288270771503 0.02645656093955040 0.08677971363067627
v -0.02195552177727222 0.02382661402225494 0.08836925774812698
v -0.02184998244047165 0.02508443407714367 0.08770590275526047
v -0.02181488275527954 0.02640225365757942 0.08721683174371719
v -0.02430287376046181 0.00849734339863062 0.09118776023387909
v -0.02434823848307133 0.01028843503445387 0.09127093851566315
v -0.02435057982802391 0.01244583912193775 0.09128740429878235
v -0.02232296578586102 0.00429664738476276 0.10120812803506851
v -0.02186810225248337 0.00118612346705049 0.09892972558736801
v -0.02196474000811577 0.00222293194383383 0.09955221414566040
v -0.02061773091554642 0.00147870520595461 0.09930092096328735
v -0.02074332162737846 0.00262286257930100 0.09996169060468674
v -0.02113739028573036 0.00478303665295243 0.10167992860078812
v -0.02311845310032368 0.01031503826379776 0.09151897579431534
v -0.02312137931585312 0.01243172492831945 0.09154045581817627
v -0.02245881222188473 0.00864891987293959 0.09723818302154541
v -0.02253974042832851 0.00534869451075792 0.10202805697917938
v -0.02273992635309696 0.00642086192965508 0.10266885161399841
v -0.02134551294147968 0.00580159155651927 0.10251131653785706
v -0.02152402326464653 0.00679518748074770 0.10314769297838211
v -0.02127228304743767 0.00667732674628496 0.11438336968421936
v -0.02138523012399673 0.00702402507886291 0.11438336968421936
v -0.02078156173229218 0.00528640439733863 0.11438336968421936
v -0.02057072706520557 0.00487050181254745 0.11438336968421936
v -0.02089048549532890 0.00563141098245978 0.11438336968421936
v -0.02099349349737167 0.00601265998557210 0.11438336968421936
v -0.02116287685930729 0.00639641191810369 0.11438336968421936
v -0.02289626188576221 0.00751896901056170 0.10305278748273849
v -0.02278139255940914 0.01044694520533085 0.10622681677341461
v -0.02281790971755981 0.01270147599279881 0.10626967251300812
v -0.02165978215634823 0.00779768964275718 0.10351935774087906
v -0.02153453975915909 0.01050992496311665 0.10659662634134293
v -0.02157028205692768 0.01269520353525877 0.10664288699626923
v -0.02166813798248768 0.00880747660994530 0.11438336968421936
v -0.02166660316288471 0.00879629794508219 0.11438336968421936
v -0.02146775834262371 0.00746736535802484 0.11438336968421936
v -0.02154127694666386 0.00775393098592758 0.11438336968421936
v -0.02159559726715088 0.00802405644208193 0.11438336968421936
v -0.02160728536546230 0.00841908622533083 0.11438336968421936
v -0.02176250517368317 0.00969093292951584 0.11438336968421936
v -0.02181690558791161 0.01014404557645321 0.11438336968421936
v -0.02043865807354450 0.00843969173729420 0.11438336968421936
v -0.02047025412321091 0.00885489769279957 0.11438336968421936
v -0.02048337645828724 0.00894555356353521 0.11438336968421936
v -0.02062471769750118 0.01036181114614010 0.11438336968421936
v -0.02056525461375713 0.00984897464513779 0.11438336968421936
v -0.02186985127627850 0.01196334604173899 0.11438336968421936
v -0.02189105190336704 0.01311643328517675 0.11438336968421936
v -0.02064682543277740 0.01153644453734159 0.11438336968421936
v -0.02068460546433926 0.01306525804102421 0.11438336968421936
v -0.02427911385893822 0.01465997751802206 0.09118689596652985
v -0.02405754290521145 0.01791116036474705 0.09086484462022781
v -0.02390494383871555 0.01925768889486790 0.09054254740476608
v -0.02372411824762821 0.02052715979516506 0.09003309160470963
v -0.02305125817656517 0.01460515148937702 0.09144022315740585
v -0.02279893867671490 0.01778867840766907 0.09146057814359665
v -0.02247761376202106 0.02028696052730083 0.09059353172779083
v -0.02265172824263573 0.01907441020011902 0.09112481772899628
v -0.02313801646232605 0.01684468425810337 0.10089300572872162
v -0.02229107916355133 0.02145629934966564 0.08990184217691422
v -0.02114841341972351 0.02365883626043797 0.10120991617441177
v -0.02101428620517254 0.02474330924451351 0.10024546831846237
v -0.02098263986408710 0.02592075802385807 0.09953212738037109
v -0.02105893567204475 0.02720100432634354 0.09913969784975052
v -0.02273391000926495 0.01500104926526546 0.10613477975130081
v -0.02242115698754787 0.01816032640635967 0.10567560046911240
v -0.02219388633966446 0.01942056044936180 0.10519691556692123
v -0.02148850448429585 0.01492676232010126 0.10650616139173508
v -0.02133453078567982 0.01680347137153149 0.10626568645238876
v -0.02127842046320438 0.01681074313819408 0.10675354301929474
v -0.02192080393433571 0.02056626975536346 0.10443109273910522
v -0.02113208360970020 0.01795953139662743 0.10651298612356186
v -0.02092510834336281 0.01910590007901192 0.10601606965065002
v -0.02068086341023445 0.02014036290347576 0.10522118210792542
v -0.02181348949670792 0.01413644105195999 0.11438336968421936
v -0.02176284231245518 0.01530505251139402 0.11438336968421936
v -0.02168143168091774 0.01608360186219215 0.11438336968421936
v -0.02152851037681103 0.01709719002246857 0.11438336968421936
v -0.02063246630132198 0.01426304969936609 0.11438336968421936
v -0.02057105489075184 0.01509960647672415 0.11438336968421936
v -0.02047350443899632 0.01611053571105003 0.11438336968421936
v -0.02142933942377567 0.01756662502884865 0.11438336968421936
v -0.02137666381895542 0.01806905120611191 0.11438336968421936
v -0.02130111865699291 0.01835190691053867 0.11438336968421936
v -0.02125358767807484 0.01850307546555996 0.11438336968421936
v -0.02112233266234398 0.01907909847795963 0.11438336968421936
v -0.02095406688749790 0.01950474828481674 0.11438336968421936
v -0.02082156576216221 0.01977176778018475 0.11438336968421936
v -0.02066736295819283 0.02023936249315739 0.11438336968421936
v -0.02051059901714325 0.02050311863422394 0.11438336968421936
v -0.02163227088749409 0.02162049710750580 0.10343138128519058
v -0.01964237727224827 0.00281236693263054 0.11438336968421936
v -0.01924896612763405 0.00151220627594739 0.11438336968421936
v -0.01925895176827908 0.00162723893299699 0.11438336968421936
v -0.01908810250461102 0.00057708239182830 0.11438336968421936
v -0.01960932277143002 0.00264002778567374 0.11438336968421936
v -0.02040707133710384 0.00430421344935894 0.11438336968421936
v -0.02004752680659294 0.00686700874939561 0.11438336968421936
v -0.01963863894343376 0.00583325698971748 0.11438336968421936
v -0.01974072493612766 0.00620828429237008 0.11438336968421936
v -0.01885452494025230 0.00424039410427213 0.11438336968421936
v -0.01859929971396923 0.00345169776119292 0.11438336968421936
v -0.01814837753772736 0.00217598164454103 0.11438336968421936
v -0.01818632148206234 0.00235672760754824 0.11438336968421936
v -0.01786747388541698 0.00059414852876216 0.11438336968421936
v -0.01791102625429630 0.00100978568661958 0.11438336968421936
v -0.01792470179498196 0.00114465435035527 0.11438336968421936
v -0.01875991933047771 0.00396147556602955 0.11438336968421936
v -0.02030117809772491 0.00779066048562527 0.11438336968421936
v -0.02012540027499199 0.00728890672326088 0.11438336968421936
v -0.01988863945007324 0.02323030494153500 0.10186670720577240
v -0.01971072889864445 0.02445895411074162 0.10086600482463837
v -0.01965392008423805 0.02581731043756008 0.10013600438833237
v -0.01973247528076172 0.02726003900170326 0.09974597394466400
v -0.02035323157906532 0.01691571436822414 0.11438336968421936
v -0.02026182226836681 0.01751576736569405 0.11438336968421936
v -0.02010995149612427 0.01813078671693802 0.11438336968421936
v -0.01997600123286247 0.01870168186724186 0.11438336968421936
v -0.01978188753128052 0.01917337439954281 0.11438336968421936
v -0.01962273195385933 0.01964286901056767 0.11438336968421936
v -0.01938049681484699 0.02003978751599789 0.11438336968421936
v -0.01921632885932922 0.02042352035641670 0.11438336968421936
v -0.02013826556503773 0.02213225141167641 0.10301662981510162
v -0.02041301131248474 0.02112286351621151 0.10418126732110977
v -0.02002233266830444 0.02600000053644180 0.10432703793048859
v -0.02002112194895744 0.02667796239256859 0.10432703793048859
v -0.02003061398863792 0.02694501914083958 0.10432703793048859
v -0.02004386298358440 0.02707914821803570 0.10432703793048859
v -0.01881326548755169 0.02600000053644180 0.10432703793048859
v -0.01881614513695240 0.02606834284961224 0.10432703793048859
v -0.01881653442978859 0.02703582122921944 0.10432703793048859
v -0.01885975897312164 0.02737856097519398 0.10432703793048859
v -0.02007776685059071 0.02111463807523251 0.11438336968421936
v -0.01993732340633869 0.02144354768097401 0.11438336968421936
v -0.01898728124797344 0.02271375432610512 0.11438336968421936
v -0.01886709034442902 0.02297997474670410 0.11438336968421936
v -0.01875392906367779 0.02098970487713814 0.11438336968421936
v -0.01861313916742802 0.02129127457737923 0.11438336968421936
v -0.01849868521094322 0.02157831564545631 0.11438336968421936
v -0.01835345849394798 0.02393724769353867 0.11438336968421936
v -0.01834911666810513 0.02395140379667282 0.11438336968421936
v -0.01783513464033604 0.02233658358454704 0.11438336968421936
v -0.01734488643705845 0.02315959706902504 0.11438336968421936
v -0.01867591962218285 0.02600000053644180 0.11105080693960190
v -0.01829973421990871 0.02411920949816704 0.11438336968421936
v -0.01824495010077953 0.02477889880537987 0.11370358616113663
v -0.01824453473091125 0.02521485835313797 0.11337998509407043
v -0.01827387139201164 0.02579737454652786 0.11306037753820419
v -0.01829464919865131 0.02600000053644180 0.11299128085374832
v -0.01761426031589508 0.02418280951678753 0.11438336968421936
v -0.01721887290477753 0.02600000053644180 0.11332529038190842
v -0.01715840771794319 0.02360053732991219 0.11438336968421936
v -0.01714043505489826 0.02365761809051037 0.11438336968421936
v -0.01700782403349876 0.02429107576608658 0.11438336968421936
v -0.01695280708372593 0.02426712401211262 0.11438336968421936
v -0.01694443821907043 0.02431413717567921 0.11438336968421936
v -0.01692253537476063 0.02504636533558369 0.11385844647884369
v -0.01693140715360641 0.02537119388580322 0.11367542296648026
v -0.01696330122649670 0.02588093839585781 0.11344144493341446
v -0.01697587035596371 0.02600000053644180 0.11340413242578506
v -0.02501280978322029 0.02849861048161983 0.07000000029802322
v -0.02502605877816677 0.02902649715542793 0.07000000029802322
v -0.02502209879457951 0.03018874675035477 0.07000000029802322
v -0.02385465428233147 0.02764230035245419 0.07000000029802322
v -0.02382276952266693 0.02906004153192043 0.07000000029802322
v -0.02388117462396622 0.02998692542314529 0.07000000029802322
v -0.02507982030510902 0.03116647712886333 0.07000000029802322
v -0.02507231198251247 0.03211653977632523 0.07000000029802322
v -0.02511730045080185 0.03289079293608665 0.07000000029802322
v -0.02512942440807819 0.03377822041511536 0.07000000029802322
v -0.02511906996369362 0.03409342467784882 0.07000000029802322
v -0.02387923747301102 0.03122394345700741 0.07000000029802322
v -0.02392256446182728 0.03192035481333733 0.07000000029802322
v -0.02391632087528706 0.03291013091802597 0.07000000029802322
v -0.02390202879905701 0.03368467465043068 0.07000000029802322
v -0.02390011958777905 0.03401743620634079 0.07000000029802322
v -0.02454551123082638 0.02793175913393497 0.07544767111539841
v -0.02458093687891960 0.02913588285446167 0.07538511604070663
v -0.02470443770289421 0.03137120977044106 0.07550536841154099
v -0.02479913830757141 0.03318624570965767 0.07568792253732681
v -0.02502291835844517 0.03507683798670769 0.07000000029802322
v -0.02481761574745178 0.03701814264059067 0.07000000029802322
v -0.02384444698691368 0.03467785939574242 0.07000000029802322
v -0.02365260198712349 0.03666872158646584 0.07000000029802322
v -0.02447147853672504 0.03908408433198929 0.07000000029802322
v -0.02434078231453896 0.03997287154197693 0.07000000029802322
v -0.02504732273519039 0.03419125825166702 0.07154898345470428
v -0.02330419979989529 0.02795495651662350 0.07576391845941544
v -0.02334285154938698 0.02920413948595524 0.07570833712816238
v -0.02347425371408463 0.03148799762129784 0.07585433870553970
v -0.02356984093785286 0.03326216712594032 0.07605985552072525
v -0.02334460802376270 0.03860058635473251 0.07000000029802322
v -0.02324015274643898 0.03934998437762260 0.07000000029802322
v -0.02355441264808178 0.03439192846417427 0.07622191309928894
v -0.02375973388552666 0.03351137414574623 0.08718247711658478
v -0.02466254495084286 0.03450279682874680 0.07752621173858643
v -0.02444172464311123 0.03743712976574898 0.07741686701774597
v -0.02435743808746338 0.03467693924903870 0.08135522902011871
v -0.02401172183454037 0.04039028659462929 0.07730062305927277
v -0.02379828132688999 0.03492512926459312 0.08731227368116379
v -0.02323289960622787 0.02898556180298328 0.08644313365221024
v -0.02313337661325932 0.02771128527820110 0.08650772273540497
v -0.02337186783552170 0.03024591132998466 0.08654496818780899
v -0.02211407199501991 0.03042557649314404 0.08701412379741669
v -0.02352562360465527 0.03145185858011246 0.08675375580787659
v -0.02227454632520676 0.03165749832987785 0.08724103122949600
v -0.02250469103455544 0.03366099670529366 0.08769788593053818
v -0.02185748144984245 0.02775633335113525 0.08694770932197571
v -0.02196516469120979 0.02911011129617691 0.08689453452825546
v -0.02325205132365227 0.03711510822176933 0.07766375690698624
v -0.02288221754133701 0.03979611396789551 0.07756518572568893
v -0.02263452671468258 0.03488923609256744 0.08689732104539871
v -0.02343638613820076 0.03793169185519218 0.08912941813468933
v -0.02306636609137058 0.04089069738984108 0.08898969739675522
v -0.02222276292741299 0.03763249143958092 0.08943714201450348
v -0.02190656773746014 0.04031978920102119 0.08931554853916168
v -0.02397208474576473 0.04134237021207809 0.07000000029802322
v -0.02370999567210674 0.04251385107636452 0.07000000029802322
v -0.02360916882753372 0.04291964322328568 0.07000000029802322
v -0.02342272549867630 0.04355769976973534 0.07000000029802322
v -0.02331970632076263 0.04389307275414467 0.07000000029802322
v -0.02324964478611946 0.04404889792203903 0.07000000029802322
v -0.02281876467168331 0.04120197892189026 0.07000000029802322
v -0.02268221601843834 0.04185732826590538 0.07000000029802322
v -0.02262437716126442 0.04210571572184563 0.07000000029802322
v -0.02236482314765453 0.04287544637918472 0.07000000029802322
v -0.02220276184380054 0.04342763125896454 0.07000000029802322
v -0.02309686504304409 0.04431727528572083 0.07000000029802322
v -0.02296300791203976 0.04465739801526070 0.07000000029802322
v -0.02286909520626068 0.04483270272612572 0.07000000029802322
v -0.02236527949571609 0.04556311666965485 0.07000000029802322
v -0.02191203646361828 0.04403280094265938 0.07000000029802322
v -0.02177949249744415 0.04425579309463501 0.07000000029802322
v -0.02146164514124393 0.04491786286234856 0.07000000029802322
v -0.02183912321925163 0.04649830237030983 0.07000000029802322
v -0.02082456834614277 0.04580718651413918 0.07000000029802322
v -0.02106042578816414 0.04746705666184425 0.07000000029802322
v -0.02324763685464859 0.04390287771821022 0.07550495862960815
v -0.02224034629762173 0.04305279999971390 0.07570908963680267
v -0.02314546704292297 0.04438136890530586 0.07271284610033035
v -0.02293029613792896 0.04482025280594826 0.07547403126955032
v -0.02272380143404007 0.04527323320508003 0.07545628398656845
v -0.02246534638106823 0.04575480148196220 0.07542749494314194
v -0.02201189659535885 0.04394862800836563 0.07299213111400604
v -0.02130663953721523 0.04530693590641022 0.07225535064935684
v -0.02179798297584057 0.04438039660453796 0.07555755972862244
v -0.02181250974535942 0.04434514790773392 0.07556385546922684
v -0.02105095423758030 0.04577566310763359 0.07539125531911850
v -0.02048150077462196 0.04802531003952026 0.07000000029802322
v -0.02110170386731625 0.04772403091192245 0.07530295848846436
v -0.02338011190295219 0.04322582483291626 0.07718391716480255
v -0.02234797924757004 0.04237427189946175 0.07746803015470505
v -0.02168086543679237 0.04393625259399414 0.08220677822828293
v -0.02122434042394161 0.04523359984159470 0.08200031518936157
v -0.02187930233776569 0.04659419879317284 0.08146993070840836
v -0.02250990085303783 0.04374400898814201 0.08884941786527634
v -0.02241717837750912 0.04517938941717148 0.08465570956468582
v -0.02219246514141560 0.04584333673119545 0.08450210094451904
v -0.02143470942974091 0.04292222484946251 0.08919482678174973
v -0.02185550890862942 0.04649433493614197 0.08434604108333588
v -0.02163597568869591 0.04684962332248688 0.08361504971981049
v -0.02199336886405945 0.04566025361418724 0.08874952048063278
v -0.02100219018757343 0.04471545666456223 0.08897770196199417
v -0.02079000882804394 0.04535625502467155 0.08886476606130600
v -0.02119016461074352 0.04724832251667976 0.08733887970447540
v -0.02048611454665661 0.04599543660879135 0.08863099664449692
v -0.02049034275114536 0.04834240674972534 0.08252546936273575
v -0.01998572237789631 0.04685820266604424 0.07000000029802322
v -0.01966161839663982 0.04714542999863625 0.07000000029802322
v -0.01983480900526047 0.04734255746006966 0.07530505955219269
v -0.01960506290197372 0.04757864400744438 0.07529319822788239
v -0.01962413080036640 0.04880274832248688 0.07000000029802322
v -0.01901406981050968 0.04774970933794975 0.07000000029802322
v -0.01912362687289715 0.04914385825395584 0.07000000029802322
v -0.01855416782200336 0.04806226119399071 0.07000000029802322
v -0.01823410205543041 0.04973759502172470 0.07000000029802322
v -0.01786855794489384 0.04855151847004890 0.07000000029802322
v -0.01745480112731457 0.05012297630310059 0.07000000029802322
v -0.01944218575954437 0.04931898415088654 0.07520827651023865
v -0.01941611990332603 0.04935462772846222 0.07552053779363632
v -0.01870382763445377 0.04837452247738838 0.07525432109832764
v -0.01816460490226746 0.05018572881817818 0.07515548914670944
v -0.01753378100693226 0.04916645959019661 0.07521332055330276
v -0.01409802678972483 0.04513000324368477 0.07000000029802322
v -0.01459744572639465 0.04643256217241287 0.07000000029802322
v -0.01653614826500416 0.05058007314801216 0.07000000029802322
v -0.01630178093910217 0.04931230843067169 0.07000000029802322
v -0.01567391864955425 0.05088013410568237 0.07000000029802322
v -0.01545469183474779 0.04976540803909302 0.07000000029802322
v -0.01447485480457544 0.05088880658149719 0.07000000029802322
v -0.01437134202569723 0.05037382990121841 0.07000000029802322
v -0.01473130844533443 0.05123383179306984 0.07000000029802322
v -0.01454388815909624 0.05122971907258034 0.07000000029802322
v -0.01456455886363983 0.05133601278066635 0.07000000029802322
v -0.01458477973937988 0.05132822692394257 0.07000000029802322
v -0.01453772839158773 0.05139854177832603 0.07060692459344864
v -0.01676146872341633 0.04958087205886841 0.07518728822469711
v -0.01634939946234226 0.05107796192169189 0.07508791238069534
v -0.01522246748209000 0.05003241449594498 0.07225891947746277
v -0.01457363273948431 0.04936963692307472 0.07384822517633438
v -0.01474845129996538 0.05035135895013809 0.07454688847064972
v -0.01457741111516953 0.05044144392013550 0.07510449737310410
v -0.01424001622945070 0.05167698860168457 0.07326080650091171
v -0.01449335832148790 0.05171774700284004 0.07501588016748428
v -0.02033310942351818 0.04665378481149673 0.08241994678974152
v -0.02024851553142071 0.04672461003065109 0.08311210572719574
v -0.01977254077792168 0.04707959294319153 0.08688011765480042
v -0.01948390714824200 0.04767251759767532 0.08239388465881348
v -0.01836648955941200 0.04877645522356033 0.07878797501325607
v -0.01876925118267536 0.05004361271858215 0.08123859018087387
v -0.01800320111215115 0.04912214726209641 0.08152158558368683
v -0.01989535801112652 0.04876802116632462 0.08628039062023163
v -0.01889927126467228 0.04808209091424942 0.08613898605108261
v -0.01803742535412312 0.05062799900770187 0.08546444773674011
v -0.01766882836818695 0.04939962923526764 0.08360064774751663
v -0.01721253246068954 0.04971268400549889 0.08485685288906097
v -0.01782122813165188 0.05075340345501900 0.08509050309658051
v -0.01817429065704346 0.05029236152768135 0.08928542584180832
v -0.01727732829749584 0.04949001222848892 0.08918079733848572
v -0.01726961694657803 0.05114424228668213 0.08840966224670410
v -0.01572775654494762 0.05046150833368301 0.08471081405878067
v -0.01695973612368107 0.04990841075778008 0.08702163398265839
v -0.01625375263392925 0.05035449936985970 0.08937536180019379
v -0.01620029844343662 0.05157282948493958 0.08493278175592422
v -0.01442595850676298 0.05221868306398392 0.08476075530052185
v -0.01407163031399250 0.05106097087264061 0.08455342054367065
v -0.02211586944758892 0.03374066203832626 0.10033163428306580
v -0.02122879400849342 0.02856230176985264 0.09906791150569916
v -0.02146117389202118 0.02995885536074638 0.09925384074449539
v -0.02171709388494492 0.03133324161171913 0.09960622340440750
v -0.02043501287698746 0.03162065893411636 0.10026451945304871
v -0.02082380466163158 0.03396208211779594 0.10101504623889923
v -0.02328605949878693 0.03511234745383263 0.09203428030014038
v -0.02148705534636974 0.03530802577733994 0.09690445661544800
v -0.02191963233053684 0.03843550011515617 0.10185877233743668
v -0.02054302580654621 0.02989996969699860 0.10432703793048859
v -0.02148461155593395 0.03384468704462051 0.10432703793048859
v -0.02149851620197296 0.03392137959599495 0.10432703793048859
v -0.02113489806652069 0.03221764415502548 0.10432703793048859
v -0.02100813388824463 0.03169331327080727 0.10432703793048859
v -0.02080653794109821 0.03081372380256653 0.10432703793048859
v -0.02187360078096390 0.03555509820580482 0.10301627218723297
v -0.02166918665170670 0.03561633080244064 0.10432703793048859
v -0.02154179476201534 0.03439658135175705 0.10432703793048859
v -0.02166629396378994 0.03586420789361000 0.10432703793048859
v -0.02075311355292797 0.03554197400808334 0.10236915946006775
v -0.02046451531350613 0.03563355281949043 0.10432703793048859
v -0.02155550569295883 0.03841355070471764 0.10432703793048859
v -0.02155039273202419 0.03851277753710747 0.10432703793048859
v -0.02128349430859089 0.04088306054472923 0.10432703793048859
v -0.02067748643457890 0.03816307708621025 0.10223527252674103
v -0.02080038748681545 0.04759109392762184 0.09070736914873123
v -0.02144908718764782 0.04616325721144676 0.09366838634014130
v -0.02111581899225712 0.04704626277089119 0.09344637393951416
v -0.02160962671041489 0.04140027984976768 0.10169558972120285
v -0.02112836576998234 0.04427134245634079 0.10153172165155411
v -0.02049239911139011 0.04681366682052612 0.10165447741746902
v -0.02054788544774055 0.04784362018108368 0.09312255680561066
v -0.02123790420591831 0.04141201451420784 0.10432703793048859
v -0.02114924043416977 0.04204269126057625 0.10432703793048859
v -0.02075352892279625 0.04430171474814415 0.10432703793048859
v -0.02059597149491310 0.04507667198777199 0.10432703793048859
v -0.01991822570562363 0.02873893454670906 0.09968715906143188
v -0.02016828022897243 0.03021119348704815 0.09989315271377563
v -0.02013974823057652 0.02791583538055420 0.10432703793048859
v -0.02022575214505196 0.02842238545417786 0.10432703793048859
v -0.02037745714187622 0.02902945503592491 0.10432703793048859
v -0.01887633465230465 0.02747354470193386 0.10432703793048859
v -0.01899053715169430 0.02844178117811680 0.10432703793048859
v -0.01935545355081558 0.03015158697962761 0.10432703793048859
v -0.01930549181997776 0.02996570989489555 0.10432703793048859
v -0.01918383501470089 0.02942767553031445 0.10432703793048859
v -0.01972717605531216 0.03161599487066269 0.10432703793048859
v -0.01989940181374550 0.03224292770028114 0.10432703793048859
v -0.02026916667819023 0.03393084555864334 0.10432703793048859
v -0.02029149793088436 0.03403389453887939 0.10432703793048859
v -0.01958669163286686 0.03112848475575447 0.10432703793048859
v -0.02039904892444611 0.03486338257789612 0.10432703793048859
v -0.02040535956621170 0.03726336359977722 0.10432703793048859
v -0.02036675065755844 0.03784370422363281 0.10432703793048859
v -0.02035905234515667 0.03826065361499786 0.10432703793048859
v -0.02041505463421345 0.04085655137896538 0.10209143906831741
v -0.02012328431010246 0.04049967974424362 0.10432703793048859
v -0.01935258880257607 0.04740456119179726 0.09039276093244553
v -0.01914929784834385 0.04760343953967094 0.09233939647674561
v -0.01973666436970234 0.04672155901789665 0.09529099613428116
v -0.01936794817447662 0.04732178524136543 0.09484270215034485
v -0.02000608667731285 0.04348331317305565 0.10194777697324753
v -0.01893880218267441 0.04732564836740494 0.10179878026247025
v -0.02015680819749832 0.04830240458250046 0.09035427868366241
v -0.01908158883452415 0.04769575223326683 0.09022291749715805
v -0.01918023452162743 0.04931784793734550 0.08982921391725540
v -0.01961412467062473 0.04886189475655556 0.09342036396265030
v -0.02040967158973217 0.04799293354153633 0.09453034400939941
v -0.01819172315299511 0.04860981553792953 0.08971313387155533
v -0.01763873733580112 0.05067277327179909 0.09086937457323074
v -0.01850905641913414 0.04826883226633072 0.09333934634923935
v -0.01833801716566086 0.05004763230681419 0.09291069209575653
v -0.01736585050821304 0.04929748922586441 0.09282183647155762
v -0.01784637570381165 0.05046939104795456 0.09422373771667480
v -0.01728708483278751 0.05090681090950966 0.09538598358631134
v -0.02023269049823284 0.04817784950137138 0.09634989500045776
v -0.01977604255080223 0.04872959852218628 0.09625501185655594
v -0.01929004490375519 0.04922994971275330 0.09856269508600235
v -0.01902456954121590 0.04951448738574982 0.09604705125093460
v -0.02017849683761597 0.04777474328875542 0.10128820687532425
v -0.01973780617117882 0.04853199049830437 0.10068712383508682
v -0.01879563368856907 0.04802694171667099 0.09623538702726364
v -0.01855025812983513 0.04829280823469162 0.09617473930120468
v -0.01818931289017200 0.05024347826838493 0.09575748443603516
v -0.01830686070024967 0.05018711835145950 0.09828437119722366
v -0.01787636429071426 0.04894005134701729 0.09596095234155655
v -0.01799407228827477 0.04884883016347885 0.09842023998498917
v -0.01847484894096851 0.04829940572381020 0.09928742051124573
v -0.01861774176359177 0.04792813211679459 0.10121802985668182
v -0.01831363327801228 0.04838597029447556 0.10055527836084366
v -0.01856628619134426 0.04985970258712769 0.10047931969165802
v -0.01740098930895329 0.04930340498685837 0.10032445937395096
v -0.01783849485218525 0.04889469221234322 0.10044977813959122
v -0.01731499284505844 0.05088723823428154 0.10009627044200897
v -0.01728846132755280 0.05085835978388786 0.10129270702600479
v -0.01677276752889156 0.04983555898070335 0.09076404571533203
v -0.01619624532759190 0.05021535232663155 0.09215350449085236
v -0.01688680052757263 0.04968962073326111 0.09413394331932068
v -0.01713502034544945 0.04954309388995171 0.09566055983304977
v -0.01634443365037441 0.05009156838059425 0.09527491778135300
v -0.01657272502779961 0.05156773701310158 0.09021790325641632
v -0.01702010259032249 0.05109601840376854 0.09226230531930923
v -0.01579626277089119 0.05200491100549698 0.09158162772655487
v -0.01630270481109619 0.05154638364911079 0.09344209730625153
v -0.01546010468155146 0.05081407725811005 0.09112712740898132
v -0.01552991848438978 0.05061838030815125 0.09331952780485153
v -0.01487542223185301 0.05247878655791283 0.09260962903499603
v -0.01465150993317366 0.05124263092875481 0.09225760400295258
v -0.01546870544552803 0.05199693888425827 0.09441135823726654
v -0.01468022260814905 0.05244493857026100 0.09382081031799316
v -0.01404889393597841 0.05143405497074127 0.09362663328647614
v -0.01475596893578768 0.05102234333753586 0.09425219893455505
v -0.01450262311846018 0.05241681262850761 0.09518131613731384
v -0.01711376756429672 0.04960684105753899 0.09811826050281525
v -0.01572605594992638 0.05047892779111862 0.09625462442636490
v -0.01611530408263206 0.05026897415518761 0.09767914563417435
v -0.01716863363981247 0.04949910938739777 0.10024905949831009
v -0.01579601503908634 0.05041114240884781 0.09970439970493317
v -0.01636168919503689 0.05001903325319290 0.10166143625974655
v -0.01664528995752335 0.05133759230375290 0.09640811383724213
v -0.01716952957212925 0.05103040859103203 0.09786709398031235
v -0.01591389440000057 0.05173464864492416 0.09730948507785797
v -0.01643254235386848 0.05140836536884308 0.10056555271148682
v -0.01576258800923824 0.05176534131169319 0.09948796033859253
v -0.01502494048327208 0.05082691460847855 0.09709516912698746
v -0.01494060177356005 0.05081607028841972 0.09929349273443222
v -0.01557740755379200 0.05048974603414536 0.10090744495391846
v -0.01442657131701708 0.05098046362400055 0.10032226890325546
v -0.01461804192513227 0.05230121687054634 0.09661115705966949
v -0.01407545432448387 0.05239392071962357 0.09868025779724121
v -0.01524618919938803 0.05196828395128250 0.09998676180839539
v -0.01438091322779655 0.05103199556469917 0.09899727255105972
v -0.02007608488202095 0.04102448001503944 0.10432703793048859
v -0.01972433738410473 0.04317827895283699 0.10432703793048859
v -0.01967068575322628 0.04356221854686737 0.10432703793048859
v -0.02013365924358368 0.04696864634752274 0.10432703793048859
v -0.02005128376185894 0.04721015319228172 0.10432703793048859
v -0.01941229589283466 0.04586711525917053 0.10246082395315170
v -0.01945164985954762 0.04469786584377289 0.10432703793048859
v -0.01921370998024940 0.04661529883742332 0.10222357511520386
v -0.01916497945785522 0.04598053172230721 0.10432703793048859
v -0.01903258822858334 0.04641944915056229 0.10432703793048859
v -0.01892472617328167 0.04675669595599174 0.10432703793048859
v -0.01867755874991417 0.04730470478534698 0.10432703793048859
v -0.01858496852219105 0.04750929400324821 0.10432703793048859
v -0.01977696083486080 0.04795423150062561 0.10432703793048859
v -0.01970814913511276 0.04807823151350021 0.10432703793048859
v -0.01950265094637871 0.04865558817982674 0.10254797339439392
v -0.01931594684720039 0.04869405552744865 0.10432703793048859
v -0.01926956325769424 0.04875870048999786 0.10432703793048859
v -0.01922478713095188 0.04881433025002480 0.10432703793048859
v -0.01915176771581173 0.04890036955475807 0.10432703793048859
v -0.01900261081755161 0.04907470569014549 0.10432703793048859
v -0.01831007562577724 0.04794975742697716 0.10432703793048859
v -0.01818126626312733 0.04815012961626053 0.10432703793048859
v -0.01818812452256680 0.05009048804640770 0.10238556563854218
v -0.01808739267289639 0.05015921965241432 0.10272966325283051
v -0.01824377290904522 0.04997779056429863 0.10334802418947220
v -0.01859310641884804 0.04953902214765549 0.10432703793048859
v -0.01835008524358273 0.04981980100274086 0.10414724051952362
v -0.01835904829204082 0.04979762062430382 0.10432703793048859
v -0.01793862134218216 0.04845876246690750 0.10432703793048859
v -0.01781664788722992 0.04861079528927803 0.10432703793048859
v -0.01753231883049011 0.04891095310449600 0.10432703793048859
v -0.01727913692593575 0.04926923662424088 0.10432703793048859
v -0.01720531471073627 0.04923725128173828 0.10429906100034714
v -0.01720599457621574 0.04923472180962563 0.10432703793048859
v -0.01789834722876549 0.05034999549388885 0.10223989933729172
v -0.01716034486889839 0.04930416494607925 0.10387580096721649
v -0.01692908629775047 0.04957975447177887 0.10241506248712540
v -0.01688084192574024 0.04960501566529274 0.10265402495861053
v -0.01705903746187687 0.04942630231380463 0.10328760743141174
v -0.01678584143519402 0.04969009757041931 0.10240887105464935
v -0.00499999895691872 0.01949996128678322 0.06469999998807907
v -0.00499999895691872 0.02500000037252903 0.06469999998807907
v -0.01131933368742466 0.04067168012261391 0.07000000029802322
v -0.01126507762819529 0.04061990231275558 0.07000000029802322
v -0.01127213053405285 0.04062308743596077 0.07000000029802322
v -0.01024164352566004 0.03987680375576019 0.07000000029802322
v -0.01010480709373951 0.03984049707651138 0.07000000029802322
v -0.00981586519628763 0.03978028893470764 0.07000000029802322
v -0.00901236385107040 0.03944258764386177 0.07000000029802322
v -0.00836583785712719 0.03928389400243759 0.07000000029802322
v -0.01367150526493788 0.04398012533783913 0.07000000029802322
v -0.01335511170327663 0.04333348944783211 0.07000000029802322
v -0.01293634250760078 0.04255033656954765 0.07000000029802322
v -0.01239190250635147 0.04179820790886879 0.07000000029802322
v -0.01353692449629307 0.04714313521981239 0.07000000029802322
v -0.01342789549380541 0.04682622104883194 0.07000000029802322
v -0.01255059242248535 0.04463761299848557 0.07000000029802322
v -0.01318586058914661 0.04622870683670044 0.07000000029802322
v -0.01221522223204374 0.04157622903585434 0.07000000029802322
v -0.01223353110253811 0.04415828734636307 0.07000000029802322
v -0.01181784644722939 0.04342497885227203 0.07000000029802322
v -0.01158104091882706 0.04096164926886559 0.07000000029802322
v -0.01134041417390108 0.04099617898464203 0.07023397833108902
v -0.01095419470220804 0.04250724613666534 0.07000000029802322
v -0.01116402726620436 0.04276018962264061 0.07000000029802322
v -0.01375964656472206 0.04517739638686180 0.07106648385524750
v -0.01328639965504408 0.04581566900014877 0.07256051898002625
v -0.01239362359046936 0.04590315744280815 0.07363049685955048
v -0.01289563719183207 0.04634574055671692 0.07105334103107452
v -0.01245228666812181 0.04653793573379517 0.07206005603075027
v -0.01178087200969458 0.04672214016318321 0.07298005372285843
v -0.01090241502970457 0.04690698534250259 0.07372686266899109
v -0.01131360046565533 0.04603366926312447 0.07446073740720749
v -0.01391475368291140 0.04850239679217339 0.07000000029802322
v -0.01368919201195240 0.05074873939156532 0.07414188235998154
v -0.01385886315256357 0.05074560269713402 0.07674663513898849
v -0.01387649308890104 0.05188351869583130 0.07499162852764130
v -0.01332910079509020 0.05209815874695778 0.07645910233259201
v -0.01036876626312733 0.04114439338445663 0.07085514068603516
v -0.01003526244312525 0.04192431643605232 0.07000000029802322
v -0.01001669932156801 0.04190996289253235 0.07000000029802322
v -0.00988641567528248 0.04185961931943893 0.07000000029802322
v -0.00903483387082815 0.04149981960654259 0.07000000029802322
v -0.00911371596157551 0.04199858754873276 0.07035033404827118
v -0.00818172469735146 0.04128978401422501 0.07000000029802322
v -0.00815162993967533 0.04212193191051483 0.07061359286308289
v -0.00789709296077490 0.04126903787255287 0.07000000029802322
v -0.00933797378093004 0.04128660634160042 0.07128994911909103
v -0.01013717893511057 0.04616598039865494 0.07505865395069122
v -0.00987495481967926 0.04706654697656631 0.07428959012031555
v -0.00826448295265436 0.04140076041221619 0.07156609743833542
v -0.00889020971953869 0.04626873508095741 0.07545163482427597
v -0.00874695088714361 0.04718400910496712 0.07466824352741241
v -0.00761894788593054 0.04632652550935745 0.07565832138061523
v -0.01295429281890392 0.05103007331490517 0.07800896465778351
v -0.01259217504411936 0.05230851843953133 0.07759581506252289
v -0.01176285650581121 0.05130924284458160 0.07908157259225845
v -0.01152453571557999 0.05253610759973526 0.07860102504491806
v -0.01252946164458990 0.05269966274499893 0.08457782864570618
v -0.01227968931198120 0.05151215940713882 0.08438660204410553
v -0.01029120944440365 0.05154940113425255 0.07992967963218689
v -0.01016483735293150 0.05274043232202530 0.07940379530191422
v -0.00865247193723917 0.05287885293364525 0.07991912961006165
v -0.00837155152112246 0.05289531126618385 0.07998199760913849
v -0.00883346516638994 0.05169647186994553 0.08042854815721512
v -0.00845358707010746 0.05197818949818611 0.08403861522674561
v -0.00852922536432743 0.05319358035922050 0.08420217037200928
v -0.00856952369213104 0.05247554928064346 0.08924131840467453
v -0.00868295505642891 0.05370500683784485 0.08948299288749695
v -0.00695805624127388 0.03916036710143089 0.07000000029802322
v -0.00754230935126543 0.03922006487846375 0.07000000029802322
v -0.00580515572801232 0.03920900076627731 0.07000000029802322
v -0.00509738875553012 0.03921100124716759 0.07000000029802322
v -0.00493786530569196 0.03921495378017426 0.07000000029802322
v -0.00484005128964782 0.03917498514056206 0.07000000029802322
v -0.00474290829151869 0.03921803832054138 0.07000000029802322
v -0.00458537647500634 0.03922103717923164 0.07000000029802322
v -0.00377232837490737 0.03920221701264381 0.07000000029802322
v -0.00122833717614412 0.03914165496826172 0.07000000029802322
v -0.00705672102048993 0.04118300229310989 0.07000000029802322
v -0.00714660808444023 0.04220062866806984 0.07074835151433945
v -0.00651246309280396 0.04120796546339989 0.07000000029802322
v -0.00512936478480697 0.04117015004158020 0.07000000029802322
v -0.00499471183866262 0.04117245599627495 0.07000000029802322
v -0.00485958391800523 0.04113140329718590 0.07000000029802322
v -0.00465875631198287 0.04122013598680496 0.07000000029802322
v -0.00458183744922280 0.04122158139944077 0.07000000029802322
v -0.00457234960049391 0.04219056293368340 0.07072924077510834
v -0.00718178693205118 0.04147492721676826 0.07170345634222031
v -0.00755875604227185 0.04724927246570587 0.07487264275550842
v -0.00515980739146471 0.04386576265096664 0.07206766307353973
v -0.00512926746159792 0.04148634150624275 0.07170767337083817
v -0.00456899590790272 0.04145895317196846 0.07168044894933701
v -0.00485982419922948 0.04537903890013695 0.07332275062799454
v -0.00453295605257154 0.04535666853189468 0.07330638170242310
v -0.00518408417701721 0.04726140201091766 0.07495275139808655
v -0.00485584884881973 0.04435022547841072 0.07402456551790237
v -0.00450685014948249 0.04717284068465233 0.07488481700420380
v -0.00519022624939680 0.04933129996061325 0.07682909071445465
v -0.00484169553965330 0.04897357150912285 0.07650681585073471
v -0.00451474590227008 0.04784668236970901 0.07711102068424225
v -0.00446833763271570 0.04951082170009613 0.07701781392097473
v -0.00294243590906262 0.04118354246020317 0.07000000029802322
v -0.00222549284808338 0.04214330762624741 0.07073465734720230
v -0.00179022399242967 0.04115330800414085 0.07000000029802322
v -0.00225919717922807 0.04140458256006241 0.07167976349592209
v -0.00229628942906857 0.04706696420907974 0.07491248846054077
v -0.00236552883870900 0.04613135010004044 0.07568169385194778
v -0.00698721036314964 0.05293700471520424 0.08017961680889130
v -0.00682733068242669 0.05176999047398567 0.08073282241821289
v -0.00520488619804382 0.04789591580629349 0.07713874429464340
v -0.00521111395210028 0.04881233721971512 0.07798458635807037
v -0.00485789822414517 0.04787323623895645 0.07712524384260178
v -0.00450456049293280 0.04872757196426392 0.07792751491069794
v -0.00521908700466156 0.05173355713486671 0.08077547699213028
v -0.00518165342509747 0.05290144309401512 0.08024093508720398
v -0.00451207067817450 0.05169162526726723 0.08076935261487961
v -0.00446123490110040 0.05168823525309563 0.08076912909746170
v -0.00479947542771697 0.05288200825452805 0.08023945242166519
v -0.00440037576481700 0.05285657197237015 0.08023742586374283
v -0.00650669308379292 0.05322571098804474 0.08401908725500107
v -0.00671143876388669 0.05378066375851631 0.08931683003902435
v -0.00486787827685475 0.05227409303188324 0.08729921281337738
v -0.00477745151147246 0.05346979945898056 0.08722753822803497
v -0.00169597135391086 0.05252954736351967 0.08021604269742966
v -0.00167086895089597 0.05132584646344185 0.08072214573621750
v -0.00142015260644257 0.05149981006979942 0.08483169227838516
v -0.00179745827335864 0.05195165425539017 0.08924204111099243
v -0.00147578702308238 0.05310116708278656 0.08911793678998947
v -0.01258315891027451 0.05305272340774536 0.08979555219411850
v -0.01366098038852215 0.05170843005180359 0.09307409077882767
v -0.01386263687163591 0.05139683932065964 0.09496039897203445
v -0.01379950437694788 0.05296435579657555 0.09331000596284866
v -0.01360237505286932 0.05286278203129768 0.09442982822656631
v -0.01305772084742785 0.05181752517819405 0.09415463358163834
v -0.01254334487020969 0.05215013772249222 0.09353959560394287
v -0.01284573785960674 0.05171069875359535 0.09547362476587296
v -0.01255284808576107 0.05343405529856682 0.09372112900018692
v -0.01193398144096136 0.05214970931410789 0.09445267915725708
v -0.01237124856561422 0.05321678519248962 0.09483356028795242
v -0.01107574161142111 0.05259599536657333 0.09373988956212997
v -0.01097882259637117 0.05388570949435234 0.09390410035848618
v -0.01390493847429752 0.05129347369074821 0.09636037796735764
v -0.01339969784021378 0.05276981741189957 0.09577769786119461
v -0.01278706733137369 0.05150583013892174 0.09801726788282394
v -0.01277632918208838 0.05150854215025902 0.09800984710454941
v -0.01259090192615986 0.05155471339821815 0.09787959605455399
v -0.01371951214969158 0.05245615169405937 0.09955628216266632
v -0.01282143592834473 0.05141119658946991 0.09987977147102356
v -0.01278854813426733 0.05141768977046013 0.09987308084964752
v -0.01197951566427946 0.05170108750462532 0.09741966426372528
v -0.01225472800433636 0.05286195501685143 0.09758207201957703
v -0.01081916410475969 0.05198932439088821 0.09637688100337982
v -0.01099397800862789 0.05179999023675919 0.09773775935173035
v -0.01139625906944275 0.05298500135540962 0.09757837653160095
v -0.01160446740686893 0.05283417925238609 0.09922299534082413
v -0.01080308947712183 0.05167720466852188 0.09956993907690048
v -0.00944790057837963 0.05254014208912849 0.09465007483959198
v -0.00954781286418438 0.05367067083716393 0.09503986686468124
v -0.00918270181864500 0.05355117097496986 0.09549744427204132
v -0.00897468905895948 0.05230837315320969 0.09551788121461868
v -0.00890202168375254 0.05300343409180641 0.09366793185472488
v -0.00881181936711073 0.05427134782075882 0.09388406574726105
v -0.00864231493324041 0.05303405970335007 0.09365082532167435
v -0.01026402693241835 0.05216161161661148 0.09576528519392014
v -0.01070382166653872 0.05323408544063568 0.09633181244134903
v -0.00935428217053413 0.05313523113727570 0.09749112278223038
v -0.00926234759390354 0.05173416435718536 0.09942522644996643
v -0.00922688376158476 0.05296924710273743 0.09902323782444000
v -0.00916192680597305 0.05191038921475410 0.09762015938758850
v -0.00824054144322872 0.05171762779355049 0.09935671836137772
v -0.00712814554572105 0.05233877524733543 0.09538205713033676
v -0.00752259837463498 0.05438124760985374 0.09383769333362579
v -0.00713956216350198 0.05359563976526260 0.09540720283985138
v -0.00629616808146238 0.05314242467284203 0.09350556135177612
v -0.00533856078982353 0.05238924548029900 0.09483054280281067
v -0.00521168299019337 0.05308633297681808 0.09345193952322006
v -0.00523221632465720 0.05296160653233528 0.09365077316761017
v -0.00517811812460423 0.05364634469151497 0.09491494297981262
v -0.00513637112453580 0.05307975411415100 0.09344844520092010
v -0.00505725154653192 0.05433959513902664 0.09375310689210892
v -0.00730087235569954 0.05187597870826721 0.09751865267753601
v -0.00678601954132318 0.05167884752154350 0.09878865629434586
v -0.00730659719556570 0.05311064794659615 0.09740946441888809
v -0.00647450378164649 0.05165234208106995 0.09877719730138779
v -0.00618707202374935 0.05162530392408371 0.09876681119203568
v -0.00679913396015763 0.05165524408221245 0.09903831779956818
v -0.00681183207780123 0.05163355171680450 0.09928763657808304
v -0.00658024800941348 0.05163691565394402 0.09902837872505188
v -0.00659094983711839 0.05161467939615250 0.09927926957607269
v -0.00615990255028009 0.05159715563058853 0.09901315718889236
v -0.00613192608579993 0.05157026648521423 0.09926279634237289
v -0.00626839743927121 0.05283194780349731 0.09889838099479675
v -0.00547218462452292 0.05185667052865028 0.09671306610107422
v -0.00558931799605489 0.05156126618385315 0.09874654561281204
v -0.00530531862750649 0.05311379209160805 0.09654042869806290
v -0.00560249388217926 0.05153707042336464 0.09899608790874481
v -0.00561541179195046 0.05151485279202461 0.09924507141113281
v -0.00544798094779253 0.05274607241153717 0.09887387603521347
v -0.00391552457585931 0.05238984152674675 0.09424360841512680
v -0.00421301787719131 0.05424419045448303 0.09372805058956146
v -0.00376783963292837 0.05289192870259285 0.09335626661777496
v -0.00390556268393993 0.05279598012566566 0.09353686869144440
v -0.00366454757750034 0.05348568782210350 0.09467601776123047
v -0.00247580301947892 0.05247419327497482 0.09339771419763565
v -0.00242410134524107 0.05203801393508911 0.09406753629446030
v -0.00207526120357215 0.05247228220105171 0.09320218861103058
v -0.00241497345268726 0.05148387700319290 0.09555274993181229
v -0.00205564056523144 0.05264919623732567 0.09563487768173218
v -0.00207079085521400 0.05378918349742889 0.09362828731536865
v -0.00207176385447383 0.05309822782874107 0.09451653808355331
v -0.00166807160712779 0.05233602225780487 0.09314495325088501
v -0.00118557363748550 0.05202937126159668 0.09321230649948120
v -0.00175928871612996 0.05369439721107483 0.09359908103942871
v -0.00396961160004139 0.05184018984436989 0.09576465934514999
v -0.00371411000378430 0.05303139239549637 0.09586575627326965
v -0.00238418718799949 0.05100369825959206 0.09922499209642410
v -0.00213733408600092 0.05236363783478737 0.09709006547927856
v -0.00246077193878591 0.05116201564669609 0.09734887629747391
v -0.00203654728829861 0.05217549577355385 0.09878494590520859
v -0.00029752438422292 -0.04253679141402245 0.02709062770009041
v 0.00141482171602547 -0.04247406870126724 0.02711120992898941
v 0.00278678419999778 -0.04133382067084312 0.02564034424722195
v 0.00280095008201897 -0.04020340368151665 0.02613502740859985
v 0.00477092433720827 -0.04107001423835754 0.02577419765293598
v 0.00456231227144599 -0.04010387137532234 0.02645353041589260
v -0.00098391994833946 -0.04728611186146736 0.03611888363957405
v -0.00108925334643573 -0.04783716425299644 0.03747225180268288
v -0.00113034213427454 -0.04804210364818573 0.03800003603100777
v -0.00110722112003714 -0.04682150110602379 0.03816988319158554
v -0.00112764770165086 -0.04692161083221436 0.03842949494719505
v 0.00077648705337197 -0.04690346494317055 0.03536602854728699
v 0.00179394474253058 -0.04786021634936333 0.03800003603100777
v -0.00048178544966504 -0.04404557496309280 0.02955881692469120
v 0.00046052329707891 -0.04404290392994881 0.02958919480443001
v -0.00025930537958629 -0.04523409903049469 0.03173640742897987
v -0.00026348163373768 -0.04413955286145210 0.03223250061273575
v -0.00051198026631027 -0.04315492883324623 0.03041422739624977
v -0.00033299441565759 -0.04169794544577599 0.02799971215426922
v 0.00120420812163502 -0.04452301189303398 0.03314967453479767
v 0.00129237212240696 -0.04559694975614548 0.03262140229344368
v 0.00051262183114886 -0.04286553710699081 0.02995535358786583
v 0.00149926985614002 -0.04272652044892311 0.02751445397734642
v 0.00132710556499660 -0.04163586720824242 0.02801970764994621
v 0.00151072104927152 -0.04160691797733307 0.02799771167337894
v 0.00201627332717180 -0.04314488545060158 0.03066584281623363
v -0.00075046694837511 -0.04643597826361656 0.03418587148189545
v -0.00087790796533227 -0.04669089987874031 0.03474981337785721
v -0.00075083418050781 -0.04533378779888153 0.03466150537133217
v -0.00089694402413443 -0.04569943994283676 0.03546925634145737
v -0.00101112527772784 -0.04632931202650070 0.03694050759077072
v -0.00108685367740691 -0.04672056064009666 0.03791151568293571
v 0.00070386222796515 -0.04580395296216011 0.03584134578704834
v 0.00459337374195457 -0.04732998088002205 0.03800003975629807
v 0.00213155010715127 -0.04418950155377388 0.03008638136088848
v 0.00343520683236420 -0.04548203200101852 0.03302294388413429
v 0.00326210539788008 -0.04441007226705551 0.03353476524353027
v 0.00315938587300479 -0.04167380556464195 0.02842705883085728
v 0.00331466621719301 -0.04268334433436394 0.02779729850590229
v 0.00423299148678780 -0.04413640126585960 0.03065457381308079
v 0.00509626837447286 -0.04167053848505020 0.02910427376627922
v 0.00403735041618347 -0.04309114441275597 0.03121157176792622
v 0.00275475974194705 -0.04562348127365112 0.03603461757302284
v 0.00291422661393881 -0.04671899974346161 0.03557047247886658
v 0.00243670213967562 -0.04662547260522842 0.03841299563646317
v 0.00283877970650792 -0.04655392840504646 0.03841081634163857
v 0.00514928949996829 -0.04516933858394623 0.03623346611857414
v 0.00482066022232175 -0.04610541462898254 0.03839980810880661
v 0.00013577433128376 -0.03793367743492126 0.02106348052620888
v 0.00019615424389485 -0.03711738437414169 0.02018354088068008
v 0.00038864827365614 -0.03398395702242851 0.01724272221326828
v 0.00030417702510022 -0.03548207879066467 0.01856557466089725
v 0.00025088546681218 -0.03474860265851021 0.01952047459781170
v 0.00031918464810587 -0.03349329158663750 0.01839661411941051
v 0.00148967269342393 -0.03705188259482384 0.02021485567092896
v -0.00002895174111472 -0.03990289941430092 0.02340328320860863
v 0.00009921131277224 -0.03704313188791275 0.02186507359147072
v -0.00007318571442738 -0.03914706036448479 0.02438155189156532
v 0.00013900554040447 -0.03649087622761726 0.02126478776335716
v 0.00148404377978295 -0.03991925343871117 0.02353507839143276
v 0.00139531691092998 -0.03917990624904633 0.02453393489122391
v 0.00140151183586568 -0.03642871975898743 0.02129719778895378
v 0.00044791607069783 -0.03029669634997845 0.01600572839379311
v 0.00051871361210942 -0.03094747290015221 0.01499999873340130
v 0.00348152732476592 -0.03681073337793350 0.02027065865695477
v 0.00303947925567627 -0.03369801118969917 0.01729484088718891
v 0.00364975794218481 -0.03891211003065109 0.02458805218338966
v 0.00334356329403818 -0.03619469702243805 0.02135192416608334
v 0.00380824180319905 -0.03964256122708321 0.02359191514551640
v 0.00433601113036275 -0.03976422920823097 0.02388177625834942
v 0.00462221959605813 -0.03947572782635689 0.02359533868730068
v 0.00438638031482697 -0.03857500478625298 0.02435375563800335
v 0.00518072303384542 -0.03580399230122566 0.02140945941209793
v 0.00254121911711991 -0.03066810220479965 0.01499998942017555
v 0.00287131918594241 -0.02993996068835258 0.01600213907659054
v 0.00293336599133909 -0.03321633487939835 0.01845135353505611
v 0.00417436938732862 -0.03035277128219604 0.01499998662620783
v 0.00526726804673672 -0.02937363088130951 0.01597631350159645
v 0.00637645553797483 -0.04014507308602333 0.02723448537290096
v 0.00664882920682430 -0.04111410304903984 0.02658174373209476
v 0.00588611979037523 -0.04509356617927551 0.03344161063432693
v 0.00661694444715977 -0.04381770640611649 0.03124863468110561
v 0.00532464450225234 -0.04268269613385201 0.02850091457366943
v 0.00635255454108119 -0.04277585819363594 0.03178502246737480
v 0.00759044289588928 -0.04242981597781181 0.02923714742064476
v 0.00729823857545853 -0.04141937196254730 0.02981689386069775
v 0.00538428500294685 -0.04625776037573814 0.03578255698084831
v 0.00564041920006275 -0.04402707517147064 0.03393688797950745
v 0.00808014068752527 -0.04550337418913841 0.03599865362048149
v 0.00823348294943571 -0.04336117580533028 0.03434867411851883
v 0.00778149254620075 -0.04442304372787476 0.03643527626991272
v 0.00723481550812721 -0.04536669328808784 0.03838622197508812
v 0.00795912090688944 -0.04631705954670906 0.03800003975629807
v 0.00794856064021587 -0.04511164128780365 0.03838223591446877
v 0.00875528529286385 -0.04092417657375336 0.02742621488869190
v 0.01001488976180553 -0.04192036017775536 0.02998958528041840
v 0.00918243266642094 -0.04322648048400879 0.03185600414872169
v 0.00885822530835867 -0.04219089075922966 0.03237438201904297
v 0.00966539233922958 -0.04091536626219749 0.03054926358163357
v 0.01099755894392729 -0.04049724712967873 0.02828794531524181
v 0.01143958512693644 -0.04135649651288986 0.03296960517764091
v 0.00854101218283176 -0.04442045092582703 0.03386925533413887
v 0.01087993290275335 -0.04447483643889427 0.03621582686901093
v 0.01128307357430458 -0.04348235949873924 0.03429905697703362
v 0.01020374894142151 -0.04420203715562820 0.03836974874138832
v 0.01023109536617994 -0.04419005289673805 0.03836959600448608
v 0.01144482567906380 -0.04489640146493912 0.03800003603100777
v 0.01092039607465267 -0.04243258014321327 0.03476402908563614
v 0.00537326652556658 -0.03641200438141823 0.02033226564526558
v 0.00715114129707217 -0.03587003797292709 0.02039880491793156
v 0.00803987868130207 -0.03584227710962296 0.02075034938752651
v 0.00638730125501752 -0.03933675959706306 0.02401550859212875
v 0.00612160749733448 -0.03793655708432198 0.02223437093198299
v 0.00618791393935680 -0.03668490052223206 0.02270804718136787
v 0.00611477019265294 -0.03842226043343544 0.02474328130483627
v 0.00805257912725210 -0.03748011216521263 0.02251034229993820
v 0.00771026220172644 -0.03662420064210892 0.02327853068709373
v 0.00778253888711333 -0.03850477561354637 0.02560072578489780
v 0.00810838211327791 -0.03942069411277771 0.02489659376442432
v 0.00690060900524259 -0.03527080267667770 0.02146828360855579
v 0.00810981448739767 -0.03451440855860710 0.02123423665761948
v 0.00610713195055723 -0.03297557309269905 0.01737639494240284
v 0.00593979936093092 -0.03248675912618637 0.01852270774543285
v 0.00721365632489324 -0.02874335274100304 0.01593874022364616
v 0.00745225604623556 -0.02945172600448132 0.01499998290091753
v 0.00850086659193039 -0.03531293943524361 0.02042814157903194
v 0.01002930942922831 -0.03349687159061432 0.01944742910563946
v 0.00922259688377380 -0.03674623742699623 0.02418583817780018
v 0.00960790831595659 -0.03760103136301041 0.02343659847974777
v 0.01003069151192904 -0.03929212689399719 0.02581669576466084
v 0.00965427327901125 -0.03837766498327255 0.02649809420108795
v 0.00927443057298660 -0.03472526744008064 0.02203188464045525
v 0.00968494825065136 -0.03552379459142685 0.02123580314218998
v 0.01090877316892147 -0.03668058663606644 0.02513190545141697
v 0.01133750751614571 -0.03753238916397095 0.02440231852233410
v 0.01164047513157129 -0.03803935647010803 0.02741376683115959
v 0.01063243858516216 -0.03488271310925484 0.02296416088938713
v 0.01107783149927855 -0.03567699342966080 0.02218234725296497
v 0.00891648139804602 -0.03190563991665840 0.01747134514153004
v 0.00867070909589529 -0.03139280900359154 0.01859068311750889
v 0.00944339390844107 -0.03290405124425888 0.02034464292228222
v 0.00901505164802074 -0.02887700311839581 0.01499998103827238
v 0.00980548840016127 -0.02854466997087002 0.01499998103827238
v 0.00933132693171501 -0.02786268293857574 0.01588108763098717
v 0.01145694591104984 -0.03057390637695789 0.01757315918803215
v 0.01021772995591164 -0.03194253519177437 0.01987447775900364
v 0.01112232636660337 -0.03002886846661568 0.01865019835531712
v 0.01136603951454163 -0.03050342202186584 0.01923809200525284
v 0.01160120777785778 -0.02665181271731853 0.01580376364290714
v 0.00842526182532310 -0.03995611891150475 0.02805472724139690
v 0.01061367336660624 -0.03953415527939796 0.02889534085988998
v 0.00192622363101691 -0.05017912387847900 0.04570797458291054
v 0.00205727573484182 -0.04789257794618607 0.04197085276246071
v 0.00169790023937821 -0.04903248324990273 0.04598047211766243
v 0.00151794671546668 -0.05113622918725014 0.05007135868072510
v 0.00127916072960943 -0.04997773841023445 0.05027309432625771
v 0.00227744318544865 -0.04902052134275436 0.04162384569644928
v 0.00434894021600485 -0.04739144444465637 0.04191941395401955
v 0.00469698198139668 -0.04849264025688171 0.04158781096339226
v 0.00394818792119622 -0.04852609336376190 0.04590411484241486
v 0.00430609006434679 -0.04964442551136017 0.04564934968948364
v 0.00347096705809236 -0.04946912452578545 0.05018761381506920
v 0.00383970048278570 -0.05059726908802986 0.05000504478812218
v 0.00105238682590425 -0.05188332498073578 0.05469570308923721
v 0.00080190598964691 -0.05071724951267242 0.05483192950487137
v 0.00027039684937336 -0.05124541744589806 0.05963551625609398
v -0.00003703984111780 -0.05273382365703583 0.06463333219289780
v -0.00030546664493158 -0.05156408995389938 0.06465588510036469
v 0.00053135055350140 -0.05241422727704048 0.05955980345606804
v 0.00199022330343723 -0.05221945047378540 0.06460595875978470
v 0.00159735663328320 -0.05108443647623062 0.06461273878812790
v 0.00291603640653193 -0.05021090060472488 0.05475133284926414
v 0.00329591520130634 -0.05134458839893341 0.05463438481092453
v 0.00522655434906483 -0.04944622144103050 0.05467341095209122
v 0.00267592235468328 -0.05188246071338654 0.05951314792037010
v 0.00228746607899666 -0.05074775964021683 0.05957065150141716
v 0.00366506702266634 -0.05037308484315872 0.06457017362117767
v 0.00498795462772250 -0.05109443888068199 0.05946953594684601
v 0.00417025666683912 -0.05146406963467598 0.06458006054162979
v 0.00448556244373322 -0.05000312626361847 0.05950759723782539
v 0.00642410991713405 -0.04774610325694084 0.04582973569631577
v 0.00734509620815516 -0.04767538234591484 0.04155401140451431
v 0.00689879292622209 -0.04882651939988136 0.04559473320841789
v 0.00587394693866372 -0.04869371652603149 0.05010490119457245
v 0.00635895458981395 -0.04978206753730774 0.04994334280490875
v 0.00837606936693192 -0.04767559841275215 0.05002237856388092
v 0.00688057346269488 -0.04661054164171219 0.04186777397990227
v 0.00958677288144827 -0.04775070771574974 0.04554136469960213
v 0.00896170642226934 -0.04871772602200508 0.04988318309187889
v 0.01154257077723742 -0.04745260253548622 0.04982110485434532
v 0.00953416991978884 -0.04556927829980850 0.04181559011340141
v 0.01010095328092575 -0.04659074917435646 0.04152080789208412
v 0.00901062693446875 -0.04671482741832733 0.04575546830892563
v 0.01159262750297785 -0.04547696560621262 0.04567823559045792
v 0.01086584478616714 -0.04645993560552597 0.04993631318211555
v 0.00572183495387435 -0.05053816735744476 0.05457733571529388
v 0.00821992289274931 -0.04949148371815681 0.05452178046107292
v 0.00640054838731885 -0.05049051344394684 0.06455465406179428
v 0.00736110890284181 -0.05007618293166161 0.05942700058221817
v 0.00788665749132633 -0.04835708066821098 0.06447727978229523
v 0.01000178791582584 -0.04726001247763634 0.05451355129480362
v 0.01068792771548033 -0.04825182259082794 0.05446463823318481
v 0.00900282151997089 -0.04788597300648689 0.05937588214874268
v 0.00969590712338686 -0.04887226969003677 0.05938335880637169
v 0.00858422182500362 -0.04933895170688629 0.06452865153551102
v 0.00984961818903685 -0.04713695868849754 0.06442070752382278
v 0.01063229702413082 -0.04805240407586098 0.06450098752975464
v 0.01150884572416544 -0.00083938858006150 0.04955090209841728
v 0.01103897020220757 -0.00088609970407560 0.05200124531984329
v 0.01062584202736616 -0.00075319345341995 0.05445534735918045
v 0.01155348401516676 0.00001486368091719 0.05451817065477371
v 0.01028344780206680 -0.00040881129098125 0.05689833313226700
v 0.01125945150852203 0.00029848498525098 0.05687939003109932
v 0.01002697739750147 0.00023051137395669 0.05929092317819595
v 0.01166629604995251 -0.00096859043696895 0.06278655678033829
v 0.01153479237109423 -0.00004853694917983 0.06394106894731522
v 0.01181825157254934 -0.04238238185644150 0.03246593102812767
v 0.01208985038101673 -0.04017840325832367 0.03128783777356148
v 0.01249297894537449 -0.04117335751652718 0.03074377402663231
v 0.01398550998419523 -0.04031323269009590 0.03356233611702919
v 0.01442158874124289 -0.04132487997412682 0.03307098150253296
v 0.01299634948372841 -0.04285856336355209 0.03835415840148926
v 0.01400243770331144 -0.04232063889503479 0.03472640737891197
v 0.01358230970799923 -0.04128330573439598 0.03517753630876541
v 0.01492962706834078 -0.04022572562098503 0.03148972243070602
v 0.01494554709643126 -0.04309953376650810 0.03800003230571747
v 0.01526622474193573 -0.04157730191946030 0.03834112361073494
v 0.01564412936568260 -0.04134570807218552 0.03833889588713646
v 0.01609182544052601 -0.04106398671865463 0.03833623230457306
v 0.01659849844872952 -0.04098029807209969 0.03514798358082771
v 0.01800208166241646 -0.04117885231971741 0.03800003230571747
v 0.01758945547044277 -0.04005901515483856 0.03832707554101944
v 0.01206644903868437 -0.03894864767789841 0.02675343491137028
v 0.01315899565815926 -0.03727205470204353 0.02538281120359898
v 0.01213548332452774 -0.03487454354763031 0.02393375337123871
v 0.01261855009943247 -0.03566306829452515 0.02316802553832531
v 0.01268551032990217 -0.03642639890313148 0.02609280869364738
v 0.01423060055822134 -0.03548046946525574 0.02416599355638027
v 0.01370701566338539 -0.03470052406191826 0.02491459809243679
v 0.01187558751553297 -0.03124281764030457 0.01844158582389355
v 0.01219311356544495 -0.03085670620203018 0.01828853227198124
v 0.01330848969519138 -0.03096296265721321 0.02099429070949554
v 0.01204114779829979 -0.02742664329707623 0.01499998010694981
v 0.01316440105438232 -0.02674728445708752 0.01499997917562723
v 0.01328863948583603 -0.02666650153696537 0.01499997917562723
v 0.01295160874724388 -0.02852659672498703 0.01847159676253796
v 0.01386974379420280 -0.03167164698243141 0.02020471729338169
v 0.01370182819664478 -0.02904224023222923 0.01763745211064816
v 0.01373878493905067 -0.02899815887212753 0.01762299984693527
v 0.01469500083476305 -0.02785656414926052 0.01727145537734032
v 0.01498803496360779 -0.03683397546410561 0.02635536156594753
v 0.01527060754597187 -0.03437455371022224 0.02588257007300854
v 0.01583705097436905 -0.03514199703931808 0.02515115961432457
v 0.01675779372453690 -0.03392283990979195 0.02681630291044712
v 0.01737656816840172 -0.03467132523655891 0.02610716596245766
v 0.01593850553035736 -0.02688322961330414 0.01950016617774963
v 0.01664351485669613 -0.02754755131900311 0.01879163272678852
v 0.01676347851753235 -0.02690606191754341 0.02040631137788296
v 0.01565103232860565 -0.03096388466656208 0.02291706763207912
v 0.01628370396792889 -0.03163390234112740 0.02214708179235458
v 0.01788742840290070 -0.03053466230630875 0.02474461682140827
v 0.01758740097284317 -0.02685003727674484 0.02130861021578312
v 0.01284123118966818 -0.03889799118041992 0.02973990328609943
v 0.01327725872397423 -0.03985086083412170 0.02914932183921337
v 0.01364846900105476 -0.03750699758529663 0.02832871489226818
v 0.01412417087703943 -0.03840591385960579 0.02768651209771633
v 0.01446879375725985 -0.03924701735377312 0.03202159702777863
v 0.01550745684653521 -0.03901865333318710 0.02999827824532986
v 0.01559254992753267 -0.03681340441107750 0.02922690287232399
v 0.01612535864114761 -0.03769394755363464 0.02860222011804581
v 0.01800124719738960 -0.03684469684958458 0.02949140220880508
v 0.01723919436335564 -0.03911723569035530 0.03222030401229858
v 0.01671597175300121 -0.03816449269652367 0.03274510055780411
v 0.01740444824099541 -0.03599419817328453 0.03010164201259613
v 0.01811786368489265 -0.03337284550070763 0.02770708315074444
v 0.01611691899597645 -0.03996184468269348 0.03558592870831490
v 0.01804731599986553 -0.03852464631199837 0.03535274043679237
v 0.01852298527956009 -0.04081224650144577 0.03800003603100777
v 0.01879773661494255 -0.03409295156598091 0.02702403068542480
v 0.01836750283837318 -0.02743956819176674 0.02061204425990582
v 0.01860345341265202 -0.03115390986204147 0.02400466240942478
v 0.01929614506661892 -0.03120485879480839 0.02701156213879585
v 0.01948583498597145 -0.02992947772145271 0.02615236490964890
v 0.01918453536927700 -0.02727564238011837 0.02148365788161755
v 0.01907758601009846 -0.02655302919447422 0.02297432161867619
v 0.01968008466064930 -0.02867373824119568 0.02541408129036427
v 0.02022788301110268 -0.03205931186676025 0.02675776928663254
v 0.02048198692500591 -0.03039404936134815 0.02563698217272758
v 0.01993051543831825 -0.02705997601151466 0.02229782938957214
v 0.02113368920981884 -0.02653978951275349 0.02371152117848396
v 0.02069231122732162 -0.02907994203269482 0.02488598413765430
v 0.02084698528051376 -0.02815670892596245 0.02442007139325142
v 0.02151618525385857 -0.02834442257881165 0.02679697051644325
v 0.02173883281648159 -0.02811370976269245 0.02740987576544285
v 0.02154828049242496 -0.02654733136296272 0.02698406763374805
v 0.02190552279353142 -0.02698097750544548 0.02677824161946774
v 0.01842219196259975 -0.03680317476391792 0.03267373889684677
v 0.01918418519198895 -0.03836246952414513 0.03352845460176468
v 0.01944850385189056 -0.03701855987310410 0.03163533285260201
v 0.01927172578871250 -0.03794309124350548 0.03290263935923576
v 0.01888868585228920 -0.03397777304053307 0.02935406193137169
v 0.01968392729759216 -0.03563640266656876 0.02998809330165386
v 0.01871333643794060 -0.03511515259742737 0.03055570088326931
v 0.01984790712594986 -0.03459234908223152 0.02890795096755028
v 0.02001936919987202 -0.03345718234777451 0.02786945179104805
v 0.02019867859780788 -0.03610823675990105 0.03339298442006111
v 0.02031064033508301 -0.03465623036026955 0.03359503671526909
v 0.02034735679626465 -0.03473957628011703 0.03353564068675041
v 0.02041521109640598 -0.03480784595012665 0.03349277749657631
v 0.02050594054162502 -0.03485515341162682 0.03346977010369301
v 0.02041860669851303 -0.03404693678021431 0.03308436274528503
v 0.02065186388790607 -0.03373578563332558 0.03074053674936295
v 0.02096686698496342 -0.03334309160709381 0.03160934150218964
v 0.02064959518611431 -0.03408842533826828 0.03253141418099403
v 0.02077744156122208 -0.03443068638443947 0.03284130245447159
v 0.01899489574134350 -0.03918559476733208 0.03486198931932449
v 0.01967242173850536 -0.03822853043675423 0.03651639446616173
v 0.01878549531102180 -0.03740584477782249 0.03721532225608826
v 0.01972669176757336 -0.03709650412201881 0.03727601096034050
v 0.01973079703748226 -0.03700172528624535 0.03733000904321671
v 0.01963743753731251 -0.03731084614992142 0.03797905147075653
v 0.01933339051902294 -0.03531199321150780 0.03416284173727036
v 0.01939023099839687 -0.03612128645181656 0.03967916220426559
v 0.01965121366083622 -0.03628188371658325 0.03957714512944221
v 0.02003041282296181 -0.03691779822111130 0.03649414703249931
v 0.02017520181834698 -0.03711737319827080 0.03669945150613785
v 0.02021070197224617 -0.03698809444904327 0.03648083657026291
v 0.01976312138140202 -0.03841130807995796 0.03912857174873352
v 0.02002588100731373 -0.03762793540954590 0.03760313615202904
v 0.01982733234763145 -0.03726443648338318 0.03719821572303772
v 0.01976127922534943 -0.03718868643045425 0.03722986206412315
v 0.01991674490272999 -0.03731720894575119 0.03718340769410133
v 0.01974340155720711 -0.03696600347757339 0.03735229745507240
v 0.01994193159043789 -0.03663787245750427 0.03913713991641998
v 0.02036586962640285 -0.03553532436490059 0.03437937051057816
v 0.02035666257143021 -0.03557776659727097 0.03443874418735504
v 0.02053591981530190 -0.03564296662807465 0.03441937640309334
v 0.02003430761396885 -0.03585841879248619 0.03545001149177551
v 0.02007126063108444 -0.03572107851505280 0.03532893210649490
v 0.02032550238072872 -0.03453560173511505 0.03369141370058060
v 0.02031264640390873 -0.03457016497850418 0.03366253152489662
v 0.02020961605012417 -0.03439347445964813 0.03629910573363304
v 0.02039885334670544 -0.03445705026388168 0.03628689423203468
v 0.02036890573799610 -0.03370098397135735 0.03530745208263397
v 0.02054510824382305 -0.03560037165880203 0.03435983136296272
v 0.02056693471968174 -0.03549810871481895 0.03421815112233162
v 0.02056617476046085 -0.03456541895866394 0.03617269173264503
v 0.02055843546986580 -0.03376290202140808 0.03529175370931625
v 0.02004539035260677 -0.03502852842211723 0.03729867562651634
v 0.02023430354893208 -0.03509364649653435 0.03729014471173286
v 0.01983942650258541 -0.03634953871369362 0.03957663848996162
v 0.02002410218119621 -0.03407924249768257 0.03678295016288757
v 0.02044968493282795 -0.03381082788109779 0.03756714239716530
v 0.02064113877713680 -0.03386849164962769 0.03756273165345192
v 0.02097995765507221 -0.03343782946467400 0.03863342851400375
v 0.01901453547179699 -0.03312908113002777 0.02855684794485569
v 0.02023424208164215 -0.03039367124438286 0.02942664548754692
v 0.02082622982561588 -0.03192018344998360 0.03046919405460358
v 0.02089567668735981 -0.03197925537824631 0.03041636943817139
v 0.02098746784031391 -0.03202041238546371 0.03038671799004078
v 0.02107755467295647 -0.03113636001944542 0.02855088375508785
v 0.02124873735010624 -0.03152593597769737 0.02986685000360012
v 0.02113762497901917 -0.03032920323312283 0.02903117984533310
v 0.02102768979966640 -0.03021034784615040 0.02916597016155720
v 0.02102589420974255 -0.03014597296714783 0.02924980595707893
v 0.02106740511953831 -0.03027537092566490 0.02908839657902718
v 0.02101700939238071 -0.03026952408254147 0.02941104955971241
v 0.02122988924384117 -0.03036716394126415 0.02899884805083275
v 0.01980256475508213 -0.03296682983636856 0.03157223761081696
v 0.02060129679739475 -0.03300134465098381 0.03190061450004578
v 0.02071268856525421 -0.03231060504913330 0.03119563683867455
v 0.02077344618737698 -0.03188711777329445 0.03062575869262218
v 0.02078752778470516 -0.03184830397367477 0.03054101951420307
v 0.02109489589929581 -0.03254378587007523 0.03079865127801895
v 0.02064346149563789 -0.03230808675289154 0.03357224538922310
v 0.02083352021872997 -0.03236643597483635 0.03355046361684799
v 0.02127910591661930 -0.02845403552055359 0.02794617414474487
v 0.02131985872983932 -0.02851184643805027 0.02786359004676342
v 0.02130779623985291 -0.02823965437710285 0.02799863927066326
v 0.02127618528902531 -0.02839747816324234 0.02803543955087662
v 0.02066979743540287 -0.02762042917311192 0.02769905142486095
v 0.02109102346003056 -0.02950346842408180 0.03088933043181896
v 0.02128194086253643 -0.02955497242510319 0.03085933253169060
v 0.02101596072316170 -0.02929219417273998 0.03223573789000511
v 0.02055606804788113 -0.03179444745182991 0.03430673852562904
v 0.02108982950448990 -0.03224445506930351 0.03364253789186478
v 0.02119280025362968 -0.03158289194107056 0.03510279208421707
v 0.02099978551268578 -0.03153180330991745 0.03511443734169006
v 0.02038547582924366 -0.03285494819283485 0.03952566906809807
v 0.02069490775465965 -0.03280054405331612 0.03983472660183907
v 0.02088902518153191 -0.03284783288836479 0.03984376788139343
v 0.02096539177000523 -0.03062209673225880 0.03717296570539474
v 0.02128148265182972 -0.03056345693767071 0.03748529776930809
v 0.02156277559697628 -0.02934094704687595 0.02818911708891392
v 0.02139084227383137 -0.02856037952005863 0.02780269086360931
v 0.02148353308439255 -0.02859537117183208 0.02776829898357391
v 0.02150192856788635 -0.02663610875606537 0.02895052917301655
v 0.02169365435838699 -0.02668213658034801 0.02891699038445950
v 0.02197821810841560 -0.02697505056858063 0.02982824295759201
v 0.02154831588268280 -0.02970253117382526 0.03153591603040695
v 0.02146857790648937 -0.02903846278786659 0.03305837139487267
v 0.02166287228465080 -0.02908289246261120 0.03304176777601242
v 0.02143872715532780 -0.02660109102725983 0.03054565191268921
v 0.02155070565640926 -0.03116606362164021 0.03621534258127213
v 0.02147718705236912 -0.03060458786785603 0.03748814761638641
v 0.02173306979238987 -0.03009532392024994 0.03885207325220108
v 0.02202945202589035 -0.02868382632732391 0.03418257087469101
v 0.02144580893218517 -0.02818381413817406 0.03518344461917877
v 0.02176555059850216 -0.02812201716005802 0.03549768775701523
v 0.02196247503161430 -0.02815692871809006 0.03549630939960480
v 0.02152984030544758 -0.02708530239760876 0.03819847479462624
v 0.02183177508413792 -0.02721359580755234 0.03797559440135956
v 0.02202969044446945 -0.02723939530551434 0.03798840567469597
v 0.02222493104636669 -0.02766930125653744 0.03689719364047050
v 0.02215492725372314 -0.02667095698416233 0.03962851688265800
v 0.01219046767801046 -0.04431076347827911 0.04176144301891327
v 0.01285080239176750 -0.04528490826487541 0.04148628935217857
v 0.01226090732961893 -0.04646497219800949 0.04548611119389534
v 0.01407242286950350 -0.04408528283238411 0.04559466615319252
v 0.01482206117361784 -0.04502095654606819 0.04542589187622070
v 0.01474671345204115 -0.04288662970066071 0.04170371219515800
v 0.01549050398170948 -0.04380811750888824 0.04144858196377754
v 0.01624817401170731 -0.04269238561391830 0.04559899494051933
v 0.01720814034342766 -0.04346305504441261 0.04535820707678795
v 0.01698400080204010 -0.04148821160197258 0.04183302074670792
v 0.01770283654332161 -0.04268152639269829 0.04278796166181564
v 0.01727367937564850 -0.04078449308872223 0.04469788819551468
v 0.01738867536187172 -0.04319961741566658 0.04444296658039093
v 0.01532050035893917 -0.04374644905328751 0.04983266815543175
v 0.01574007980525494 -0.04499855637550354 0.05208348482847214
v 0.01579007878899574 -0.04326136037707329 0.04774782806634903
v 0.01624555326998234 -0.04206979274749756 0.04908343404531479
v 0.01678190566599369 -0.04400523006916046 0.04742957651615143
v 0.01773353852331638 -0.04118974879384041 0.04740959033370018
v 0.01770401559770107 -0.04108713194727898 0.04743011668324471
v 0.01771198213100433 -0.04098575934767723 0.04745902493596077
v 0.01779500022530556 -0.04127492010593414 0.04740114882588387
v 0.01788071542978287 -0.04133522510528564 0.04740497842431068
v 0.01750365085899830 -0.04119613021612167 0.04839421436190605
v 0.01786069944500923 -0.04165558889508247 0.04831269383430481
v 0.01697082631289959 -0.04172381013631821 0.05052741989493370
v 0.01726574450731277 -0.04196219146251678 0.04996658861637115
v 0.01697223819792271 -0.04246351495385170 0.05192634463310242
v 0.01709360256791115 -0.04159703105688095 0.05007610097527504
v 0.01718131452798843 -0.04120324924588203 0.05056177452206612
v 0.01659384928643703 -0.04064624011516571 0.05083288252353668
v 0.01745679415762424 -0.04205526411533356 0.04999086260795593
v 0.01303295139223337 -0.04686960950493813 0.05440288782119751
v 0.01190152019262314 -0.04753025248646736 0.05933647975325584
v 0.01416298840194941 -0.04465530440211296 0.05458913370966911
v 0.01430609915405512 -0.04590385407209396 0.05782777070999146
v 0.01243861671537161 -0.04556625336408615 0.06100962683558464
v 0.01205419003963470 -0.04456235468387604 0.06424208730459213
v 0.01391991693526506 -0.04609201103448868 0.05928456783294678
v 0.01335696317255497 -0.04633820429444313 0.06135873124003410
v 0.01361508667469025 -0.04392016679048538 0.05892377346754074
v 0.01415911875665188 -0.04341508448123932 0.06071198359131813
v 0.01421001739799976 -0.04352883249521255 0.06062018126249313
v 0.01418476551771164 -0.04342317208647728 0.06062477082014084
v 0.01426738779991865 -0.04361694678664207 0.06062702089548111
v 0.01434958726167679 -0.04367981851100922 0.06064402684569359
v 0.01458093058317900 -0.04378131031990051 0.06062295287847519
v 0.01386133581399918 -0.04344368353486061 0.06177507340908051
v 0.01372885704040527 -0.04349165409803391 0.06221924722194672
v 0.01391340885311365 -0.04239909723401070 0.06002163514494896
v 0.01403366960585117 -0.04094578325748444 0.06117321923375130
v 0.01466299872845411 -0.04141296818852425 0.05959337949752808
v 0.01484888605773449 -0.04146805033087730 0.05964251607656479
v 0.01431461703032255 -0.04086836799979210 0.06138465180993080
v 0.01450176723301411 -0.04091564565896988 0.06143701076507568
v 0.01466181781142950 -0.04159687086939812 0.06097403541207314
v 0.01546829193830490 -0.04339035972952843 0.05752284824848175
v 0.01502343267202377 -0.04310449957847595 0.05384526029229164
v 0.01532932650297880 -0.04163328558206558 0.05528365448117256
v 0.01619094610214233 -0.04253345727920532 0.05358111485838890
v 0.01625016331672668 -0.04262061044573784 0.05358158051967621
v 0.01633397117257118 -0.04268261790275574 0.05359300598502159
v 0.01650173030793667 -0.04208106547594070 0.05239872634410858
v 0.01616378501057625 -0.04242876172065735 0.05359226092696190
v 0.01617380417883396 -0.04232559353113174 0.05361304059624672
v 0.01617979444563389 -0.04230675846338272 0.05361793935298920
v 0.01592226140201092 -0.04218558594584465 0.05511042475700378
v 0.01542694121599197 -0.04275455698370934 0.05636812746524811
v 0.01526331249624491 -0.04328569024801254 0.05748174712061882
v 0.01520975865423679 -0.04287622123956680 0.05712485313415527
v 0.01568647287786007 -0.04096361994743347 0.05614232644438744
v 0.01543026696890593 -0.04022122547030449 0.05678666010499001
v 0.01570795662701130 -0.04015536233782768 0.05702723190188408
v 0.01574740931391716 -0.04324779286980629 0.05652167648077011
v 0.01587225683033466 -0.04102349281311035 0.05618595704436302
v 0.01606870442628860 -0.04087852686643600 0.05645317956805229
v 0.01589505188167095 -0.04020750522613525 0.05707496404647827
v 0.01675889082252979 -0.04032294452190399 0.05231058225035667
v 0.01694441772997379 -0.04038785398006439 0.05234758183360100
v 0.01811286062002182 -0.03923173621296883 0.04073191806674004
v 0.01769354380667210 -0.03940708190202713 0.04672392457723618
v 0.01804365217685699 -0.03911945223808289 0.04737484082579613
v 0.01785244978964329 -0.03806879743933678 0.04883839562535286
v 0.01734903082251549 -0.03993085026741028 0.05219458043575287
v 0.01777172461152077 -0.03676376491785049 0.05099905654788017
v 0.01400137040764093 -0.03954206034541130 0.06236074119806290
v 0.01460369396954775 -0.03903476148843765 0.06310745328664780
v 0.01417911797761917 -0.03857714310288429 0.06334090232849121
v 0.01436799112707376 -0.03860567510128021 0.06340018659830093
v 0.01479518786072731 -0.03619498759508133 0.06142921745777130
v 0.01398331485688686 -0.03363952413201332 0.06431224197149277
v 0.01445816829800606 -0.03329436853528023 0.06302051246166229
v 0.01473731268197298 -0.03330940008163452 0.06312978267669678
v 0.01426438428461552 -0.03365326672792435 0.06441631168127060
v 0.01445302926003933 -0.03366159647703171 0.06448222696781158
v 0.01485482417047024 -0.03013772144913673 0.06297509372234344
v 0.01535175181925297 -0.03885367140173912 0.05832920596003532
v 0.01634828746318817 -0.03663122653961182 0.05640508607029915
v 0.01594828814268112 -0.03534290939569473 0.05825996771454811
v 0.01670921593904495 -0.03927226737141609 0.05265862867236137
v 0.01698778755962849 -0.03921590745449066 0.05292281135916710
v 0.01717531494796276 -0.03927174210548401 0.05296424776315689
v 0.01661571674048901 -0.03793735057115555 0.05452730506658554
v 0.01671606115996838 -0.03703096508979797 0.05599365010857582
v 0.01690537668764591 -0.03706592321395874 0.05604785680770874
v 0.01717731542885303 -0.03748320415616035 0.05555628240108490
v 0.01704121008515358 -0.03422777727246284 0.05529380217194557
v 0.01748675666749477 -0.03548585250973701 0.05316398665308952
v 0.01786385290324688 -0.03588034585118294 0.05266934260725975
v 0.01805413141846657 -0.03591665998101234 0.05271909758448601
v 0.01713237352669239 -0.03380718454718590 0.05614575371146202
v 0.01732176914811134 -0.03382679075002670 0.05620695278048515
v 0.01758844777941704 -0.03402550145983696 0.05597032979130745
v 0.01512734685093164 -0.03751638159155846 0.05988510698080063
v 0.01548009552061558 -0.03791971504688263 0.05956440046429634
v 0.01566897891461849 -0.03795172274112701 0.05962184444069862
v 0.01592630147933960 -0.03837556391954422 0.05922601372003555
v 0.01650750264525414 -0.03512986004352570 0.05888530239462852
v 0.01606088317930698 -0.03490930795669556 0.05901994183659554
v 0.01624978892505169 -0.03492838889360428 0.05908280238509178
v 0.01493706647306681 -0.03574562445282936 0.06208241358399391
v 0.01512590609490871 -0.03576305136084557 0.06214595213532448
v 0.01537100132554770 -0.03596900403499603 0.06199106574058533
v 0.01492340676486492 -0.03331943601369858 0.06320263445377350
v 0.01804602518677711 -0.03284095972776413 0.05255951359868050
v 0.01812314242124557 -0.03243045508861542 0.05348856374621391
v 0.01678050123155117 -0.03050715103745461 0.05686407908797264
v 0.01706150919198990 -0.03051525168120861 0.05696886032819748
v 0.01724966987967491 -0.03051926009356976 0.05703653767704964
v 0.01746432296931744 -0.03047639317810535 0.05703368037939072
v 0.01758314296603203 -0.02893657051026821 0.05470860376954079
v 0.01786543242633343 -0.02893864177167416 0.05481013655662537
v 0.01805362850427628 -0.02894002571702003 0.05487781018018723
v 0.01741077378392220 -0.02965781465172768 0.05604865029454231
v 0.01759877987205982 -0.02966011315584183 0.05611682683229446
v 0.01558121480047703 -0.03097681328654289 0.06011746451258659
v 0.01589495316147804 -0.03182321414351463 0.05919883400201797
v 0.01609341986477375 -0.03155973553657532 0.05867639929056168
v 0.01636989042162895 -0.03157643601298332 0.05879289656877518
v 0.01617567427456379 -0.03183463215827942 0.05930408462882042
v 0.01636381261050701 -0.03184098377823830 0.05937164276838303
v 0.01559923682361841 -0.03290394693613052 0.06196195632219315
v 0.01504255644977093 -0.03013743087649345 0.06304406374692917
v 0.01539477892220020 -0.03001961670815945 0.06266578286886215
v 0.01655420660972595 -0.03158758953213692 0.05887055024504662
v 0.01657442376017570 -0.03181814402341843 0.05938005074858665
v 0.01844835653901100 -0.04040785878896713 0.04447224736213684
v 0.01853510737419128 -0.04046678915619850 0.04447145760059357
v 0.01838565617799759 -0.04032433778047562 0.04448622092604637
v 0.01841120980679989 -0.04003013297915459 0.04438186064362526
v 0.01835480332374573 -0.04022348299622536 0.04451267048716545
v 0.01836159825325012 -0.04012366011738777 0.04454680904746056
v 0.01868702471256256 -0.04060379043221474 0.04464041814208031
v 0.01907039433717728 -0.03880344331264496 0.04111459478735924
v 0.01937418058514595 -0.03935837000608444 0.04124403372406960
v 0.01903606764972210 -0.03935863822698593 0.04158728942275047
v 0.01897206902503967 -0.03927742689847946 0.04160757362842560
v 0.01893979310989380 -0.03917909413576126 0.04164092242717743
v 0.01912387460470200 -0.03941567987203598 0.04158136248588562
v 0.01919825747609138 -0.03972139582037926 0.04215139523148537
v 0.01895281858742237 -0.03911612927913666 0.04157429188489914
v 0.01918428018689156 -0.03843962028622627 0.04253773018717766
v 0.01926057599484921 -0.03723718598484993 0.04165773838758469
v 0.01944807358086109 -0.03730645030736923 0.04166465252637863
v 0.01862260885536671 -0.03790009021759033 0.04299709573388100
v 0.01893739588558674 -0.03787301108241081 0.04326021671295166
v 0.01912443339824677 -0.03794281557202339 0.04327227920293808
v 0.01899703033268452 -0.03762139752507210 0.04370373487472534
v 0.01918482966721058 -0.03768863156437874 0.04371826723217964
v 0.01946311816573143 -0.03723474591970444 0.04465732350945473
v 0.01968521252274513 -0.03485453873872757 0.04225487262010574
v 0.01884542591869831 -0.03659664839506149 0.04536264762282372
v 0.01913681998848915 -0.03654770925641060 0.04565761610865593
v 0.01932713761925697 -0.03660377115011215 0.04568285122513771
v 0.01968349330127239 -0.03360975906252861 0.04488373175263405
v 0.01979138888418674 -0.03584817051887512 0.04042994603514671
v 0.01998107507824898 -0.03591140359640121 0.04043444991111755
v 0.02029135264456272 -0.03546907752752304 0.04144676029682159
v 0.01998594775795937 -0.03480374068021774 0.04255839437246323
v 0.02017822675406933 -0.03485618531703949 0.04257507994771004
v 0.02039413899183273 -0.03431716933846474 0.04381114989519119
v 0.01998312398791313 -0.03377452865242958 0.04471723735332489
v 0.02017660811543465 -0.03381663933396339 0.04474537447094917
v 0.01826952025294304 -0.03996150568127632 0.04635553061962128
v 0.01822984032332897 -0.03918819129467010 0.04739953204989433
v 0.01815925911068916 -0.03902251273393631 0.04677444696426392
v 0.01834534294903278 -0.03909206762909889 0.04679761826992035
v 0.01848391629755497 -0.03872288018465042 0.04824850708246231
v 0.01813585124909878 -0.03801835328340530 0.04912061989307404
v 0.01832444965839386 -0.03807570785284042 0.04915441200137138
v 0.01849676854908466 -0.03751253336668015 0.05018659308552742
v 0.01879870891571045 -0.03532049432396889 0.04777764901518822
v 0.01951683871448040 -0.03605230525135994 0.04682688415050507
v 0.01936820894479752 -0.03489314019680023 0.04900984838604927
v 0.01833174750208855 -0.03632826358079910 0.05213915556669235
v 0.01851727068424225 -0.03406974673271179 0.05019224807620049
v 0.01889897137880325 -0.03445576131343842 0.04962295293807983
v 0.01909075304865837 -0.03449116647243500 0.04966729879379272
v 0.02042698673903942 -0.03164815157651901 0.04232585057616234
v 0.02112876996397972 -0.03232214599847794 0.04115363582968712
v 0.02072701603174210 -0.03180273249745369 0.04213507100939751
v 0.02092230319976807 -0.03184006363153458 0.04215675592422485
v 0.02018156461417675 -0.03046507202088833 0.04512006044387817
v 0.02056450769305229 -0.03082174062728882 0.04443278163671494
v 0.02075972408056259 -0.03084972687065601 0.04446605965495110
v 0.02103333920240402 -0.03122527897357941 0.04368692263960838
v 0.02103772200644016 -0.02946316637098789 0.04010142013430595
v 0.02133843116462231 -0.02960518375039101 0.03989166393876076
v 0.02118913643062115 -0.02866330370306969 0.04229548573493958
v 0.02031779289245605 -0.02722191810607910 0.04587433114647865
v 0.02080583944916725 -0.02832761779427528 0.04302389919757843
v 0.01941875927150249 -0.03238921239972115 0.04750857874751091
v 0.01893656700849533 -0.03119307570159435 0.05007519572973251
v 0.01900564506649971 -0.03079138509929180 0.05106709152460098
v 0.01919712685048580 -0.03080710582435131 0.05112266167998314
v 0.01947678439319134 -0.03099228255450726 0.05082186684012413
v 0.01969572156667709 -0.02930910140275955 0.04784757271409035
v 0.01980173215270042 -0.03276271745562553 0.04687459394335747
v 0.01999527029693127 -0.03279516100883484 0.04691319912672043
v 0.02027190290391445 -0.03318603709340096 0.04618835076689720
v 0.01995318941771984 -0.03207797557115555 0.04853786900639534
v 0.02072233147919178 -0.03015216998755932 0.04618842527270317
v 0.01976054720580578 -0.02891713939607143 0.04888897389173508
v 0.01995321176946163 -0.02892895601689816 0.04894133284687996
v 0.02023628354072571 -0.02910398319363594 0.04861602187156677
v 0.02038036473095417 -0.02684256993234158 0.04695286974310875
v 0.02086038328707218 -0.02701270021498203 0.04665763676166534
v 0.02057401463389397 -0.02685000561177731 0.04700231179594994
v 0.02153524011373520 -0.02963675744831562 0.03990809246897697
v 0.02165718004107475 -0.02904191799461842 0.04150316864252090
v 0.02138574235141277 -0.02868593670427799 0.04232434928417206
v 0.02135212346911430 -0.02801332250237465 0.04412035271525383
v 0.01831345260143280 -0.03244892135262489 0.05354722961783409
v 0.01858692243695259 -0.03264131769537926 0.05327679961919785
v 0.01833345368504524 -0.02873169817030430 0.05469397455453873
v 0.01828290522098541 -0.02714470401406288 0.05274304747581482
v 0.01856516301631927 -0.02714383043348789 0.05284471064805984
v 0.01875381916761398 -0.02714185044169426 0.05291108414530754
v 0.01904011145234108 -0.02684467658400536 0.05269080027937889
v 0.01277956925332546 -0.02588929794728756 0.01575945690274239
v 0.01469878386706114 -0.02634372562170029 0.01775599271059036
v 0.01560617703944445 -0.02516713365912437 0.01742847450077534
v 0.01560109853744507 -0.02354108542203903 0.01564398221671581
v 0.01602747105062008 -0.02453107573091984 0.01499998103827238
v 0.01630329713225365 -0.02427060529589653 0.01499998103827238
v 0.01697621308267117 -0.02501305006444454 0.01658309996128082
v 0.01666315831243992 -0.02391527034342289 0.01499998196959496
v 0.01726336404681206 -0.02469902485609055 0.01889081299304962
v 0.01806478574872017 -0.02532623894512653 0.01825481280684471
v 0.01687410101294518 -0.02213337831199169 0.01558421831578016
v 0.01730318926274776 -0.02275117859244347 0.01688384637236595
v 0.01767349429428577 -0.02281134389340878 0.01499998290091753
v 0.01773136481642723 -0.02274279855191708 0.01499998290091753
v 0.01749613881111145 -0.02244891412556171 0.01682709529995918
v 0.01801660098135471 -0.02058652602136135 0.01552248653024435
v 0.01712229661643505 -0.00032077720970847 0.03975258395075798
v 0.01946240290999413 -0.02511825226247311 0.02001221664249897
v 0.01871304959058762 -0.02250281162559986 0.01617727614939213
v 0.01876144483685493 -0.02025068178772926 0.01648080162703991
v 0.01891830563545227 -0.01994552835822105 0.01644113846123219
v 0.01946471631526947 -0.02288776822388172 0.01782922074198723
v 0.01964327879250050 -0.02091873623430729 0.01599958911538124
v 0.01949234493076801 -0.02029974199831486 0.01499998662620783
v 0.01855769194662571 -0.02232408337295055 0.01837673038244247
v 0.01908992230892181 -0.02222597412765026 0.01922100409865379
v 0.01959189213812351 -0.02209273725748062 0.02005128748714924
v 0.02015908434987068 -0.01993291266262531 0.01591376774013042
v 0.02077373117208481 -0.02016267925500870 0.01751893572509289
v 0.02056177519261837 -0.02257313579320908 0.01953226327896118
v 0.02103948220610619 -0.02237386815249920 0.02032621204853058
v 0.01973365247249603 -0.02427160367369652 0.02220508456230164
v 0.02011325210332870 -0.02607547678053379 0.02416430041193962
v 0.02122193202376366 -0.02606432326138020 0.02352662570774555
v 0.02067220211029053 -0.02472506463527679 0.02160932123661041
v 0.02114019170403481 -0.02468447387218475 0.02635128982365131
v 0.02043131925165653 -0.02176516130566597 0.02153494767844677
v 0.02067440561950207 -0.02304772660136223 0.02307562343776226
v 0.02131968364119530 -0.01981398649513721 0.02224833704531193
v 0.01902791671454906 -0.01889832690358162 0.01545897871255875
v 0.01999731361865997 -0.01943646743893623 0.01499998755753040
v 0.02051085419952869 -0.01845633052289486 0.01499998942017555
v 0.01976854540407658 -0.01968760788440704 0.01797061972320080
v 0.02004835568368435 -0.01743719913065434 0.01618012972176075
v 0.01991504803299904 -0.01705714501440525 0.01539555564522743
v 0.02108941413462162 -0.01788393780589104 0.01578435860574245
v 0.02055629529058933 -0.01935970596969128 0.01959171891212463
v 0.02114840969443321 -0.01902345754206181 0.02099164016544819
v 0.02133370563387871 -0.01665797829627991 0.01926333457231522
v 0.02069468796253204 -0.01501769572496414 0.01533463038504124
v 0.02133618481457233 -0.01589858345687389 0.01849176175892353
v 0.02145352587103844 -0.02216348610818386 0.02104742266237736
v 0.02174119837582111 -0.02341711893677711 0.02266304194927216
v 0.02200253494083881 -0.02539632841944695 0.02544428594410419
v 0.02168387547135353 -0.02570662647485733 0.02663035690784454
v 0.02196485549211502 -0.02473891340196133 0.02584335580468178
v 0.02205837704241276 -0.02476867474615574 0.02580638416111469
v 0.02184928208589554 -0.02465686760842800 0.02599921636283398
v 0.02184388414025307 -0.02461602725088596 0.02609657496213913
v 0.02189227566123009 -0.02470048144459724 0.02590936981141567
v 0.02185445092618465 -0.02459846995770931 0.02614332921802998
v 0.02225564606487751 -0.02470638602972031 0.02572574466466904
v 0.02208629809319973 -0.02174946293234825 0.02224234119057655
v 0.02164237946271896 -0.02162586711347103 0.02532930113375187
v 0.02210925146937370 -0.02297817356884480 0.02553198672831059
v 0.02253756672143936 -0.02232432924211025 0.02443904243409634
v 0.02216506004333496 -0.02258497662842274 0.02535090595483780
v 0.02276081964373589 -0.02158731408417225 0.02465527132153511
v 0.02255251631140709 -0.02056785859167576 0.02455153875052929
v 0.02250737324357033 -0.02053644694387913 0.02464533783495426
v 0.02249962091445923 -0.02050898410379887 0.02474712766706944
v 0.02250661328434944 -0.02049985155463219 0.02478686533868313
v 0.02272101305425167 -0.02062249928712845 0.02444444224238396
v 0.02286919951438904 -0.02092802524566650 0.02447314374148846
v 0.02262665145099163 -0.02059747651219368 0.02448276802897453
v 0.02258587256073952 -0.02000204101204872 0.02466055192053318
v 0.02242477238178253 -0.02030657045543194 0.02645857818424702
v 0.02261951193213463 -0.02034160308539867 0.02642940171062946
v 0.02181827835738659 -0.01741804555058479 0.01733241230249405
v 0.02160808071494102 -0.01976255699992180 0.01917702332139015
v 0.02223703265190125 -0.01936257816851139 0.02061657607555389
v 0.02244925871491432 -0.01697355881333351 0.01895391196012497
v 0.02155962400138378 -0.01601840741932392 0.01499999314546585
v 0.02178359776735306 -0.01539492513984442 0.01499999407678843
v 0.02238187193870544 -0.01618588343262672 0.01789812184870243
v 0.02245678752660751 -0.01319272816181183 0.01499999687075615
v 0.02305770292878151 -0.01647071540355682 0.02090292051434517
v 0.02308791689574718 -0.01329131331294775 0.01785097457468510
v 0.02364369481801987 -0.01346796657890081 0.02113345079123974
v 0.02251985855400562 -0.01968327164649963 0.02182675153017044
v 0.02295353822410107 -0.01797852665185928 0.02397274412214756
v 0.02290728315711021 -0.01795339770615101 0.02406788617372513
v 0.02290287241339684 -0.01792691648006439 0.02420160546898842
v 0.02289841137826443 -0.01793217100203037 0.02417106740176678
v 0.02214493788778782 -0.01847760938107967 0.02457013726234436
v 0.02277208678424358 -0.01775042526423931 0.02588615380227566
v 0.02261870168149471 -0.01777144894003868 0.02736692316830158
v 0.02202060073614120 -0.01612833701074123 0.02157676592469215
v 0.02250635251402855 -0.01331542525440454 0.02158107236027718
v 0.02267138659954071 -0.01538141351193190 0.02496660314500332
v 0.02286628820002079 -0.01498098671436310 0.02681261859834194
v 0.02284546382725239 -0.01360651757568121 0.02486161887645721
v 0.02309212647378445 -0.01915567740797997 0.02371731027960777
v 0.02302857674658298 -0.01800296269357204 0.02390292659401894
v 0.02312355488538742 -0.01802435517311096 0.02386393398046494
v 0.02332735620439053 -0.01806331425905228 0.02382014133036137
v 0.02308839187026024 -0.01664971373975277 0.02383165434002876
v 0.02313510514795780 -0.01667206734418869 0.02373604476451874
v 0.02308239229023457 -0.01662709936499596 0.02396015077829361
v 0.02307910658419132 -0.01663090474903584 0.02393526770174503
v 0.02321056090295315 -0.01669387705624104 0.02366580627858639
v 0.02330587804317474 -0.01671303994953632 0.02362648211419582
v 0.02296848408877850 -0.01777943223714828 0.02586188912391663
v 0.02322985045611858 -0.01801952905952930 0.02669015713036060
v 0.02317324653267860 -0.01636191830039024 0.02133866772055626
v 0.02341861091554165 -0.01610773243010044 0.02237123437225819
v 0.02335568703711033 -0.01577887125313282 0.02349879220128059
v 0.02318348363041878 -0.01581553556025028 0.02382342889904976
v 0.02321001514792442 -0.01573657803237438 0.02365962788462639
v 0.02319217659533024 -0.01571853645145893 0.02376157045364380
v 0.02319584973156452 -0.01571115292608738 0.02380649931728840
v 0.02326948381960392 -0.01575875841081142 0.02356255054473877
v 0.02342095039784908 -0.01579009182751179 0.02347613684833050
v 0.02363210730254650 -0.01585184223949909 0.02343360148370266
v 0.02346553094685078 -0.01540678832679987 0.02341712452471256
v 0.02368197031319141 -0.01544422842562199 0.02337029203772545
v 0.02303601987659931 -0.01529585104435682 0.02547321468591690
v 0.02323407307267189 -0.01531641371548176 0.02545438148081303
v 0.02359090186655521 -0.01494861487299204 0.02716498076915741
v 0.02192491851747036 -0.02373092994093895 0.02756716869771481
v 0.02211777865886688 -0.02377215027809143 0.02753387391567230
v 0.02185200341045856 -0.02375966310501099 0.02920317463576794
v 0.02240741625428200 -0.02409778907895088 0.02848642133176327
v 0.02228931710124016 -0.02353926375508308 0.03003567270934582
v 0.02248555980622768 -0.02357318997383118 0.03001730889081955
v 0.02188929915428162 -0.02636159025132656 0.03137622401118279
v 0.02208458818495274 -0.02640043757855892 0.03135744109749794
v 0.02185618132352829 -0.02557017840445042 0.03353549167513847
v 0.02244755998253822 -0.02602748572826385 0.03251291811466217
v 0.02283051796257496 -0.02323292195796967 0.03117663599550724
v 0.02225271053612232 -0.02080673910677433 0.02816185355186462
v 0.02283263579010963 -0.02110145241022110 0.02745895646512508
v 0.02286374568939209 -0.02063674479722977 0.02897567860782146
v 0.02266642823815346 -0.02060817554593086 0.02899147383868694
v 0.02222218923270702 -0.02281991578638554 0.03219991549849510
v 0.02253868989646435 -0.02276005595922470 0.03251689299941063
v 0.02273708768188953 -0.02278515510261059 0.03251406177878380
v 0.02254451997578144 -0.01997010037302971 0.03113657049834728
v 0.02285496890544891 -0.01991297677159309 0.03145410120487213
v 0.02317897044122219 -0.02032917924225330 0.03012765198945999
v 0.02305395342409611 -0.01993309520184994 0.03145323693752289
v 0.02192817255854607 -0.02454652078449726 0.03659803420305252
v 0.02217598445713520 -0.02550820633769035 0.03385126218199730
v 0.02237373776733875 -0.02553792670369148 0.03384806588292122
v 0.02263155393302441 -0.02508130483329296 0.03526898100972176
v 0.02223216369748116 -0.02466133795678616 0.03636827319860458
v 0.02243074215948582 -0.02468233555555344 0.03637949377298355
v 0.02168782241642475 -0.02354568801820278 0.03966072201728821
v 0.02207659371197224 -0.02383016422390938 0.03888688981533051
v 0.02255040593445301 -0.02415022253990173 0.03804503008723259
v 0.02227468788623810 -0.02384311892092228 0.03891117498278618
v 0.02256452105939388 -0.02198596857488155 0.03504345938563347
v 0.02276348881423473 -0.02200274541974068 0.03505490347743034
v 0.02225726470351219 -0.02188488095998764 0.03527444601058960
v 0.02286687493324280 -0.02151568420231342 0.03672912344336510
v 0.02199011668562889 -0.02097176760435104 0.03835469856858253
v 0.02238542772829533 -0.02122693322598934 0.03757539391517639
v 0.02258373238146305 -0.02123616635799408 0.03759967908263206
v 0.02253053151071072 -0.02069078572094440 0.03948969393968582
v 0.02297703363001347 -0.02236732468008995 0.03394084423780441
v 0.02281134761869907 -0.01704681664705276 0.03029858693480492
v 0.02272603847086430 -0.01632125489413738 0.03331434354186058
v 0.02293527312576771 -0.01409155968576670 0.03097596950829029
v 0.02283016219735146 -0.01374009810388088 0.03266208618879318
v 0.02300165966153145 -0.01759555563330650 0.02819047495722771
v 0.02320008724927902 -0.01761773042380810 0.02817890420556068
v 0.02347609587013721 -0.01734850369393826 0.02931667678058147
v 0.02326719649136066 -0.01955532655119896 0.03287196904420853
v 0.02311438694596291 -0.01699218526482582 0.03061593323945999
v 0.02331385761499405 -0.01700655743479729 0.03061806596815586
v 0.02349415794014931 -0.01667575165629387 0.03201897069811821
v 0.02324098348617554 -0.01639881730079651 0.03310701623558998
v 0.02298425137996674 -0.01392065919935703 0.02817124314606190
v 0.02326175384223461 -0.01454684324562550 0.02889336459338665
v 0.02346243150532246 -0.01454410050064325 0.02894762344658375
v 0.02371415495872498 -0.01332070585340261 0.02819240652024746
v 0.02328824996948242 -0.01380633562803268 0.02951124310493469
v 0.02348810993134975 -0.01381306815892458 0.02951446175575256
v 0.02304168231785297 -0.01639114134013653 0.03309217840433121
v 0.02364602126181126 -0.01417639199644327 0.03068562224507332
v 0.02314813248813152 -0.01379071176052094 0.03245076164603233
v 0.02334489487111568 -0.01378494035452604 0.03250087797641754
v 0.02252372913062572 -0.01913515664637089 0.03419305756688118
v 0.02283503301441669 -0.01922134496271610 0.03396510332822800
v 0.02262384630739689 -0.01854357495903969 0.03648616001009941
v 0.02282217517495155 -0.01854925788938999 0.03651132807135582
v 0.02222081087529659 -0.01832019165158272 0.03726207464933395
v 0.02275345288217068 -0.01806023530662060 0.03839663043618202
v 0.02238759212195873 -0.01561336312443018 0.03635013848543167
v 0.02279758825898170 -0.01580261625349522 0.03558379411697388
v 0.02284029871225357 -0.01322184037417173 0.03523178771138191
v 0.02270312234759331 -0.01304245088249445 0.03613211959600449
v 0.02303423173725605 -0.01923376694321632 0.03397795930504799
v 0.02311565540730953 -0.01879459060728550 0.03564517572522163
v 0.02329820021986961 -0.01601518690586090 0.03475545346736908
v 0.02299583703279495 -0.01580476388335228 0.03561011329293251
v 0.02336515486240387 -0.01341636292636395 0.03430605307221413
v 0.02303839847445488 -0.01321923080831766 0.03525944054126740
v 0.02133014053106308 -0.01289179455488920 0.01528302393853664
v 0.02135199494659901 -0.01280815899372101 0.01528124604374170
v 0.02197215892374516 -0.00998216494917870 0.01523150131106377
v 0.02233885042369366 -0.00762262335047126 0.01520342286676168
v 0.02305211499333382 -0.01060588564723730 0.01500000059604645
v 0.02403641119599342 -0.01025969069451094 0.02104245498776436
v 0.02351136505603790 -0.00777696864679456 0.01500000339001417
v 0.02361048571765423 -0.00697645312175155 0.01500000432133675
v 0.02430829033255577 -0.00691984081640840 0.02093882486224174
v 0.02287463098764420 -0.01014941558241844 0.02143496461212635
v 0.02350954711437225 -0.01270873472094536 0.02340062707662582
v 0.02354561910033226 -0.01257589925080538 0.02323777601122856
v 0.02352214418351650 -0.01256369985640049 0.02333946898579597
v 0.02370044961571693 -0.01260547153651714 0.02308268472552299
v 0.02361055091023445 -0.01259124837815762 0.02314287237823009
v 0.02384474314749241 -0.01157946139574051 0.02297319658100605
v 0.02406151033937931 -0.01181045547127724 0.02293819375336170
v 0.02417461574077606 -0.01047298219054937 0.02283856831490993
v 0.02330142818391323 -0.01189608220010996 0.02507145144045353
v 0.02350064925849438 -0.01191035658121109 0.02506089955568314
v 0.02313129231333733 -0.00684722047299147 0.02129189483821392
v 0.02380453981459141 -0.00938889663666487 0.02299494855105877
v 0.02380258962512016 -0.00929393991827965 0.02300905250012875
v 0.02387352660298347 -0.00939829554408789 0.02290215156972408
v 0.02396606467664242 -0.00940744206309319 0.02284506149590015
v 0.02402211353182793 -0.00921577028930187 0.02282220683991909
v 0.02426604554057121 -0.00923824962228537 0.02276804670691490
v 0.02416844666004181 -0.00657271593809128 0.02272422425448895
v 0.02440341003239155 -0.00693646771833301 0.02267807535827160
v 0.02386309765279293 -0.00796327926218510 0.02307531610131264
v 0.02325490862131119 -0.00691941520199180 0.02460087276995182
v 0.02271505445241928 -0.00351551640778780 0.01517602708190680
v 0.02279642410576344 -0.00141302181873471 0.01517004333436489
v 0.02389010041952133 -0.00375718972645700 0.01500000711530447
v 0.02328078262507915 -0.00345410709269345 0.02117102034389973
v 0.02446604892611504 -0.00349019747227430 0.02084149420261383
v 0.02312901057302952 -0.00005234279524302 0.01796511188149452
v 0.02430015429854393 -0.00005389971920522 0.01758987829089165
v 0.02332342788577080 -0.00001790395072021 0.02109194733202457
v 0.02451146580278873 -0.00001714331483527 0.02077039889991283
v 0.02447675168514252 -0.00525519764050841 0.02263706922531128
v 0.02360899187624454 -0.00525707053020597 0.02477729879319668
v 0.02380893379449844 -0.00526228826493025 0.02477742359042168
v 0.02456053346395493 -0.00153097382280976 0.02259042114019394
v 0.02405451796948910 -0.00253524328581989 0.02295374870300293
v 0.02417808957397938 -0.00101701100356877 0.02270616963505745
v 0.02430271171033382 -0.00113532703835517 0.02264565974473953
v 0.02427351102232933 -0.00101770344190300 0.02265324629843235
v 0.02430396340787411 -0.00015786892618053 0.02264061756432056
v 0.02410451881587505 -0.00101618911139667 0.02279586531221867
v 0.02407163567841053 -0.00101545616053045 0.02289715036749840
v 0.02406890504062176 -0.00101519003510475 0.02294125035405159
v 0.02337086573243141 0.00001834710383264 0.02442803047597408
v 0.02339551970362663 -0.00942419841885567 0.02942052856087685
v 0.02359522506594658 -0.00942723918706179 0.02943095006048679
v 0.02320275083184242 -0.00701974146068096 0.02797989174723625
v 0.02386263199150562 -0.00886516645550728 0.02809477597475052
v 0.02295770682394505 -0.00713968230411410 0.03141462802886963
v 0.02288642525672913 -0.01302159018814564 0.03625055029988289
v 0.02193453535437584 -0.01256068795919418 0.03860038146376610
v 0.02221633493900299 -0.01283307466655970 0.03718220442533493
v 0.02276406437158585 -0.01267624739557505 0.03803772851824760
v 0.02249799109995365 -0.00727546308189631 0.03494683280587196
v 0.02344648167490959 -0.00494152214378119 0.02933361008763313
v 0.02364594116806984 -0.00494255172088742 0.02934825234115124
v 0.02393666468560696 -0.00430855248123407 0.02800012566149235
v 0.02325395122170448 0.00005258981764200 0.02786085382103920
v 0.02295526303350925 0.00008307125244755 0.03134983777999878
v 0.02273802645504475 -0.00506858155131340 0.03518862277269363
v 0.02293521538376808 -0.00506662437692285 0.03522197529673576
v 0.02259350940585136 -0.00401667505502701 0.03595249354839325
v 0.02279022708535194 -0.00401489064097404 0.03598853945732117
v 0.02185579575598240 -0.00303664943203330 0.03805675730109215
v 0.02173404395580292 -0.00358419213443995 0.03862993419170380
v 0.02222500182688236 -0.00591459451243281 0.03793812170624733
v 0.02242064289748669 -0.00591141218319535 0.03797952085733414
v 0.02238901145756245 -0.00482356175780296 0.03897837176918983
v 0.02239680290222168 -0.00472465390339494 0.03904965147376060
v 0.02263442054390907 -0.00484615564346313 0.03962005674839020
v 0.02267036959528923 -0.00474198814481497 0.03945895656943321
v 0.02278814464807510 -0.00476956833153963 0.03946924582123756
v 0.02260756678879261 -0.00396596640348434 0.03793530166149139
v 0.02261359617114067 -0.00387984653934836 0.03801826387643814
v 0.02265675552189350 -0.00381485675461590 0.03808868303894997
v 0.02273299172520638 -0.00376679701730609 0.03814972564578056
v 0.02272357419133186 -0.00335220177657902 0.03735015913844109
v 0.02282891236245632 -0.00374477566219866 0.03819003701210022
v 0.02293705381453037 -0.00375078199431300 0.03820621594786644
v 0.02247543632984161 -0.00452134897932410 0.03857455030083656
v 0.02289551496505737 -0.00442527094855905 0.03898031637072563
v 0.02289522625505924 -0.00393791776150465 0.03840993344783783
v 0.02212520688772202 -0.00112779508344829 0.03670797869563103
v 0.02281411364674568 -0.00179613311775029 0.03460039198398590
v 0.02290175482630730 -0.00200128788128495 0.03640249744057655
v 0.02289857715368271 -0.00204590195789933 0.03641986846923828
v 0.02290649898350239 -0.00194652366917580 0.03649786487221718
v 0.02294762805104256 -0.00190131319686770 0.03658336400985718
v 0.02245164848864079 0.00010947868577205 0.03492193669080734
v 0.02196685969829559 -0.00240211840718985 0.03751451894640923
v 0.02291207946836948 -0.00279715540818870 0.03882502391934395
v 0.02332130819559097 -0.00440169498324394 0.03403976187109947
v 0.02307749725878239 -0.00299364095553756 0.03750051185488701
v 0.02314970269799232 -0.00331166386604309 0.03775661438703537
v 0.02301148697733879 -0.00179535814095289 0.03463268652558327
v 0.02302249148488045 -0.00186775345355272 0.03665490075945854
v 0.02311795949935913 -0.00185220141429454 0.03669911250472069
v 0.02303070388734341 -0.00045838172081858 0.03567865490913391
v 0.02334773913025856 -0.00044110778253525 0.03604440763592720
v 0.02307887375354767 0.00039463338907808 0.03540264070034027
v 0.02308210544288158 0.00042621974716894 0.03551403805613518
v 0.02312281168997288 0.00045090107596479 0.03560774400830269
v 0.02345400489866734 -0.00073041062569246 0.03614616394042969
v 0.02309220843017101 -0.00289981788955629 0.03742455318570137
v 0.02331608720123768 -0.00218318402767181 0.03689666092395782
v 0.02321787737309933 -0.00193659740034491 0.03675949946045876
v 0.02312438376247883 -0.00153130514081568 0.03781567886471748
v 0.02326653525233269 -0.00011019447265426 0.03710813075304031
v 0.01478950679302216 -0.02570684999227524 0.06298856437206268
v 0.01467502769082785 -0.02115933969616890 0.06310982257127762
v 0.01486365217715502 -0.02115736715495586 0.06317628175020218
v 0.01455791946500540 -0.01637401618063450 0.06339289993047714
v 0.01474770717322826 -0.01637378521263599 0.06345599144697189
v 0.01805817894637585 -0.02503972314298153 0.05529781430959702
v 0.01742003485560417 -0.02529934421181679 0.05588949844241142
v 0.01760749146342278 -0.02529403008520603 0.05595900863409042
v 0.01553140208125114 -0.02397962845861912 0.06000551953911781
v 0.01497727166861296 -0.02570306695997715 0.06305734068155289
v 0.01533004082739353 -0.02548017352819443 0.06266451627016068
v 0.01521566975861788 -0.02081748470664024 0.06276983767747879
v 0.01779422909021378 -0.01543365512043238 0.05516299232840538
v 0.01716982759535313 -0.01594009809195995 0.05577792227268219
v 0.01735853031277657 -0.01593482494354248 0.05584397912025452
v 0.01533938385546207 -0.01650209166109562 0.06015392765402794
v 0.01509630680084229 -0.01589751616120338 0.06303963810205460
v 0.01279120706021786 0.00038685891195200 0.04350760951638222
v 0.01253615133464336 -0.00004585404894897 0.04469248279929161
v 0.01201644074171782 -0.00058852595975623 0.04710959270596504
v 0.01285962294787169 0.00023333185527008 0.04738124832510948
v 0.01236924994736910 -0.00001455134861317 0.04974373057484627
v 0.01192733831703663 -0.00007981880480656 0.05213003605604172
v 0.01394115202128887 -0.00340257585048676 0.05195941030979156
v 0.01466797757893801 -0.00334227993153036 0.04919487982988358
v 0.01490919943898916 -0.00267131999135017 0.05214796215295792
v 0.01649494469165802 -0.00195151218213141 0.04227951169013977
v 0.01614774391055107 -0.00245557446032763 0.04364674910902977
v 0.01682160608470440 -0.00125431211199611 0.04096079617738724
v 0.01742854900658131 -0.00128413364291191 0.04273817315697670
v 0.01801889389753342 0.00018824829021469 0.04043479263782501
v 0.01774254068732262 -0.00064903759630397 0.04152160510420799
v 0.01708759181201458 -0.00175191380549222 0.04403103515505791
v 0.01541516743600368 -0.00306670251302421 0.04642016813158989
v 0.01636202074587345 -0.00233088899403811 0.04670770466327667
v 0.01562287937849760 -0.00260121771134436 0.04942530021071434
v 0.01442145090550184 -0.01128653343766928 0.06380286812782288
v 0.01461227145045996 -0.01128600444644690 0.06386276334524155
v 0.01432031020522118 -0.00662947166711092 0.06407060474157333
v 0.01451178081333637 -0.00662849843502045 0.06412838399410248
v 0.01325830910354853 -0.00328012811951339 0.05472024902701378
v 0.01263501122593880 -0.00292966444976628 0.05747685953974724
v 0.01424704585224390 -0.00257074669934809 0.05486187338829041
v 0.01365345716476440 -0.00225722230970860 0.05754833668470383
v 0.01208941452205181 -0.00222986261360347 0.06019988656044006
v 0.01185725349932909 -0.00168652075808495 0.06152309104800224
v 0.01314492896199226 -0.00161946448497474 0.06016029417514801
v 0.01293136645108461 -0.00112364382948726 0.06140436604619026
v 0.01275542005896568 -0.00047230749623850 0.06256544589996338
v 0.01262806355953217 0.00035772391129285 0.06359902769327164
v 0.01402697339653969 -0.00383569952100515 0.06395848095417023
v 0.01454480923712254 -0.00486152991652489 0.06226068362593651
v 0.01481779944151640 -0.00518480036407709 0.06377954781055450
v 0.01484283711761236 -0.00518737500533462 0.06369640678167343
v 0.01459242124110460 -0.00451018707826734 0.06456503272056580
v 0.01465226151049137 -0.00443334970623255 0.06452551484107971
v 0.01474040560424328 -0.00437242537736893 0.06450635194778442
v 0.01484119426459074 -0.00433886237442493 0.06451141834259033
v 0.01642575114965439 -0.00871750712394714 0.05749210715293884
v 0.01613250561058521 -0.00634521571919322 0.05729157105088234
v 0.01728077977895737 -0.00899820122867823 0.05492741987109184
v 0.01720120012760162 -0.00669978139922023 0.05405124276876450
v 0.01747049391269684 -0.00899363867938519 0.05499056354165077
v 0.01771942712366581 -0.00752928154543042 0.05477147176861763
v 0.01661572791635990 -0.00871392991393805 0.05755452811717987
v 0.01681510731577873 -0.00722545152530074 0.05750399827957153
v 0.01688225194811821 -0.00715220998972654 0.05734578520059586
v 0.01693306490778923 -0.00706025492399931 0.05734873190522194
v 0.01701361499726772 -0.00698877032846212 0.05736453086137772
v 0.01710966415703297 -0.00695122033357620 0.05739051848649979
v 0.01721369661390781 -0.00695090321823955 0.05742471292614937
v 0.01705311611294746 -0.00687346281483769 0.05791042745113373
v 0.01783550530672073 -0.00717327650636435 0.05555553361773491
v 0.01786260306835175 -0.00717883696779609 0.05556517466902733
v 0.01775768212974072 -0.00713741686195135 0.05622678250074387
v 0.01740560866892338 -0.00700280396267772 0.05729362368583679
v 0.01495507918298244 -0.01066232100129128 0.06343203037977219
v 0.01510334573686123 -0.00836412142962217 0.06058353558182716
v 0.01520295348018408 -0.00785869825631380 0.06124379858374596
v 0.01539366878569126 -0.00785665120929480 0.06130399182438850
v 0.01605955511331558 -0.00675077363848686 0.05982309579849243
v 0.01576826535165310 -0.00648914463818073 0.06073171645402908
v 0.01578816398978233 -0.00640334375202656 0.06071101129055023
v 0.01584152504801750 -0.00631350418552756 0.06069969758391380
v 0.01651310548186302 -0.00645097810775042 0.06003453582525253
v 0.01658913306891918 -0.00659177405759692 0.05932439491152763
v 0.01665401831269264 -0.00660320930182934 0.05934846773743629
v 0.01672584749758244 -0.00661589810624719 0.05937512591481209
v 0.01585790514945984 -0.00619302131235600 0.05813311785459518
v 0.01705429889261723 -0.00569814257323742 0.05830769985914230
v 0.01757100969552994 -0.00594720756635070 0.05672594904899597
v 0.01523311529308558 -0.00571222882717848 0.06007181480526924
v 0.01592424698174000 -0.00624287361279130 0.06070380285382271
v 0.01602168194949627 -0.00620473688468337 0.06072284653782845
v 0.01612620055675507 -0.00620242673903704 0.06075543910264969
v 0.01589485630393028 -0.00595494080334902 0.06148012727499008
v 0.01606060191988945 -0.00483457976952195 0.06141408532857895
v 0.01539304759353399 -0.00606454024091363 0.06191775202751160
v 0.01565392687916756 -0.00564946001395583 0.06224293261766434
v 0.01493163872510195 -0.00535522075369954 0.06340565532445908
v 0.01495459862053394 -0.00528031168505549 0.06337077170610428
v 0.01501194853335619 -0.00519713247194886 0.06334181129932404
v 0.01509801577776670 -0.00513131776824594 0.06333135813474655
v 0.01519752852618694 -0.00509523879736662 0.06334164738655090
v 0.01529612019658089 -0.00482050748541951 0.06391875445842743
v 0.01556599233299494 -0.00408258894458413 0.06300731003284454
v 0.01496494840830564 -0.00438046967610717 0.06448001414537430
v 0.01492639165371656 -0.00428463425487280 0.06460805982351303
v 0.01497558411210775 -0.00433822348713875 0.06455373764038086
v 0.01516217272728682 -0.00316008832305670 0.06434059888124466
v 0.01574441231787205 -0.00566316768527031 0.06227779388427734
v 0.01579554565250874 -0.00567091396078467 0.06229748949408531
v 0.01585838198661804 -0.00575642846524715 0.06209651753306389
v 0.01666855439543724 -0.00543665047734976 0.05950145795941353
v 0.02130094170570374 -0.02600986324250698 0.04120962321758270
v 0.02080887369811535 -0.02496680803596973 0.04414665699005127
v 0.02087015286087990 -0.02460487559437752 0.04525102674961090
v 0.02106449753046036 -0.02460822649300098 0.04529813304543495
v 0.02118660323321819 -0.02257921919226646 0.04265027493238449
v 0.02124641276896000 -0.02224072255194187 0.04377023503184319
v 0.01876456663012505 -0.02556946128606796 0.05130156874656677
v 0.01872218027710915 -0.02337734401226044 0.05124563351273537
v 0.01904713176190853 -0.02556652948260307 0.05140237882733345
v 0.01923551596701145 -0.02556458301842213 0.05146957188844681
v 0.01965697854757309 -0.02465876191854477 0.05080016702413559
v 0.01962219178676605 -0.02153450809419155 0.04839293658733368
v 0.01935047470033169 -0.02305101044476032 0.04938010498881340
v 0.01963453553617001 -0.02304274030029774 0.04947624728083611
v 0.01990736089646816 -0.02152202092111111 0.04848527535796165
v 0.02009748108685017 -0.02151368558406830 0.04854680970311165
v 0.02017849870026112 -0.02214643359184265 0.04901361837983131
v 0.01982413791120052 -0.02303609624505043 0.04953954741358757
v 0.02022011205554008 -0.01674700714647770 0.04585897922515869
v 0.02050795964896679 -0.01672341860830784 0.04594105854630470
v 0.02069986797869205 -0.01670765504240990 0.04599573463201523
v 0.02096231840550900 -0.01592353172600269 0.04570605605840683
v 0.01967707276344299 -0.01543721649795771 0.04839767143130302
v 0.01848125085234642 -0.01593929156661034 0.05108966678380966
v 0.02003514952957630 -0.01852032542228699 0.04671074822545052
v 0.02032118476927280 -0.01850873790681362 0.04680047556757927
v 0.02051195874810219 -0.01850031316280365 0.04685992375016212
v 0.02061089314520359 -0.01925489492714405 0.04731673747301102
v 0.01989947631955147 -0.01561811193823814 0.04673897102475166
v 0.02034470066428185 -0.01490888092666864 0.04756001383066177
v 0.01986709423363209 -0.01542905718088150 0.04845952242612839
v 0.02168587036430836 -0.02632119506597519 0.04045239835977554
v 0.02188344486057758 -0.02633852884173393 0.04047815874218941
v 0.02184918522834778 -0.02569850534200668 0.04232596978545189
v 0.02223449200391769 -0.02324576675891876 0.04078931733965874
v 0.02135228738188744 -0.02475713752210140 0.04494003579020500
v 0.02147327549755573 -0.02009405940771103 0.04136550053954124
v 0.02153085172176361 -0.01978433690965176 0.04249174892902374
v 0.02172573283314705 -0.01978195272386074 0.04253664612770081
v 0.02201579324901104 -0.01990147493779659 0.04216668754816055
v 0.02173033170402050 -0.02237506955862045 0.04344905912876129
v 0.02144114859402180 -0.02224080264568329 0.04381582513451576
v 0.02168678306043148 -0.01754071749746799 0.04026769846677780
v 0.02174261584877968 -0.01726401038467884 0.04139211773872375
v 0.02193751372396946 -0.01725985854864120 0.04143681377172470
v 0.02222794666886330 -0.01736235991120338 0.04106754064559937
v 0.02060816809535027 -0.01160541642457247 0.04381384700536728
v 0.02089657448232174 -0.01159460190683603 0.04389573261141777
v 0.02108884789049625 -0.01158739067614079 0.04395030811429024
v 0.02128111943602562 -0.01158018875867128 0.04400495439767838
v 0.02082382701337337 -0.00759428692981601 0.04256840795278549
v 0.02021325007081032 -0.00874863192439079 0.04587643221020699
v 0.02040452137589455 -0.00874248798936605 0.04593455046415329
v 0.01989920064806938 -0.00638624513521791 0.04565227776765823
v 0.02084778249263763 -0.00835283473134041 0.04367871955037117
v 0.02104010060429573 -0.00834703538566828 0.04373330622911453
v 0.02104278281331062 -0.00697732530534267 0.04431331902742386
v 0.02115865983068943 -0.00683753471821547 0.04526320844888687
v 0.02127324230968952 -0.00686776079237461 0.04529261961579323
v 0.01941057480871677 -0.00901286862790585 0.04846967011690140
v 0.01960093900561333 -0.00900674611330032 0.04853069409728050
v 0.01960697956383228 -0.00777568947523832 0.04672939702868462
v 0.01956567168235779 -0.00653570331633091 0.04675042629241943
v 0.01824968867003918 -0.00911403633654118 0.05202651396393776
v 0.01843943446874619 -0.00910855922847986 0.05208949744701385
v 0.01819527707993984 -0.00796764809638262 0.05113627016544342
v 0.01847221329808235 -0.00676897447556257 0.05019208043813705
v 0.01973172463476658 -0.00730143906548619 0.04984160512685776
v 0.01895734481513500 -0.00763575034216046 0.05103227496147156
v 0.02020704559981823 -0.00741419522091746 0.04712380468845367
v 0.02020665444433689 -0.00740491691976786 0.04712468013167381
v 0.02022303827106953 -0.00729733379557729 0.04714122042059898
v 0.02027269266545773 -0.00720809912309051 0.04716607928276062
v 0.02015098929405212 -0.00743309175595641 0.04730494320392609
v 0.02035258710384369 -0.00714136101305485 0.04719787836074829
v 0.02044860832393169 -0.00710974819958210 0.04723090678453445
v 0.02026414126157761 -0.00725959008559585 0.04859055578708649
v 0.02077699266374111 -0.00703074224293232 0.04653616622090340
v 0.02055325545370579 -0.00711609749123454 0.04726254567503929
v 0.02074818126857281 -0.00711793079972267 0.04704114794731140
v 0.02103760093450546 -0.00532658724114299 0.04157460108399391
v 0.02043015137314796 -0.00602999562397599 0.04382840543985367
v 0.02091618627309799 -0.00588659336790442 0.04639032483100891
v 0.01990444771945477 -0.00618221890181303 0.04962005093693733
v 0.02194698527455330 -0.01231571007519960 0.03991971537470818
v 0.02210500836372375 -0.01228034868836403 0.04012063518166542
v 0.02156000025570393 -0.01202694606035948 0.04148699715733528
v 0.02175368182361126 -0.01201997417956591 0.04153599217534065
v 0.02186552807688713 -0.01195643097162247 0.04189900308847427
v 0.02222371101379395 -0.01221529114991426 0.04048380255699158
v 0.02170194126665592 -0.00728581892326474 0.04034737870097160
v 0.02189616113901138 -0.00728124054148793 0.04039489850401878
v 0.02143189124763012 -0.00772433169186115 0.04146320000290871
v 0.02162541635334492 -0.00771929649636149 0.04151343181729317
v 0.02168104425072670 -0.00632608588784933 0.04195985570549965
v 0.02138135209679604 -0.00668141571804881 0.04309456422924995
v 0.02139485627412796 -0.00656384835019708 0.04313056170940399
v 0.02144332788884640 -0.00647812243551016 0.04316727444529533
v 0.02152282185852528 -0.00641478784382343 0.04320623353123665
v 0.02161931060254574 -0.00638584885746241 0.04324033483862877
v 0.02172525972127914 -0.00639392156153917 0.04326682165265083
v 0.02157973311841488 -0.00665620341897011 0.04422731325030327
v 0.02213963679969311 -0.00550773739814758 0.04008821770548820
v 0.02213069051504135 -0.00551313441246748 0.04012680426239967
v 0.02214178256690502 -0.00541745871305466 0.04018009081482887
v 0.02177736349403858 -0.00618694024160504 0.04158179834485054
v 0.02178917266428471 -0.00607268046587706 0.04162838310003281
v 0.02207811549305916 -0.00596841378137469 0.04193297773599625
v 0.02198593690991402 -0.00609465269371867 0.04228966683149338
v 0.02143937721848488 -0.00452452665194869 0.03993709385395050
v 0.02218781970441341 -0.00533883320167661 0.04023247957229614
v 0.02226592786610126 -0.00528089748695493 0.04028137773275375
v 0.02236234955489635 -0.00525463651865721 0.04031775891780853
v 0.02246957272291183 -0.00526242749765515 0.04033860936760902
v 0.02265765331685543 -0.00512205576524138 0.04004435986280441
v 0.02223551645874977 -0.00593594135716558 0.04178588092327118
v 0.02215765602886677 -0.00604814197868109 0.04209037125110626
v 0.02265261672437191 -0.00374632491730154 0.03997990861535072
v 0.02229020744562149 -0.00457437150180340 0.04147376865148544
v 0.02173822373151779 -0.00531524885445833 0.04356108978390694
v 0.01842886209487915 -0.00762806180864573 0.05263499543070793
v 0.01844578795135021 -0.00752054341137409 0.05263829603791237
v 0.01849562674760818 -0.00742916110903025 0.05265284329652786
v 0.01857537031173706 -0.00735938781872392 0.05267776176333427
v 0.01867092587053776 -0.00732439290732145 0.05270865932106972
v 0.01881233230233192 -0.00732960039749742 0.05263051390647888
v 0.01878515630960464 -0.00732794636860490 0.05271212384104729
v 0.01875684037804604 -0.00732606882229447 0.05279712751507759
v 0.01884403266012669 -0.00735120708122849 0.05295116826891899
v 0.01906844973564148 -0.00736375246196985 0.05227239429950714
v 0.01872896216809750 -0.00621289713308215 0.05321569740772247
v -0.00064072990790009 -0.05285429581999779 0.06988118588924408
v -0.00090967374853790 -0.05168542638421059 0.06985981017351151
v -0.00042093024239875 -0.05263278260827065 0.07500071823596954
v 0.00076507689664140 -0.05105645954608917 0.07494161278009415
v 0.00149456120561808 -0.05207914486527443 0.07500071078538895
v 0.00194094772450626 -0.05064898729324341 0.07493767887353897
v 0.00242363451980054 -0.05174765363335609 0.07500071078538895
v 0.00249577057547867 -0.05043279007077217 0.07493550330400467
v 0.00347606535069644 -0.05132187157869339 0.07500071078538895
v 0.00469638919457793 -0.04941653832793236 0.07492255419492722
v -0.00081332778790966 -0.05255390331149101 0.08039245009422302
v 0.00108155596535653 -0.05201547220349312 0.08038908243179321
v -0.00034517337917350 -0.05130138620734215 0.08612737804651260
v -0.00090317946160212 -0.05233785137534142 0.08722842484712601
v -0.00066364597296342 -0.05266541987657547 0.08676981925964355
v -0.00036695363814943 -0.05190270021557808 0.08768336474895477
v -0.00092881964519620 -0.05106576904654503 0.08651822805404663
v 0.00006007848060108 -0.05196446925401688 0.08708935976028442
v 0.00026973054627888 -0.05239443480968475 0.08663123100996017
v 0.00029260860173963 -0.05238721892237663 0.08662706613540649
v -0.00047173351049423 -0.04957459867000580 0.08735910803079605
v -0.00086800346616656 -0.04919349402189255 0.08952043950557709
v -0.00039173217373900 -0.04894464462995529 0.08842123299837112
v -0.00035400927299634 -0.04896018281579018 0.08936855942010880
v -0.00025349864154123 -0.04963092878460884 0.08709754049777985
v 0.00007183336856542 -0.04972323030233383 0.08674846589565277
v 0.00023975102521945 -0.04979080706834793 0.08657412230968475
v 0.00039176805876195 -0.04982209578156471 0.08644482493400574
v 0.00006436462717829 -0.04879669472575188 0.08786012977361679
v 0.00031992990989238 -0.04865444451570511 0.08774358779191971
v -0.00014124126755632 -0.04881195724010468 0.08831979334354401
v 0.00011623133468674 -0.04867525398731232 0.08821441233158112
v 0.00037045998033136 -0.04853933677077293 0.08810792118310928
v 0.00017411865701433 -0.04871752485632896 0.08922522515058517
v 0.00104230863507837 -0.05036768689751625 0.08582406491041183
v 0.00100659753661603 -0.05033107846975327 0.08585330843925476
v 0.00121202412992716 -0.05029457807540894 0.08575505018234253
v 0.00192590570077300 -0.05179753527045250 0.08620863407850266
v 0.00133608328178525 -0.05071618780493736 0.08560486137866974
v 0.00171556638088077 -0.05056191235780716 0.08545844256877899
v 0.00104612577706575 -0.05151051282882690 0.08690132945775986
v 0.00046830822248012 -0.05127893388271332 0.08877377957105637
v 0.00166060624178499 -0.05085629969835281 0.08730316162109375
v 0.00051948061445728 -0.04989232867956161 0.08631837368011475
v 0.00130541389808059 -0.04867684096097946 0.08641750365495682
v 0.00144552404526621 -0.04869503527879715 0.08626395463943481
v 0.00206427345983684 -0.04887823760509491 0.08561635017395020
v 0.00181421614252031 -0.04878157749772072 0.08587126433849335
v 0.00200281525030732 -0.04885130748152733 0.08567802608013153
v 0.00169995171017945 -0.04834919795393944 0.08627015352249146
v 0.00184454827103764 -0.04835783317685127 0.08610394597053528
v 0.00198681652545929 -0.04837476462125778 0.08594278246164322
v 0.00196077721193433 -0.04819213598966599 0.08611230552196503
v 0.00058096542488784 -0.04850851744413376 0.08762248605489731
v 0.00116315216291696 -0.04866636916995049 0.08657571673393250
v 0.00076527521014214 -0.04843511804938316 0.08906348049640656
v 0.00083722395356745 -0.04836408793926239 0.08750003576278687
v 0.00088965537725016 -0.04825821146368980 0.08788411319255829
v 0.00109651498496532 -0.04821660742163658 0.08737292885780334
v 0.00115581473801285 -0.04811223596334457 0.08776719123125076
v 0.00062905933009461 -0.04839991033077240 0.08799746632575989
v 0.00162051757797599 -0.04791459813714027 0.08710762113332748
v 0.00135648145806044 -0.04806741327047348 0.08724238723516464
v 0.00143174070399255 -0.04795898124575615 0.08764537423849106
v 0.00189268100075424 -0.04775526374578476 0.08696708828210831
v 0.00172383629251271 -0.04779617115855217 0.08752033114433289
v 0.00208698050118983 -0.05037005990743637 0.08021450787782669
v 0.00305380509234965 -0.05126247182488441 0.08038567006587982
v 0.00477647362276912 -0.05042330920696259 0.08038251847028732
v 0.00372781464830041 -0.04962381348013878 0.08020159602165222
v 0.00527389487251639 -0.04874533042311668 0.08018125593662262
v 0.00500499736517668 -0.04883252829313278 0.08302452415227890
v 0.00482287956401706 -0.04835121706128120 0.08321908861398697
v 0.00479632755741477 -0.04830060899257660 0.08324939012527466
v 0.00313633447512984 -0.05032600089907646 0.08626654744148254
v 0.00341279758140445 -0.05112431198358536 0.08555243164300919
v 0.00215603527612984 -0.05038155615329742 0.08780971914529800
v 0.00212453468702734 -0.04890692979097366 0.08555660396814346
v 0.00226530269719660 -0.04898321628570557 0.08541996777057648
v 0.00219580996781588 -0.04894396662712097 0.08548694849014282
v 0.00236028665676713 -0.04846056178212166 0.08553134649991989
v 0.00286947470158339 -0.04949527606368065 0.08489946275949478
v 0.00283288117498159 -0.04945359006524086 0.08492669463157654
v 0.00261244666762650 -0.04855918511748314 0.08526514470577240
v 0.00267301639541984 -0.04858868941664696 0.08520291000604630
v 0.00255058356560767 -0.04853157326579094 0.08532947301864624
v 0.00274453172460198 -0.04862687736749649 0.08513043820858002
v 0.00281412061303854 -0.04866743460297585 0.08506084978580475
v 0.00224842829629779 -0.04821657761931419 0.08577670902013779
v 0.00222139316610992 -0.04803312569856644 0.08594813942909241
v 0.00236642896197736 -0.04804050922393799 0.08577331155538559
v 0.00250896532088518 -0.04805674031376839 0.08560387045145035
v 0.00262231705710292 -0.04830252751708031 0.08535528928041458
v 0.00281241070479155 -0.04837443307042122 0.08514874428510666
v 0.00276613119058311 -0.04789682105183601 0.08542589098215103
v 0.00273803225718439 -0.04771226271986961 0.08560442924499512
v 0.00247948640026152 -0.04787370935082436 0.08577919751405716
v 0.00315928924828768 -0.04989225417375565 0.08471412956714630
v 0.00307492935098708 -0.04851262271404266 0.08487426489591599
v 0.00337421079166234 -0.04915684089064598 0.08455421775579453
v 0.00340956565923989 -0.04920032992959023 0.08452681452035904
v 0.00366179062984884 -0.04905677959322929 0.08433157950639725
v 0.00362735311500728 -0.04901233315467834 0.08435922116041183
v 0.00293449824675918 -0.04843245819211006 0.08501935005187988
v 0.00319265690632164 -0.04827534034848213 0.08482788503170013
v 0.00326330843381584 -0.04831495508551598 0.08475214987993240
v 0.00333189428783953 -0.04835709556937218 0.08467950671911240
v 0.00332513358443975 -0.04805867373943329 0.08476594835519791
v 0.00344525370746851 -0.04811896011233330 0.08463028818368912
v 0.00339077040553093 -0.04782436043024063 0.08478688448667526
v 0.00358279515057802 -0.04820249229669571 0.08447837084531784
v 0.00357638485729694 -0.04790037497878075 0.08456444740295410
v 0.00363634875975549 -0.04793015867471695 0.08449369668960571
v 0.00364582100883126 -0.04766113311052322 0.08458190411329269
v 0.00354783562943339 -0.04739995300769806 0.08485085517168045
v 0.00288209342397749 -0.04814324155449867 0.08517187088727951
v 0.00307134469039738 -0.04821626096963882 0.08496031910181046
v 0.00302278529852629 -0.04773529991507530 0.08524166792631149
v 0.00288174324668944 -0.04771908372640610 0.08542017638683319
v 0.00313269416801631 -0.04824478924274445 0.08489298820495605
v 0.00313734496012330 -0.04798431321978569 0.08498279005289078
v 0.00300072948448360 -0.04754623770713806 0.08542183786630630
v 0.00327067868784070 -0.04737513512372971 0.08523399382829666
v 0.00328252580948174 -0.04756974056363106 0.08504907786846161
v 0.00341067765839398 -0.04738257080316544 0.08503937721252441
v 0.00258385832421482 -0.05002143234014511 0.08840354532003403
v 0.00217840820550919 -0.04758768528699875 0.08682273328304291
v 0.00285049877129495 -0.04722404107451439 0.08848246186971664
v 0.00470183836296201 -0.05042403191328049 0.08466294407844543
v 0.00368409813381732 -0.04961446300148964 0.08434478938579559
v 0.00392598658800125 -0.04948000609874725 0.08414974063634872
v 0.00387413310818374 -0.04886796325445175 0.08415474742650986
v 0.00390745466575027 -0.04891343787312508 0.08412677049636841
v 0.00415949244052172 -0.04934638366103172 0.08394418656826019
v 0.00411245506256819 -0.04872537404298782 0.08394271135330200
v 0.00414447486400604 -0.04877194017171860 0.08391429483890533
v 0.00438264990225434 -0.04921521246433258 0.08373005688190460
v 0.00437487429007888 -0.04863153398036957 0.08369289338588715
v 0.00434437720105052 -0.04858377948403358 0.08372183889150620
v 0.00422450015321374 -0.04959185048937798 0.08573840558528900
v 0.00407703872770071 -0.04789059236645699 0.08405089378356934
v 0.00376356835477054 -0.04800352454185486 0.08434583991765976
v 0.00383009971119463 -0.04804764688014984 0.08426963537931442
v 0.00369483395479620 -0.04796208441257477 0.08442533016204834
v 0.00382846477441490 -0.04773923009634018 0.08435349166393280
v 0.00394470384344459 -0.04780264571309090 0.08421067893505096
v 0.00372979510575533 -0.04743841663002968 0.08460380882024765
v 0.00390414567664266 -0.04749482870101929 0.08437076956033707
v 0.00413995934650302 -0.04760726541280746 0.08406148105859756
v 0.00426113605499268 -0.04768517613410950 0.08390560746192932
v 0.00419576885178685 -0.04764117300510406 0.08398939669132233
v 0.00432416005060077 -0.04773201420903206 0.08382529765367508
v 0.00408257683739066 -0.04757563024759293 0.08413609117269516
v 0.00459714839234948 -0.04908603057265282 0.08350609242916107
v 0.00371803692542017 -0.04941041767597198 0.08665430545806885
v 0.00415320321917534 -0.04877025261521339 0.08718789368867874
v 0.00451240455731750 -0.04830565676093102 0.08784878253936768
v 0.00480876537039876 -0.04795568808913231 0.08863080292940140
v 0.00502929557114840 -0.04768323153257370 0.08952366560697556
v 0.00367030128836632 -0.04654027149081230 0.08661875128746033
v 0.00406262511387467 -0.04632696509361267 0.08577738702297211
v 0.00496950931847095 -0.04618162289261818 0.08388821035623550
v 0.00520411832258105 -0.04623195528984070 0.08342784643173218
v 0.00487816892564297 -0.04551735520362854 0.08615844696760178
v 0.00520322611555457 -0.04535111039876938 0.08523707091808319
v 0.00420587277039886 -0.04611657932400703 0.08820001780986786
v 0.00494868354871869 -0.04527721181511879 0.08807494491338730
v 0.00579334283247590 -0.05018439143896103 0.07500071078538895
v 0.00551161775365472 -0.04896846041083336 0.07491467148065567
v 0.00718770967796445 -0.04789301007986069 0.07488876581192017
v 0.00825377367436886 -0.04859158024191856 0.07500071823596954
v 0.00841939542442560 -0.04694725200533867 0.07471358031034470
v 0.00840104185044765 -0.04695326462388039 0.07477554678916931
v 0.00840608775615692 -0.04695157334208488 0.07475866377353668
v 0.00837702769786119 -0.04696113616228104 0.07485707104206085
v 0.00773518998175859 -0.04719220846891403 0.07698782533407211
v 0.00835918914526701 -0.04555483907461166 0.07681333273649216
v 0.00839470978826284 -0.04538779333233833 0.07687664777040482
v 0.00940892565995455 -0.04763863980770111 0.07500073313713074
v 0.00986540876328945 -0.04648886248469353 0.06985857337713242
v 0.01110396161675453 -0.04447365552186966 0.07085286080837250
v 0.01107982732355595 -0.04436764121055603 0.07085416465997696
v 0.01108817849308252 -0.04427908733487129 0.07086399197578430
v 0.01124157011508942 -0.04462539032101631 0.07088261842727661
v 0.01116027217358351 -0.04456214979290962 0.07086286693811417
v 0.00884904060512781 -0.04511790350079536 0.07533182203769684
v 0.00886113382875919 -0.04511188343167305 0.07529255747795105
v 0.00883693341165781 -0.04512418806552887 0.07537107169628143
v 0.00888026505708694 -0.04501316696405411 0.07532811909914017
v 0.00885602645576000 -0.04502572491765022 0.07540657371282578
v 0.00887448526918888 -0.04492744430899620 0.07544288784265518
v 0.00888662971556187 -0.04492089152336121 0.07540369778871536
v 0.00889875926077366 -0.04491463676095009 0.07536448538303375
v 0.00872795376926661 -0.04405020922422409 0.07694016396999359
v 0.00924816075712442 -0.04500238224864006 0.07698640972375870
v 0.00922649726271629 -0.04489341378211975 0.07699131220579147
v 0.00923398137092590 -0.04482038319110870 0.07700116187334061
v 0.00901595223695040 -0.04400226846337318 0.07583804428577423
v 0.00907311029732227 -0.04368710517883301 0.07591111212968826
v 0.00985429901629686 -0.04634025692939758 0.07500862330198288
v 0.00977962370961905 -0.04631663113832474 0.07531718909740448
v 0.00930843874812126 -0.04509913921356201 0.07699430733919144
v 0.00939030852168798 -0.04516238346695900 0.07701215147972107
v 0.01002994179725647 -0.04515209794044495 0.07569775730371475
v 0.00935487542301416 -0.04385376349091530 0.07474509626626968
v 0.01009152363985777 -0.04475120082497597 0.07417292892932892
v 0.01006729155778885 -0.04464521631598473 0.07417473942041397
v 0.01007480453699827 -0.04456002265214920 0.07418435066938400
v 0.00983469188213348 -0.04483401030302048 0.07503677904605865
v 0.00988974887877703 -0.04491697624325752 0.07504590600728989
v 0.00984856300055981 -0.04470842704176903 0.07490042597055435
v 0.00987285375595093 -0.04481439292430878 0.07489839941263199
v 0.00985573697835207 -0.04462377354502678 0.07491075247526169
v 0.00980754289776087 -0.04472714290022850 0.07503813505172729
v 0.00978671573102474 -0.04483041539788246 0.07517426460981369
v 0.00977229047566652 -0.04478212818503380 0.07517426460981369
v 0.00977316871285439 -0.04464835301041603 0.07518637925386429
v 0.00982770789414644 -0.04490436241030693 0.07517990469932556
v 0.00992935709655285 -0.04490285366773605 0.07490759342908859
v 0.00996568240225315 -0.04497975856065750 0.07507869601249695
v 0.01001086458563805 -0.04496607556939125 0.07492653280496597
v 0.00992828421294689 -0.04499055445194244 0.07520224899053574
v 0.00953482370823622 -0.04472127184271812 0.07598725706338882
v 0.00913264788687229 -0.04253331199288368 0.07662037014961243
v 0.00910938810557127 -0.04255240410566330 0.07669218629598618
v 0.00912103615701199 -0.04254252463579178 0.07665629684925079
v 0.00913117080926895 -0.04230789840221405 0.07678696513175964
v 0.00910812430083752 -0.04232736676931381 0.07685809582471848
v 0.00911408290266991 -0.04209696501493454 0.07699500024318695
v 0.00910265278071165 -0.04210724681615829 0.07703018188476562
v 0.00912547204643488 -0.04208742454648018 0.07695976644754410
v 0.00911750737577677 -0.04190938919782639 0.07710769772529602
v 0.00989378988742828 -0.04275532066822052 0.07487024366855621
v 0.01008255127817392 -0.04279502481222153 0.07492309808731079
v 0.01010133791714907 -0.04270030558109283 0.07492703944444656
v 0.00991002190858126 -0.04321959242224693 0.07596256583929062
v 0.00992035586386919 -0.04270026087760925 0.07632037252187729
v 0.00989355705678463 -0.04194705933332443 0.07693269848823547
v 0.00989542994648218 -0.04102919995784760 0.07486592233181000
v 0.00995100289583206 -0.04061349481344223 0.07489030808210373
v 0.01042731851339340 -0.04465702921152115 0.07306583970785141
v 0.01048368588089943 -0.04474551975727081 0.07307554781436920
v 0.01040314789861441 -0.04455102607607841 0.07306740432977676
v 0.01041090954095125 -0.04446490108966827 0.07307700067758560
v 0.01056505460292101 -0.04480876773595810 0.07309498637914658
v 0.01102878898382187 -0.04486595094203949 0.07238744199275970
v 0.01022882014513016 -0.04509226605296135 0.07503142952919006
v 0.01014796365052462 -0.04483968019485474 0.07418235391378403
v 0.01022940594702959 -0.04490291327238083 0.07420151680707932
v 0.01087770890444517 -0.04249375686049461 0.07168331742286682
v 0.01106569077819586 -0.04253493249416351 0.07173782587051392
v 0.01041875965893269 -0.04204359278082848 0.07500953227281570
v 0.01017635874450207 -0.04108987003564835 0.07495360076427460
v 0.00660394877195358 -0.04779447242617607 0.08017467707395554
v 0.00659673055633903 -0.04780169576406479 0.08015047013759613
v 0.00574986776337028 -0.04834926128387451 0.08191055059432983
v 0.00638801837339997 -0.04943842068314552 0.08037859946489334
v 0.00613543856889009 -0.04747471585869789 0.08142521977424622
v 0.00651790294796228 -0.04720434173941612 0.08080796897411346
v 0.00651724776253104 -0.04713126644492149 0.08084800094366074
v 0.00661184359341860 -0.04713538289070129 0.08065250515937805
v 0.00661360006779432 -0.04705971851944923 0.08069330453872681
v 0.00741311814635992 -0.04733607172966003 0.07799868285655975
v 0.00701440218836069 -0.04754791036248207 0.07913332432508469
v 0.00778685277327895 -0.04839015752077103 0.07995790243148804
v 0.00689080590382218 -0.04899312183260918 0.08188965916633606
v 0.00695944018661976 -0.04808359965682030 0.08257051557302475
v 0.00727394549176097 -0.04704840108752251 0.08278018236160278
v 0.00782449543476105 -0.04737694934010506 0.08097401261329651
v 0.00582029949873686 -0.04972438514232635 0.08351207524538040
v 0.00530101405456662 -0.04877898842096329 0.08500868827104568
v 0.00578260980546474 -0.04756665974855423 0.08546043932437897
v 0.00604569679126143 -0.04678136855363846 0.08508446067571640
v 0.00582290813326836 -0.04676730930805206 0.08570272475481033
v 0.00576716894283891 -0.04675442725419998 0.08636824786663055
v 0.00587455043569207 -0.04682473465800285 0.08614209294319153
v 0.00590088637545705 -0.04683597385883331 0.08572869747877121
v 0.00602337671443820 -0.04688090085983276 0.08598849177360535
v 0.00598027603700757 -0.04685353487730026 0.08619503676891327
v 0.00595975480973721 -0.04683306813240051 0.08632226288318634
v 0.00632728729397058 -0.04791665822267532 0.08403342962265015
v 0.00645152432844043 -0.04676200449466705 0.08443683385848999
v 0.00642063841223717 -0.04677609354257584 0.08450175076723099
v 0.00612586969509721 -0.04684612900018692 0.08511359244585037
v 0.00615419726818800 -0.04685949161648750 0.08512440323829651
v 0.00615229504182935 -0.04685981199145317 0.08512942492961884
v 0.00628567812964320 -0.04691710323095322 0.08520544320344925
v 0.00642347102984786 -0.04689917713403702 0.08489811420440674
v 0.00566813070327044 -0.04646262153983116 0.08253818750381470
v 0.00548826577141881 -0.04638025909662247 0.08286037296056747
v 0.00572698377072811 -0.04657194763422012 0.08239157497882843
v 0.00582213839516044 -0.04669206589460373 0.08219378441572189
v 0.00584888737648726 -0.04667222499847412 0.08216243982315063
v 0.00594739103689790 -0.04535209015011787 0.08316104859113693
v 0.00665385369211435 -0.04602422937750816 0.08123784512281418
v 0.00653619831427932 -0.04591809585690498 0.08151659369468689
v 0.00649944180622697 -0.04577958956360817 0.08168558031320572
v 0.00635162042453885 -0.04566853865981102 0.08203677088022232
v 0.00613720063120127 -0.04544661194086075 0.08265592902898788
v 0.00729334261268377 -0.04656741768121719 0.07945460826158524
v 0.00731401424854994 -0.04646309465169907 0.07950211316347122
v 0.00782859604805708 -0.04601930454373360 0.07829622924327850
v 0.00780123798176646 -0.04594250395894051 0.07849598675966263
v 0.00786036252975464 -0.04588005691766739 0.07835104316473007
v 0.00846985075622797 -0.04512744024395943 0.07945301383733749
v 0.00834440905600786 -0.04462801665067673 0.07792505621910095
v 0.00799269974231720 -0.04432651400566101 0.07946375757455826
v 0.00797718018293381 -0.04404670372605324 0.07974664866924286
v 0.00796996615827084 -0.04380108416080475 0.07996773719787598
v 0.00813394691795111 -0.04410120472311974 0.07917678356170654
v 0.00839344691485167 -0.04339716210961342 0.07882958650588989
v 0.00737084727734327 -0.04525916650891304 0.08039145916700363
v 0.00734227104112506 -0.04504389315843582 0.08063276112079620
v 0.00756918918341398 -0.04560019448399544 0.08189003914594650
v 0.00722497329115868 -0.04468415677547455 0.08120954781770706
v 0.00732701877132058 -0.04485399276018143 0.08082718402147293
v 0.00708804652094841 -0.04432130232453346 0.08188699185848236
v 0.00695107784122229 -0.04413658380508423 0.08244141936302185
v 0.00766359735280275 -0.04378761723637581 0.08205096423625946
v 0.00775595894083381 -0.04549361765384674 0.08143453299999237
v 0.00798210501670837 -0.04569647461175919 0.08102906495332718
v 0.00792025867849588 -0.04560044780373573 0.08102570474147797
v 0.00789569597691298 -0.04549280926585197 0.08103905618190765
v 0.00806395988911390 -0.04575971141457558 0.08104700595140457
v 0.00812491588294506 -0.04622917994856834 0.08125133067369461
v 0.00787037238478661 -0.04611338302493095 0.08211551606655121
v 0.00779232056811452 -0.04615940153598785 0.08228988200426102
v 0.00784891657531261 -0.04495668783783913 0.08168460428714752
v 0.00790551397949457 -0.04353210702538490 0.08038481324911118
v 0.00787073839455843 -0.04382670670747757 0.08204358071088791
v 0.00796621292829514 -0.04381567239761353 0.08247603476047516
v 0.00838287919759750 -0.04312290623784065 0.07907633483409882
v 0.00832662638276815 -0.04277858883142471 0.07952725142240524
v 0.00747812772169709 -0.04224019870162010 0.08293755352497101
v 0.00780769111588597 -0.04299765080213547 0.08112451434135437
v 0.00770047027617693 -0.04269374907016754 0.08173161000013351
v 0.00822517182677984 -0.04215559363365173 0.08032549172639847
v 0.00811557099223137 -0.04178402200341225 0.08098309487104416
v 0.00781388673931360 -0.04285842552781105 0.08246316760778427
v 0.00800081901252270 -0.04290911555290222 0.08251304179430008
v 0.00830470025539398 -0.04131986945867538 0.08060114085674286
v 0.00788050144910812 -0.04122891277074814 0.08229222148656845
v 0.00805896800011396 -0.04071170091629028 0.08196938782930374
v 0.00841600634157658 -0.04055028036236763 0.08198942989110947
v 0.00834469590336084 -0.04058618098497391 0.08227401226758957
v 0.00824337359517813 -0.04063799232244492 0.08268247544765472
v 0.00843621697276831 -0.04066972434520721 0.08272504061460495
v 0.00564329558983445 -0.04658742621541023 0.08632365614175797
v 0.00563526106998324 -0.04647365212440491 0.08630234003067017
v 0.00568524468690157 -0.04634227603673935 0.08628477156162262
v 0.00566412368789315 -0.04637831076979637 0.08628871291875839
v 0.00596891902387142 -0.04657495394349098 0.08506450802087784
v 0.00598390027880669 -0.04647620394825935 0.08507604151964188
v 0.00599041674286127 -0.04668894782662392 0.08506700396537781
v 0.00599902914837003 -0.04643795639276505 0.08508430421352386
v 0.00577305303886533 -0.04667232558131218 0.08568285405635834
v 0.00578370224684477 -0.04645982012152672 0.08567223697900772
v 0.00580307608470321 -0.04642260447144508 0.08567309379577637
v 0.00569015834480524 -0.04668328911066055 0.08634637296199799
v 0.00569759774953127 -0.04635904356837273 0.08618872612714767
v 0.00604282552376390 -0.04491042345762253 0.08640388399362564
v 0.00637171231210232 -0.04670393466949463 0.08440828323364258
v 0.00664814561605453 -0.04665225744247437 0.08404525369405746
v 0.00663829408586025 -0.04644719138741493 0.08380408585071564
v 0.00659608887508512 -0.04634460061788559 0.08382030576467514
v 0.00665738247334957 -0.04647557064890862 0.08380390703678131
v 0.00658881943672895 -0.04624636098742485 0.08385510742664337
v 0.00659491308033466 -0.04620912298560143 0.08387344330549240
v 0.00670801009982824 -0.04653079062700272 0.08381140232086182
v 0.00676436861976981 -0.04657121747732162 0.08382809907197952
v 0.00688416464254260 -0.04661605879664421 0.08383184671401978
v 0.00670553324744105 -0.04552975296974182 0.08442364633083344
v 0.00632275501266122 -0.04507523775100708 0.08573461323976517
v 0.00638882163912058 -0.04381891712546349 0.08472187817096710
v 0.00678148446604609 -0.04448863491415977 0.08420205116271973
v 0.00668885186314583 -0.04388444498181343 0.08353995531797409
v 0.00639112154021859 -0.04484478756785393 0.08501631766557693
v 0.00647854292765260 -0.04488695040345192 0.08504039049148560
v 0.00645438535138965 -0.04478810727596283 0.08488396555185318
v 0.00614916300401092 -0.04498450830578804 0.08569418638944626
v 0.00614204537123442 -0.04386720433831215 0.08573026210069656
v 0.00656608818098903 -0.04492901265621185 0.08506420254707336
v 0.00662998575717211 -0.04487058892846107 0.08493255823850632
v 0.00681974552571774 -0.04482028633356094 0.08516532182693481
v 0.00686306506395340 -0.04429929330945015 0.08603686094284058
v 0.00567860901355743 -0.04624464735388756 0.08750069886445999
v 0.00566602963954210 -0.04613829776644707 0.08745603263378143
v 0.00572909973561764 -0.04633602872490883 0.08753236383199692
v 0.00583912059664726 -0.04657288640737534 0.08721498399972916
v 0.00580859044566751 -0.04640570655465126 0.08754956722259521
v 0.00571045372635126 -0.04601815342903137 0.08739554136991501
v 0.00569090526551008 -0.04605075344443321 0.08741330355405807
v 0.00595408072695136 -0.04658056423068047 0.08728428184986115
v 0.00597855821251869 -0.04651573300361633 0.08745224773883820
v 0.00589273497462273 -0.04641685634851456 0.08760388195514679
v 0.00600756146013737 -0.04644826799631119 0.08760929107666016
v 0.00602348661050200 -0.04611926525831223 0.08815007656812668
v 0.00594273861497641 -0.04549269750714302 0.08835411071777344
v 0.00593101093545556 -0.04556680470705032 0.08842103928327560
v 0.00595756666734815 -0.04565807059407234 0.08848758786916733
v 0.00601821858435869 -0.04573763534426689 0.08853109925985336
v 0.00606050528585911 -0.04523443430662155 0.08858007192611694
v 0.00564102083444595 -0.04422863200306892 0.08796479552984238
v 0.00608472712337971 -0.04463735967874527 0.08704011142253876
v 0.00622446974739432 -0.04600194096565247 0.08837211132049561
v 0.00610354728996754 -0.04579949378967285 0.08855014294385910
v 0.00615891441702843 -0.04582417383790016 0.08854947984218597
v 0.00614004302769899 -0.04504680633544922 0.08880478143692017
v 0.00639457115903497 -0.04564117640256882 0.08878918737173080
v 0.00633038533851504 -0.04543328657746315 0.08894835412502289
v 0.00647742021828890 -0.04543896391987801 0.08906842023134232
v 0.00656699482351542 -0.04524891823530197 0.08912797272205353
v 0.00662634614855051 -0.04510687664151192 0.08922860026359558
v 0.00621710438281298 -0.04500347748398781 0.08643499016761780
v 0.00626186607405543 -0.04472683370113373 0.08706494420766830
v 0.00641661835834384 -0.04426193982362747 0.08757256716489792
v 0.00623540906235576 -0.04418047890067101 0.08754961192607880
v 0.00644667912274599 -0.04357828199863434 0.08786421269178391
v 0.00685651088133454 -0.04392702877521515 0.08702386915683746
v 0.00663189589977264 -0.04364988207817078 0.08788803964853287
v 0.00673327548429370 -0.04335655644536018 0.08795113861560822
v 0.00621616095304489 -0.04486668109893799 0.08889407664537430
v 0.00639579538255930 -0.04463847726583481 0.08933346718549728
v 0.00646838778629899 -0.04469682276248932 0.08939029276371002
v 0.00635715387761593 -0.04450938478112221 0.08912084251642227
v 0.00634924648329616 -0.04452650249004364 0.08915831893682480
v 0.00635287445038557 -0.04457514733076096 0.08924623578786850
v 0.00656062923371792 -0.04474537074565887 0.08941487967967987
v 0.00667118467390537 -0.04456989839673042 0.08951049298048019
v 0.00680636707693338 -0.04368252307176590 0.08811344951391220
v 0.00675686961039901 -0.04337028041481972 0.08948623389005661
v 0.00682743452489376 -0.04292017221450806 0.08687982708215714
v 0.00654649641364813 -0.04328940436244011 0.08792656660079956
v 0.00661552697420120 -0.04189249873161316 0.08776655048131943
v 0.00699506001546979 -0.04665752127766609 0.08383497595787048
v 0.00690851593390107 -0.04426798596978188 0.08407263457775116
v 0.00700257718563080 -0.04452445730566978 0.08416181802749634
v 0.00708805769681931 -0.04433950409293175 0.08412411063909531
v 0.00691828969866037 -0.04343330487608910 0.08536027371883392
v 0.00710173137485981 -0.04350287094712257 0.08539912849664688
v 0.00722880335524678 -0.04197219014167786 0.08422782272100449
v 0.00768545689061284 -0.04187563061714172 0.08404654264450073
v 0.00702394032850862 -0.04186020419001579 0.08532822132110596
v 0.00762279005721211 -0.04085583239793777 0.08368670195341110
v 0.00741104036569595 -0.04066392406821251 0.08487570285797119
v 0.00757645582780242 -0.04004718735814095 0.08465011417865753
v 0.00745663419365883 -0.04125933721661568 0.08590894192457199
v 0.00745748821645975 -0.04106989130377769 0.08613321930170059
v 0.00764868874102831 -0.04130262508988380 0.08594419062137604
v 0.00754628470167518 -0.04101679101586342 0.08570494502782822
v 0.00765037583187222 -0.04111007601022720 0.08616755902767181
v 0.00796287786215544 -0.04295358061790466 0.08344516903162003
v 0.00787511188536882 -0.04192285612225533 0.08408898860216141
v 0.00787764973938465 -0.04231681302189827 0.08457381278276443
v 0.00774150947108865 -0.04186410829424858 0.08584538847208023
v 0.00779411243274808 -0.04028215631842613 0.08341643214225769
v 0.00773944426327944 -0.04105527326464653 0.08573977649211884
v 0.00701460801064968 -0.04298403859138489 0.08690961450338364
v 0.00701065454632044 -0.04246399924159050 0.08804471790790558
v 0.00716977147385478 -0.04125975817441940 0.08763389289379120
v 0.00715039344504476 -0.04127268865704536 0.08774404227733612
v 0.00713092368096113 -0.04128809273242950 0.08785257488489151
v 0.00710987951606512 -0.04130434989929199 0.08797195553779602
v 0.00698980176821351 -0.04054083302617073 0.08751042932271957
v 0.00750586390495300 -0.04120351001620293 0.08689469099044800
v 0.00736301252618432 -0.04130226001143456 0.08766306936740875
v 0.00734359445050359 -0.04131566733121872 0.08777278661727905
v 0.00732421362772584 -0.04133088141679764 0.08788099139928818
v 0.00757250282913446 -0.04157552495598793 0.08724448084831238
v 0.00708232307806611 -0.04135103523731232 0.08809057623147964
v 0.00708891963586211 -0.04132073745131493 0.08809227496385574
v 0.00717814872041345 -0.04137649014592171 0.08810412883758545
v 0.00727390591055155 -0.04140220955014229 0.08811767399311066
v 0.00728212762624025 -0.04136449843645096 0.08811977505683899
v 0.00730312941595912 -0.04134762659668922 0.08799992501735687
v 0.00738531909883022 -0.04143731296062469 0.08875597268342972
v 0.00858832057565451 -0.04794579371809959 0.07770545780658722
v 0.00858965795487165 -0.04678316414356232 0.07914295047521591
v 0.00926399976015091 -0.04511480033397675 0.07714289426803589
v 0.00859390944242477 -0.04526231065392494 0.07910066097974777
v 0.00857114885002375 -0.04515377804636955 0.07910906523466110
v 0.00857831165194511 -0.04507845640182495 0.07912236452102661
v 0.00865485705435276 -0.04535879567265511 0.07910643517971039
v 0.00873684976249933 -0.04542198777198792 0.07912389934062958
v 0.00869395025074482 -0.04566908255219460 0.07999108731746674
v 0.00903256889432669 -0.04551345482468605 0.07897575944662094
v 0.00918942783027887 -0.04483599960803986 0.07715024799108505
v 0.00918196514248848 -0.04490910843014717 0.07714023441076279
v 0.00920368358492851 -0.04501805454492569 0.07713513076305389
v 0.00898228213191032 -0.04365894570946693 0.07901358604431152
v 0.00934588350355625 -0.04517804086208344 0.07716067880392075
v 0.00886430777609348 -0.04283024370670319 0.07741963118314743
v 0.00878886505961418 -0.04258393868803978 0.07791890949010849
v 0.00887991581112146 -0.04236616939306259 0.07769172638654709
v 0.00877676904201508 -0.04225490242242813 0.07819319516420364
v 0.00886667799204588 -0.04202498868107796 0.07797282189130783
v 0.00896214600652456 -0.04223631694912910 0.07745884358882904
v 0.00909488741308451 -0.04192962870001793 0.07717742770910263
v 0.00909553747624159 -0.04174524545669556 0.07729468494653702
v 0.00908430758863688 -0.04175597056746483 0.07732916623353958
v 0.00894724391400814 -0.04188937321305275 0.07774635404348373
v 0.00910672266036272 -0.04173532500863075 0.07726015150547028
v 0.00865762308239937 -0.04320275411009789 0.07903636246919632
v 0.00884587783366442 -0.04324579611420631 0.07908826321363449
v 0.00871936790645123 -0.04185949265956879 0.07867652177810669
v 0.00864431820809841 -0.04234729707241058 0.07977437227964401
v 0.00883368495851755 -0.04238629713654518 0.07982557266950607
v 0.00890773162245750 -0.04192960634827614 0.07907892763614655
v 0.00909848324954510 -0.04196428135037422 0.07912812381982803
v 0.00899686943739653 -0.04229488223791122 0.08007812500000000
v 0.00889103952795267 -0.04142491519451141 0.07824868708848953
v 0.00881073810160160 -0.04159076884388924 0.07846591621637344
v 0.00908598583191633 -0.04148409888148308 0.07749401032924652
v 0.00906391628086567 -0.04150529205799103 0.07756190001964569
v 0.00904924515634775 -0.04125189781188965 0.07776969671249390
v 0.00903836637735367 -0.04126320034265518 0.07780303061008453
v 0.00906007178127766 -0.04124149680137634 0.07773630321025848
v 0.00861794501543045 -0.04106470942497253 0.07953897863626480
v 0.00870558898895979 -0.04076961427927017 0.07934343814849854
v 0.00878077186644077 -0.04060097411274910 0.07913979142904282
v 0.00884487573057413 -0.04017897695302963 0.07913479208946228
v 0.00859010219573975 -0.04026948660612106 0.08006736636161804
v 0.00866186246275902 -0.04008751735091209 0.07987624406814575
v 0.00891562178730965 -0.04043537005782127 0.07873009145259857
v 0.00892572198063135 -0.04042420163750648 0.07869888097047806
v 0.00890545733273029 -0.04044762253761292 0.07876123487949371
v 0.00915050040930510 -0.04019064083695412 0.07915709912776947
v 0.00980559457093477 -0.04113709181547165 0.07774505019187927
v 0.00972286425530910 -0.04065917059779167 0.07831911742687225
v 0.00934259407222271 -0.04021454229950905 0.07920735329389572
v 0.00857550464570522 -0.04158242791891098 0.08061099797487259
v 0.00876606442034245 -0.04161788150668144 0.08066031336784363
v 0.00887224823236465 -0.04124825075268745 0.08134660124778748
v 0.00850448012351990 -0.04059273004531860 0.08024945855140686
v 0.00881359819322824 -0.04035447165369987 0.08043663203716278
v 0.00860850699245930 -0.04045706987380981 0.08122991770505905
v 0.00860865414142609 -0.04058006778359413 0.08203414827585220
v 0.00853679887950420 -0.04061707109212875 0.08232052624225616
v 0.00866081379354000 -0.04045921191573143 0.08280063420534134
v 0.01036389451473951 -0.03947338089346886 0.07505641132593155
v 0.01044344436377287 -0.03850157186388969 0.07512504607439041
v 0.01055507920682430 -0.03949497267603874 0.07511100172996521
v 0.01079162303358316 -0.03900748491287231 0.07519864290952682
v 0.01050301827490330 -0.03753248602151871 0.07519746571779251
v 0.01022063475102186 -0.03744828328490257 0.07511305809020996
v 0.01069455780088902 -0.03754686191678047 0.07525318861007690
v 0.01030070241540670 -0.03485223278403282 0.07532977312803268
v 0.01058824453502893 -0.03486289456486702 0.07541465759277344
v 0.01077993959188461 -0.03487000986933708 0.07547124475240707
v 0.01058737933635712 -0.03343966230750084 0.07555161416530609
v 0.01077845320105553 -0.03337819501757622 0.07561486214399338
v 0.01097163464874029 -0.03487712889909744 0.07552783191204071
v 0.01025908067822456 -0.03157492727041245 0.07567759603261948
v 0.01054719462990761 -0.03158213198184967 0.07576113194227219
v 0.01073909457772970 -0.03158136084675789 0.07581750303506851
v 0.01051206514239311 -0.03057681955397129 0.07589165121316910
v 0.01070411223918200 -0.03057686239480972 0.07594748586416245
v 0.01089242845773697 -0.03047947958111763 0.07601659744977951
v 0.01093118451535702 -0.03157960623502731 0.07587415724992752
v 0.01013124268501997 -0.02846070565283298 0.07613001018762589
v 0.01012419350445271 -0.02831276319921017 0.07615505158901215
v 0.01041292585432529 -0.02831757441163063 0.07623644173145294
v 0.01060520857572556 -0.02831632271409035 0.07629146426916122
v 0.01079780235886574 -0.02831427007913589 0.07634669542312622
v 0.01073806826025248 -0.02706569246947765 0.07657020539045334
v 0.00825826358050108 -0.03985746204853058 0.08166730403900146
v 0.00840292312204838 -0.03928777575492859 0.08134701848030090
v 0.00799011252820492 -0.03931475430727005 0.08317059278488159
v 0.00806584581732750 -0.03889926895499229 0.08304333686828613
v 0.00808734633028507 -0.03830659762024879 0.08331494033336639
v 0.00812282413244247 -0.03867863118648529 0.08290372043848038
v 0.00820934306830168 -0.03850937634706497 0.08263652026653290
v 0.00821636803448200 -0.03849573060870171 0.08261471986770630
v 0.00822329241782427 -0.03848376870155334 0.08259280771017075
v 0.00767576741054654 -0.03777444735169411 0.08577820658683777
v 0.00776974391192198 -0.03898988291621208 0.08445198088884354
v 0.00784162245690823 -0.03853722661733627 0.08434812724590302
v 0.00789261981844902 -0.03830213099718094 0.08423050493001938
v 0.00840512942522764 -0.03988233208656311 0.08442332595586777
v 0.00813160184770823 -0.03949885815382004 0.08619797229766846
v 0.00796655472368002 -0.03813338279724121 0.08400141447782516
v 0.00797258969396353 -0.03811996802687645 0.08398246020078659
v 0.00797851849347353 -0.03810841962695122 0.08396337926387787
v 0.00839333888143301 -0.03692974150180817 0.08386232703924179
v 0.00714352307841182 -0.03983948379755020 0.08738387376070023
v 0.00733199296519160 -0.03859638795256615 0.08729131519794464
v 0.00755154946818948 -0.03837294504046440 0.08821923285722733
v 0.00748229399323463 -0.03764628246426582 0.08702594041824341
v 0.00726065970957279 -0.03751531615853310 0.08868652582168579
v 0.00763203483074903 -0.03725669533014297 0.08826888352632523
v 0.00786225870251656 -0.03929742425680161 0.08810755610466003
v 0.00775514217093587 -0.03832520917057991 0.08824893087148666
v 0.00827209744602442 -0.03771338611841202 0.08649277687072754
v 0.00787167903035879 -0.03753871098160744 0.08944933116436005
v 0.00782991480082273 -0.03726716712117195 0.08829589933156967
v 0.00836518406867981 -0.03530789539217949 0.08416246622800827
v 0.00843773875385523 -0.03533964231610298 0.08482061326503754
v 0.00845950935035944 -0.03538669645786285 0.08578208088874817
v 0.00794391240924597 -0.03371528163552284 0.08450135588645935
v 0.00786874722689390 -0.03380959853529930 0.08633621782064438
v 0.00806411169469357 -0.03379253298044205 0.08637550473213196
v 0.00763276545330882 -0.03544602543115616 0.08643876761198044
v 0.00763353379443288 -0.03555319085717201 0.08837278187274933
v 0.00714043667539954 -0.03398702666163445 0.08877819776535034
v 0.00745070073753595 -0.03371896222233772 0.08855634927749634
v 0.00764662213623524 -0.03369566798210144 0.08858913183212280
v 0.00783144310116768 -0.03554712980985641 0.08840101957321167
v 0.00810247194021940 -0.03381802514195442 0.08724416792392731
v 0.00685534020885825 -0.03226671740412712 0.08907227963209152
v 0.00681491754949093 -0.03014285489916801 0.08937066048383713
v 0.00758008426055312 -0.03036453202366829 0.08521148562431335
v 0.00778034934774041 -0.03199162706732750 0.08478487282991409
v 0.00836086459457874 -0.03026079945266247 0.08352623134851456
v 0.00765067851170897 -0.03207992762327194 0.08663175255060196
v 0.00713093252852559 -0.03179831430315971 0.08889272063970566
v 0.00732530001550913 -0.03177111595869064 0.08893122524023056
v 0.00739422487094998 -0.03046451695263386 0.08709502965211868
v 0.00758718606084585 -0.03044803626835346 0.08714502304792404
v 0.00700895348563790 -0.03012109361588955 0.08941396325826645
v 0.00757403578609228 -0.03047823905944824 0.08804133534431458
v 0.00784451235085726 -0.03205981478095055 0.08667676150798798
v 0.00785661395639181 -0.03208102285861969 0.08755271136760712
v 0.00737295020371675 -0.02884762547910213 0.08578401058912277
v 0.00819509290158749 -0.02873727679252625 0.08404590934514999
v 0.00838678516447544 -0.02873640879988670 0.08410295844078064
v 0.00839888770133257 -0.02876951172947884 0.08476901054382324
v 0.00713871931657195 -0.02897313795983791 0.08772726356983185
v 0.00733138713985682 -0.02896475419402122 0.08778035640716553
v 0.00729499990120530 -0.02901242673397064 0.08870430290699005
v 0.00690760882571340 -0.02759688533842564 0.08850678801536560
v 0.00710022728890181 -0.02759846486151218 0.08856070786714554
v 0.00704745575785637 -0.02766948379576206 0.08952099084854126
v 0.00878871232271194 -0.03991502523422241 0.07948996126651764
v 0.00879818014800549 -0.03990352898836136 0.07946057617664337
v 0.00877917557954788 -0.03992771729826927 0.07951927185058594
v 0.00894639641046524 -0.03804050385951996 0.07959808409214020
v 0.00973812211304903 -0.03981750458478928 0.07717289030551910
v 0.00972851458936930 -0.03982317820191383 0.07720541208982468
v 0.00971885863691568 -0.03982875123620033 0.07723816484212875
v 0.00947260577231646 -0.03970418870449066 0.07976704835891724
v 0.00940149649977684 -0.03694276511669159 0.07934618741273880
v 0.00959262810647488 -0.03701110556721687 0.07939077913761139
v 0.00960885174572468 -0.03662090003490448 0.07941873371601105
v 0.00860305596143007 -0.03937957435846329 0.08049978315830231
v 0.00858741160482168 -0.03926491737365723 0.08062560111284256
v 0.00850433483719826 -0.03912252932786942 0.08103600889444351
v 0.00910236779600382 -0.03880777582526207 0.08171760290861130
v 0.00895736832171679 -0.03775747492909431 0.08279161155223846
v 0.00941517483443022 -0.03660999983549118 0.07937006652355194
v 0.00945860333740711 -0.03505299612879753 0.07946537435054779
v 0.00965215824544430 -0.03506039083003998 0.07951521128416061
v 0.00862549245357513 -0.03515950217843056 0.08158233016729355
v 0.00951904524117708 -0.03512902930378914 0.08085934072732925
v 0.00869823247194290 -0.03814967349171638 0.08391596376895905
v 0.00858918391168118 -0.03693932294845581 0.08390174061059952
v 0.00896587874740362 -0.03175853192806244 0.08028893917798996
v 0.00851453747600317 -0.03189033269882202 0.08312493562698364
v 0.00870768725872040 -0.03188273683190346 0.08317630738019943
v 0.00875402241945267 -0.02856870181858540 0.08105525374412537
v 0.00875005777925253 -0.03189989179372787 0.08380535989999771
v 0.00855309143662453 -0.03025536425411701 0.08358120173215866
v 0.00857972353696823 -0.03027820959687233 0.08422639220952988
v -0.00075553345959634 -0.04951957613229752 0.09069303423166275
v -0.00046060603926890 -0.04940834268927574 0.09065643697977066
v -0.00108735810499638 -0.04985921457409859 0.09124416112899780
v -0.00076887890463695 -0.05001794546842575 0.09178864955902100
v -0.00066229625372216 -0.04998201131820679 0.09178771078586578
v -0.00045922055142000 -0.04964051023125648 0.09120371937751770
v -0.00013824724010192 -0.04928190261125565 0.09061917662620544
v 0.00114386831410229 -0.05082994326949120 0.09006200730800629
v 0.00075468537397683 -0.05093773081898689 0.09146555513143539
v 0.00145730457734317 -0.05065193399786949 0.09076362103223801
v 0.00140411779284477 -0.05068877339363098 0.09145896881818771
v 0.00114426913205534 -0.04921447485685349 0.09178417921066284
v 0.00206183246336877 -0.04817444086074829 0.09037123620510101
v 0.00250953575596213 -0.05015758424997330 0.09145416319370270
v 0.00259778252802789 -0.05002363026142120 0.09070078283548355
v 0.00256862537935376 -0.04830459505319595 0.09180586040019989
v 0.00328266411088407 -0.04948817938566208 0.08982515335083008
v 0.00357240997254848 -0.04929371550679207 0.09063994884490967
v 0.00345659465529025 -0.04953895509243011 0.09145978838205338
v 0.00357790896669030 -0.04700442403554916 0.09026940912008286
v 0.00374408997595310 -0.04930810257792473 0.09146405756473541
v 0.00424089981243014 -0.04884634912014008 0.09147518128156662
v 0.00384397874586284 -0.04709785059094429 0.09185557067394257
v 0.00412282766774297 -0.04736987873911858 0.09175918251276016
v 0.00410142634063959 -0.04678661748766899 0.09187059849500656
v 0.00458692666143179 -0.04846783727407455 0.09148631989955902
v 0.00517906807363033 -0.04750017821788788 0.09050961583852768
v 0.00487770000472665 -0.04810629040002823 0.09149826318025589
v 0.00442199921235442 -0.04607225954532623 0.09024047106504440
v 0.00443842774257064 -0.04605118930339813 0.09024008363485336
v 0.00490602431818843 -0.04628076404333115 0.09181056916713715
v 0.00495437439531088 -0.04550542309880257 0.09193793684244156
v 0.00520844385027885 -0.04488468542695045 0.09023071080446243
v 0.00525681395083666 -0.02827457711100578 0.09545057266950607
v 0.00503903767094016 -0.02727115154266357 0.09647327661514282
v 0.00491266744211316 -0.02654897235333920 0.09730511158704758
v 0.00530013162642717 -0.04749779030680656 0.09152056276798248
v 0.00550079299136996 -0.04518333449959755 0.09186770021915436
v 0.00583553267642856 -0.04655718430876732 0.09155885130167007
v 0.00585612934082747 -0.04350733011960983 0.09023670852184296
v 0.00557059375569224 -0.04503345862030983 0.09187579154968262
v 0.00565329100936651 -0.04401086270809174 0.09202348440885544
v 0.00644811475649476 -0.04530319198966026 0.09032421559095383
v 0.00612952793017030 -0.04594524949789047 0.09158550947904587
v 0.00637524202466011 -0.04537326842546463 0.09161140769720078
v 0.00685544963926077 -0.04452145472168922 0.08954720199108124
v 0.00675919838249683 -0.04338338971138000 0.08958562463521957
v 0.00679625011980534 -0.04340754076838493 0.08968320488929749
v 0.00682526221498847 -0.04342189431190491 0.08972293883562088
v 0.00685665709897876 -0.04343588277697563 0.08975353091955185
v 0.00677163572981954 -0.04431300610303879 0.09166163206100464
v 0.00629134243354201 -0.04221210628747940 0.09024091064929962
v 0.00611599022522569 -0.04260650649666786 0.09210770577192307
v 0.00647617271170020 -0.04242105409502983 0.09202375262975693
v 0.00634825555607677 -0.04167040809988976 0.09216507524251938
v 0.00657323747873306 -0.04202653467655182 0.09204688668251038
v 0.00665779551491141 -0.04071900993585587 0.09018461406230927
v 0.00648074550554156 -0.04101992398500443 0.09220532327890396
v 0.00698860222473741 -0.04415275901556015 0.08968161791563034
v 0.00690694712102413 -0.04345630481839180 0.08978654444217682
v 0.00694374041631818 -0.04347014799714088 0.08980186283588409
v 0.00703949714079499 -0.04350288584828377 0.08981529623270035
v 0.00718596065416932 -0.04356711357831955 0.08980716764926910
v 0.00711366208270192 -0.04353515058755875 0.08981125056743622
v 0.00707756960764527 -0.04335581511259079 0.09170873463153839
v 0.00694031408056617 -0.04276936873793602 0.08955033868551254
v 0.00721176667138934 -0.04293241724371910 0.08987712115049362
v 0.00716285966336727 -0.04194686189293861 0.08971486240625381
v 0.00720210373401642 -0.04196283966302872 0.08981326222419739
v 0.00726482085883617 -0.04198270663619041 0.08988446742296219
v 0.00734984921291471 -0.04303513094782829 0.08986716717481613
v 0.00740461749956012 -0.04279043897986412 0.09002626687288284
v 0.00735447928309441 -0.04200765118002892 0.08993379026651382
v 0.00720767443999648 -0.04290344938635826 0.09173145145177841
v 0.00750923017039895 -0.04171771928668022 0.09179218113422394
v 0.00746774626895785 -0.04049858823418617 0.08979269117116928
v 0.00750831793993711 -0.04051028192043304 0.08989115804433823
v 0.00757241575047374 -0.04052506759762764 0.08996237069368362
v 0.00766359595581889 -0.04054382443428040 0.09001164138317108
v 0.00751764699816704 -0.04018431156873703 0.08970610797405243
v 0.00788408052176237 -0.04077943414449692 0.09001624584197998
v 0.00780308898538351 -0.04029948636889458 0.09003719687461853
v 0.00798921007663012 -0.04019366949796677 0.09004160016775131
v 0.00681170634925365 -0.03857638314366341 0.09235826879739761
v 0.00688624382019043 -0.03757617995142937 0.09242137521505356
v 0.00675323652103543 -0.03450199589133263 0.09262533485889435
v 0.00699273310601711 -0.03846179693937302 0.09017708152532578
v 0.00703115388751030 -0.03947303444147110 0.09219903498888016
v 0.00709696952253580 -0.03749608248472214 0.09008923172950745
v 0.00709319207817316 -0.03751540929079056 0.09010040014982224
v 0.00696069421246648 -0.03752787783741951 0.09149017930030823
v 0.00721864961087704 -0.03758814930915833 0.09231202304363251
v 0.00792808458209038 -0.03951583057641983 0.09006869792938232
v 0.00809595081955194 -0.03951532021164894 0.09006870537996292
v 0.00802991166710854 -0.03868581354618073 0.09195540100336075
v 0.00782998371869326 -0.03753663226962090 0.08981695771217346
v 0.00783497188240290 -0.03754173219203949 0.08991706371307373
v 0.00787680037319660 -0.03754873201251030 0.09001559764146805
v 0.00794237293303013 -0.03755572065711021 0.09008684009313583
v 0.00803533475846052 -0.03756314516067505 0.09013608843088150
v 0.00785125140100718 -0.03709561005234718 0.08991843461990356
v 0.00788568146526814 -0.03710204735398293 0.09001914411783218
v 0.00795574672520161 -0.03710876777768135 0.09010352939367294
v 0.00804719980806112 -0.03711446002125740 0.09015548229217529
v 0.00812758505344391 -0.03756883740425110 0.09014999866485596
v 0.00829527061432600 -0.03756717965006828 0.09015007317066193
v 0.00820113159716129 -0.03758182004094124 0.09107607603073120
v 0.00814780779182911 -0.03711860626935959 0.09017264097929001
v 0.00811886787414551 -0.03762055933475494 0.09201601147651672
v 0.00703767314553261 -0.03572494164109230 0.09080944955348969
v 0.00689470907673240 -0.03583678230643272 0.09253008663654327
v 0.00765877822414041 -0.03398215025663376 0.09010012447834015
v 0.00769185787066817 -0.03339331224560738 0.09047305583953857
v 0.00785909127444029 -0.03658370301127434 0.08986838161945343
v 0.00786055531352758 -0.03658844530582428 0.08994710445404053
v 0.00789501238614321 -0.03659464791417122 0.09004782140254974
v 0.00796512048691511 -0.03660001233220100 0.09013226628303528
v 0.00805662572383881 -0.03660351783037186 0.09018433094024658
v 0.00783525966107845 -0.03563255816698074 0.08993338793516159
v 0.00783674325793982 -0.03564006462693214 0.09001208841800690
v 0.00787110626697540 -0.03564605861902237 0.09011285006999969
v 0.00780724128708243 -0.03514240682125092 0.09008802473545074
v 0.00785357132554054 -0.03514712676405907 0.09018522500991821
v 0.00794107746332884 -0.03564879298210144 0.09019753336906433
v 0.00803241878747940 -0.03564780205488205 0.09024998545646667
v 0.00793243665248156 -0.03514697030186653 0.09026091545820236
v 0.00802897941321135 -0.03514212742447853 0.09030263870954514
v 0.00815728772431612 -0.03660496696829796 0.09020162373781204
v 0.00813291780650616 -0.03564357385039330 0.09026776999235153
v 0.00829953141510487 -0.03562455996870995 0.09026926755905151
v 0.00825133267790079 -0.03501006215810776 0.09032250195741653
v 0.00814397260546684 -0.03621241077780724 0.09209865331649780
v 0.00812484230846167 -0.03574214130640030 0.09212762862443924
v 0.00778738968074322 -0.03338353708386421 0.09051621705293655
v 0.00784235540777445 -0.03331378102302551 0.09053505957126617
v 0.00791853666305542 -0.03376027569174767 0.09046743810176849
v 0.00801297277212143 -0.03331293538212776 0.09053518623113632
v 0.00783827248960733 -0.03350067883729935 0.09232656657695770
v 0.00652694143354893 -0.03066471591591835 0.08957102894783020
v 0.00604135589674115 -0.03124859370291233 0.09341422468423843
v 0.00639281934127212 -0.03265010192990303 0.09293171763420105
v 0.00592944258823991 -0.02783452719449997 0.09115826338529587
v 0.00570340454578400 -0.02657235972583294 0.09218710660934448
v 0.00620798347517848 -0.02919039875268936 0.09027551114559174
v 0.00655304035171866 -0.02873329818248749 0.08996856957674026
v 0.00674730492755771 -0.02872167155146599 0.09001465886831284
v 0.00667739659547806 -0.02920722030103207 0.09149241447448730
v 0.00660671107470989 -0.02887833677232265 0.09167303889989853
v 0.00666065607219934 -0.02897546067833900 0.09185983985662460
v 0.00673843687400222 -0.02900094725191593 0.09193229675292969
v 0.00675552245229483 -0.02893374115228653 0.09199333190917969
v 0.00675693899393082 -0.02833244949579239 0.09241176396608353
v 0.00638395547866821 -0.02777615375816822 0.09239299595355988
v 0.00640780106186867 -0.02789998240768909 0.09230279922485352
v 0.00562480976805091 -0.02970991656184196 0.09428059309720993
v 0.00537259271368384 -0.02874606661498547 0.09502765536308289
v 0.00666641304269433 -0.02873546630144119 0.09438662976026535
v 0.00617663422599435 -0.02660712599754333 0.09336778521537781
v 0.00618112832307816 -0.02668447792530060 0.09345053136348724
v 0.00622384948655963 -0.02674860134720802 0.09352589398622513
v 0.00629975693300366 -0.02679564617574215 0.09358893334865570
v 0.00637187017127872 -0.02685743384063244 0.09357868134975433
v 0.00657709129154682 -0.02741734124720097 0.09310863167047501
v 0.00673980684950948 -0.02741746418178082 0.09310853481292725
v 0.00649386271834373 -0.02695097029209137 0.09351901710033417
v 0.00661533419042826 -0.02673297189176083 0.09372386336326599
v 0.00635152263566852 -0.02740168571472168 0.09564369171857834
v 0.00722522009164095 -0.03166432678699493 0.09065987914800644
v 0.00727107981219888 -0.03168076649308205 0.09075602144002914
v 0.00734325870871544 -0.03223971277475357 0.09040161222219467
v 0.00734884757548571 -0.03168500587344170 0.09083272516727448
v 0.00744387926533818 -0.03167672082781792 0.09087727963924408
v 0.00757587281987071 -0.03225470706820488 0.09257654100656509
v 0.00701548298820853 -0.03072158060967922 0.09083327651023865
v 0.00748385908082128 -0.03155481070280075 0.09091877192258835
v 0.00703696766868234 -0.03030782006680965 0.09129461646080017
v 0.00691303564235568 -0.03026658296585083 0.09112571924924850
v 0.00695907371118665 -0.03029446676373482 0.09121909737586975
v 0.00713205290958285 -0.03030481003224850 0.09133972227573395
v 0.00715285260230303 -0.03010916896164417 0.09142979234457016
v 0.00737358024343848 -0.03032215870916843 0.09134041517972946
v 0.00732413586229086 -0.03010904043912888 0.09142982959747314
v 0.00791703630238771 -0.03279891982674599 0.09062623977661133
v 0.00779185909777880 -0.03218354657292366 0.09075681120157242
v 0.00745422206819057 -0.03174545988440514 0.09272509813308716
v 0.00717916386201978 -0.03067216463387012 0.09314934909343719
v 0.00703457789495587 -0.03012943454086781 0.09342994540929794
v 0.00705405464395881 -0.02968307211995125 0.09162525832653046
v 0.00699643744155765 -0.02866483107209206 0.09219276160001755
v 0.00689164036884904 -0.02817443944513798 0.09252208471298218
v 0.00626059295609593 -0.02695110067725182 0.09614231437444687
v 0.00998006016016006 -0.02528245560824871 0.07674756646156311
v 0.00994480866938829 -0.02448398061096668 0.07692967355251312
v 0.01029002107679844 -0.02574259415268898 0.07672812044620514
v 0.01047971565276384 -0.02567791193723679 0.07679558545351028
v 0.01065500546246767 -0.02529350295662880 0.07693240046501160
v 0.00671115471050143 -0.02631200291216373 0.08940830826759338
v 0.00674669444561005 -0.02361147105693817 0.08919980376958847
v 0.00788367819041014 -0.02597544156014919 0.08538459986448288
v 0.00807525217533112 -0.02598611079156399 0.08544103801250458
v 0.00806871056556702 -0.02605071291327477 0.08616431802511215
v 0.00700575532391667 -0.02611394040286541 0.08729492872953415
v 0.00690374756231904 -0.02632358297705650 0.08946108818054199
v 0.00764274178072810 -0.02344037592411041 0.08704998344182968
v 0.00783490762114525 -0.02346143126487732 0.08710125088691711
v 0.00782216619700193 -0.02355656772851944 0.08789630234241486
v 0.00831691734492779 -0.02307407744228840 0.08341693878173828
v 0.00816481374204159 -0.02048774063587189 0.08488995581865311
v 0.00750289950519800 -0.02091261185705662 0.08895787596702576
v 0.00769637012854218 -0.02093859761953354 0.08900139480829239
v 0.00807753112167120 -0.01777298189699650 0.08634687960147858
v 0.00805967673659325 -0.01632108539342880 0.08698617666959763
v 0.00805338006466627 -0.01479369215667248 0.08753693103790283
v 0.00986599456518888 -0.02246335335075855 0.07743795961141586
v 0.00981120299547911 -0.02079391293227673 0.07790319621562958
v 0.01010236982256174 -0.02082766592502594 0.07797080278396606
v 0.00891172885894775 -0.02298168838024139 0.08232944458723068
v 0.00910518132150173 -0.02299242839217186 0.08237905055284500
v 0.00919717364013195 -0.02304278314113617 0.08281610906124115
v 0.01015600282698870 -0.02247601561248302 0.07751301676034927
v 0.01034935563802719 -0.02248187921941280 0.07756381481885910
v 0.01054327748715878 -0.02248727530241013 0.07761488854885101
v 0.01029673777520657 -0.02085868082940578 0.07801343500614166
v 0.01050553098320961 -0.02135576680302620 0.07792389392852783
v 0.00876681040972471 -0.02037942595779896 0.08365357667207718
v 0.00896117463707924 -0.02039302140474319 0.08369872719049454
v 0.00905184261500835 -0.02045314945280552 0.08417765051126480
v 0.00970840267837048 -0.01708126813173294 0.07903085649013519
v 0.01000000443309546 -0.01709639281034470 0.07909971475601196
v 0.00963079929351807 -0.01427419669926167 0.07989390194416046
v 0.00992318429052830 -0.01428651157766581 0.07996023446321487
v 0.01044589560478926 -0.01929669268429279 0.07852517813444138
v 0.01019438076764345 -0.01710516959428787 0.07914599031209946
v 0.01038879156112671 -0.01711375080049038 0.07919260859489441
v 0.01011802814900875 -0.01429404970258474 0.08000472187995911
v 0.01031229645013809 -0.01430141180753708 0.08004924654960632
v 0.00867237057536840 -0.01766643300652504 0.08497427403926849
v 0.00886777695268393 -0.01767928898334503 0.08501490950584412
v 0.00896192248910666 -0.01773703098297119 0.08553125709295273
v 0.00862825568765402 -0.01471221540123224 0.08609098941087723
v 0.00882455799728632 -0.01472188346087933 0.08612803369760513
v 0.00892624910920858 -0.01476505212485790 0.08666250109672546
v 0.00787602271884680 -0.01171788293868303 0.08933078497648239
v 0.00848152209073305 -0.00594697846099734 0.08810596168041229
v 0.00841218139976263 0.00014793396985624 0.08911539614200592
v 0.00914934650063515 -0.01147238351404667 0.08255505561828613
v 0.00954793766140938 -0.01140374038368464 0.08071128278970718
v 0.00984076783061028 -0.01141268294304609 0.08077607303857803
v 0.01003597769886255 -0.01141857635229826 0.08081917464733124
v 0.00998329278081656 -0.00950200762599707 0.08130016922950745
v 0.00975973997265100 -0.00835048314183950 0.08151581883430481
v 0.00943907815963030 -0.00709678279235959 0.08170658349990845
v 0.00972100812941790 -0.00646381173282862 0.08188614994287491
v 0.00991625338792801 -0.00646779919043183 0.08192808181047440
v 0.01023112889379263 -0.01142439804971218 0.08086235076189041
v 0.01012569107115269 -0.00721984263509512 0.08183169364929199
v 0.00919583160430193 -0.01152555458247662 0.08381208777427673
v 0.00939950253814459 -0.01153027452528477 0.08381360769271851
v 0.00859740935266018 -0.01163787394762039 0.08692217618227005
v 0.00860946718603373 -0.01163551490753889 0.08685595542192459
v 0.00879413727670908 -0.01164356432855129 0.08695775270462036
v 0.00876239687204361 -0.01169417053461075 0.08828192204236984
v 0.00942172016948462 -0.00612689508125186 0.08188194781541824
v 0.00939491298049688 -0.00349153880961239 0.08225620537996292
v 0.00988306663930416 -0.00301504367962480 0.08241011947393417
v 0.01008003298193216 -0.00350360386073589 0.08239925652742386
v 0.00968928914517164 -0.00187600194476545 0.08246943354606628
v 0.00969959702342749 -0.00062029680702835 0.08254505693912506
v 0.00941810011863708 0.00026372811407782 0.08251559734344482
v 0.00989226717501879 -0.00091487902682275 0.08257119357585907
v 0.00989543460309505 -0.00062436633743346 0.08258533477783203
v 0.01010133698582649 0.00010142170503968 0.08265214413404465
v 0.00865647941827774 -0.00594929931685328 0.08825426548719406
v 0.00877578184008598 -0.00605584494769573 0.08868233114480972
v 0.00858507771044970 0.00014254634152167 0.08927129209041595
v 0.00473895715549588 -0.02469152398407459 0.09969906508922577
v 0.00483256345614791 -0.02272322773933411 0.10233308374881744
v 0.00510997278615832 -0.02099878340959549 0.10436124354600906
v 0.00523512484505773 -0.02039719186723232 0.10496270656585693
v 0.00519971968606114 -0.00296416040509939 0.10406225174665451
v 0.00492962915450335 -0.00295181944966316 0.10674681514501572
v 0.00503375381231308 0.00005597516792477 0.10483030974864960
v 0.00472268182784319 0.00004197853922960 0.10749330371618271
v 0.00498092640191317 -0.00349770253524184 0.10878451913595200
v 0.00466624507680535 -0.00099678291007876 0.10935980826616287
v 0.00463974894955754 0.00001359729958494 0.10961222648620605
v 0.00684047909453511 -0.02641937509179115 0.09046316146850586
v 0.00616562739014626 -0.02630362659692764 0.09155769646167755
v 0.00636004004627466 -0.02631436847150326 0.09160338342189789
v 0.00643995637074113 -0.02387938089668751 0.09153492003679276
v 0.00663239276036620 -0.02390837110579014 0.09158112853765488
v 0.00601298222318292 -0.02508727461099625 0.09267479181289673
v 0.00599872274324298 -0.02533568255603313 0.09468571096658707
v 0.00589148374274373 -0.02376317419111729 0.09414947777986526
v 0.00608524680137634 -0.02379524521529675 0.09418725222349167
v 0.00542659685015678 -0.02417716383934021 0.09463146328926086
v 0.00591932609677315 -0.02451721951365471 0.09566809982061386
v 0.00591851677745581 -0.02460621856153011 0.09573829919099808
v 0.00620714901015162 -0.02510898746550083 0.09271752834320068
v 0.00625197635963559 -0.02521779760718346 0.09537137299776077
v 0.00641798181459308 -0.02538253553211689 0.09517401456832886
v 0.00656504649668932 -0.02404828928411007 0.09268192946910858
v 0.00663366680964828 -0.02110330015420914 0.09139831364154816
v 0.00664376001805067 -0.01977690123021603 0.09250532090663910
v 0.00652038305997849 -0.02160648629069328 0.09525301307439804
v 0.00637126574292779 -0.02140594646334648 0.09399878233671188
v 0.00656418176367879 -0.02144418470561504 0.09403514862060547
v 0.00642716884613037 -0.02007696032524109 0.09523700177669525
v 0.00662094121798873 -0.02011544443666935 0.09526816010475159
v 0.00769264576956630 -0.02104998938739300 0.08988083153963089
v 0.00600020959973335 -0.02491715177893639 0.09876846522092819
v 0.00595679692924023 -0.02468413859605789 0.09580217301845551
v 0.00602939445525408 -0.02474604360759258 0.09585552662611008
v 0.00610234867781401 -0.02598380297422409 0.09732471406459808
v 0.00612248433753848 -0.02478168904781342 0.09588941931724548
v 0.00621296511963010 -0.02479001507163048 0.09590157121419907
v 0.00634984904900193 -0.02469414100050926 0.09602358192205429
v 0.00630283914506435 -0.02382405288517475 0.09717088937759399
v 0.00616010045632720 -0.02350653707981110 0.09760287404060364
v 0.00599459977820516 -0.02480760030448437 0.09892231225967407
v 0.00598122831434011 -0.02431914582848549 0.09961438924074173
v 0.00583299715071917 -0.02166660130023956 0.09690714627504349
v 0.00602656928822398 -0.02170800231397152 0.09693573415279388
v 0.00543416384607553 -0.02171138115227222 0.09747955948114395
v 0.00587828364223242 -0.02254904806613922 0.09829697012901306
v 0.00587332341820002 -0.02065806649625301 0.09830261766910553
v 0.00606719451025128 -0.02070154435932636 0.09832552820444107
v 0.00660164980217814 -0.02027639932930470 0.09654317796230316
v 0.00593098113313317 -0.02167185209691525 0.09950628131628036
v 0.00592663092538714 -0.02176319435238838 0.09957326948642731
v 0.00603175163269043 -0.02191627025604248 0.09967865049839020
v 0.00596174318343401 -0.02184649184346199 0.09963196516036987
v 0.00607299571856856 -0.02267263457179070 0.10190624743700027
v 0.00556053314357996 -0.02037104405462742 0.09890579432249069
v 0.00603612512350082 -0.02068806253373623 0.10082676261663437
v 0.00634372932836413 -0.02216256409883499 0.09945765882730484
v 0.00612326152622700 -0.02196082100272179 0.09970559179782867
v 0.00622253725305200 -0.02197746932506561 0.09971169382333755
v 0.00636248430237174 -0.02193169295787811 0.09977431595325470
v 0.00628614053130150 -0.02133671566843987 0.10057774931192398
v 0.00633520400151610 -0.02093492820858955 0.10110508650541306
v 0.00647367164492607 -0.02093455567955971 0.10110554844141006
v 0.00669838115572929 -0.01836768910288811 0.09352677315473557
v 0.00678735179826617 -0.01685830205678940 0.09439235180616379
v 0.00688687106594443 -0.01524449046701193 0.09505924582481384
v 0.00768277188763022 -0.01972137950360775 0.09087995439767838
v 0.00749123282730579 -0.01818257942795753 0.09081535786390305
v 0.00768669322133064 -0.01820611953735352 0.09085059165954590
v 0.00752972671762109 -0.01668986864387989 0.09158945828676224
v 0.00770926894620061 -0.01831171661615372 0.09180722385644913
v 0.00772620411589742 -0.01670992560684681 0.09162098914384842
v 0.00776620954275131 -0.01680356264114380 0.09260241687297821
v 0.00758072407916188 -0.01510140206664801 0.09221050888299942
v 0.00777807785198092 -0.01511668693274260 0.09223911166191101
v 0.00762070203199983 -0.01342485565692186 0.09268681704998016
v 0.00696194311603904 -0.01353832986205816 0.09553737938404083
v 0.00783487502485514 -0.01519265212118626 0.09323167055845261
v 0.00781867094337940 -0.01343420054763556 0.09271366894245148
v 0.00788771919906139 -0.01348840724676847 0.09370491653680801
v 0.00654060626402497 -0.01864998601377010 0.09637036919593811
v 0.00673558795824647 -0.01868600957095623 0.09639649838209152
v 0.00674565928056836 -0.01883775182068348 0.09771975129842758
v 0.00669523607939482 -0.01710692793130875 0.09731217473745346
v 0.00600029435008764 -0.01923661306500435 0.10019598901271820
v 0.00576138589531183 -0.01892017759382725 0.10019681602716446
v 0.00601133517920971 -0.01734043844044209 0.10124156624078751
v 0.00619495660066605 -0.01927955076098442 0.10021223127841949
v 0.00616165157407522 -0.01801658049225807 0.10161624103784561
v 0.00635724561288953 -0.01805682852864265 0.10162740200757980
v 0.00685652997344732 -0.01544466149061918 0.09800866246223450
v 0.00693542510271072 -0.01727054640650749 0.09868786484003067
v 0.00689164735376835 -0.01713780686259270 0.09733380377292633
v 0.00705438805744052 -0.01546757761389017 0.09802673757076263
v 0.00697561958804727 -0.01368028018623590 0.09847284853458405
v 0.00717462226748466 -0.01369223836809397 0.09848883748054504
v 0.00712990621104836 -0.01557212788611650 0.09938938915729523
v 0.00727288797497749 -0.01376173272728920 0.09983947873115540
v 0.00590290967375040 -0.02022379636764526 0.10478679090738297
v 0.00609819823876023 -0.02246429212391376 0.10217976570129395
v 0.00660416437312961 -0.02006443776190281 0.10218267887830734
v 0.00634708208963275 -0.02096096798777580 0.10396165400743484
v 0.00622590770944953 -0.01942801475524902 0.10236506909132004
v 0.00626469124108553 -0.01928842253983021 0.10268558561801910
v 0.00626455713063478 -0.01920586451888084 0.10260790586471558
v 0.00630357023328543 -0.01936477608978748 0.10275097191333771
v 0.00637639826163650 -0.01942984573543072 0.10280007869005203
v 0.00646932143718004 -0.01947266981005669 0.10282490402460098
v 0.00638097012415528 -0.01866058818995953 0.10331309586763382
v 0.00642184587195516 -0.01873210817575455 0.10338260233402252
v 0.00652250507846475 -0.01969144307076931 0.10260766744613647
v 0.00679053319618106 -0.01902870088815689 0.10329279303550720
v 0.00649618357419968 -0.01879345998167992 0.10343416780233383
v 0.00658988393843174 -0.01883429475128651 0.10345941781997681
v 0.00673064077273011 -0.01852875575423241 0.10374318808317184
v 0.00688784942030907 -0.01852866634726524 0.10374325513839722
v 0.00676735350862145 -0.01833017542958260 0.10390525311231613
v 0.00658196816220880 -0.01751725748181343 0.10407367348670959
v 0.00672727217897773 -0.01684966124594212 0.10458012670278549
v 0.00677614845335484 -0.01689770445227623 0.10466330498456955
v 0.00685657467693090 -0.01694064959883690 0.10472360998392105
v 0.00671535497531295 -0.01679982803761959 0.10447900742292404
v 0.00544321443885565 -0.01947374455630779 0.10576494783163071
v 0.00582051509991288 -0.01786253042519093 0.10681261867284775
v 0.00620106561109424 -0.01885857246816158 0.10590524226427078
v 0.00665816524997354 -0.01951277814805508 0.10529826581478119
v 0.00626073125749826 -0.01563198119401932 0.10196961462497711
v 0.00641675060614944 -0.01635408028960228 0.10294036567211151
v 0.00661389902234077 -0.01638719066977501 0.10294640809297562
v 0.00653836550191045 -0.01551050972193480 0.10328185558319092
v 0.00673635583370924 -0.01553847081959248 0.10328631103038788
v 0.00644217804074287 -0.01382017601281404 0.10239732265472412
v 0.00667373742908239 -0.01433909405022860 0.10350221395492554
v 0.00687280530110002 -0.01435816660523415 0.10350535064935684
v 0.00615915749222040 -0.01628676243126392 0.10744580626487732
v 0.00635610241442919 -0.01516637671738863 0.10770574957132339
v 0.00646450649946928 -0.01437710225582123 0.10781519114971161
v 0.00704962667077780 -0.01770862191915512 0.10434982180595398
v 0.00695345457643270 -0.01697118207812309 0.10475130379199982
v 0.00699966028332710 -0.01704444922506809 0.10472251474857330
v 0.00721115153282881 -0.01686032302677631 0.10480817407369614
v 0.00700719002634287 -0.01797856576740742 0.10628798604011536
v 0.00731635512784123 -0.01649585179984570 0.10687712579965591
v 0.00711002945899963 -0.01638104952871799 0.10499786585569382
v 0.00696716317906976 -0.01522596739232540 0.10498151183128357
v 0.00701999198645353 -0.01481033954769373 0.10505085438489914
v 0.00729631260037422 -0.01638126000761986 0.10499782115221024
v 0.00718996301293373 -0.01585824415087700 0.10515557229518890
v 0.00704041449353099 -0.01482828333973885 0.10516089946031570
v 0.00709664635360241 -0.01484764087945223 0.10525079071521759
v 0.00718281790614128 -0.01486696768552065 0.10531521588563919
v 0.00728288525715470 -0.01488289423286915 0.10534381121397018
v 0.00743606360629201 -0.01550182420760393 0.10523870587348938
v 0.00731794070452452 -0.01488726865500212 0.10534529387950897
v 0.00759722664952278 -0.01474097464233637 0.10722351074218750
v 0.00737731158733368 -0.01432057842612267 0.10541117191314697
v 0.00760198803618550 -0.01407831162214279 0.10543184727430344
v 0.00742760021239519 -0.01368724089115858 0.10545756667852402
v 0.00702110351994634 -0.01192915625870228 0.09543944895267487
v 0.00743892928585410 -0.01189596764743328 0.09446167945861816
v 0.00763946305960417 -0.01189728640019894 0.09446951746940613
v 0.00783158652484417 -0.01190076768398285 0.09454581141471863
v 0.00753116700798273 -0.00893174484372139 0.09349138289690018
v 0.00771819334477186 -0.00892763026058674 0.09359087795019150
v 0.00778570305556059 -0.00905572436749935 0.09451651573181152
v 0.00656864652410150 -0.01209381036460400 0.10066004842519760
v 0.00683703040704131 -0.00914275180548429 0.09628284722566605
v 0.00679426454007626 -0.00899845547974110 0.09908403456211090
v 0.00701346900314093 -0.01202488131821156 0.09858608245849609
v 0.00699913781136274 -0.01203014142811298 0.09876339137554169
v 0.00721023557707667 -0.01202454045414925 0.09863456338644028
v 0.00719855539500713 -0.01202873419970274 0.09877935051918030
v 0.00731032155454159 -0.01206070464104414 0.09999773651361465
v 0.00698897941038013 -0.00898043252527714 0.09913657605648041
v 0.00707471044734120 -0.00909817963838577 0.10044480860233307
v 0.00789819657802582 -0.00609085103496909 0.08953900635242462
v 0.00734007451683283 -0.00591850047931075 0.09414549916982651
v 0.00752418674528599 -0.00591359240934253 0.09425048530101776
v 0.00756269553676248 -0.00601057941094041 0.09518174827098846
v 0.00779541768133640 0.00000589886712987 0.09065092355012894
v 0.00717448629438877 -0.00287076830863953 0.09485440701246262
v 0.00735619338229299 -0.00287143257446587 0.09496445208787918
v 0.00712341489270329 0.00016791913367342 0.09547122567892075
v 0.00730426190420985 0.00015985312347766 0.09558367729187012
v 0.00655632559210062 -0.00608403421938419 0.09691199660301208
v 0.00630869716405869 -0.00300244474783540 0.09764139354228973
v 0.00640455540269613 -0.00589691847562790 0.09970227628946304
v 0.00659694941714406 -0.00587805220857263 0.09976237267255783
v 0.00662768678739667 -0.00595578318461776 0.10105427354574203
v 0.00622236635535955 0.00004128189539188 0.09833503514528275
v 0.00607527652755380 -0.00281798420473933 0.10044953227043152
v 0.00597091251984239 0.00018758712394629 0.10118814557790756
v 0.00626630801707506 -0.00281161023303866 0.10051628947257996
v 0.00624442612752318 -0.00287828734144568 0.10181217640638351
v 0.00616113143041730 0.00017705721256789 0.10125691443681717
v 0.00736661627888680 -0.00295240036211908 0.09591680765151978
v 0.00730161834508181 0.00008255620195996 0.09656986594200134
v 0.00869327597320080 0.00006406470492948 0.08974047005176544
v 0.00648377090692520 -0.01214886642992496 0.10261745005846024
v 0.00645826105028391 -0.01220318488776684 0.10476937890052795
v 0.00676324870437384 -0.01280311495065689 0.10359222441911697
v 0.00676231551915407 -0.01216097921133041 0.10360131412744522
v 0.00661191949620843 -0.01018550060689449 0.10360945016145706
v 0.00681041041389108 -0.01016154978424311 0.10361484438180923
v 0.00658514676615596 -0.01226858887821436 0.10792277753353119
v 0.00657458882778883 -0.01191053725779057 0.10793159902095795
v 0.00621350528672338 -0.00923603028059006 0.10285046696662903
v 0.00624551344662905 -0.00780316721647978 0.10370651632547379
v 0.00644230609759688 -0.00776920514181256 0.10371744632720947
v 0.00614938326179981 -0.00925153959542513 0.10571359097957611
v 0.00664551602676511 -0.00807485636323690 0.10528977960348129
v 0.00664847530424595 -0.00807748362421989 0.10533214360475540
v 0.00668141432106495 -0.00807879120111465 0.10543342679738998
v 0.00674940319731832 -0.00807216390967369 0.10551930963993073
v 0.00683877756819129 -0.00805900804698467 0.10557349771261215
v 0.00629881722852588 -0.00953563209623098 0.10801286995410919
v 0.00650712242349982 -0.00737627223134041 0.10535088181495667
v 0.00696320040151477 -0.01280677597969770 0.10359483212232590
v 0.00696224858984351 -0.01215667463839054 0.10360418260097504
v 0.00715683214366436 -0.01217346824705601 0.10453066974878311
v 0.00716271484270692 -0.01218804437667131 0.10520233958959579
v 0.00720437010750175 -0.01218822039663792 0.10535043478012085
v 0.00726845022290945 -0.01218732818961143 0.10542652010917664
v 0.00718341674655676 -0.01176317781209946 0.10534362494945526
v 0.00725256465375423 -0.01175993029028177 0.10542877018451691
v 0.00716306641697884 -0.01168468967080116 0.10530910640954971
v 0.00731393788009882 -0.01218652445822954 0.10545842349529266
v 0.00746260071173310 -0.01218339800834656 0.10549789667129517
v 0.00766803184524179 -0.01218281406909227 0.10549789667129517
v 0.00734346266835928 -0.01175547204911709 0.10548182576894760
v 0.00744651677086949 -0.01175028365105391 0.10550014674663544
v 0.00698577845469117 -0.01009554322808981 0.10521118342876434
v 0.00750945927575231 -0.01021761167794466 0.10550723224878311
v 0.00760978041216731 -0.01042865030467510 0.10739354044198990
v 0.00774605991318822 -0.01279207505285740 0.10733557492494583
v 0.00774642080068588 -0.01222003065049648 0.10734725743532181
v 0.00694010406732559 -0.00804093480110168 0.10559321939945221
v 0.00732530048117042 -0.00901310238987207 0.10553731769323349
v 0.00738168414682150 -0.00898837205022573 0.10746020823717117
v 0.00708086462691426 -0.00771366572007537 0.10562025010585785
v 0.00559700606390834 -0.00630465103313327 0.10830277949571609
v 0.00567388907074928 -0.00608408451080322 0.10336557775735855
v 0.00583276944234967 -0.00552721414715052 0.10398866236209869
v 0.00602945685386658 -0.00549544859677553 0.10400617122650146
v 0.00545707624405622 -0.00303659471683204 0.10447915643453598
v 0.00565480208024383 -0.00301883136853576 0.10450334846973419
v 0.00550429336726665 -0.00606770208105445 0.10611948370933533
v 0.00587095925584435 -0.00416202377527952 0.10586539655923843
v 0.00580425839871168 -0.00376152805984020 0.10600356757640839
v 0.00583738414570689 -0.00377779570408165 0.10610348731279373
v 0.00590575858950615 -0.00378518668003380 0.10618900507688522
v 0.00599563866853714 -0.00378242228180170 0.10624387115240097
v 0.00580152636393905 -0.00375047884881496 0.10595056414604187
v 0.00652350159361959 -0.00501788454130292 0.10601028800010681
v 0.00666449638083577 -0.00571550196036696 0.10779806971549988
v 0.00609753979369998 -0.00377042288891971 0.10626520216464996
v 0.00625363038852811 -0.00354580185376108 0.10631434619426727
v 0.00611586915329099 0.00009916526323650 0.10257845371961594
v 0.00566449156031013 -0.00281456508673728 0.10615386813879013
v 0.00553239416331053 -0.00147007056511939 0.10646237432956696
v 0.00549117382615805 0.00018496999109630 0.10685209929943085
v 0.00549245020374656 0.00016742601292208 0.10692553222179413
v 0.00552598899230361 0.00014339000335895 0.10702373832464218
v 0.00559521513059735 0.00012245563266333 0.10710626840591431
v 0.00597399193793535 -0.00093011319404468 0.10692674666643143
v 0.00568621559068561 0.00010860453767236 0.10715748369693756
v 0.00578938657417893 0.00010260994167766 0.10717487335205078
v 0.00595939112827182 0.00008175423135981 0.10716989636421204
v 0.00613615754991770 -0.00275255157612264 0.10649375617504120
v 0.00618272740393877 -0.00346196792088449 0.10822409391403198
v 0.00605275109410286 -0.00269577512517571 0.10840305685997009
v 0.00584087334573269 -0.00004765886478708 0.10910287499427795
v 0.00584174785763025 0.00008112758223433 0.10913790762424469
v 0.01267419103533030 -0.04404198750853539 0.06573777645826340
v 0.01264976337552071 -0.04393605142831802 0.06573979556560516
v 0.01265992969274521 -0.04383951798081398 0.06575153768062592
v 0.01273076329380274 -0.04413038864731789 0.06574713438749313
v 0.01281226612627506 -0.04419352486729622 0.06576635688543320
v 0.01264286320656538 -0.04442261531949043 0.06710304319858551
v 0.01238063536584377 -0.04298925027251244 0.06497874110937119
v 0.01279831863939762 -0.04200486466288567 0.06559507548809052
v 0.01298534497618675 -0.04205174371600151 0.06564825773239136
v 0.01316517777740955 -0.04213715717196465 0.06569295376539230
v 0.01255325227975845 -0.04149125143885612 0.06575898081064224
v 0.01284151431173086 -0.04140156507492065 0.06593577563762665
v 0.01302918605506420 -0.04144374653697014 0.06599057465791702
v 0.01259648147970438 -0.04004732519388199 0.06657100468873978
v 0.01284310687333345 -0.03904871642589569 0.06727755069732666
v 0.01324162445962429 -0.03951038792729378 0.06715229898691177
v 0.01303238980472088 -0.03907402977347374 0.06733699142932892
v 0.01240878738462925 -0.03723916783928871 0.06823632866144180
v 0.01263142935931683 -0.03675519675016403 0.06863762438297272
v 0.01282118633389473 -0.03676917031407356 0.06869924813508987
v 0.01303583849221468 -0.03698236495256424 0.06863978505134583
v 0.01204608194530010 -0.03451602160930634 0.06982929259538651
v 0.01232889574021101 -0.03452824801206589 0.06992876529693604
v 0.01265595294535160 -0.03431872650980949 0.06804142147302628
v 0.01293988712131977 -0.03433092683553696 0.06813751161098480
v 0.01312916073948145 -0.03433907032012939 0.06820161640644073
v 0.01251887995749712 -0.03453601151704788 0.06999079138040543
v 0.01360679417848587 -0.03681255504488945 0.06476655602455139
v 0.01378581114113331 -0.03634610399603844 0.06529938429594040
v 0.01397494599223137 -0.03636161237955093 0.06536254286766052
v 0.01348577905446291 -0.03428168967366219 0.06778419762849808
v 0.01420552097260952 -0.03657041490077972 0.06525382399559021
v 0.01457485463470221 -0.03371391445398331 0.06473135203123093
v 0.01208366267383099 -0.03469016775488853 0.07194831967353821
v 0.01247516367584467 -0.03042684122920036 0.06967890262603760
v 0.01265945285558701 -0.03142620623111725 0.06821302324533463
v 0.01266461052000523 -0.03042611107230186 0.06974300742149353
v 0.01292454730719328 -0.03032331727445126 0.06959842890501022
v 0.01257921475917101 -0.02787113562226295 0.06838814914226532
v 0.01233040727674961 -0.02594759687781334 0.07002005726099014
v 0.01246224902570248 -0.02432799711823463 0.06865847855806351
v 0.01252032537013292 -0.02594669722020626 0.07008275389671326
v 0.01277834735810757 -0.02574329823255539 0.06993718445301056
v 0.01218684203922749 -0.02145547233521938 0.07055912166833878
v 0.01237773057073355 -0.02145870961248875 0.07061871141195297
v 0.01263671368360519 -0.02114571817219257 0.07047881186008453
v 0.01226760726422071 -0.01696208678185940 0.06958891451358795
v 0.01207204069942236 -0.01674828305840492 0.07132510095834732
v 0.01226403377950191 -0.01675349101424217 0.07138088345527649
v 0.01252201665192842 -0.01630299352109432 0.07125253975391388
v 0.01216793805360794 -0.01297847088426352 0.07021396607160568
v 0.01205749437212944 -0.00876113865524530 0.07082466781139374
v 0.01194392330944538 -0.01166572701185942 0.07222403585910797
v 0.01213688217103481 -0.01166940573602915 0.07227650284767151
v 0.01239033788442612 -0.01105615030974150 0.07214839756488800
v 0.01313947793096304 0.00031973328441381 0.06705055385828018
v 0.01313132420182228 -0.00270672421902418 0.06816785037517548
v 0.01282232999801636 -0.00007101787923602 0.06935106962919235
v 0.01301555521786213 -0.00007230580376927 0.06940267235040665
v 0.01362960506230593 -0.00491616781800985 0.06639482080936432
v 0.01382178533822298 -0.00491600576788187 0.06645020097494125
v 0.01436948217451572 -0.00403297087177634 0.06527549773454666
v 0.01427230797708035 -0.00357242929749191 0.06564659625291824
v 0.01433463580906391 -0.00350460666231811 0.06559599190950394
v 0.01442486606538296 -0.00345072709023952 0.06556765735149384
v 0.01450779289007187 -0.00295164645649493 0.06602272391319275
v 0.01478433981537819 -0.00389852747321129 0.06508282572031021
v 0.01489451155066490 -0.00391112314537168 0.06512776762247086
v 0.01489898562431335 -0.00382453110069036 0.06524451076984406
v 0.01452694926410913 -0.00342091266065836 0.06556717306375504
v 0.01463286112993956 -0.00341775617562234 0.06559482961893082
v 0.01462560240179300 -0.00296278391033411 0.06607164442539215
v 0.01363621745258570 -0.00263797724619508 0.06528021395206451
v 0.01334528997540474 -0.00125511782243848 0.06629834324121475
v 0.01401341985911131 -0.00251432973891497 0.06654474884271622
v 0.01402235869318247 -0.00273765111342072 0.06647323817014694
v 0.01407781802117825 -0.00245743803679943 0.06648423522710800
v 0.01376167591661215 -0.00123473571147770 0.06740685552358627
v 0.01380848884582520 -0.00132503546774387 0.06727740913629532
v 0.01387441810220480 -0.00128023070283234 0.06720890849828720
v 0.01396771613508463 -0.00124459585640579 0.06716562062501907
v 0.01407176069915295 -0.00122482457663864 0.06715591996908188
v 0.01482633408159018 -0.00198777555488050 0.06548056751489639
v 0.01416980195790529 -0.00241218344308436 0.06644764542579651
v 0.01427299436181784 -0.00238706637173891 0.06644210964441299
v 0.01437466777861118 -0.00236185779795051 0.06648445874452591
v 0.01428092177957296 -0.00186804088298231 0.06681434065103531
v 0.01429686695337296 -0.00178459286689758 0.06688002496957779
v 0.01457565836608410 -0.00262922211550176 0.06635610014200211
v 0.01417836360633373 -0.00122263515368104 0.06718088686466217
v 0.01432207413017750 -0.00120148912537843 0.06725849211215973
v 0.01458690408617258 -0.00067150813993067 0.06631986051797867
v 0.01332410052418709 -0.00270727137103677 0.06822111457586288
v 0.01400008238852024 0.00036409733002074 0.06783967465162277
v 0.01416365150362253 0.00019620799866971 0.06784799695014954
v 0.01181521266698837 -0.00621164962649345 0.07300746440887451
v 0.01200885605067015 -0.00621367944404483 0.07305745035409927
v 0.01226586289703846 -0.00543919531628489 0.07289294898509979
v 0.01197199430316687 -0.00436924165114760 0.07128103077411652
v 0.01177883893251419 -0.00339527265168726 0.07326275855302811
v 0.01197273284196854 -0.00339717953465879 0.07331176102161407
v 0.01223852671682835 -0.00255184667184949 0.07311119884252548
v 0.01196095254272223 0.00009270507871406 0.07146240025758743
v 0.01177744846791029 -0.00055863073794171 0.07338847219944000
v 0.01197153981775045 -0.00056080165086314 0.07343667745590210
v 0.01224911306053400 0.00034612615127116 0.07319141924381256
v 0.00200000102631748 0.01281590852886438 0.03967964649200439
v 0.00200000102631748 0.01311538834124804 0.03963539376854897
v 0.00200000102631748 0.01771724596619606 0.03931728005409241
v 0.00200000102631748 0.01949958316981792 0.03929999843239784
v 0.00000000000000000 0.02500000037252903 0.03929992020130157
v 0.00826287642121315 0.01283912453800440 0.03967608511447906
v 0.00826564617455006 0.01286234427243471 0.03967252373695374
v 0.00826010759919882 0.01281591597944498 0.03967967629432678
v 0.01073677465319633 0.00783211179077625 0.03980464860796928
v 0.01099010184407234 0.00963836163282394 0.03929752111434937
v 0.01140144933015108 0.02671331912279129 0.01575214415788651
v 0.00838381517678499 0.02564448677003384 0.03930002823472023
v 0.00789961684495211 0.02724868059158325 0.03930006548762321
v 0.00863969419151545 0.01614986732602119 0.03936941549181938
v 0.00866961665451527 0.01645302958786488 0.03935600444674492
v 0.00877209100872278 0.01771497167646885 0.03931719809770584
v 0.00882641505450010 0.01920874603092670 0.03930056095123291
v 0.00882644951343536 0.01961792074143887 0.03929987549781799
v 0.00882013514637947 0.02034511417150497 0.03929980471730232
v 0.00870570354163647 0.02336706779897213 0.03929996490478516
v 0.00192604144103825 0.00692861853167415 0.04283802956342697
v 0.00187600788194686 0.00624818122014403 0.04419202730059624
v 0.00191635510418564 0.00675087841227651 0.04312816262245178
v 0.00189155410043895 0.00643325643613935 0.04374894127249718
v 0.00183808978181332 0.00584724312648177 0.04550597816705704
v 0.00183366192504764 0.00580762559548020 0.04567741975188255
v 0.00182604556903243 0.00574164045974612 0.04598848149180412
v 0.00200000009499490 0.00698771560564637 0.04590036720037460
v 0.00178599439095706 0.00541620468720794 0.04847273230552673
v 0.00200000009499490 0.00664875144138932 0.04813877120614052
v 0.00177696859464049 0.00533424271270633 0.04993207007646561
v 0.00177706172689795 0.00529999984428287 0.05199993774294853
v 0.00200000009499490 0.00653676968067884 0.04991168156266212
v 0.00199999916367233 0.00649999128654599 0.05200000107288361
v 0.00197686930187047 0.00831457413733006 0.04133868962526321
v 0.00199546478688717 0.00877210218459368 0.04102056100964546
v 0.00193690264131874 0.00751612754538655 0.04207418859004974
v 0.00194079335778952 0.00772989634424448 0.04185010865330696
v 0.00200000009499490 0.00856202282011509 0.04271309077739716
v 0.00201077689416707 0.01000526174902916 0.04039938747882843
v 0.00200000009499490 0.00966487266123295 0.04188632592558861
v 0.00200000009499490 0.00753732630982995 0.04422006011009216
v 0.00200000009499490 0.00733037572354078 0.04472403228282928
v 0.00199947203509510 0.01101775187999010 0.04005978256464005
v 0.00200000102631748 0.01134192664176226 0.04121517390012741
v 0.00200000009499490 0.01063077710568905 0.04144538193941116
v 0.00200000102631748 0.01299998443573713 0.04086534306406975
v 0.00200000102631748 0.01347472518682480 0.04079742729663849
v 0.00207305303774774 0.01032621599733829 0.04027846455574036
v 0.00208485731855035 0.01082620862871408 0.04011533781886101
v 0.00179600471165031 0.00531964749097824 0.05393710732460022
v 0.00180996092967689 0.00536088785156608 0.05520699918270111
v 0.00200000009499490 0.00651795975863934 0.05384292080998421
v 0.00200000009499490 0.00658821454271674 0.05572514981031418
v 0.00183774926699698 0.00552007649093866 0.05738406628370285
v 0.00185424974188209 0.00567028252407908 0.05847908183932304
v 0.00200000009499490 0.00673882896080613 0.05747742950916290
v 0.00200000009499490 0.00674459990113974 0.05752445384860039
v 0.00187286722939461 0.00589739391580224 0.05955820158123970
v 0.00200000009499490 0.00703992927446961 0.05918063595890999
v 0.00188982486724854 0.00615867506712675 0.06039812415838242
v 0.00190433918032795 0.00642039859667420 0.06101775914430618
v 0.00192733830772340 0.00690222624689341 0.06183612346649170
v 0.00200000009499490 0.00724888872355223 0.05988485738635063
v 0.00200000009499490 0.00755999609827995 0.06061391159892082
v 0.00200000009499490 0.00824992824345827 0.06158417835831642
v 0.00194296322297305 0.00727420113980770 0.06229783594608307
v 0.00196401448920369 0.00785585120320320 0.06284192204475403
v 0.00200000102631748 0.00962074380367994 0.06250232458114624
v 0.00200000102631748 0.00993472710251808 0.06262797117233276
v 0.00199473230168223 0.00890943408012390 0.06349592655897141
v 0.00199957867152989 0.00911088567227125 0.06358889490365982
v 0.00199996260926127 0.00914032291620970 0.06360179185867310
v 0.00200000102631748 0.01099999342113733 0.06294120103120804
v 0.00200000102631748 0.01073177531361580 0.06411108374595642
v 0.00200000102631748 0.01170952245593071 0.06429884582757950
v 0.00200000102631748 0.01202284358441830 0.06434613466262817
v 0.00199999962933362 0.01318795233964920 0.06327746063470840
v 0.00305018690414727 0.00500423414632678 0.05541051179170609
v 0.00424101296812296 0.00435354840010405 0.05242537334561348
v 0.00432048831135035 0.00465026916936040 0.05562171339988708
v 0.00440659001469612 0.00495524238795042 0.05722765997052193
v 0.00317632989026606 0.00552501482889056 0.05862920358777046
v 0.00453012483194470 0.00539841316640377 0.05878810584545135
v 0.00469772703945637 0.00602361233904958 0.06026999652385712
v 0.00491273729130626 0.00689058378338814 0.06161396205425262
v 0.00516320765018463 0.00804728828370571 0.06271722912788391
v 0.00200000102631748 0.01790086738765240 0.04051401093602180
v 0.00200000102631748 0.01950000040233135 0.04050000011920929
v 0.00000000000000000 0.02500000037252903 0.04050001129508018
v 0.00200000521726906 0.02721910551190376 0.04050003364682198
v 0.00199999962933362 0.01591233722865582 0.06344638764858246
v 0.00200000102631748 0.01629737578332424 0.06465921550989151
v 0.00199999753385782 0.01950000040233135 0.06350000202655792
v -0.00029592553619295 0.02500000037252903 0.06349998712539673
v 0.00000000101130804 0.02500000037252903 0.06349999457597733
v 0.00000000000000000 0.02516703680157661 0.06349998712539673
v 0.00000000000000000 0.02568749897181988 0.06349998712539673
v 0.00000000000000000 0.02625000104308128 0.06349997967481613
v 0.00199999078176916 0.02158884704113007 0.06349996477365494
v 0.00050333805847913 0.02500000037252903 0.06349999457597733
v 0.00108064617961645 0.02512536942958832 0.06349999457597733
v 0.00127677526324987 0.02520229853689671 0.06349998712539673
v 0.00129032367840409 0.02537209726870060 0.06349997967481613
v 0.00143967079930007 0.02538062632083893 0.06349997967481613
v 0.00150000106077641 0.02561882324516773 0.06349998712539673
v 0.00150000106077641 0.02625000104308128 0.06349997967481613
v 0.00687768682837486 0.00429599778726697 0.04599512368440628
v 0.00740881683304906 0.00680745206773281 0.04222285002470016
v 0.00710470881313086 0.00530109787359834 0.04398136585950851
v 0.00698115350678563 0.00474380981177092 0.04496073350310326
v 0.00718255992978811 0.00566542102023959 0.04346156492829323
v 0.00764989387243986 0.00655943853780627 0.04418784007430077
v 0.00757756875827909 0.00609510764479637 0.04484786093235016
v 0.00759760290384293 0.00622118916362524 0.04465441405773163
v 0.00751473428681493 0.00571271451190114 0.04551789164543152
v 0.00771266967058182 0.00698352232575417 0.04368989542126656
v 0.00671142851933837 0.00360741093754768 0.04865789785981178
v 0.00666958978399634 0.00338885653764009 0.05102334916591644
v 0.00681388005614281 0.00402869144454598 0.04679165408015251
v 0.00744833843782544 0.00531778112053871 0.04638966545462608
v 0.00739897601306438 0.00501422118395567 0.04725853353738785
v 0.00734185567125678 0.00460189627483487 0.04907730221748352
v 0.00735160801559687 0.00440549524500966 0.05123811587691307
v 0.00764669384807348 0.00818594451993704 0.04121908918023109
v 0.00787933077663183 0.00821074750274420 0.04262052848935127
v 0.00790597032755613 0.00995012652128935 0.04039148613810539
v 0.00797090027481318 0.01043989043682814 0.04022438451647758
v 0.00799099169671535 0.00911337137222290 0.04206844046711922
v 0.00803999416530132 0.00952831655740738 0.04186187684535980
v 0.00813015270978212 0.01031652837991714 0.04153414815664291
v 0.00778461713343859 0.00749497534707189 0.04318784922361374
v 0.00817256234586239 0.01069816295057535 0.04140146821737289
v 0.00842437800019979 0.01299999654293060 0.04086548089981079
v 0.00997511111199856 0.00349039980210364 0.04277790710330009
v 0.00951807107776403 0.00203273189254105 0.04568151384592056
v 0.00982151646167040 0.00288646714761853 0.04369547218084335
v 0.01060067676007748 0.00362941552884877 0.04423028603196144
v 0.01031850557774305 0.00285170623101294 0.04604652896523476
v 0.01028400752693415 0.00503891380503774 0.04124947264790535
v 0.01012956071645021 0.00421679206192493 0.04195350036025047
v 0.01085849292576313 0.00481426669284701 0.04269974306225777
v 0.01043739356100559 0.00592675525695086 0.04066609591245651
v 0.01107781380414963 0.00635592360049486 0.04158836603164673
v 0.01073459163308144 0.00416866829618812 0.04341688007116318
v 0.00922570750117302 0.00153842149302363 0.04776366427540779
v 0.01004416681826115 0.00238501001149416 0.04800350219011307
v 0.00895758531987667 0.00130167126189917 0.04989667236804962
v 0.00872877333313227 0.00126941036432981 0.05205850303173065
v 0.00961067434400320 0.00208331295289099 0.05211350694298744
v 0.00980214308947325 0.00214461237192154 0.05003731697797775
v 0.01127780601382256 0.00811622105538845 0.04083965346217155
v 0.00670595746487379 0.00341036450117826 0.05285223945975304
v 0.00678563350811601 0.00378980580717325 0.05535029247403145
v 0.00844635907560587 0.00178429926745594 0.05637744814157486
v 0.00841948762536049 0.00239028874784708 0.05845252797007561
v 0.00741233117878437 0.00441900826990604 0.05277263373136520
v 0.00761988200247288 0.00469793099910021 0.05527653917670250
v 0.00695824017748237 0.00439143273979425 0.05740382522344589
v 0.00790981203317642 0.00520607922226191 0.05732122063636780
v 0.00807855278253555 0.00553275179117918 0.05820908397436142
v 0.00849235430359840 0.00330907851457596 0.06038054078817368
v 0.00720534380525351 0.00516197644174099 0.05910426005721092
v 0.00740305706858635 0.00573903322219849 0.06004972010850906
v 0.00754805002361536 0.00614582374691963 0.06060826778411865
v 0.00757993431761861 0.00623376155272126 0.06071946397423744
v 0.00826125871390104 0.00590700330212712 0.05901920050382614
v 0.00843967031687498 0.00629196362569928 0.05969529598951340
v 0.00797064136713743 0.00729263061657548 0.06184265762567520
v 0.00848578568547964 0.00872295163571835 0.06287479400634766
v 0.00740202190354466 0.01092293206602335 0.06415313482284546
v 0.00855386350303888 0.00142482726369053 0.05422928929328918
v 0.00948315486311913 0.00218543433584273 0.05420057848095894
v 0.00942815933376551 0.00246589374728501 0.05625826120376587
v 0.00945032574236393 0.00296572130173445 0.05823161080479622
v 0.00993925426155329 0.00070246972609311 0.06044481694698334
v 0.00988796819001436 0.00130561657715589 0.06154480203986168
v 0.00955590698868036 0.00374900246970356 0.06003744155168533
v 0.00988479703664780 0.00205702870152891 0.06255669146776199
v 0.00994063541293144 0.00294822314754128 0.06343472748994827
v 0.00857099425047636 0.00658776145428419 0.06013425812125206
v 0.00864945724606514 0.00676970090717077 0.06037593632936478
v 0.01005493197590113 0.00393889471888542 0.06414832919836044
v 0.01105400826781988 0.00084796815644950 0.05916345864534378
v 0.01098895445466042 0.00126005674246699 0.06024795025587082
v 0.01095494534820318 0.00178896402940154 0.06126341223716736
v 0.01095839310437441 0.00245024845935404 0.06217828765511513
v 0.01100616157054901 0.00323989591561258 0.06295614689588547
v 0.01109872013330460 0.00413030991330743 0.06358065456151962
v 0.01122905779629946 0.00508741196244955 0.06406145542860031
v 0.01156096439808607 0.00710754701867700 0.06468791514635086
v 0.00884532276540995 0.00724183768033981 0.06092016398906708
v 0.00896282307803631 0.00753828464075923 0.06121045723557472
v 0.00909649487584829 0.00788870174437761 0.06151131913065910
v 0.00927244499325752 0.00837332941591740 0.06186417862772942
v 0.00880930852144957 0.00972057506442070 0.06334875524044037
v 0.00881978496909142 0.00974986050277948 0.06336200982332230
v 0.00905579607933760 0.01008504256606102 0.06363871693611145
v 0.00953419879078865 0.00915160123258829 0.06230721250176430
v 0.00971884932368994 0.00975085888057947 0.06256655603647232
v 0.01005566120147705 0.01099999994039536 0.06294116377830505
v 0.00952881854027510 0.01096500363200903 0.06414506584405899
v 0.00955999642610550 0.01103172544389963 0.06417622417211533
v 0.00998939853161573 0.01327081024646759 0.06449032574892044
v 0.01049467828124762 0.01318573392927647 0.06327679008245468
v 0.00809696037322283 0.02731112763285637 0.04050003364682198
v 0.00881434325128794 0.01639691554009914 0.04055971279740334
v 0.00894589908421040 0.01789837516844273 0.04051392152905464
v 0.00899999495595694 0.01949997805058956 0.04050000756978989
v 0.00899972207844257 0.02020642161369324 0.04049980267882347
v 0.00899071525782347 0.02138583175837994 0.04050007462501526
v 0.00889166258275509 0.02357453666627407 0.04049996659159660
v 0.00855690706521273 0.02583812922239304 0.04050004109740257
v 0.01070633158087730 0.01468789763748646 0.06339096277952194
v 0.01036784239113331 0.01654440350830555 0.06466601043939590
v 0.01099414844065905 0.01887034997344017 0.06349872052669525
v 0.01099999807775021 0.01949999853968620 0.06350000202655792
v 0.01083896029740572 0.02401826903223991 0.06350001692771912
v 0.01099728047847748 0.02077702619135380 0.06349999457597733
v 0.01097263675183058 0.02205801196396351 0.06350000202655792
v 0.01052824594080448 0.02586238831281662 0.06349997967481613
v 0.00043867932981811 0.03021121956408024 0.01594421267509460
v 0.00040539199835621 0.03297485038638115 0.01668321155011654
v 0.00033788572181948 0.03404091671109200 0.01765892095863819
v 0.00020908861188218 0.03403828293085098 0.01932686381042004
v 0.00164567341562361 0.03005753643810749 0.01594348065555096
v 0.00051874812925234 0.03094747290015221 0.01499998196959496
v 0.00175174768082798 0.03079144842922688 0.01499994192272425
v 0.00023544777650386 0.03551083058118820 0.01911381073296070
v 0.00010443601786392 0.03718117997050285 0.02093790099024773
v -0.00004797624205821 0.03726426139473915 0.02290341630578041
v -0.00010692761134123 0.03948336839675903 0.02380800619721413
v -0.00015728324069642 0.03841498494148254 0.02438182756304741
v -0.00015567660739180 0.03995678201317787 0.02445866353809834
v 0.00117552559822798 0.03905829787254333 0.02542907372117043
v 0.00128477253019810 0.03984069824218750 0.02446592785418034
v 0.00247802585363388 0.03067866899073124 0.01499994378536940
v 0.00289824465289712 0.03372924402356148 0.01769701763987541
v 0.00277815805748105 0.03319026529788971 0.01883416622877121
v 0.00472164759412408 0.02943425811827183 0.01591860502958298
v 0.00490356516093016 0.03018463589251041 0.01499995216727257
v 0.00326208956539631 0.03680590540170670 0.02098274230957031
v 0.00510656274855137 0.03639973700046539 0.02101621404290199
v 0.00311326258815825 0.03614391386508942 0.02203856222331524
v 0.00335503858514130 0.03874675557017326 0.02544018253684044
v 0.00352317770011723 0.03952186182141304 0.02448049187660217
v 0.00490655004978180 0.03574384003877640 0.02206644415855408
v 0.00000000000000000 0.02886435203254223 0.03929986432194710
v 0.00000000000000000 0.03136925026774406 0.03929986432194710
v 0.00000000000000000 0.03208741918206215 0.03908389434218407
v 0.00000000000000000 0.03368592262268066 0.03861830011010170
v 0.00199297815561295 0.03122308477759361 0.03929999470710754
v 0.00000000000000000 0.03602695092558861 0.03792079165577888
v 0.00000000000000000 0.03793750330805779 0.03736171871423721
v 0.00000000000000000 0.03882192075252533 0.03835214301943779
v 0.00100128503981978 0.03788067400455475 0.03736266866326332
v 0.00110888481140137 0.03875514492392540 0.03835361823439598
v 0.00331005640327930 0.03096579946577549 0.03929995745420456
v 0.00504841003566980 0.03035686537623405 0.03929998725652695
v 0.00379306450486183 0.03083457611501217 0.03929997980594635
v 0.00300047127529979 0.03583230450749397 0.03789175301790237
v 0.00350326392799616 0.03803926706314087 0.03846834227442741
v 0.00358967809006572 0.03839794173836708 0.03835819661617279
v 0.00369982258416712 0.03885189071297646 0.03821871429681778
v -0.00032297428697348 0.04144386947154999 0.02666383050382137
v -0.00048258539754897 0.04125712439417839 0.02865134924650192
v -0.00053048314293846 0.04303552955389023 0.02934763766825199
v -0.00063697033328936 0.04236315935850143 0.03062174655497074
v -0.00071510486304760 0.04425850883126259 0.03169618546962738
v 0.00107459246646613 0.04130718857049942 0.02893652766942978
v 0.00118458911310881 0.04218980297446251 0.02807864919304848
v 0.00104301900137216 0.04413232952356339 0.03168531879782677
v 0.00093337672296911 0.04316809028387070 0.03243630379438400
v -0.00093664816813543 0.04418056458234787 0.03437805175781250
v 0.00000000000000000 0.04122019931674004 0.03640095889568329
v 0.00000000000000000 0.04255254194140434 0.03725999221205711
v -0.00110833602957428 0.04445098713040352 0.03500000014901161
v -0.00098703231196851 0.04444622620940208 0.03500000014901161
v -0.00089023337932304 0.04528013244271278 0.03389835357666016
v -0.00097860407549888 0.04573641717433929 0.03500000014901161
v 0.00000000000000000 0.04436467960476875 0.03500000014901161
v 0.00000000000000000 0.04568063840270042 0.03500000014901161
v 0.00000000000000000 0.04454146698117256 0.03542046993970871
v 0.00000000000000000 0.04594733193516731 0.03565109148621559
v 0.00000000000000000 0.04614479467272758 0.03619994595646858
v 0.00086788606131449 0.04571634158492088 0.03520793840289116
v 0.00350364064797759 0.04096225276589394 0.02892902120947838
v 0.00356329488568008 0.04280345886945724 0.03241694718599319
v 0.00368570443242788 0.04183552414178848 0.02807462774217129
v 0.00375539762899280 0.04375692829489708 0.03166940063238144
v 0.00208627223037183 0.04436929523944855 0.03542093560099602
v 0.00224652327597141 0.04595957696437836 0.03619997948408127
v 0.00499565247446299 0.04384686797857285 0.03542319312691689
v 0.00373862334527075 0.04533260315656662 0.03519373759627342
v 0.00611238926649094 0.02903475053608418 0.01589531637728214
v 0.00638672010973096 0.02978692762553692 0.01499995775520802
v 0.00591120636090636 0.03301530331373215 0.01775636896491051
v 0.00573042547330260 0.03246849402785301 0.01888047903776169
v 0.00704420451074839 0.02872262522578239 0.01587557606399059
v 0.00846296828240156 0.03138848766684532 0.01891769096255302
v 0.00686157820746303 0.03585889190435410 0.02105320803821087
v 0.00660511339083314 0.03521067276597023 0.02209463343024254
v 0.00540550658479333 0.03826928883790970 0.02545385062694550
v 0.00564323272556067 0.03903192281723022 0.02449990622699261
v 0.00763615127652884 0.03837133944034576 0.02452292665839195
v 0.00732327904552221 0.03762664273381233 0.02546798996627331
v 0.00962960906326771 0.02862122096121311 0.01499997265636921
v 0.01003609132021666 0.02745169773697853 0.01579444669187069
v 0.00871928967535496 0.03195711970329285 0.01782236993312836
v 0.01041928399354219 0.02826532535254955 0.01499997638165951
v 0.01099228393286467 0.02798648737370968 0.01499997917562723
v 0.01128822937607765 0.03063110448420048 0.01788777671754360
v 0.01094951387494802 0.03003331087529659 0.01894054189324379
v 0.00971299968659878 0.03378793597221375 0.02214556559920311
v 0.01008155941963196 0.03442171588540077 0.02113250456750393
v 0.00910853780806065 0.03683099150657654 0.02548106200993061
v 0.00949553865939379 0.03755470737814903 0.02454842999577522
v 0.01076077762991190 0.03590629622340202 0.02549238502979279
v 0.01121653802692890 0.03660758584737778 0.02457550913095474
v 0.00554235186427832 0.03009038418531418 0.03930000215768814
v 0.00625763181596994 0.02958303317427635 0.03930000588297844
v 0.00695059355348349 0.02888439595699310 0.03929996490478516
v 0.00718078017234802 0.02858254127204418 0.03929999470710754
v 0.00577197922393680 0.04042461514472961 0.02892333455383778
v 0.00787499640136957 0.03969525918364525 0.02891762554645538
v 0.00823218747973442 0.04052581638097763 0.02807792276144028
v 0.00580274080857635 0.03710761666297913 0.03731261566281319
v 0.00600531790405512 0.03770650550723076 0.03837513178586960
v 0.00807629711925983 0.03604637458920479 0.03733255714178085
v 0.00836258195340633 0.03661033511161804 0.03839393705129623
v 0.01153500750660896 0.03278249874711037 0.03738242387771606
v 0.00981361232697964 0.03878916800022125 0.02891073375940323
v 0.01025936938822269 0.03958822786808014 0.02808366157114506
v 0.01158817112445831 0.03773572295904160 0.02890238724648952
v 0.01031803153455257 0.04044592007994652 0.03235531225800514
v 0.01000671368092299 0.03458198904991150 0.03735646978020668
v 0.01038058102130890 0.03509480506181717 0.03841698542237282
v 0.00603850325569510 0.04128086194396019 0.02807467244565487
v 0.00600694585591555 0.04222500696778297 0.03239792212843895
v 0.00629554083570838 0.04315826669335365 0.03165623918175697
v 0.00825814157724380 0.04143351316452026 0.03237764537334442
v 0.00540588842704892 0.04538120701909065 0.03620003536343575
v 0.00641922093927860 0.04470868781208992 0.03518078476190567
v 0.00748066278174520 0.04311467707157135 0.03542525693774223
v 0.00810633320361376 0.04456187784671783 0.03620002791285515
v 0.00865033734589815 0.04233531653881073 0.03164539113640785
v 0.01081118080765009 0.04130801558494568 0.03163652867078781
v 0.00889396667480469 0.04384200647473335 0.03516894951462746
v 0.01011121459305286 0.04197182878851891 0.03542584553360939
v 0.01072999462485313 0.04163859039545059 0.03542536124587059
v 0.01076651085168123 0.04338051006197929 0.03620002791285515
v 0.01115280669182539 0.04275352135300636 0.03515814989805222
v 0.01144914794713259 0.04300736635923386 0.03620002791285515
v 0.00000000000000000 0.02846670709550381 0.04050002619624138
v 0.00000000000000000 0.03156151250004768 0.04050000011920929
v 0.00005508637332241 0.03156024590134621 0.04050000011920929
v 0.00000000000000000 0.03177602961659431 0.04043705761432648
v 0.00200000940822065 0.03139936923980713 0.04049999639391899
v 0.00237929378636181 0.03314597532153130 0.03996662795543671
v 0.00393461994826794 0.03097672387957573 0.04049999266862869
v 0.00000000101186803 0.02749999985098839 0.06349998712539673
v 0.00000000000000000 0.02749999985098839 0.06349998712539673
v 0.00000000000000000 0.03221729397773743 0.06349983811378479
v 0.00004812938277610 0.03221754729747772 0.06349983811378479
v 0.00150000106077641 0.02749999985098839 0.06349998712539673
v 0.00199998077005148 0.03221079334616661 0.06349986791610718
v 0.00403587846085429 0.03204037994146347 0.06350000202655792
v 0.00437618978321552 0.03197518736124039 0.06349952518939972
v 0.00467760069295764 0.03190867602825165 0.06350001692771912
v 0.00472190463915467 0.03189789876341820 0.06350000947713852
v 0.00492424098774791 0.03291014209389687 0.06422364711761475
v 0.00536595284938812 0.03039624541997910 0.04049999639391899
v 0.00565860373899341 0.03023048862814903 0.04049999639391899
v 0.00648697977885604 0.02962709777057171 0.04050000384449959
v 0.00714931776747108 0.02894251234829426 0.04050001129508018
v 0.00744090974330902 0.02854941971600056 0.04050001874566078
v 0.00606048712506890 0.03146050870418549 0.06350000202655792
v 0.00747219892218709 0.03069195896387100 0.06350000202655792
v 0.00840697064995766 0.02991400845348835 0.06350000202655792
v 0.00930568762123585 0.02881466597318649 0.06349999457597733
v 0.01001350209116936 0.02747499570250511 0.06349997967481613
v 0.01370163913816214 0.00373864430002868 0.03966572508215904
v 0.01389122195541859 0.00486519094556570 0.03912321478128433
v 0.01423145271837711 0.00718932179734111 0.03843522071838379
v 0.01482363976538181 0.00732659082859755 0.03948076441884041
v 0.01450769975781441 0.00930106826126575 0.03809177130460739
v 0.01417971961200237 0.00948652159422636 0.03946686163544655
v 0.01471028570085764 0.01117188297212124 0.03789319097995758
v 0.01488674525171518 0.01296510826796293 0.03776120394468307
v 0.01739156246185303 0.00084493390750140 0.03874534368515015
v 0.01762503944337368 0.00216420297510922 0.03799675777554512
v 0.01782410778105259 0.00354812387377024 0.03748549148440361
v 0.01523873209953308 0.01122699677944183 0.03898292034864426
v 0.01543531008064747 0.01299999840557575 0.03884863853454590
v 0.01334826275706291 0.02543879300355911 0.01569000072777271
v 0.01394303794950247 0.02622042782604694 0.01499999314546585
v 0.01480664592236280 0.02426163479685783 0.01564170047640800
v 0.01477950159460306 0.02559598721563816 0.01499999687075615
v 0.01614578254520893 0.02295070514082909 0.01559332106262445
v 0.01586819998919964 0.02467697486281395 0.01500000245869160
v 0.01512130256742239 0.02682299725711346 0.01893157511949539
v 0.01680420897901058 0.02220071293413639 0.01556685194373131
v 0.01690060831606388 0.02367059700191021 0.01500000618398190
v 0.01756118796765804 0.02122906222939491 0.01553317252546549
v 0.01776354014873505 0.02270441688597202 0.01500000897794962
v 0.01745629310607910 0.02560481987893581 0.01799823343753815
v 0.01680751331150532 0.02501413412392139 0.01888444274663925
v 0.01436901837587357 0.02614593319594860 0.03746637329459190
v 0.01505639031529427 0.01639983989298344 0.03763020411133766
v 0.01563778519630432 0.01653858460485935 0.03870931267738342
v 0.01513196807354689 0.01935827732086182 0.03755123168230057
v 0.01570088788866997 0.01951924525201321 0.03863427415490150
v 0.01507378462702036 0.02179667353630066 0.03750142455101013
v 0.01563116908073425 0.02198270708322525 0.03858594968914986
v 0.01496262382715940 0.02388366125524044 0.03744527697563171
v 0.01538806501775980 0.02401421964168549 0.03856747969985008
v 0.01493582688271999 0.02643731608986855 0.03853650018572807
v 0.02115229703485966 0.01354612316936255 0.01530110836029053
v 0.02279015071690083 0.00167000771034509 0.01516978908330202
v 0.02260101400315762 0.00515392748638988 0.01518288627266884
v 0.02282912842929363 0.00672073569148779 0.01797731220722198
v 0.02305086888372898 0.00336800655350089 0.01794485934078693
v 0.02398998104035854 0.00114064803346992 0.01500001084059477
v 0.02397767454385757 0.00170128012541682 0.01500001084059477
v 0.02390868775546551 0.00342799513600767 0.01500001177191734
v 0.02421904169023037 0.00342070055194199 0.01756494864821434
v 0.02398629859089851 0.00682885432615876 0.01757498271763325
v 0.02309259027242661 0.00678386958315969 0.02111319452524185
v 0.02427048422396183 0.00685973139479756 0.02076297625899315
v 0.02401056513190269 0.00361767085269094 0.02293157204985619
v 0.02362148836255074 0.00352206942625344 0.02471836470067501
v 0.02382144145667553 0.00352660776115954 0.02471994049847126
v 0.02446376904845238 0.00477477908134460 0.02257671765983105
v 0.02414563298225403 0.00619221059605479 0.02263379655778408
v 0.02436278015375137 0.00689664017409086 0.02257797867059708
v 0.02358033135533333 0.00394236156716943 0.02640580944716930
v 0.02320985123515129 0.00689132371917367 0.02446909248828888
v 0.02378020063042641 0.00394617067649961 0.02641192637383938
v 0.02221618220210075 0.00850394833832979 0.01521280873566866
v 0.02246502973139286 0.00994572881609201 0.01806242763996124
v 0.02226795069873333 0.01386989746242762 0.01500001642853022
v 0.02195641212165356 0.01299783121794462 0.01819143816828728
v 0.02345806732773781 0.00816960074007511 0.01500001456588507
v 0.02338401414453983 0.00867977738380432 0.01500001549720764
v 0.02314364910125732 0.01012205984443426 0.01500001549720764
v 0.02360093407332897 0.01011258456856012 0.01761890202760696
v 0.02398612350225449 0.01017261017113924 0.02083029597997665
v 0.02305759862065315 0.01322892028838396 0.01768890023231506
v 0.02358584478497505 0.01335380878299475 0.02093080058693886
v 0.02244631201028824 0.01319016236811876 0.02136953361332417
v 0.02277293801307678 0.01342880353331566 0.02471670694649220
v 0.02370835095643997 0.00945556536316872 0.02294192090630531
v 0.02393884584307671 0.00758088333532214 0.02270025387406349
v 0.02403264120221138 0.00758647685870528 0.02264477871358395
v 0.02407033182680607 0.00758871436119080 0.02263372391462326
v 0.02433253265917301 0.00741333886981010 0.02257823571562767
v 0.02383790910243988 0.00757489632815123 0.02289260923862457
v 0.02383622340857983 0.00757480692118406 0.02293827384710312
v 0.02386784180998802 0.00757666118443012 0.02279190160334110
v 0.02373836375772953 0.01177596580237150 0.02262749522924423
v 0.02395904622972012 0.01193049829453230 0.02257531322538853
v 0.02316202595829964 0.01246363669633865 0.02468021772801876
v 0.02336088195443153 0.01248100958764553 0.02466761507093906
v 0.02352280914783478 0.01330784894526005 0.02519441395998001
v 0.02325297519564629 0.01243941951543093 0.02661695145070553
v 0.02345249988138676 0.01245197001844645 0.02661125734448433
v 0.01824877411127090 0.00122819643002003 0.03954836726188660
v 0.01843364723026752 0.00241988990455866 0.03889346495270729
v 0.01858444511890411 0.00369795062579215 0.03844390437006950
v 0.01814624480903149 0.00634423736482859 0.03694834187626839
v 0.01882776990532875 0.00636244099587202 0.03797121345996857
v 0.01838485151529312 0.00882520340383053 0.03675251826643944
v 0.01980845443904400 0.00868888292461634 0.03752404823899269
v 0.02292506210505962 0.00717395870015025 0.03140804544091225
v 0.02299311384558678 0.00295043317601085 0.03340391442179680
v 0.02319114841520786 0.00295022968202829 0.03343188017606735
v 0.02342985756695271 0.00401745969429612 0.02929080836474895
v 0.02362930960953236 0.00401939777657390 0.02930545620620251
v 0.02316032163798809 0.00702523905783892 0.02791756764054298
v 0.02390314452350140 0.00479330820962787 0.02795833162963390
v 0.02301720529794693 0.00538074225187302 0.03325957804918289
v 0.02321546711027622 0.00538027938455343 0.03328588977456093
v 0.02294877916574478 0.00099984405096620 0.03370447829365730
v 0.02225905098021030 0.00065364397596568 0.03600155189633369
v 0.02235165424644947 0.00295651098713279 0.03552805259823799
v 0.02239691279828548 0.00516965659335256 0.03535027429461479
v 0.02240533195436001 0.00577530590817332 0.03533111140131950
v 0.02314660139381886 0.00099992996547371 0.03373390808701515
v 0.02312125079333782 0.00138901057653129 0.03516114130616188
v 0.02319745346903801 0.00046916157589294 0.03568484261631966
v 0.02329294569790363 0.00047754091792740 0.03573090210556984
v 0.02340186946094036 0.00047528228606097 0.03574197739362717
v 0.02355708740651608 0.00108669523615390 0.03557183966040611
v 0.02345937304198742 0.00184731523040682 0.03542729094624519
v 0.02336193062365055 0.00149276573210955 0.03663186728954315
v 0.02317198738455772 0.00321889226324856 0.03488789871335030
v 0.02317604795098305 0.00323055638000369 0.03500407189130783
v 0.02321762405335903 0.00323942606337368 0.03510019183158875
v 0.02329301461577415 0.00324579467996955 0.03517844900488853
v 0.02317922562360764 0.00359562947414815 0.03485323861241341
v 0.02350962348282337 0.00381126115098596 0.03518334403634071
v 0.02348079904913902 0.00254776584915817 0.03531664237380028
v 0.02338899299502373 0.00324845081195235 0.03522418066859245
v 0.02349810115993023 0.00324714928865433 0.03523345291614532
v 0.02362202666699886 0.00316950748674572 0.03522880002856255
v 0.02331004105508327 0.00497286301106215 0.03404595702886581
v 0.02343725040555000 0.00383650371804833 0.03629721701145172
v 0.02321634069085121 0.00668406626209617 0.03474235534667969
v 0.02366853505373001 0.00638626981526613 0.03507323190569878
v 0.02291121520102024 0.01369368936866522 0.02812967449426651
v 0.02379853092133999 0.00922360736876726 0.02803630009293556
v 0.02302623912692070 0.00801059976220131 0.03324563056230545
v 0.02312549762427807 0.00801064632833004 0.03325777873396873
v 0.02322475798428059 0.00801031850278378 0.03326993063092232
v 0.02362304553389549 0.01350670028477907 0.02815682813525200
v 0.02325337193906307 0.01263405196368694 0.02947518788278103
v 0.02345320768654346 0.01264079567044973 0.02947964332997799
v 0.02356767840683460 0.01371876336634159 0.03113788552582264
v 0.02243324927985668 0.00813560187816620 0.03531108051538467
v 0.02249335870146751 0.01300358120352030 0.03530549630522728
v 0.02322501502931118 0.00769995385780931 0.03474150970578194
v 0.02322751842439175 0.00798610970377922 0.03474176675081253
v 0.02322764694690704 0.00800074543803930 0.03474177792668343
v 0.02322580665349960 0.00800077151507139 0.03475685790181160
v 0.02323552779853344 0.00800074823200703 0.03486655652523041
v 0.02328114584088326 0.00800039153546095 0.03496122732758522
v 0.02335975877940655 0.00799972377717495 0.03503645211458206
v 0.02345778420567513 0.00799886044114828 0.03507818281650543
v 0.02356225997209549 0.00799791701138020 0.03508327901363373
v 0.02368427440524101 0.00799539685249329 0.03506775945425034
v 0.02349144034087658 0.00734502542763948 0.03619946539402008
v 0.02350038662552834 0.00800001341849566 0.03619989380240440
v 0.02360532060265541 0.01187045127153397 0.03508073836565018
v 0.02357745356857777 0.01300000399351120 0.03619999811053276
v 0.01868741586804390 0.01950193755328655 0.01547457743436098
v 0.01967197284102440 0.01760314404964447 0.01541299745440483
v 0.01963295973837376 0.02006830461323261 0.01500001456588507
v 0.02049555256962776 0.01558961067348719 0.01535336952656507
v 0.02129535377025604 0.01584608107805252 0.01834883168339729
v 0.02036380209028721 0.01874791085720062 0.01500001549720764
v 0.02068988233804703 0.01808480173349380 0.01500001642853022
v 0.02046845853328705 0.01847147569060326 0.01851543039083481
v 0.02130948007106781 0.01892206631600857 0.02173952944576740
v 0.01914304494857788 0.02084795944392681 0.01500001363456249
v 0.01901401393115520 0.02357521466910839 0.01797926612198353
v 0.01824589632451534 0.02304005250334740 0.01879754103720188
v 0.01945865713059902 0.02086696773767471 0.01867097988724709
v 0.02033882960677147 0.02132908813655376 0.01792969927191734
v 0.01948089711368084 0.02383777499198914 0.02205875143408775
v 0.01821328327059746 0.02602677047252655 0.02215468510985374
v 0.01898687891662121 0.02655961178243160 0.02134635858237743
v 0.01913777925074100 0.02729330398142338 0.02334967628121376
v 0.01912206038832664 0.02725866436958313 0.02345927432179451
v 0.01918713375926018 0.02733932994306087 0.02326392941176891
v 0.01926183514297009 0.02739123813807964 0.02320727147161961
v 0.01914248801767826 0.02724431082606316 0.02356134168803692
v 0.01925150863826275 0.02706486172974110 0.02355953305959702
v 0.01936414651572704 0.02696098200976849 0.02543900720775127
v 0.02049832791090012 0.02148089371621609 0.02191567607223988
v 0.02097146585583687 0.02357329241931438 0.02271728031337261
v 0.02107999101281166 0.02362062595784664 0.02266286872327328
v 0.02071012929081917 0.02394415438175201 0.02308833599090576
v 0.02086968719959259 0.02352027222514153 0.02290630526840687
v 0.02090521156787872 0.02354143187403679 0.02279791235923767
v 0.02087300457060337 0.02351505495607853 0.02301120012998581
v 0.02109664306044579 0.02297645062208176 0.02302104048430920
v 0.02131865359842777 0.02207983657717705 0.02520957775413990
v 0.02118876948952675 0.02295823767781258 0.02460578642785549
v 0.02036147750914097 0.02429597079753876 0.02132112346589565
v 0.02003381773829460 0.02541746199131012 0.02310378476977348
v 0.02011812850832939 0.02548303082585335 0.02291015535593033
v 0.02005997300148010 0.02544442750513554 0.02299402467906475
v 0.01998387277126312 0.02557277865707874 0.02327496744692326
v 0.02004512771964073 0.02540891431272030 0.02320790104568005
v 0.02019937150180340 0.02552842535078526 0.02285701222717762
v 0.02026806771755219 0.02547581493854523 0.02283657342195511
v 0.02034200727939606 0.02565338090062141 0.02282211929559708
v 0.02042411267757416 0.02513905800879002 0.02279534749686718
v 0.02072666212916374 0.02446173690259457 0.02272638492286205
v 0.02096734941005707 0.02429213561117649 0.02267362549901009
v 0.02047600783407688 0.02459170855581760 0.02534324862062931
v 0.01985119283199310 0.02631674148142338 0.02492586523294449
v 0.02001582272350788 0.02640379592776299 0.02485293708741665
v 0.02052093110978603 0.02681271545588970 0.02721479348838329
v 0.02069397270679474 0.02689181268215179 0.02715314552187920
v 0.02157025597989559 0.01598875224590302 0.01500001642853022
v 0.02223154716193676 0.01399441529065371 0.01500001642853022
v 0.02234403043985367 0.01614844985306263 0.01777264848351479
v 0.02144359797239304 0.01885242201387882 0.01785712316632271
v 0.02235884778201580 0.01921363547444344 0.02116016484797001
v 0.02305244468152523 0.01637477986514568 0.02104649320244789
v 0.02194932103157043 0.01615396887063980 0.02155044116079807
v 0.02285694517195225 0.01649468578398228 0.02293918095529079
v 0.02242435142397881 0.01649314910173416 0.02488107979297638
v 0.02278808131814003 0.01585615240037441 0.02463889308273792
v 0.02293459698557854 0.01642314530909061 0.02678262628614902
v 0.02208286523818970 0.01995303481817245 0.02293803915381432
v 0.02229396812617779 0.01937599107623100 0.02268186025321484
v 0.02237342856824398 0.01939609646797180 0.02260983176529408
v 0.02252689935266972 0.01915574818849564 0.02257567085325718
v 0.02246047556400299 0.01941831223666668 0.02257432602345943
v 0.02263332903385162 0.01951161026954651 0.02253230288624763
v 0.02224273607134819 0.01936327666044235 0.02278516627848148
v 0.02223893441259861 0.01936296001076698 0.02293512038886547
v 0.02223228663206100 0.01936105452477932 0.02288969978690147
v 0.02195240929722786 0.01938264816999435 0.02505043335258961
v 0.02198472805321217 0.02020350098609924 0.02457384578883648
v 0.02207935974001884 0.02022805064916611 0.02455278672277927
v 0.02231930010020733 0.01868479140102863 0.02459211274981499
v 0.02251256629824638 0.01872272044420242 0.02455727383494377
v 0.02217444032430649 0.02025081403553486 0.02453173696994781
v 0.02243820950388908 0.02015726640820503 0.02695114165544510
v 0.02263295836746693 0.02019179612398148 0.02692145667970181
v 0.02325604483485222 0.01451594289392233 0.02269840240478516
v 0.02334416285157204 0.01452799979597330 0.02263518795371056
v 0.02341888099908829 0.01444289274513721 0.02261485531926155
v 0.02363887988030910 0.01447897870093584 0.02256596833467484
v 0.02320750616490841 0.01426697429269552 0.02294447645545006
v 0.02319344505667686 0.01450773514807224 0.02279572933912277
v 0.02317218855023384 0.01450542453676462 0.02289860881865025
v 0.02317836880683899 0.01600283011794090 0.02260274440050125
v 0.02334078960120678 0.01631156168878078 0.02255368232727051
v 0.02298496477305889 0.01588265411555767 0.02461567148566246
v 0.02308155782520771 0.01730141602456570 0.02535872347652912
v 0.02313284762203693 0.01644401252269745 0.02676645107567310
v 0.02147315628826618 0.02185506932437420 0.02125618234276772
v 0.02169780060648918 0.02196931838989258 0.02259362116456032
v 0.02208209782838821 0.02077625133097172 0.02257539704442024
v 0.02199646085500717 0.02162964642047882 0.02254710905253887
v 0.02136989869177341 0.02302156016230583 0.02454937808215618
v 0.02167286351323128 0.02360935881733894 0.02710163965821266
v 0.02185982279479504 0.02366393618285656 0.02705616317689419
v 0.02241409569978714 0.02102092094719410 0.02551495470106602
v 0.02142067812383175 0.02444588765501976 0.02563779801130295
v 0.02120507135987282 0.02530169673264027 0.02864345721900463
v 0.02004129812121391 0.02711822465062141 0.03581098839640617
v 0.02284009009599686 0.01397150941193104 0.03156923130154610
v 0.02236979268491268 0.01984054408967495 0.02839664369821548
v 0.02270954847335815 0.02053235843777657 0.02974234893918037
v 0.02290730923414230 0.02055736258625984 0.02972605824470520
v 0.02291422523558140 0.01895922422409058 0.03328673541545868
v 0.02253968641161919 0.02028825506567955 0.03176483511924744
v 0.02305888570845127 0.01669844612479210 0.02960834465920925
v 0.02325840853154659 0.01671150699257851 0.02960386872291565
v 0.02297901920974255 0.01705621369183064 0.03327571600675583
v 0.02317862585186958 0.01706111244857311 0.03328727930784225
v 0.02333092503249645 0.01759017072618008 0.02828973345458508
v 0.02340583316981792 0.01788383349776268 0.03123756870627403
v 0.02311390079557896 0.01896803081035614 0.03329399228096008
v 0.02253613620996475 0.01425566338002682 0.03505710512399673
v 0.02251235395669937 0.01551546808332205 0.03530516475439072
v 0.02334200404584408 0.01394016947597265 0.03415244445204735
v 0.02374682202935219 0.01648969389498234 0.03505876287817955
v 0.02326616086065769 0.01731817983090878 0.03475920855998993
v 0.02326519228518009 0.01731815189123154 0.03477437049150467
v 0.02328122779726982 0.01731824129819870 0.03488332405686378
v 0.02333223074674606 0.01731877960264683 0.03497520461678505
v 0.02329299040138721 0.01817927509546280 0.03421690315008163
v 0.02341505140066147 0.01731973513960838 0.03504576906561852
v 0.02351531572639942 0.01732094213366508 0.03508177399635315
v 0.02358829043805599 0.01905160211026669 0.03508265316486359
v 0.02368987910449505 0.01983574591577053 0.03505865484476089
v 0.02357215248048306 0.02058968506753445 0.03620000928640366
v 0.02189273759722710 0.02265690267086029 0.02852654829621315
v 0.02283739484846592 0.02142403833568096 0.02841360121965408
v 0.02280175872147083 0.02089977264404297 0.03255452960729599
v 0.02279482968151569 0.02099546603858471 0.03330180048942566
v 0.02219979465007782 0.02320926822721958 0.03186559677124023
v 0.02253891527652740 0.02351297065615654 0.03332665562629700
v 0.02273706160485744 0.02353930845856667 0.03331996500492096
v 0.02202493883669376 0.02498948760330677 0.02851454168558121
v 0.02210175804793835 0.02410387061536312 0.02986709959805012
v 0.02229428105056286 0.02414838597178459 0.02983622811734676
v 0.02164925448596478 0.02597103640437126 0.03196608275175095
v 0.02213591150939465 0.02587863430380821 0.03335850313305855
v 0.02241592109203339 0.02550894021987915 0.03141201660037041
v 0.02233533747494221 0.02457888424396515 0.03265454620122910
v 0.02253158576786518 0.02461431547999382 0.03263932839035988
v 0.02233081497251987 0.02592040598392487 0.03334215283393860
v 0.02306575328111649 0.02181903272867203 0.03133053705096245
v 0.02300104126334190 0.02091658674180508 0.03255243226885796
v 0.02299426868557930 0.02101034298539162 0.03330352529883385
v 0.02244210056960583 0.02072247304022312 0.03517868369817734
v 0.02239475399255753 0.02151488885283470 0.03531085699796677
v 0.02239824272692204 0.02145115099847317 0.03531075268983841
v 0.02240498177707195 0.02132467366755009 0.03531053662300110
v 0.02233575843274593 0.02243854478001595 0.03531247004866600
v 0.02222288213670254 0.02373674698174000 0.03524998202919960
v 0.02198358066380024 0.02555781975388527 0.03531945496797562
v 0.02258501760661602 0.02600611932575703 0.03434150665998459
v 0.02259094826877117 0.02608564868569374 0.03482361510396004
v 0.02290059253573418 0.02643855474889278 0.03510618209838867
v 0.02291546389460564 0.02644095197319984 0.03510253876447678
v 0.02308792248368263 0.02220458909869194 0.03427964821457863
v 0.02296239323914051 0.02346768602728844 0.03479631617665291
v 0.02298684231936932 0.02346974611282349 0.03491891175508499
v 0.02304446324706078 0.02347539179027081 0.03500661253929138
v 0.02313200756907463 0.02348423935472965 0.03507062047719955
v 0.02323420532047749 0.02349474839866161 0.03509883955121040
v 0.02332573942840099 0.02350429072976112 0.03509286791086197
v 0.02335878834128380 0.02316703088581562 0.03509172424674034
v 0.02348800562322140 0.02317732572555542 0.03506306186318398
v 0.02337964251637459 0.02421601489186287 0.03506538271903992
v 0.02331473305821419 0.02456592209637165 0.03620001301169395
v 0.02296960353851318 0.02607053332030773 0.03510415926575661
v 0.02303126454353333 0.02649677544832230 0.03507259860634804
v 0.02299047447741032 0.02673518471419811 0.03523893654346466
v 0.01327392272651196 0.00173355836886913 0.04130236059427261
v 0.01303814165294170 0.00096994178602472 0.04236329346895218
v 0.01385572738945484 0.00166245899163187 0.04292607307434082
v 0.01349587924778461 0.00267457333393395 0.04038864746689796
v 0.01407252065837383 0.00233886390924454 0.04198131710290909
v 0.01426251884549856 0.00316867581568658 0.04118448495864868
v 0.01361868809908628 0.00113825267180800 0.04397034272551537
v 0.01336913928389549 0.00074209080776200 0.04507716745138168
v 0.01442600879818201 0.00411871448159218 0.04055772349238396
v 0.01456957962363958 0.00514569832012057 0.04008506610989571
v 0.01256116386502981 0.00136030337307602 0.06445271521806717
v 0.01317085418850183 0.02849551662802696 0.01894705183804035
v 0.01360074244439602 0.02911475673317909 0.01794539391994476
v 0.01242234930396080 0.03202847763895988 0.02218465134501457
v 0.01289151981472969 0.03265279158949852 0.02121184952557087
v 0.01472704671323299 0.03010223247110844 0.02220662310719490
v 0.01366135850548744 0.03379809111356735 0.02550869062542915
v 0.01423558965325356 0.03445745259523392 0.02463124319911003
v 0.01565473154187202 0.02744274586439133 0.01798504218459129
v 0.01529181003570557 0.03071438707411289 0.02128223702311516
v 0.01603034883737564 0.03153889253735542 0.02551229484379292
v 0.01664487086236477 0.02810032851994038 0.02220104634761810
v 0.01731051690876484 0.02868607826530933 0.02133078128099442
v 0.01792883872985840 0.02962352149188519 0.02429788559675217
v 0.01792956702411175 0.02967342734336853 0.02419316023588181
v 0.01796713657677174 0.02973132580518723 0.02410864643752575
v 0.01803399063646793 0.02979100309312344 0.02404987253248692
v 0.01809962280094624 0.02983356453478336 0.02402602508664131
v 0.01810587383806705 0.03007351793348789 0.02409784495830536
v 0.01751864142715931 0.03059011325240135 0.02493957802653313
v 0.01769173145294189 0.03073949925601482 0.02451005205512047
v 0.01803297176957130 0.02949276752769947 0.02438615262508392
v 0.01796317659318447 0.02959488704800606 0.02439297735691071
v 0.01790857315063477 0.02925722673535347 0.02549309097230434
v 0.01792286708950996 0.03069908358156681 0.02572306059300900
v 0.01670839823782444 0.03215504810214043 0.02468256652355194
v 0.01711670309305191 0.03159084171056747 0.02553255297243595
v 0.01716257818043232 0.03154179826378822 0.02561337128281593
v 0.01719161681830883 0.03152640536427498 0.02564484067261219
v 0.01710579730570316 0.03166046738624573 0.02544040046632290
v 0.01713500730693340 0.03173163160681725 0.02536301501095295
v 0.01719718053936958 0.03179762139916420 0.02530587650835514
v 0.01721063069999218 0.03203701600432396 0.02543320693075657
v 0.01727215945720673 0.03184526786208153 0.02527716010808945
v 0.01718466542661190 0.03246830403804779 0.02575493231415749
v 0.01700800471007824 0.03214981779456139 0.02618433535099030
v 0.01693750731647015 0.03233160078525543 0.02631214633584023
v 0.01676342077553272 0.03329528868198395 0.02689407207071781
v 0.01673745736479759 0.03321278840303421 0.02696059830486774
v 0.01680401526391506 0.03305806592106819 0.02709792368113995
v 0.01675317436456680 0.03312565386295319 0.02703556232154369
v 0.01680883951485157 0.03327106311917305 0.02741154097020626
v 0.01682403683662415 0.03336608409881592 0.02684116922318935
v 0.01689991541206837 0.03341265022754669 0.02681029401719570
v 0.01702585257589817 0.03271703422069550 0.02605246566236019
v 0.01711221411824226 0.03275879472494125 0.02603293582797050
v 0.01693281345069408 0.03318957984447479 0.02655220963060856
v 0.01696859113872051 0.03360665589570999 0.02697534859180450
v 0.01753017492592335 0.03141125291585922 0.02489958517253399
v 0.01736455969512463 0.03103729523718357 0.02527857944369316
v 0.01774452999234200 0.03087753243744373 0.02454626373946667
v 0.01784022152423859 0.03094307333230972 0.02684812061488628
v 0.01798436604440212 0.03105427138507366 0.02676531858742237
v 0.01274178177118301 0.03073798120021820 0.03740882128477097
v 0.01198135688900948 0.03323764353990555 0.03844355419278145
v 0.01323894411325455 0.03113799542188644 0.03847285360097885
v 0.01368148811161518 0.02851348370313644 0.03743652626872063
v 0.01421714108437300 0.02885953336954117 0.03850405663251877
v 0.01211488712579012 0.03849976509809494 0.02809136733412743
v 0.01218749955296516 0.03929572179913521 0.03233100846409798
v 0.01277243625372648 0.04011261463165283 0.03162943571805954
v 0.01464285701513290 0.03534443303942680 0.02888149209320545
v 0.01386615261435509 0.03802749514579773 0.03230513632297516
v 0.01453183684498072 0.03879813477396965 0.03162392228841782
v 0.01229267753660679 0.04067293554544449 0.03542207181453705
v 0.01322650350630283 0.04000363498926163 0.03541843593120575
v 0.01452974230051041 0.03894033282995224 0.03541063517332077
v 0.01705440506339073 0.03281362727284431 0.02885239198803902
v 0.01754782721400261 0.03242864459753036 0.02840912714600563
v 0.01750473864376545 0.03330757468938828 0.02861951105296612
v 0.01769064366817474 0.03254421055316925 0.02833008021116257
v 0.01754485629498959 0.03321155533194542 0.02958793565630913
v 0.01768867485225201 0.03332871943712234 0.02951317094266415
v 0.01764239184558392 0.03395858034491539 0.03100852668285370
v 0.01766010560095310 0.03402316197752953 0.03115768730640411
v 0.01778835430741310 0.03407670557498932 0.03093966655433178
v 0.01780636422336102 0.03414131700992584 0.03108951635658741
v 0.01778433658182621 0.03394596278667450 0.03221784532070160
v 0.01530504506081343 0.03603915870189667 0.02811072207987309
v 0.01535482704639435 0.03668798506259918 0.03227785602211952
v 0.01609125919640064 0.03741224855184555 0.03161973133683205
v 0.01684220694005489 0.03426983579993248 0.02795027382671833
v 0.01679300144314766 0.03426579013466835 0.02884532697498798
v 0.01680094376206398 0.03483746573328972 0.02895659022033215
v 0.01687103323638439 0.03488035127520561 0.02892772108316422
v 0.01693257503211498 0.03442253917455673 0.02809450030326843
v 0.01672740280628204 0.03457229956984520 0.02911437116563320
v 0.01671259105205536 0.03467223793268204 0.02905735373497009
v 0.01677760668098927 0.03449118882417679 0.02915844321250916
v 0.01680875197052956 0.03446150943636894 0.02917383611202240
v 0.01673947647213936 0.03476307913661003 0.02900320664048195
v 0.01701334491372108 0.03530181944370270 0.02959020249545574
v 0.01694156602025032 0.03539018705487251 0.02987070009112358
v 0.01706495322287083 0.03558042645454407 0.03013947419822216
v 0.01691948436200619 0.03535021096467972 0.03081721812486649
v 0.01695068553090096 0.03532189130783081 0.03083704225718975
v 0.01707089506089687 0.03616496920585632 0.03250642865896225
v 0.01711670868098736 0.03607494756579399 0.03253537416458130
v 0.01706127263605595 0.03627333045005798 0.03246612474322319
v 0.01709268428385258 0.03636961430311203 0.03242551907896996
v 0.01715767383575439 0.03644631057977676 0.03238837793469429
v 0.01723747700452805 0.03654477372765541 0.03252771124243736
v 0.01712962985038757 0.03635114431381226 0.03300056979060173
v 0.01712078973650932 0.03646014630794525 0.03296184912323952
v 0.01717480272054672 0.03626041486859322 0.03302830085158348
v 0.01720405928790569 0.03622644022107124 0.03303721547126770
v 0.01715290918946266 0.03655682131648064 0.03292275220155716
v 0.01713956147432327 0.03652980923652649 0.03293419629335403
v 0.01721847616136074 0.03663364797830582 0.03288692235946655
v 0.01719540543854237 0.03661284223198891 0.03289726004004478
v 0.01727777533233166 0.03667027875781059 0.03286650404334068
v 0.01727703213691711 0.03646381944417953 0.03360039740800858
v 0.01732262596487999 0.03636385500431061 0.03359125927090645
v 0.01726778224110603 0.03656839951872826 0.03359624743461609
v 0.01729459874331951 0.03667243570089340 0.03357927873730659
v 0.01783829182386398 0.03418101742863655 0.03183294832706451
v 0.01798677258193493 0.03429838269948959 0.03176829963922501
v 0.01733420416712761 0.03634815663099289 0.03358824923634529
v 0.01738034375011921 0.03671594709157944 0.03283194825053215
v 0.01735346019268036 0.03675718232989311 0.03355225548148155
v 0.01743355765938759 0.03681248053908348 0.03351979702711105
v 0.01759339123964310 0.03686493262648582 0.03362746909260750
v 0.01542006246745586 0.03811744973063469 0.03540379926562309
v 0.01500155776739120 0.04008277133107185 0.03513949736952782
v 0.01538453996181488 0.04018136486411095 0.03620002791285515
v 0.01636722497642040 0.03926130756735802 0.03620002791285515
v 0.01661267876625061 0.03687216341495514 0.03539282828569412
v 0.01755884662270546 0.03641244396567345 0.03418566286563873
v 0.01759493350982666 0.03630013018846512 0.03413202241063118
v 0.01758659072220325 0.03631533682346344 0.03414143994450569
v 0.01756451278924942 0.03651439771056175 0.03421041369438171
v 0.01760264113545418 0.03661616519093513 0.03421488031744957
v 0.01748574711382389 0.03681740164756775 0.03365931659936905
v 0.01766709797084332 0.03669941797852516 0.03419780358672142
v 0.01788016036152840 0.03667009994387627 0.03438623249530792
v 0.01794725842773914 0.03607529401779175 0.03457879647612572
v 0.01794308237731457 0.03608794137835503 0.03459336236119270
v 0.01793832890689373 0.03617085516452789 0.03466587513685226
v 0.01796319521963596 0.03626084700226784 0.03471406921744347
v 0.01801588200032711 0.03635342046618462 0.03473609685897827
v 0.01808752864599228 0.03643196076154709 0.03472740575671196
v 0.01773735508322716 0.03674951195716858 0.03416796028614044
v 0.01791333220899105 0.03677152469754219 0.03422450274229050
v 0.01739236339926720 0.03595270961523056 0.03538425639271736
v 0.01659139990806580 0.03860650584101677 0.03513155132532120
v 0.01742866635322571 0.03814661875367165 0.03620002791285515
v 0.01318947412073612 0.04148256033658981 0.03514834493398666
v 0.01304041035473347 0.04201169312000275 0.03620002791285515
v 0.01407010853290558 0.04126515612006187 0.03620002791285515
v 0.01890117861330509 0.02775472588837147 0.02374068833887577
v 0.01873910427093506 0.02854067645967007 0.02351043373346329
v 0.01884700544178486 0.02859153784811497 0.02348585985600948
v 0.01833803392946720 0.02934049628674984 0.02380787208676338
v 0.01849928870797157 0.02927113324403763 0.02373642846941948
v 0.01928953081369400 0.02746243961155415 0.02320074476301670
v 0.01938672736287117 0.02755236439406872 0.02318316139280796
v 0.01862648874521255 0.02895089611411095 0.02566652745008469
v 0.01877751946449280 0.02905363403260708 0.02558507397770882
v 0.01816092617809772 0.03003710135817528 0.02621420100331306
v 0.01830762624740601 0.03014482557773590 0.02613128907978535
v 0.01882763952016830 0.02988900989294052 0.02727924287319183
v 0.01898162253201008 0.02999160625040531 0.02720332704484463
v 0.01997519843280315 0.02762965671718121 0.02570815756917000
v 0.01888558268547058 0.03030291572213173 0.02880755439400673
v 0.01952435635030270 0.03069758601486683 0.03005048446357250
v 0.01879492402076721 0.03164165094494820 0.02861373126506805
v 0.01860515587031841 0.03244807198643684 0.03001000359654427
v 0.01968741044402122 0.03079538606107235 0.02998844720423222
v 0.01816883310675621 0.03411309793591499 0.03250149264931679
v 0.01859106495976448 0.03381616994738579 0.03304525464773178
v 0.01874767057597637 0.03392734751105309 0.03298945352435112
v 0.01955951750278473 0.03125352784991264 0.03214675933122635
v 0.01944113522768021 0.03250259160995483 0.03152702003717422
v 0.01913499645888805 0.03328213095664978 0.03282556682825089
v 0.01897481642663479 0.03317537903785706 0.03287984803318977
v 0.01904336549341679 0.03332775831222534 0.03339462727308273
v 0.01920470781624317 0.03343407809734344 0.03334301337599754
v 0.01944991387426853 0.03273896127939224 0.03350090980529785
v 0.01961546577513218 0.03284018859267235 0.03345248848199844
v 0.02023380808532238 0.02782274968922138 0.02873879112303257
v 0.02074141241610050 0.02834718301892281 0.02858191914856434
v 0.02109995670616627 0.02744788117706776 0.02997283637523651
v 0.02128104493021965 0.02751861512660980 0.02992589212954044
v 0.02080496214330196 0.02862234041094780 0.03206186741590500
v 0.02128219977021217 0.02901839464902878 0.03147824481129646
v 0.02092084288597107 0.02983778342604637 0.03343360871076584
v 0.02110246196389198 0.02991378493607044 0.03339841961860657
v 0.02000869251787663 0.03144777566194534 0.03284107893705368
v 0.02006486058235168 0.03165447711944580 0.03347522765398026
v 0.02017946541309357 0.03154065087437630 0.03279406204819679
v 0.02023686841130257 0.03174668923020363 0.03343151882290840
v 0.01966111920773983 0.03256546333432198 0.03535512462258339
v 0.02064959891140461 0.03047426976263523 0.03534101694822311
v 0.01985755376517773 0.03329475969076157 0.03446061164140701
v 0.01987158507108688 0.03346954286098480 0.03493446856737137
v 0.01987463422119617 0.03347121551632881 0.03494925424456596
v 0.01991544291377068 0.03349448740482330 0.03504886105656624
v 0.01998066902160645 0.03353248164057732 0.03512197732925415
v 0.02006664313375950 0.03358304873108864 0.03516545519232750
v 0.02015819773077965 0.03363727405667305 0.03517080470919609
v 0.02083524502813816 0.03146172687411308 0.03443245962262154
v 0.02085623703896999 0.03160610049962997 0.03490462154150009
v 0.02085886336863041 0.03160719573497772 0.03491954132914543
v 0.02089788392186165 0.03162456676363945 0.03502105176448822
v 0.02096362598240376 0.03165468573570251 0.03509730473160744
v 0.02105235867202282 0.03169583156704903 0.03514497727155685
v 0.02106968313455582 0.03236234188079834 0.03510864078998566
v 0.02114845253527164 0.03174076974391937 0.03515483438968658
v 0.02054799720644951 0.03304539620876312 0.03515592589974403
v 0.02086455002427101 0.03280873969197273 0.03510570898652077
v 0.02061158977448940 0.03366967663168907 0.03620002418756485
v 0.02103769406676292 0.03252382576465607 0.03524335846304893
v 0.02102886699140072 0.03286864235997200 0.03620002046227455
v 0.01817345991730690 0.03428119421005249 0.03154609352350235
v 0.01832095533609390 0.03422808274626732 0.03244117647409439
v 0.01834669895470142 0.03569408506155014 0.03487075865268707
v 0.01834704913198948 0.03570237383246422 0.03488866612315178
v 0.01836726628243923 0.03576127439737320 0.03497964888811111
v 0.01841299422085285 0.03583123162388802 0.03504332527518272
v 0.01861908845603466 0.03516491875052452 0.03448716551065445
v 0.01871705241501331 0.03523480892181396 0.03496117517352104
v 0.01872036606073380 0.03523707017302513 0.03497582674026489
v 0.01876178383827209 0.03526608645915985 0.03507365658879280
v 0.01882541179656982 0.03531136736273766 0.03514397889375687
v 0.01890769787132740 0.03537037596106529 0.03518379852175713
v 0.01887470483779907 0.03566801920533180 0.03516000136733055
v 0.01822613738477230 0.03485422208905220 0.03537370637059212
v 0.01814312487840652 0.03647333756089211 0.03470468521118164
v 0.01826562173664570 0.03651875257492065 0.03467394039034843
v 0.01832328550517559 0.03649056702852249 0.03470938652753830
v 0.01848150603473186 0.03590864315629005 0.03507715463638306
v 0.01835465617477894 0.03627740591764450 0.03489734604954720
v 0.01856097765266895 0.03597973287105560 0.03507437929511070
v 0.01861498132348061 0.03601849451661110 0.03505416959524155
v 0.01860188134014606 0.03601042181253433 0.03505969047546387
v 0.01876872219145298 0.03605375811457634 0.03502083197236061
v 0.01902549155056477 0.03545542433857918 0.03517615422606468
v 0.01899409852921963 0.03543269634246826 0.03518527373671532
v 0.01918656006455421 0.03552893176674843 0.03512269631028175
v 0.01914346590638161 0.03558704629540443 0.03511789813637733
v 0.01917095482349396 0.03596810251474380 0.03620002418756485
v 0.02003232575953007 0.03426133841276169 0.03511495888233185
v 0.02147108130156994 0.02804895490407944 0.03275242075324059
v 0.02165846526622772 0.02811163291335106 0.03272147104144096
v 0.02161115594208241 0.02791460976004601 0.03339380025863647
v 0.02180064283311367 0.02797316014766693 0.03336796909570694
v 0.02147777378559113 0.02797595970332623 0.03532749041914940
v 0.02159158699214458 0.02965012937784195 0.03440292924642563
v 0.02163894847035408 0.02969306707382202 0.03487415239214897
v 0.02164102159440517 0.02969367802143097 0.03488918766379356
v 0.02167712338268757 0.02970561571419239 0.03499254584312439
v 0.02174212597310543 0.02972800284624100 0.03507202491164207
v 0.02183229476213455 0.02975954115390778 0.03512412309646606
v 0.02193178795278072 0.02979469858109951 0.03513882309198380
v 0.02175653167068958 0.03045445121824741 0.03513416647911072
v 0.02185376174747944 0.03048831969499588 0.03510647267103195
v 0.02223644964396954 0.02771301753818989 0.03484472259879112
v 0.02227023243904114 0.02772072888910770 0.03496484830975533
v 0.02233336865901947 0.02773614227771759 0.03504743427038193
v 0.02242362126708031 0.02775861322879791 0.03510390222072601
v 0.02252517268061638 0.02778420783579350 0.03512347862124443
v 0.02237466350197792 0.02862615883350372 0.03512017056345940
v 0.02244658954441547 0.02859243564307690 0.03510451689362526
v 0.02266336232423782 0.02812978625297546 0.03507966920733452
v 0.02280065976083279 0.02778145670890808 0.03620001673698425
v 0.02262320928275585 0.02853220142424107 0.03620000183582306
v 0.02218336239457130 0.02973363362252712 0.03508779779076576
v 0.02218467928469181 0.02973706647753716 0.03511020541191101
v 0.02222381904721260 0.02992391958832741 0.03620002046227455
v 0.02146891318261623 0.03115872293710709 0.03513990715146065
v 0.02164159342646599 0.03116292878985405 0.03510035574436188
v 0.02158397063612938 0.03129693493247032 0.03509650751948357
v 0.02176891826093197 0.03119814023375511 0.03620002046227455
v 0.00200000102631748 0.01949973776936531 0.06469999998807907
v 0.00000000101134112 0.02500000037252903 0.06469999998807907
v 0.00000000101133357 0.02500000037252903 0.06579289585351944
v 0.00050333805847913 0.02500000037252903 0.06469999998807907
v 0.00050333805847913 0.02500000037252903 0.06579289585351944
v 0.00108064617961645 0.02512536942958832 0.06469999998807907
v 0.00108064617961645 0.02512536942958832 0.06579289585351944
v 0.00129521847702563 0.02521528117358685 0.06469999998807907
v 0.00144587585236877 0.02539255842566490 0.06469999998807907
v 0.00150000106077641 0.02561882324516773 0.06469999998807907
v 0.00129521847702563 0.02521528117358685 0.06579289585351944
v 0.00144587585236877 0.02539255842566490 0.06579289585351944
v 0.00150000106077641 0.02561882324516773 0.06579289585351944
v 0.00254893675446510 0.02540308982133865 0.06469997763633728
v 0.00250000087544322 0.02561882324516773 0.06469997763633728
v 0.00271433917805552 0.02520846016705036 0.06469997763633728
v 0.00254893675446510 0.02540308982133865 0.06579289585351944
v 0.00250000087544322 0.02561882324516773 0.06579289585351944
v 0.00271433917805552 0.02520846016705036 0.06579289585351944
v 0.00291935587301850 0.02512536942958832 0.06469998508691788
v 0.00291935587301850 0.02512536942958832 0.06579289585351944
v 0.00349666387774050 0.02500000037252903 0.06469998508691788
v 0.00349666387774050 0.02500000037252903 0.06579289585351944
v 0.00400000112131238 0.02500000037252903 0.06469998508691788
v 0.00400000112131238 0.02500000037252903 0.06579289585351944
v 0.00417305948212743 0.02503090351819992 0.06469998508691788
v 0.00435355445370078 0.02514644712209702 0.06469998508691788
v 0.00446909666061401 0.02532694116234779 0.06469998508691788
v 0.00417305948212743 0.02503090351819992 0.06579289585351944
v 0.00435355445370078 0.02514644712209702 0.06579289585351944
v 0.00446909666061401 0.02532694116234779 0.06579289585351944
v 0.00435355445370078 0.02735355310142040 0.06469997763633728
v 0.00446909666061401 0.02717305906116962 0.06469997763633728
v 0.00435355445370078 0.02735355310142040 0.06579289585351944
v 0.00446909666061401 0.02717305906116962 0.06579289585351944
v 0.00450000073760748 0.02549999952316284 0.06469997763633728
v 0.00450000073760748 0.02549999952316284 0.06579289585351944
v 0.00450000073760748 0.02700000070035458 0.06469997763633728
v 0.00450000073760748 0.02700000070035458 0.06579289585351944
v 0.01148072257637978 0.00106411671731621 0.06491937488317490
v 0.01150527969002724 0.00231118011288345 0.06567688286304474
v 0.01159089710563421 0.00362448324449360 0.06621884554624557
v 0.01021471247076988 0.00498341955244541 0.06469979137182236
v 0.01060504466295242 0.00712247053161263 0.06541686505079269
v 0.01111658383160830 0.01103417016565800 0.06587651371955872
v 0.00847782474011183 0.00323532032780349 0.08927710354328156
v 0.00995319057255983 0.00231293099932373 0.08261578530073166
v 0.00951070245355368 0.00385289848782122 0.08245154470205307
v 0.00982269737869501 0.00434903940185905 0.08247744292020798
v 0.00985579658299685 0.00521112279966474 0.08240643143653870
v 0.01005172915756702 0.00520693371072412 0.08244585245847702
v 0.01007248368114233 0.00571533152833581 0.08239605277776718
v 0.00990274548530579 0.00633392203599215 0.08228854089975357
v 0.01009867247194052 0.00633005099371076 0.08232802897691727
v 0.01020103227347136 0.00396140897646546 0.08258220553398132
v 0.00865107681602240 0.00322763039730489 0.08943530917167664
v 0.00860053487122059 0.00626130029559135 0.08917435258626938
v 0.00877489242702723 0.00625327322632074 0.08933361619710922
v 0.00965976063162088 0.00748142274096608 0.08208117634057999
v 0.00984708964824677 0.01145412586629391 0.08135556429624557
v 0.00991151109337807 0.01292742323130369 0.08101617544889450
v 0.00994815491139889 0.01384897343814373 0.08078889548778534
v 0.01034945994615555 0.00754288397729397 0.08220770210027695
v 0.01010754425078630 0.01072347443550825 0.08156976848840714
v 0.01030366588383913 0.01072238478809595 0.08160902559757233
v 0.01014127489179373 0.01145364902913570 0.08141458779573441
v 0.01033737882971764 0.01145331654697657 0.08145387470722198
v 0.01053348649293184 0.01145294308662415 0.08149304986000061
v 0.01024210825562477 0.01385278906673193 0.08084850013256073
v 0.01043759286403656 0.01384139247238636 0.08089166134595871
v 0.01063419412821531 0.01385791786015034 0.08092771470546722
v 0.00873822253197432 0.00914918351918459 0.08889219909906387
v 0.00891391187906265 0.00914457626640797 0.08905198425054550
v 0.00884410180151463 0.01170486770570278 0.08852318674325943
v 0.00882712285965681 0.01170834060758352 0.08862649649381638
v 0.00902447197586298 0.01170701347291470 0.08865892887115479
v 0.00902042072266340 0.01170783955603838 0.08868362754583359
v 0.01048793643712997 0.01950276084244251 0.06469999998807907
v 0.01119677536189556 0.01681805588304996 0.07484195381402969
v 0.00962501764297485 0.02723220735788345 0.06469997763633728
v 0.01046930998563766 0.02207787148654461 0.06470000743865967
v 0.01043202821165323 0.02295983023941517 0.06469991803169250
v 0.01014444231987000 0.02540676854550838 0.06469996273517609
v 0.01159262564033270 0.02431443892419338 0.06610319018363953
v 0.01141945738345385 0.02628631703555584 0.06617421656847000
v 0.01142070814967155 0.02385928295552731 0.07318735122680664
v 0.00834725797176361 0.01592102833092213 0.08920501917600632
v 0.00836930889636278 0.01721191406250000 0.08866665512323380
v 0.00844497978687286 0.01970426551997662 0.08734774589538574
v 0.00806177873164415 0.02586017176508904 0.08870394527912140
v 0.00825014431029558 0.02578451670706272 0.08878999948501587
v 0.01002228353172541 0.01609388738870621 0.08020061254501343
v 0.01008849591016769 0.01919530145823956 0.07935855537652969
v 0.01072775106877089 0.01690115407109261 0.08013010025024414
v 0.01030519977211952 0.01572461426258087 0.08036225289106369
v 0.01050105318427086 0.01572953350841999 0.08040247112512589
v 0.01031595654785633 0.01610196754336357 0.08026125282049179
v 0.01051105186343193 0.01608132757246494 0.08030857890844345
v 0.01036678254604340 0.01833670586347580 0.07965590804815292
v 0.01056155655533075 0.01830311492085457 0.07970841228961945
v 0.01075785793364048 0.01835208199918270 0.07973850518465042
v 0.01039252243936062 0.01993925124406815 0.07922736555337906
v 0.01058812160044909 0.01996947452425957 0.07926396280527115
v 0.00890074484050274 0.01444738358259201 0.08804396539926529
v 0.00909753795713186 0.01443598419427872 0.08808165788650513
v 0.00919778738170862 0.01450284849852324 0.08868249505758286
v 0.00895982515066862 0.01702691800892353 0.08714732527732849
v 0.00915555097162724 0.01700753718614578 0.08719567209482193
v 0.00924935657531023 0.01711953617632389 0.08776602149009705
v 0.00922236219048500 0.01584252901375294 0.08826855570077896
v 0.01011171005666256 0.02079600468277931 0.07893724739551544
v 0.01040445081889629 0.02080838568508625 0.07900168001651764
v 0.01059878710657358 0.02075397782027721 0.07906064391136169
v 0.01079478114843369 0.02082541584968567 0.07908740639686584
v 0.01044380012899637 0.02367729879915714 0.07830979675054550
v 0.01063721068203449 0.02359293960034847 0.07837524265050888
v 0.01082634832710028 0.02321123890578747 0.07850831001996994
v 0.01016825344413519 0.02469852007925510 0.07801673561334610
v 0.01045934762805700 0.02467222139239311 0.07809272408485413
v 0.01065397635102272 0.02467864379286766 0.07813831418752670
v 0.01020692661404610 0.02698956429958344 0.07756386697292328
v 0.01049839332699776 0.02699720486998558 0.07763468474149704
v 0.01069063879549503 0.02687709219753742 0.07770458608865738
v 0.00914433877915144 0.02200075425207615 0.08469253033399582
v 0.00856009125709534 0.02225093729794025 0.08592858910560608
v 0.00933715794235468 0.02195002138614655 0.08476328849792480
v 0.00943388044834137 0.02211816981434822 0.08522701263427734
v 0.00868987385183573 0.02500818483531475 0.08464445173740387
v 0.00925411377102137 0.02477163635194302 0.08351467549800873
v 0.00944608170539141 0.02469350025057793 0.08358959853649139
v 0.00955021567642689 0.02487559244036674 0.08401492983102798
v 0.00523392809554935 0.00298955338075757 0.10549809038639069
v 0.00471492530778050 0.00146965356543660 0.10997447371482849
v 0.00495916558429599 0.00293539115227759 0.10818971693515778
v 0.00490071764215827 0.00286094541661441 0.11029633134603500
v 0.00510601326823235 0.00394293200224638 0.11051578819751740
v 0.00527053466066718 0.02579886093735695 0.10142356157302856
v 0.00514387665316463 0.02292464300990105 0.10409054905176163
v 0.00528422370553017 0.02134995907545090 0.10549366474151611
v 0.00504314573481679 0.02254368737339973 0.10729921609163284
v 0.00511098653078079 0.02672301977872849 0.10347960144281387
v 0.00507472781464458 0.02647673711180687 0.10369272530078888
v 0.00492848455905914 0.02454111725091934 0.10547569394111633
v 0.00785935111343861 0.00308157410472631 0.09088192135095596
v 0.00799165759235620 0.00610976293683052 0.09083972126245499
v 0.00633688038215041 0.00304319313727319 0.09882666170597076
v 0.00613043690100312 0.00314065115526319 0.10174764692783356
v 0.00632074475288391 0.00311719044111669 0.10181330144405365
v 0.00660648196935654 0.00604187278077006 0.09904222190380096
v 0.00721788313239813 0.00318688270635903 0.09584454447031021
v 0.00739964609965682 0.00317300832830369 0.09595647454261780
v 0.00740318745374680 0.00309631996788085 0.09698026627302170
v 0.00742409471422434 0.00619247229769826 0.09593544155359268
v 0.00760805187746882 0.00617616204544902 0.09604489058256149
v 0.00763310492038727 0.00611002650111914 0.09710035473108292
v 0.00814498215913773 0.00902892183512449 0.09060445427894592
v 0.00792190805077553 0.01184029411524534 0.09253901988267899
v 0.00781568419188261 0.01341671776026487 0.09548625349998474
v 0.00801403168588877 0.01341249514371157 0.09551335871219635
v 0.00766515266150236 0.00917344633489847 0.09580206125974655
v 0.00785183813422918 0.00916068162769079 0.09590837359428406
v 0.00790491048246622 0.00912862922996283 0.09698314219713211
v 0.00693095847964287 0.00905872229486704 0.09900334477424622
v 0.00714647909626365 0.01202657818794250 0.09872449189424515
v 0.00715024210512638 0.01355423126369715 0.09851035475730896
v 0.00772380502894521 0.01195104978978634 0.09630974382162094
v 0.00792472809553146 0.01194762345403433 0.09631414711475372
v 0.00795703288167715 0.01198547985404730 0.09775229543447495
v 0.00807638466358185 0.01348235830664635 0.09661380201578140
v 0.00715326284989715 0.01210551429539919 0.10184086859226227
v 0.00734970299527049 0.01210249308496714 0.10189199447631836
v 0.00711647514253855 0.01372798625379801 0.10190446674823761
v 0.00731594115495682 0.01372850872576237 0.10192254930734634
v 0.00875892769545317 0.00316188740544021 0.08992402255535126
v 0.00888633728027344 0.00620550429448485 0.08983480930328369
v 0.00903060566633940 0.00912392698228359 0.08955999463796616
v 0.00903408415615559 0.01174408942461014 0.08985682576894760
v 0.00628858013078570 0.00302264932543039 0.10317572951316833
v 0.00530748860910535 0.00089637801283970 0.10540881007909775
v 0.00550499791279435 0.00088062789291143 0.10543604940176010
v 0.00552112143486738 0.00095793843502179 0.10703270882368088
v 0.00603995332494378 0.00157212745398283 0.10751780867576599
v 0.00550450989976525 0.00308769429102540 0.10590337216854095
v 0.00570081779733300 0.00305753503926098 0.10592689365148544
v 0.00583274988457561 0.00363315991126001 0.10761424899101257
v 0.00625242013484240 0.00323602091521025 0.10787482559680939
v 0.00648633716627955 0.00611617090180516 0.10203646868467331
v 0.00667796982452273 0.00608710804954171 0.10209622234106064
v 0.00668709771707654 0.00599213503301144 0.10350099205970764
v 0.00569831766188145 0.00441153533756733 0.10616564005613327
v 0.00589409237727523 0.00437593506649137 0.10618578642606735
v 0.00588991260156035 0.00396862113848329 0.10767938941717148
v 0.00589126860722899 0.00395474722608924 0.10775194317102432
v 0.00592432683333755 0.00393046345561743 0.10785024613142014
v 0.00599256204441190 0.00390318315476179 0.10793174058198929
v 0.00608225958421826 0.00387820950709283 0.10798101127147675
v 0.00570315076038241 0.00594517448917031 0.10592945665121078
v 0.00598287722095847 0.00602495903149247 0.10642813146114349
v 0.00618395302444696 0.00385762937366962 0.10799576342105865
v 0.00643470836803317 0.00427553849294782 0.10807248204946518
v 0.00617843819782138 0.00598608003929257 0.10644380748271942
v 0.00639442633837461 0.00649065151810646 0.10814484953880310
v 0.00645810319110751 0.00681050401180983 0.10812185704708099
v 0.00609550485387444 0.00277680391445756 0.10980674624443054
v 0.00551583524793386 0.00586378620937467 0.10868103057146072
v 0.00582255097106099 0.00697906175628304 0.11092794686555862
v 0.00669844914227724 0.00562768522650003 0.11026866734027863
v 0.00697296578437090 0.00686544878408313 0.10844649374485016
v 0.00626474479213357 0.00903452653437853 0.10605961829423904
v 0.00653543742373586 0.00902473181486130 0.10671220719814301
v 0.00673251878470182 0.00899177882820368 0.10672077536582947
v 0.00666649220511317 0.01218044664710760 0.10452586412429810
v 0.00687569705769420 0.01222550403326750 0.10674603283405304
v 0.00656130863353610 0.01389293931424618 0.10572768002748489
v 0.00690620206296444 0.00917203072458506 0.10204789787530899
v 0.00710039399564266 0.00914809852838516 0.10210175067186356
v 0.00716286664828658 0.00909298472106457 0.10353540629148483
v 0.00740417651832104 0.01214904896914959 0.10390450060367584
v 0.00740400329232216 0.01382023654878139 0.10332690179347992
v 0.00707557843998075 0.01222091354429722 0.10675114393234253
v 0.00617794273421168 0.00898647028952837 0.10887318104505539
v 0.00643978221341968 0.00990059040486813 0.11103741079568863
v 0.00656365416944027 0.01227565295994282 0.10879421234130859
v 0.00656309537589550 0.01227495819330215 0.10875861346721649
v 0.00667512277141213 0.01231283880770206 0.11099682003259659
v 0.00666101835668087 0.01319515146315098 0.11097352206707001
v 0.00663048215210438 0.01368437428027391 0.11095459014177322
v 0.00742683745920658 0.00884961709380150 0.11045140027999878
v 0.00689978944137692 0.00903555005788803 0.10830907523632050
v 0.00690227141603827 0.00903276447206736 0.10835319757461548
v 0.00693580135703087 0.00902159418910742 0.10845742374658585
v 0.00700398301705718 0.00900520384311676 0.10854183137416840
v 0.00709361024200916 0.00898667052388191 0.10859398543834686
v 0.00719522358849645 0.00896779820322990 0.10861135274171829
v 0.00722396979108453 0.00913353171199560 0.10861949622631073
v 0.00702937040477991 0.00981988664716482 0.10834333300590515
v 0.00742282252758741 0.00912974588572979 0.10861932486295700
v 0.00756260054185987 0.01000559329986572 0.10865119099617004
v 0.00725867925211787 0.01225078385323286 0.10834745317697525
v 0.00755859585478902 0.01225338876247406 0.10864574462175369
v 0.00724580744281411 0.01330460514873266 0.10829594731330872
v 0.00723122805356979 0.01358265802264214 0.10827600210905075
v 0.00724767474457622 0.01359099801629782 0.10837407410144806
v 0.00729945069178939 0.01225458178669214 0.10849665850400925
v 0.00736444303765893 0.01225555781275034 0.10857429355382919
v 0.00740914884954691 0.01225553452968597 0.10860575735569000
v 0.00730020599439740 0.01360112242400646 0.10846705734729767
v 0.00738217262551188 0.01361117046326399 0.10853546857833862
v 0.00748118897899985 0.01361972372978926 0.10857029259204865
v 0.00752321956679225 0.01374274678528309 0.10856493562459946
v 0.00776132056489587 0.01224567182362080 0.10864598304033279
v 0.00781178101897240 0.01176704186946154 0.11042453348636627
v 0.00776045955717564 0.01294193137437105 0.10861711949110031
v 0.00783086661249399 0.01228112913668156 0.11041370779275894
v 0.00782094988971949 0.01315877586603165 0.11039574444293976
v 0.00832871999591589 0.01456721499562263 0.08964085578918457
v 0.00779071217402816 0.01498743426054716 0.09512573480606079
v 0.00798893719911575 0.01498198043555021 0.09515789151191711
v 0.00774559518322349 0.01647753268480301 0.09460774809122086
v 0.00794336199760437 0.01647021993994713 0.09464796632528305
v 0.00797194708138704 0.01662565022706985 0.09572599828243256
v 0.00771307433024049 0.02055975422263145 0.09216351062059402
v 0.00790669210255146 0.02053568884730339 0.09223569929599762
v 0.00770637951791286 0.01789137907326221 0.09391909092664719
v 0.00790317542850971 0.01788079179823399 0.09396971762180328
v 0.00791330449283123 0.01807163655757904 0.09501406550407410
v 0.00788483303040266 0.01944757066667080 0.09414656460285187
v 0.00682281609624624 0.01712615601718426 0.10094302892684937
v 0.00684001715853810 0.01963564194738865 0.09584812819957733
v 0.00665527116507292 0.01869733445346355 0.10008799284696579
v 0.00685403123497963 0.01869632303714752 0.10013644397258759
v 0.00684075755998492 0.01896191202104092 0.10149072110652924
v 0.00653756828978658 0.02018354646861553 0.09902320802211761
v 0.00673479074612260 0.02017524093389511 0.09908661991357803
v 0.00669545540586114 0.02047819644212723 0.10038793832063675
v 0.00708542903885245 0.01518689841032028 0.09814136475324631
v 0.00698783434927464 0.01674374192953110 0.09757672995328903
v 0.00803661346435547 0.01509613450616598 0.09625422209501266
v 0.00699537899345160 0.01546591240912676 0.10154122859239578
v 0.00719500938430429 0.01546892710030079 0.10156536847352982
v 0.00702232541516423 0.01712880656123161 0.10097760707139969
v 0.00689608091488481 0.01822306960821152 0.09680019319057465
v 0.00683543505147099 0.02100064232945442 0.09479200094938278
v 0.00663709267973900 0.02430197782814503 0.09551312774419785
v 0.00682632904499769 0.02425271645188332 0.09560429304838181
v 0.00785142835229635 0.02316581830382347 0.09030295163393021
v 0.00804177206009626 0.02311872690916061 0.09038776904344559
v 0.00803651567548513 0.02337851002812386 0.09125005453824997
v 0.00697857374325395 0.02366627939045429 0.09269084781408310
v 0.00789592415094376 0.02077534608542919 0.09318534284830093
v 0.00724300229921937 0.02635054290294647 0.09094019979238510
v 0.00826625153422356 0.02604361064732075 0.08959643542766571
v 0.00696856435388327 0.02693841606378555 0.09363006800413132
v 0.00715315248817205 0.02685722522437572 0.09371918439865112
v 0.00713606225326657 0.02718479931354523 0.09483873099088669
v 0.00649465620517731 0.02160038985311985 0.09783939272165298
v 0.00668959226459265 0.02158105559647083 0.09791620820760727
v 0.00554134650155902 0.02227265760302544 0.10130346566438675
v 0.00597955565899611 0.02235631085932255 0.10175262391567230
v 0.00577671406790614 0.02265439927577972 0.10141675174236298
v 0.00578192714601755 0.02237989753484726 0.10167685896158218
v 0.00597310531884432 0.02268160693347454 0.10144300758838654
v 0.00663344934582710 0.02190942689776421 0.09916221350431442
v 0.00567510444670916 0.02507938258349895 0.09874709695577621
v 0.00677550677210093 0.02459690347313881 0.09676251560449600
v 0.00586793757975101 0.02484231255948544 0.09946560859680176
v 0.00606518145650625 0.02485035173594952 0.09949768334627151
v 0.00607805885374546 0.02584721520543098 0.10067187994718552
v 0.00629195058718324 0.02531308680772781 0.10155733674764633
v 0.00650272797793150 0.02568594552576542 0.10123532265424728
v 0.00624887784942985 0.02696299552917480 0.09994714707136154
v 0.00629390217363834 0.02701442502439022 0.10002982616424561
v 0.00636985898017883 0.02704933844506741 0.10009699314832687
v 0.00646995007991791 0.02706344984471798 0.10014081746339798
v 0.00653613451868296 0.02706012874841690 0.10015247017145157
v 0.00652553467079997 0.02700008638203144 0.10019572079181671
v 0.00670466292649508 0.02699331380426884 0.10020061582326889
v 0.00634841807186604 0.02582530304789543 0.10111762583255768
v 0.00652060145512223 0.02582536451518536 0.10111757367849350
v 0.00659594312310219 0.02634886652231216 0.10069005936384201
v 0.00668013375252485 0.01535834185779095 0.10644602030515671
v 0.00687818182632327 0.01538537628948689 0.10645288974046707
v 0.00637028552591801 0.01572919264435768 0.10538340359926224
v 0.00685026450082660 0.01663824543356895 0.10778150707483292
v 0.00686089042574167 0.01666640490293503 0.10787690430879593
v 0.00672946171835065 0.01730772852897644 0.10756851732730865
v 0.00583770591765642 0.01918236538767815 0.10381771624088287
v 0.00601507211104035 0.01961538568139076 0.10429590195417404
v 0.00610318966209888 0.01750013232231140 0.10475639998912811
v 0.00621031504124403 0.01965570077300072 0.10431186854839325
v 0.00590038858354092 0.01787494681775570 0.10772459208965302
v 0.00555242411792278 0.01966787874698639 0.10675017535686493
v 0.00633883895352483 0.01755177415907383 0.10575788468122482
v 0.00617483211681247 0.01853706687688828 0.10516849905252457
v 0.00637031532824039 0.01857739500701427 0.10518117249011993
v 0.00653487630188465 0.01759002543985844 0.10576817393302917
v 0.00643691839650273 0.01884440705180168 0.10683360695838928
v 0.00660640839487314 0.01795782707631588 0.10730446875095367
v 0.00654792692512274 0.01833462156355381 0.10723315924406052
v 0.00658893398940563 0.01838554628193378 0.10731820762157440
v 0.00666157435625792 0.01843183301389217 0.10738208144903183
v 0.00675472151488066 0.01846706122159958 0.10741633176803589
v 0.00683655589818954 0.01848487183451653 0.10742045938968658
v 0.00618029106408358 0.02032728120684624 0.10573419928550720
v 0.00618004286661744 0.02039195969700813 0.10580974817276001
v 0.00618870323523879 0.02027210406959057 0.10578135401010513
v 0.00621596677228808 0.02046080864965916 0.10588376224040985
v 0.00628486229106784 0.02052004449069500 0.10594072192907333
v 0.00637609651312232 0.02056155167520046 0.10597302764654160
v 0.00662390096113086 0.02059824950993061 0.10596352070569992
v 0.00652132462710142 0.02027376554906368 0.10623519122600555
v 0.00667507760226727 0.02027469873428345 0.10623443126678467
v 0.00672270497307181 0.01999167166650295 0.10645879805088043
v 0.00668930169194937 0.01928713917732239 0.10695870965719223
v 0.00725471507757902 0.01562535203993320 0.10297295451164246
v 0.00703079393133521 0.01550457812845707 0.10803893208503723
v 0.00690740207210183 0.01669955253601074 0.10796771198511124
v 0.00698433676734567 0.01673156209290028 0.10803520679473877
v 0.00707999523729086 0.01675794273614883 0.10807047784328461
v 0.00714577129110694 0.01677057147026062 0.10807474702596664
v 0.00726827932521701 0.01712014153599739 0.10797181725502014
v 0.00704509066417813 0.01734474673867226 0.10236915946006775
v 0.00697838980704546 0.01771673001348972 0.10776285827159882
v 0.00696211168542504 0.01780563220381737 0.10772772878408432
v 0.00713860569521785 0.01780514046549797 0.10772795230150223
v 0.00698890024796128 0.01857183501124382 0.10737587511539459
v 0.00649856030941010 0.01403849665075541 0.10865096002817154
v 0.00643326202407479 0.01534529682248831 0.11081020534038544
v 0.00624772254377604 0.01598651148378849 0.10834601521492004
v 0.00611964100971818 0.01705907471477985 0.11046086251735687
v 0.00590048544108868 0.01808259636163712 0.11012279987335205
v 0.00573727022856474 0.01881843991577625 0.10981036722660065
v 0.00559979677200317 0.01944161206483841 0.10949685424566269
v 0.00536598451435566 0.02055684290826321 0.10882493853569031
v 0.00688143027946353 0.01910449936985970 0.10919967293739319
v 0.00745453080162406 0.01455697044730186 0.10848622769117355
v 0.00765305850654840 0.01455670036375523 0.10848625749349594
v 0.00758669897913933 0.01512379106134176 0.10841242969036102
v 0.00762144010514021 0.01527020428329706 0.11026693135499954
v 0.00727868732064962 0.01593886688351631 0.10827180743217468
v 0.00743416324257851 0.01616754196584225 0.10822365432977676
v 0.00728555256500840 0.01719968952238560 0.10990948975086212
v 0.00563786225393414 0.02077012136578560 0.10262819379568100
v 0.00596959050744772 0.02220279350876808 0.10413081198930740
v 0.00600549159571528 0.02227433770895004 0.10420223325490952
v 0.00607457058504224 0.02233392186462879 0.10425859689712524
v 0.00601913966238499 0.02158805355429649 0.10458040237426758
v 0.00592257874086499 0.02393547631800175 0.10234773904085159
v 0.00592046743258834 0.02384923212230206 0.10242790728807449
v 0.00592520786449313 0.02400344051420689 0.10242039710283279
v 0.00641850102692842 0.02236232906579971 0.10432647913694382
v 0.00621843151748180 0.02328885905444622 0.10343354940414429
v 0.00616616290062666 0.02237344533205032 0.10429234802722931
v 0.00640805810689926 0.02104798890650272 0.10556586086750031
v 0.00626976275816560 0.02247735671699047 0.10686121881008148
v 0.00596427917480469 0.02407114766538143 0.10249386727809906
v 0.00606394885107875 0.02420361712574959 0.10250381380319595
v 0.00603596121072769 0.02412458322942257 0.10255307704210281
v 0.00638868799433112 0.02438536472618580 0.10239584743976593
v 0.00615735631436110 0.02441656030714512 0.10502513498067856
v 0.00632832152768970 0.02644090168178082 0.10309558361768723
v 0.00653976621106267 0.02075943909585476 0.10822436213493347
v 0.00000000101185471 0.02749999985098839 0.06469999998807907
v 0.00000000101185627 0.02749999985098839 0.06579289585351944
v 0.00000000000000000 0.03111882507801056 0.06469999998807907
v 0.00000000000000000 0.03183548152446747 0.06469999998807907
v 0.00003750671385205 0.03183564916253090 0.06469999998807907
v 0.00000000000000000 0.03187595680356026 0.06472856551408768
v 0.00000000000000000 0.03302650153636932 0.06555379182100296
v 0.00000000000000000 0.03407407552003860 0.06482943892478943
v 0.00150000106077641 0.02749999985098839 0.06469999998807907
v 0.00150000106077641 0.02749999985098839 0.06579289585351944
v 0.00200729887001216 0.03182157501578331 0.06469999253749847
v 0.00000000000000000 0.03706872835755348 0.06697432696819305
v 0.00000000000000000 0.03726068884134293 0.06711475551128387
v 0.00000000000000000 0.03668523579835892 0.06818146258592606
v 0.00000000000000000 0.03705107420682907 0.06846546381711960
v -0.00018610173719935 0.03907282650470734 0.07000000029802322
v 0.00000000000000000 0.03905410319566727 0.07000000029802322
v 0.00128414260689169 0.03711679205298424 0.06706047803163528
v 0.00123864237684757 0.03653622046113014 0.06812280416488647
v 0.00250000087544322 0.02749999985098839 0.06469998508691788
v 0.00250000087544322 0.02749999985098839 0.06579289585351944
v 0.00318062491714954 0.03176346793770790 0.06470009684562683
v 0.00400000112131238 0.02749999985098839 0.06469998508691788
v 0.00400000112131238 0.02749999985098839 0.06579289585351944
v 0.00417305948212743 0.02746909484267235 0.06469997763633728
v 0.00417305948212743 0.02746909484267235 0.06579289585351944
v 0.00392810441553593 0.03166716545820236 0.06470004469156265
v 0.00430432241410017 0.03159996122121811 0.06470000743865967
v 0.00461286399513483 0.03153472021222115 0.06470000743865967
v 0.00459184963256121 0.03153950721025467 0.06470000743865967
v 0.00463381642475724 0.03152989596128464 0.06470000743865967
v 0.00229307077825069 0.03691238909959793 0.06695859879255295
v 0.00240463577210903 0.03848058357834816 0.06815373152494431
v 0.00239964807406068 0.03859211504459381 0.06976119428873062
v 0.00376415718346834 0.03582549095153809 0.06772892177104950
v 0.00381508120335639 0.03643254190683365 0.06668529659509659
v 0.00514995399862528 0.03517075255513191 0.06733112782239914
v 0.00436874153092504 0.03966348990797997 0.07078838348388672
v 0.00446066819131374 0.04046032950282097 0.06989470869302750
v 0.00253137201070786 0.04053869470953941 0.07133800536394119
v -0.00016413108096458 0.04104565456509590 0.07000000029802322
v 0.00000000000000000 0.04103634133934975 0.07000000029802322
v -0.00018430064665154 0.04198259487748146 0.07071510702371597
v 0.00137110741343349 0.04170196130871773 0.07062037289142609
v -0.00025026992079802 0.04123549535870552 0.07165189087390900
v -0.00036141197779216 0.04586948081851006 0.07564889639616013
v -0.00025450452812947 0.04680833965539932 0.07488859444856644
v 0.00128128076903522 0.04094920307397842 0.07155060768127441
v 0.00136216869577765 0.04544373229146004 0.07549519836902618
v 0.00149645842611790 0.04638126865029335 0.07473858445882797
v 0.00256244768388569 0.04098096117377281 0.07170906662940979
v 0.00272639724425972 0.04260247200727463 0.07152359187602997
v 0.00284333806484938 0.04470770806074142 0.07503759115934372
v 0.00312997424043715 0.04729671031236649 0.07586762309074402
v 0.00396429561078548 0.04421906173229218 0.07474808394908905
v 0.00502397166565061 0.04355637729167938 0.07427382469177246
v 0.00516915181651711 0.04455833882093430 0.07357755303382874
v 0.00412529148161411 0.04522955045104027 0.07406324893236160
v 0.00039912119973451 0.05203692987561226 0.08007003366947174
v -0.00103700009640306 0.05119047686457634 0.08068537712097168
v 0.00206247251480818 0.05013490840792656 0.08017573505640030
v 0.00050498504424468 0.05075576156377792 0.08051427453756332
v -0.00107383250724524 0.05260651931166649 0.08411046862602234
v 0.00150318071246147 0.05042055994272232 0.08445996046066284
v 0.00096534314798191 0.05083510279655457 0.08886031806468964
v 0.00059228995814919 0.05209586024284363 0.08396284282207489
v 0.00152666866779327 0.05189369618892670 0.08879286795854568
v 0.00434610946103930 0.04759049043059349 0.08930420130491257
v 0.00227056746371090 0.05003560334444046 0.08011455088853836
v 0.00325721409171820 0.04950403422117233 0.07976176589727402
v 0.00345129915513098 0.05079013854265213 0.07937616109848022
v 0.00223389221355319 0.05137597396969795 0.07974176853895187
v 0.00473580881953239 0.04848853498697281 0.07899871468544006
v 0.00506722182035446 0.04978703707456589 0.07864399254322052
v 0.00272967317141593 0.04971934109926224 0.08426968008279800
v 0.00347376172430813 0.05067659169435501 0.08367250114679337
v 0.00367748783901334 0.04888597875833511 0.08758495748043060
v 0.00311562092974782 0.04937830567359924 0.08845259994268417
v 0.00211397325620055 0.05144798383116722 0.08381792157888412
v 0.00379056343808770 0.04893825203180313 0.08407466858625412
v 0.00496265850961208 0.04778051003813744 0.08390748500823975
v 0.00466176588088274 0.04980380460619926 0.08352377265691757
v 0.00402285577729344 0.04826392233371735 0.08849650621414185
v 0.00389739917591214 0.05028880387544632 0.08844187110662460
v 0.00494850426912308 0.04902056977152824 0.08862640708684921
v 0.00467753736302257 0.04959576949477196 0.08735514432191849
v 0.00617061788216233 0.03100531548261642 0.06470054388046265
v 0.00739270728081465 0.03026879951357841 0.06469988077878952
v 0.00552568584680557 0.03558358550071716 0.06616773456335068
v 0.00546418363228440 0.03492051362991333 0.06716720014810562
v 0.00550883961841464 0.03489178791642189 0.06714987009763718
v 0.00548657868057489 0.03490618243813515 0.06715852022171021
v 0.00556437764316797 0.03744623064994812 0.06755793094635010
v 0.00595375755801797 0.03729492425918579 0.06745681911706924
v 0.00601096404716372 0.03727107867598534 0.06744183599948883
v 0.00594512559473515 0.03836892172694206 0.06982531398534775
v 0.00619696965441108 0.03805178031325340 0.06804738193750381
v 0.00633016834035516 0.03812105953693390 0.06963445991277695
v 0.00637865066528320 0.03807596117258072 0.06960054486989975
v 0.00635451497510076 0.03809854760766029 0.06961746513843536
v 0.00707146571949124 0.03443308919668198 0.06565842777490616
v 0.00777191715314984 0.03635185211896896 0.06859402358531952
v 0.00812488049268723 0.03727260977029800 0.06783127039670944
v 0.00730782467871904 0.03822191432118416 0.06830491125583649
v 0.00804257392883301 0.04012570902705193 0.07145399600267410
v 0.00894652958959341 0.02857439778745174 0.06469999253749847
v 0.00851479638367891 0.02917603030800819 0.06470052152872086
v 0.00997821800410748 0.03210812807083130 0.06711183488368988
v 0.01066680438816547 0.03271033987402916 0.06630980968475342
v 0.01161421276628971 0.03107037581503391 0.07196633517742157
v 0.01090472284704447 0.03356572985649109 0.07676481455564499
v 0.00953953992575407 0.03511879593133926 0.06700968742370605
v 0.00900194514542818 0.03435105085372925 0.06780534237623215
v 0.01008344721049070 0.03632842004299164 0.06954901665449142
v 0.00878959055989981 0.03895894065499306 0.07076426595449448
v 0.00927612744271755 0.04018582403659821 0.07029174268245697
v 0.01077248249202967 0.03731332719326019 0.06897789239883423
v 0.00993961282074451 0.03812602907419205 0.07610005885362625
v 0.00979836191982031 0.03920059651136398 0.07599688321352005
v 0.01154548209160566 0.03485057875514030 0.07151033729314804
v 0.01157025247812271 0.03511528298258781 0.07243457436561584
v 0.01127007976174355 0.03650660812854767 0.07299436628818512
v 0.01146142743527889 0.03652954101562500 0.07304785400629044
v 0.01020146813243628 0.03440792858600616 0.07649067044258118
v 0.01049176882952452 0.03442648798227310 0.07656398415565491
v 0.01068530511111021 0.03443889319896698 0.07661287486553192
v 0.01087901182472706 0.03445158898830414 0.07666181027889252
v 0.01085026748478413 0.03516073524951935 0.07658258080482483
v 0.01081993617117405 0.03574527055025101 0.07651901245117188
v 0.01072525419294834 0.03708922863006592 0.07637825608253479
v 0.01079160533845425 0.03831417858600616 0.07381458580493927
v 0.01041849050670862 0.04042539373040199 0.07248745113611221
v 0.01128952205181122 0.03786373138427734 0.07118131965398788
v 0.01104505639523268 0.03866286203265190 0.07156261801719666
v 0.01098246220499277 0.03834599256515503 0.07386520504951477
v 0.01117929909378290 0.04019368439912796 0.07283493876457214
v 0.01126013882458210 0.04024786502122879 0.07278502732515335
v 0.01112843398004770 0.04013766348361969 0.07290951907634735
v 0.01111340988427401 0.04010363668203354 0.07296594977378845
v 0.01130006555467844 0.04064374417066574 0.07294828444719315
v 0.01135533675551414 0.04029000550508499 0.07276888936758041
v 0.01030743308365345 0.04029291868209839 0.07606399059295654
v 0.00828985590487719 0.02876896224915981 0.08745293319225311
v 0.00847762823104858 0.02866111695766449 0.08753287047147751
v 0.00848742201924324 0.03196671232581139 0.08651585876941681
v 0.00781617220491171 0.03226782754063606 0.08866970986127853
v 0.00787690468132496 0.03544239327311516 0.08860084414482117
v 0.00830307882279158 0.03903901576995850 0.08387661725282669
v 0.00841956958174706 0.03834142163395882 0.08564990013837814
v 0.00776780629530549 0.04089793562889099 0.08577492833137512
v 0.00740922195836902 0.04075660929083824 0.08920255303382874
v 0.00797511264681816 0.03868063911795616 0.08652314543724060
v 0.00797266140580177 0.03867898136377335 0.08654383569955826
v 0.00792964175343513 0.03865293040871620 0.08690965920686722
v 0.00784734822809696 0.03850226104259491 0.08770120888948441
v 0.00817354209721088 0.03864896297454834 0.08740701526403427
v 0.00837733782827854 0.03866813704371452 0.08737435191869736
v 0.00779433827847242 0.03859515115618706 0.08811216801404953
v 0.00846569705754519 0.03863789141178131 0.08840698748826981
v 0.00936330948024988 0.02787905931472778 0.08251733332872391
v 0.00955492258071899 0.02776791341602802 0.08259219676256180
v 0.00966649409383535 0.02796057797968388 0.08299413323402405
v 0.00891921203583479 0.03146978095173836 0.08274047076702118
v 0.00944499112665653 0.03133281320333481 0.08171145617961884
v 0.00963850505650043 0.03118938952684402 0.08178283274173737
v 0.00975476484745741 0.03139427676796913 0.08217174559831619
v 0.01052339188754559 0.02863394096493721 0.07735204696655273
v 0.01071721874177456 0.02861598692834377 0.07740361988544464
v 0.01024289615452290 0.02952967770397663 0.07713647931814194
v 0.01090911868959665 0.02844490483403206 0.07748034596443176
v 0.01092953793704510 0.03068897128105164 0.07713755220174789
v 0.00881949719041586 0.02807426825165749 0.08358175307512283
v 0.00852053984999657 0.02890852466225624 0.08830926567316055
v 0.00867756363004446 0.03182751312851906 0.08658496290445328
v 0.00874587241560221 0.03206348791718483 0.08734970539808273
v 0.00990193616598845 0.03451349958777428 0.07767906785011292
v 0.00983055867254734 0.03752817586064339 0.07820013165473938
v 0.00872812513262033 0.03498181700706482 0.08311153203248978
v 0.00942440330982208 0.03482429310679436 0.08113062381744385
v 0.00942748505622149 0.03482303395867348 0.08111585676670074
v 0.00962006486952305 0.03483552858233452 0.08117049932479858
v 0.00962313916534185 0.03483428061008453 0.08115576952695847
v 0.00954568851739168 0.03495907783508301 0.08255313336849213
v 0.00876256078481674 0.04047374799847603 0.07980727404356003
v 0.00905676092952490 0.04054817557334900 0.07982064038515091
v 0.00925041362643242 0.04058399423956871 0.07985549420118332
v 0.01002463418990374 0.03754986077547073 0.07824367284774780
v 0.00946743134409189 0.04087392985820770 0.07949129492044449
v 0.00924971420317888 0.03779592737555504 0.08085031062364578
v 0.00875966623425484 0.03785598650574684 0.08180926740169525
v 0.00859072152525187 0.03966729342937469 0.08155424147844315
v 0.00899364519864321 0.04014881700277328 0.08056695014238358
v 0.00919054169207811 0.04018835723400116 0.08058613538742065
v 0.00879541039466858 0.03945763781666756 0.08234921097755432
v 0.00899278745055199 0.03948579356074333 0.08237177133560181
v 0.00910853408277035 0.03932467103004456 0.08305125683546066
v 0.00944516528397799 0.03781589120626450 0.08088772743940353
v 0.00958765577524900 0.03761932253837585 0.08131703734397888
v 0.00934466347098351 0.04003082215785980 0.08102057129144669
v 0.01012391690164804 0.03622136265039444 0.07750394195318222
v 0.01034809555858374 0.03609612211585045 0.07747598737478256
v 0.00856138858944178 0.03522095084190369 0.08586951345205307
v 0.00875899009406567 0.03522757813334465 0.08589967340230942
v 0.00873749610036612 0.03535233810544014 0.08742196112871170
v 0.00851450487971306 0.03894666582345963 0.08458364754915237
v 0.00871524028480053 0.03897218406200409 0.08457771688699722
v 0.00861712358891964 0.03835734724998474 0.08567670732736588
v 0.00881122052669525 0.03886691853404045 0.08542858809232712
v 0.00872599147260189 0.03818180784583092 0.08648607879877090
v 0.00651693390682340 0.04132330417633057 0.07075989246368408
v 0.00698183337226510 0.04113970696926117 0.07060685753822327
v 0.00705096172168851 0.04111302644014359 0.07058627158403397
v 0.00680134957656264 0.04168469831347466 0.07269471883773804
v 0.00724108284339309 0.04123584926128387 0.07229579240083694
v 0.00721432501450181 0.04126627743244171 0.07232210785150528
v 0.00726757291704416 0.04120532423257828 0.07226958870887756
v 0.00690234266221523 0.04206851869821548 0.07304654270410538
v 0.00750328553840518 0.04286566749215126 0.07215569168329239
v 0.00838225055485964 0.04146827384829521 0.07105001062154770
v 0.00844423752278090 0.04377149790525436 0.07644224166870117
v 0.00767506193369627 0.04581685736775398 0.07495968043804169
v 0.00821003317832947 0.04466209560632706 0.07550532370805740
v 0.00820005033165216 0.04467657953500748 0.07551925629377365
v 0.00825760327279568 0.04459282010793686 0.07543912529945374
v 0.00823185406625271 0.04560163244605064 0.07474482804536819
v 0.00831569544970989 0.04557440802454948 0.07471936196088791
v 0.00797913875430822 0.04498942568898201 0.07582596689462662
v 0.00775965815410018 0.04528986662626266 0.07612395286560059
v 0.00800945796072483 0.04710019007325172 0.07622870802879333
v 0.00849555153399706 0.04653317108750343 0.07565598189830780
v 0.00947252754122019 0.04253644496202469 0.07379106432199478
v 0.00933381542563438 0.04280342161655426 0.07397751510143280
v 0.00919976085424423 0.04425700381398201 0.07549995183944702
v 0.00928470492362976 0.04411876574158669 0.07537918537855148
v 0.00928339548408985 0.04407754540443420 0.07543273270130157
v 0.00883477181196213 0.04319055378437042 0.07563458383083344
v 0.00897757522761822 0.04277736321091652 0.07567110657691956
v 0.00915605016052723 0.04270455986261368 0.07652640342712402
v 0.00985135696828365 0.04110729321837425 0.07532741129398346
v 0.01004120521247387 0.04115308076143265 0.07537054270505905
v 0.00948335882276297 0.04091928526759148 0.07583761960268021
v 0.00968902278691530 0.04152541980147362 0.07558659464120865
v 0.00939092691987753 0.04224302619695663 0.07605917751789093
v 0.00940997898578644 0.04219938442111015 0.07602860033512115
v 0.00948553439229727 0.04226947948336601 0.07607790082693100
v 0.00952075328677893 0.04193847626447678 0.07585360854864120
v 0.00959835015237331 0.04225402325391769 0.07606773078441620
v 0.00957958307117224 0.04229722544550896 0.07609754800796509
v 0.00987841654568911 0.04157438129186630 0.07562822103500366
v 0.00970956683158875 0.04199082404375076 0.07589371502399445
v 0.00984530430287123 0.04228396341204643 0.07587574422359467
v 0.00931429583579302 0.04419071227312088 0.07530682533979416
v 0.00937614589929581 0.04426521807909012 0.07525598257780075
v 0.00974020455032587 0.04330433160066605 0.07478500902652740
v 0.00977562926709652 0.04337243735790253 0.07471156120300293
v 0.00973518565297127 0.04326483607292175 0.07483962923288345
v 0.00984278973191977 0.04344203695654869 0.07466050237417221
v 0.00992862507700920 0.04349998012185097 0.07464117556810379
v 0.00959634594619274 0.04308865591883659 0.07579971849918365
v 0.00934343226253986 0.04276384785771370 0.07656345516443253
v 0.00918292626738548 0.04454379528760910 0.07554068416357040
v 0.00922419223934412 0.04433629661798477 0.07543361932039261
v 0.00928175915032625 0.04441704228520393 0.07538753002882004
v 0.00925727561116219 0.04461620375514030 0.07552327960729599
v 0.00887986179441214 0.04462582990527153 0.07624972611665726
v 0.00886469054967165 0.04476772621273994 0.07620118558406830
v 0.00879131071269512 0.04469146206974983 0.07656499743461609
v 0.00883274339139462 0.04466525465250015 0.07640506327152252
v 0.00878541823476553 0.04470624029636383 0.07656181603670120
v 0.00876717641949654 0.04480949416756630 0.07654503732919693
v 0.00878660287708044 0.04491673037409782 0.07653672993183136
v 0.00881580542773008 0.04472374916076660 0.07638797909021378
v 0.00881596840918064 0.04482740163803101 0.07636620849370956
v 0.00883891154080629 0.04490151256322861 0.07635707408189774
v 0.00889766588807106 0.04498898237943649 0.07635524123907089
v 0.00883961562067270 0.04500775784254074 0.07653836160898209
v 0.00898204185068607 0.04455148428678513 0.07592092454433441
v 0.00898936390876770 0.04464615508913994 0.07587408274412155
v 0.00903212837874889 0.04474119842052460 0.07584242522716522
v 0.00892094522714615 0.04490555077791214 0.07617752254009247
v 0.00896989833563566 0.04495984688401222 0.07617699354887009
v 0.00903445668518543 0.04500447213649750 0.07618456333875656
v 0.00911771878600121 0.04437212273478508 0.07564467936754227
v 0.00912298820912838 0.04433050379157066 0.07568180561065674
v 0.00913328677415848 0.04445712268352509 0.07558374851942062
v 0.00910223089158535 0.04481913521885872 0.07583166658878326
v 0.00913076847791672 0.04498637467622757 0.07606472820043564
v 0.00922206696122885 0.04509865492582321 0.07620924711227417
v 0.00898091960698366 0.04434482008218765 0.07639434188604355
v 0.00897334609180689 0.04504771530628204 0.07636421173810959
v 0.00891925115138292 0.04507507011294365 0.07654917240142822
v 0.00909827835857868 0.04519344866275787 0.07663371413946152
v 0.00856582913547754 0.04644723609089851 0.07557193934917450
v 0.00934542529284954 0.04466744512319565 0.07553102821111679
v 0.00936119444668293 0.04448400065302849 0.07537012547254562
v 0.00945819169282913 0.04432820901274681 0.07523598521947861
v 0.00954920984804630 0.04437363892793655 0.07524615526199341
v 0.00969065725803375 0.04446851834654808 0.07531373202800751
v 0.00978165585547686 0.04476129636168480 0.07416349649429321
v 0.00944083835929632 0.04480595514178276 0.07565879821777344
v 0.00942339934408665 0.04486649110913277 0.07573563605546951
v 0.01087076589465141 0.04283219575881958 0.07291609793901443
v 0.01106895506381989 0.04146678373217583 0.07339658588171005
v 0.01114110834896564 0.04158521443605423 0.07347074896097183
v 0.01030478440225124 0.04296590760350227 0.07427657395601273
v 0.01015783380717039 0.04364825412631035 0.07472789287567139
v 0.00597919011488557 0.04737835004925728 0.07806929945945740
v 0.00676457071676850 0.04653248190879822 0.07731030881404877
v 0.00594550604000688 0.04702438041567802 0.08059091866016388
v 0.00575718609616160 0.04715891182422638 0.08126661181449890
v 0.00685802288353443 0.04542208462953568 0.08148235827684402
v 0.00646396027877927 0.04623011499643326 0.08094687759876251
v 0.00848062615841627 0.04397859424352646 0.08018655329942703
v 0.00723136262968183 0.04411046952009201 0.08297682553529739
v 0.00811728835105896 0.04204269871115685 0.08161200582981110
v 0.00834537576884031 0.04231731593608856 0.08169859647750854
v 0.00804822519421577 0.04152053594589233 0.08285981416702271
v 0.00827179476618767 0.04169644415378571 0.08317220211029053
v 0.00846412964165211 0.04174216464161873 0.08320252597332001
v 0.00794874411076307 0.04367845505475998 0.08152122795581818
v 0.00810776092112064 0.04271501302719116 0.08051226288080215
v 0.00818666908890009 0.04312081634998322 0.08121561259031296
v 0.00837736204266548 0.04317482560873032 0.08124234527349472
v 0.00813500676304102 0.04374521225690842 0.08155044168233871
v 0.00709352456033230 0.04761289805173874 0.07997682690620422
v 0.00844936259090900 0.04488767683506012 0.07801387459039688
v 0.00843138247728348 0.04499083384871483 0.07799623161554337
v 0.00845116842538118 0.04509789496660233 0.07798665016889572
v 0.00812642090022564 0.04507608339190483 0.07947430759668350
v 0.00812071189284325 0.04509272798895836 0.07946441322565079
v 0.00828116666525602 0.04470599815249443 0.07957047224044800
v 0.00812346674501896 0.04530236870050430 0.07943311333656311
v 0.00817726738750935 0.04539293423295021 0.07943157851696014
v 0.00825756881386042 0.04545983299612999 0.07943969964981079
v 0.00810320116579533 0.04519560188055038 0.07944475114345551
v 0.00710350601002574 0.04471025243401527 0.08216117322444916
v 0.00742959883064032 0.04560938477516174 0.08233838528394699
v 0.00741362385451794 0.04571120813488960 0.08231284469366074
v 0.00746939284726977 0.04556119069457054 0.08222790807485580
v 0.00743522541597486 0.04581704363226891 0.08229616284370422
v 0.00748991221189499 0.04590696468949318 0.08229137212038040
v 0.00742947263643146 0.04693422093987465 0.08108098059892654
v 0.00757059548050165 0.04597354680299759 0.08229820430278778
v 0.00768234999850392 0.04613738879561424 0.08259753882884979
v 0.00785327609628439 0.04609997197985649 0.08157932758331299
v 0.00600646203383803 0.04572688415646553 0.08594682067632675
v 0.00565540976822376 0.04666622728109360 0.08477275073528290
v 0.00532099651172757 0.04725195467472076 0.08435561507940292
v 0.00587695278227329 0.04615534842014313 0.08530424535274506
v 0.00672895042225718 0.04629975929856300 0.08475822955369949
v 0.00674309907481074 0.04619940370321274 0.08478991687297821
v 0.00675201695412397 0.04640440270304680 0.08473669737577438
v 0.00680753588676453 0.04649363085627556 0.08472926169633865
v 0.00688837887719274 0.04656005278229713 0.08473575860261917
v 0.00661469437181950 0.04738739505410194 0.08487728983163834
v 0.00664683524519205 0.04626655951142311 0.08515458554029465
v 0.00606362195685506 0.04512756690382957 0.08756351470947266
v 0.00592891592532396 0.04573165252804756 0.08870508521795273
v 0.00602419162169099 0.04544144868850708 0.08930005878210068
v 0.00594829348847270 0.04693511128425598 0.08716726303100586
v 0.00593657977879047 0.04703333973884583 0.08712866157293320
v 0.00596152897924185 0.04713632538914680 0.08710188418626785
v 0.00601803278550506 0.04722467064857483 0.08709182590246201
v 0.00606509530916810 0.04758133366703987 0.08766157925128937
v 0.00566028431057930 0.04718624055385590 0.08798629045486450
v 0.00584253435954452 0.04654236510396004 0.08931479603052139
v 0.00579630909487605 0.04689379036426544 0.08822181075811386
v 0.00622469512745738 0.04539909213781357 0.08784151822328568
v 0.00637638242915273 0.04551819339394569 0.08793801069259644
v 0.00610219221562147 0.04582905769348145 0.08872716873884201
v 0.00619534077122808 0.04554273188114166 0.08932211250066757
v 0.00626482674852014 0.04713412001729012 0.08663809299468994
v 0.00609892420470715 0.04729102551937103 0.08709840476512909
v 0.00643543107435107 0.04723452404141426 0.08666743338108063
v 0.00622182898223400 0.04743390902876854 0.08725147694349289
v 0.00726714776828885 0.04362971708178520 0.08392459899187088
v 0.00740877026692033 0.04400488361716270 0.08418504148721695
v 0.00759200565516949 0.04407850280404091 0.08421697467565536
v 0.00723379524424672 0.04326828569173813 0.08500116318464279
v 0.00737753091380000 0.04358526319265366 0.08543880283832550
v 0.00756217539310455 0.04365619644522667 0.08546862751245499
v 0.00748374918475747 0.04416616633534431 0.08613767474889755
v 0.00792507734149694 0.04114247113466263 0.08424967527389526
v 0.00812233239412308 0.04128181189298630 0.08484502881765366
v 0.00831589382141829 0.04132382944226265 0.08487281948328018
v 0.00836909189820290 0.04150446504354477 0.08572893589735031
v 0.00727801164612174 0.04333093389868736 0.08686392009258270
v 0.00703639118000865 0.04289043694734573 0.08752007037401199
v 0.00746341980993748 0.04340144246816635 0.08688969910144806
v 0.00735861947759986 0.04391069337725639 0.08793381601572037
v 0.00713742803782225 0.04323148354887962 0.08844922482967377
v 0.00732339406386018 0.04330221563577652 0.08846986293792725
v 0.00792964361608028 0.04105358570814133 0.08670584112405777
v 0.00812411680817604 0.04109345376491547 0.08673020452260971
v 0.00771808112040162 0.04098854586482048 0.08874265849590302
v 0.00791324954479933 0.04102718457579613 0.08876312524080276
v 0.00811557099223137 0.04133278876543045 0.08821103721857071
v 0.00749820237979293 0.04469078406691551 0.08461170643568039
v 0.00732570607215166 0.04549744725227356 0.08337048441171646
v 0.00710165128111839 0.04447054117918015 0.08493527770042419
v 0.00728767272084951 0.04454410076141357 0.08494985848665237
v 0.00715913297608495 0.04658041149377823 0.08445445448160172
v 0.00648674275726080 0.04864539578557014 0.07769104838371277
v 0.00610397849231958 0.04836298897862434 0.08331201225519180
v 0.00567261595278978 0.04885306954383850 0.08336947113275528
v 0.00588019238784909 0.04854870215058327 0.08399768173694611
v 0.00625750748440623 0.04799487441778183 0.08447867631912231
v 0.00529360771179199 0.04834151268005371 0.08935661613941193
v 0.00881405360996723 0.04144522920250893 0.07841534167528152
v 0.00871675647795200 0.04257341846823692 0.07729107886552811
v 0.00886702444404364 0.04305508732795715 0.07743968069553375
v 0.00876426789909601 0.04311259090900421 0.07789143174886703
v 0.00892260484397411 0.04301436990499496 0.07721583545207977
v 0.00905392970889807 0.04311708733439445 0.07747464627027512
v 0.00910949520766735 0.04307620227336884 0.07725116610527039
v 0.00849801581352949 0.04327346384525299 0.07907810807228088
v 0.00947785004973412 0.04178291186690331 0.07834360748529434
v 0.00947920419275761 0.04107483848929405 0.07920362055301666
v 0.00938616879284382 0.04269923269748688 0.07748466730117798
v 0.00932336412370205 0.04306106641888618 0.07720281183719635
v 0.00853588990867138 0.04236928746104240 0.08173031359910965
v 0.00863415468484163 0.04279132187366486 0.08169417828321457
v 0.00850456953048706 0.04518871009349823 0.07798684388399124
v 0.00858458317816257 0.04525579512119293 0.07799619436264038
v 0.00851395260542631 0.04552587866783142 0.07917483896017075
v 0.00856483913958073 0.04197472706437111 0.08354887366294861
v -0.00096510344883427 0.05099771544337273 0.09531159698963165
v 0.00017023061809596 0.05097780376672745 0.09349993616342545
v 0.00028856191784143 0.05063538625836372 0.09417603164911270
v 0.00035808832035400 0.05038950592279434 0.09499476104974747
v -0.00106446060817689 0.05157146230340004 0.09383562952280045
v -0.00058214948512614 0.05258623510599136 0.09426806867122650
v -0.00049622810911387 0.05212656408548355 0.09535121917724609
v -0.00062629941385239 0.05327912420034409 0.09342154115438461
v -0.00025593987083994 0.05173749104142189 0.09278321266174316
v -0.00002231813959952 0.05144847556948662 0.09292121231555939
v 0.00106251845136285 0.05075101926922798 0.09240043163299561
v 0.00179863465018570 0.05045254528522491 0.09119882434606552
v 0.00146368483547121 0.04990740120410919 0.09364636242389679
v 0.00131232209969312 0.05026373267173767 0.09295088797807693
v 0.00155516038648784 0.04966356605291367 0.09453529119491577
v 0.00159760715905577 0.04954756796360016 0.09561709314584732
v 0.00082922657020390 0.05112485960125923 0.09217918664216995
v 0.00164164358284324 0.05206070840358734 0.09236762672662735
v 0.00062315148534253 0.05231087282299995 0.09345258027315140
v 0.00079983071191236 0.05193976685404778 0.09385747462511063
v 0.00118163169827312 0.05235433205962181 0.09270001947879791
v 0.00090092804748565 0.05166504904627800 0.09434992074966431
v 0.00094634445849806 0.05146385356783867 0.09496321529150009
v 0.00052963470807299 0.05272848159074783 0.09304929524660110
v 0.00184953212738037 0.05157643184065819 0.09277770668268204
v 0.00207007001154125 0.05116571485996246 0.09320151805877686
v -0.00097275723237544 0.05072046816349030 0.09722708910703659
v 0.00038843581569381 0.05023958534002304 0.09596528857946396
v 0.00038428886909969 0.05018282681703568 0.09708119928836823
v 0.00012672196316998 0.05034698173403740 0.09929088503122330
v 0.00035166181623936 0.05027080327272415 0.09929816424846649
v -0.00055439973948523 0.05188128724694252 0.09687649458646774
v 0.00159177824389189 0.04955768212676048 0.09687680751085281
v 0.00203149812296033 0.04955115169286728 0.09934636950492859
v 0.00090653280494735 0.05127911642193794 0.09661588072776794
v 0.00047753544640727 0.05146507918834686 0.09873662143945694
v 0.00447211600840092 0.04713379591703415 0.09044346958398819
v 0.00443010171875358 0.04744270443916321 0.09244259446859360
v 0.00464870687574148 0.04720995575189590 0.09181566536426544
v 0.00480726361274719 0.04733142256736755 0.09182593971490860
v 0.00449189264327288 0.04691259562969208 0.09192398935556412
v 0.00458475667983294 0.04756934195756912 0.09244929999113083
v 0.00482431147247553 0.04762054979801178 0.09201169759035110
v 0.00436757970601320 0.04749825969338417 0.09301850944757462
v 0.00444394256919622 0.04695463925600052 0.09370188415050507
v 0.00445266300812364 0.04740543663501740 0.09366264194250107
v 0.00433560693636537 0.04723028466105461 0.09573282301425934
v 0.00451946118846536 0.04762836918234825 0.09302041679620743
v 0.00460337568074465 0.04753685370087624 0.09365880489349365
v 0.00470095640048385 0.04714285954833031 0.09424754977226257
v 0.00485429773107171 0.04727100953459740 0.09423971921205521
v 0.00508995912969112 0.04668176919221878 0.09471549093723297
v 0.00525057315826416 0.04680063575506210 0.09470696002244949
v 0.00511705363169312 0.04741866886615753 0.09603495150804520
v 0.00523602450266480 0.04728873446583748 0.09618362784385681
v 0.00524220336228609 0.04734897240996361 0.09627179056406021
v 0.00528338272124529 0.04742873460054398 0.09634571522474289
v 0.00485866703093052 0.04695774614810944 0.09934759140014648
v 0.00522782187908888 0.04630889743566513 0.09934896975755692
v 0.00269710691645741 0.04973372817039490 0.08977054804563522
v 0.00209993892349303 0.04996579885482788 0.09150281548500061
v 0.00238462327979505 0.04944398626685143 0.09207497537136078
v 0.00308913551270962 0.04912368580698967 0.09017484635114670
v 0.00339560885913670 0.04854087159037590 0.09083615243434906
v 0.00354702258482575 0.04812973737716675 0.09176482260227203
v 0.00364521401934326 0.05050680786371231 0.08968047052621841
v 0.00296696950681508 0.05076069757342339 0.09174776077270508
v 0.00323202158324420 0.05028684064745903 0.09223113954067230
v 0.00254594860598445 0.04906574264168739 0.09285095334053040
v 0.00263692345470190 0.04882787540555000 0.09387226402759552
v 0.00267150229774415 0.04875846207141876 0.09512566030025482
v 0.00219792965799570 0.05086767673492432 0.09373471885919571
v 0.00225777155719697 0.05066588893532753 0.09441247582435608
v 0.00361351203173399 0.04790077358484268 0.09298824518918991
v 0.00361746503040195 0.04788697883486748 0.09447815269231796
v 0.00337640871293843 0.04995304346084595 0.09285581111907959
v 0.00343656912446022 0.04975000023841858 0.09365484863519669
v 0.00343754678033292 0.04968264326453209 0.09465394914150238
v 0.00263322424143553 0.05134320631623268 0.09132625162601471
v 0.00440292386338115 0.04842104017734528 0.09067354351282120
v 0.00442428421229124 0.04836861789226532 0.09071201831102371
v 0.00439702533185482 0.04851405322551727 0.09062266349792480
v 0.00442604580894113 0.04861338809132576 0.09058750420808792
v 0.00386947277002037 0.04888361692428589 0.09192831069231033
v 0.00377026922069490 0.04882478341460228 0.09258960187435150
v 0.00382491922937334 0.04878214001655579 0.09242235869169235
v 0.00380246271379292 0.04878536611795425 0.09256801754236221
v 0.00387723394669592 0.04899870231747627 0.09191353619098663
v 0.00373166310600936 0.04892424866557121 0.09258219599723816
v 0.00373176881112158 0.04904051497578621 0.09258008748292923
v 0.00377167901024222 0.04914193227887154 0.09258400648832321
v 0.00384337198920548 0.04922123625874519 0.09259293228387833
v 0.00390041014179587 0.04878394305706024 0.09195168316364288
v 0.00392562942579389 0.04874417185783386 0.09196462482213974
v 0.00392267061397433 0.04909782856702805 0.09191169589757919
v 0.00399751355871558 0.04917405918240547 0.09192148596048355
v 0.00402656802907586 0.04930054396390915 0.09252357482910156
v 0.00417992612347007 0.04894208163022995 0.09119211882352829
v 0.00417957641184330 0.04899093508720398 0.09125659614801407
v 0.00412909127771854 0.04914749041199684 0.09163944423198700
v 0.00433023320510983 0.04916083812713623 0.09145039319992065
v 0.00399402761831880 0.04989698156714439 0.09034183621406555
v 0.00430172635242343 0.04933313280344009 0.09092902392148972
v 0.00475904671475291 0.04805174097418785 0.09005723893642426
v 0.00473195267841220 0.04819475859403610 0.08997583389282227
v 0.00473925471305847 0.04810050502419472 0.09002418816089630
v 0.00469990214332938 0.04810810089111328 0.09017733484506607
v 0.00476007862016559 0.04829487949609756 0.08994220942258835
v 0.00481794076040387 0.04838199540972710 0.08992946892976761
v 0.00481148250401020 0.04777678474783897 0.09096254408359528
v 0.00448413146659732 0.04870031401515007 0.09057448804378510
v 0.00456411857157946 0.04876747354865074 0.09058350324630737
v 0.00464889593422413 0.04880424588918686 0.09058173745870590
v 0.00473121879622340 0.04883992671966553 0.09057992696762085
v 0.00489835580810905 0.04844876378774643 0.08993753045797348
v 0.00509103387594223 0.04850364848971367 0.08988853543996811
v 0.00369048933498561 0.04888520017266273 0.09325512498617172
v 0.00376481493003666 0.04875038936734200 0.09324032813310623
v 0.00373408710584044 0.04878810048103333 0.09324466437101364
v 0.00368517800234258 0.04900078848004341 0.09326667338609695
v 0.00372073054313660 0.04910345748066902 0.09327614307403564
v 0.00387125322595239 0.04924856126308441 0.09311504662036896
v 0.00378939020447433 0.04918560385704041 0.09328293055295944
v 0.00390113773755729 0.04926138371229172 0.09267678856849670
v 0.00396122038364410 0.04928444698452950 0.09311335533857346
v 0.00397412618622184 0.04922738298773766 0.09360036998987198
v 0.00390818389132619 0.04917382821440697 0.09373176842927933
v 0.00392052158713341 0.04856547713279724 0.09419637173414230
v 0.00394024560227990 0.04855498671531677 0.09436449408531189
v 0.00390084995888174 0.04864471405744553 0.09440733492374420
v 0.00389809138141572 0.04875509068369865 0.09444382786750793
v 0.00393379479646683 0.04885620623826981 0.09446370601654053
v 0.00400046072900295 0.04894018918275833 0.09446708858013153
v 0.00414576008915901 0.04836492985486984 0.09476540982723236
v 0.00446063280105591 0.04808666557073593 0.09529759734869003
v 0.00444061076268554 0.04811593145132065 0.09533117711544037
v 0.00441899709403515 0.04819571599364281 0.09539904445409775
v 0.00443253666162491 0.04829651117324829 0.09545543044805527
v 0.00447850534692407 0.04839106276631355 0.09548442810773849
v 0.00421013962477446 0.04887439310550690 0.09478250890970230
v 0.00408124690875411 0.04899409040808678 0.09445594251155853
v 0.00422948738560081 0.04897086322307587 0.09461811184883118
v 0.00436001690104604 0.04886054992675781 0.09489734470844269
v 0.00440689595416188 0.04884633421897888 0.09533327072858810
v 0.00473122205585241 0.04774504527449608 0.09463490545749664
v 0.00454918202012777 0.04847174137830734 0.09548655897378922
v 0.00467952899634838 0.04843465983867645 0.09558425098657608
v 0.00491372914984822 0.04837865754961967 0.09571627527475357
v 0.00264757312834263 0.04885148257017136 0.09658542275428772
v 0.00222241505980492 0.05056456476449966 0.09628193825483322
v 0.00253912736661732 0.05056515708565712 0.09871584922075272
v 0.00355814676731825 0.04807233065366745 0.09619849920272827
v 0.00338712846860290 0.04974896088242531 0.09585539251565933
v 0.00293160835281014 0.05034229531884193 0.09871496260166168
v 0.00252223899587989 0.04927044361829758 0.09935540705919266
v 0.00323945470154285 0.04877258092164993 0.09936171025037766
v 0.00417776405811310 0.04768305271863937 0.09800264239311218
v 0.00401807064190507 0.04959445819258690 0.09872025996446609
v 0.00498038344085217 0.04806984215974808 0.09599121659994125
v 0.00500255590304732 0.04829485714435577 0.09581787884235382
v 0.00513482699170709 0.04795734584331512 0.09611076861619949
v 0.00526422448456287 0.04780704900622368 0.09623336046934128
v 0.00515327882021666 0.04822766035795212 0.09668458253145218
v 0.00473738647997379 0.04895267635583878 0.09873248636722565
v 0.00524127390235662 0.04840092360973358 0.09874711930751801
v 0.00498747639358044 0.04869136959314346 0.09873899817466736
v 0.00383571744896472 0.04824490472674370 0.09935959428548813
v 0.00407027592882514 0.04800035059452057 0.09935700148344040
v 0.00431854603812099 0.04771300032734871 0.09935364127159119
v 0.00659491587430239 0.03031762875616550 0.09542047232389450
v 0.00754376640543342 0.02918558567762375 0.08961839973926544
v 0.00736355455592275 0.02966082841157913 0.09225387126207352
v 0.00754562811926007 0.02954792603850365 0.09233112633228302
v 0.00757248280569911 0.02984080091118813 0.09344699978828430
v 0.00791897904127836 0.03245929628610611 0.09136565774679184
v 0.00773504190146923 0.03260082751512527 0.09130562096834183
v 0.00798876024782658 0.03271721303462982 0.09250073879957199
v 0.00707898987457156 0.03307122364640236 0.09456501156091690
v 0.00608719140291214 0.02770826593041420 0.09677387028932571
v 0.00650640297681093 0.02901365235447884 0.09687998145818710
v 0.00670250970870256 0.02898904494941235 0.09691061079502106
v 0.00624120188876987 0.02755717933177948 0.09758540242910385
v 0.00643784552812576 0.02754189074039459 0.09761852771043777
v 0.00681966170668602 0.03062771633267403 0.09631707519292831
v 0.00676313601434231 0.02947300672531128 0.09841290116310120
v 0.00681604305282235 0.02970910631120205 0.09831469506025314
v 0.00682737212628126 0.02974458783864975 0.09840720146894455
v 0.00687428144738078 0.02977203018963337 0.09849969297647476
v 0.00574307376518846 0.02839229814708233 0.09945642203092575
v 0.00559112010523677 0.02901583537459373 0.10176475346088409
v 0.00598621461540461 0.03049400635063648 0.10097084194421768
v 0.00640761014074087 0.02780479937791824 0.09927444159984589
v 0.00651228986680508 0.02831405214965343 0.09909270703792572
v 0.00655866181477904 0.02835408598184586 0.09918077290058136
v 0.00663538835942745 0.02837810665369034 0.09925173223018646
v 0.00673080142587423 0.02838314883410931 0.09929601848125458
v 0.00687696132808924 0.02874722518026829 0.09910688549280167
v 0.00678631197661161 0.02866078168153763 0.10137894004583359
v 0.00669256225228310 0.02827546000480652 0.10163632780313492
v 0.00644017197191715 0.03216155245900154 0.10037770867347717
v 0.00622933730483055 0.03137490898370743 0.10062026232481003
v 0.00701558170840144 0.03059711679816246 0.09634312987327576
v 0.00699455011636019 0.02927203848958015 0.09884823113679886
v 0.00695121241733432 0.02978492341935635 0.09857328236103058
v 0.00704647554084659 0.02978183887898922 0.09861806780099869
v 0.00718359276652336 0.02927195280790329 0.09884826838970184
v 0.00710937241092324 0.02977234311401844 0.09862948954105377
v 0.00703683029860258 0.03068676032125950 0.09796401113271713
v 0.00731357885524631 0.03065262548625469 0.09830536693334579
v 0.00748612731695175 0.03057392314076424 0.09833139181137085
v 0.00750275515019894 0.03064548783004284 0.09830769896507263
v 0.00694118672981858 0.02818277105689049 0.09941996634006500
v 0.00706000719219446 0.02872620895504951 0.09911789000034332
v 0.00714574847370386 0.03003668598830700 0.10061242431402206
v 0.00720673054456711 0.03144929930567741 0.09774644672870636
v 0.00717094028368592 0.03251627832651138 0.09588792920112610
v 0.00736760720610619 0.03248567879199982 0.09590759128332138
v 0.00746863940730691 0.03270391747355461 0.09747609496116638
v 0.00748071819543839 0.03271942585706711 0.09757412225008011
v 0.00752847082912922 0.03272751346230507 0.09766983985900879
v 0.00760616594925523 0.03272574022412300 0.09774373471736908
v 0.00764266215264797 0.03365248441696167 0.09732889384031296
v 0.00771526759490371 0.03157639503479004 0.09803826361894608
v 0.00770200882107019 0.03271462395787239 0.09778593480587006
v 0.00776511291041970 0.03271532058715820 0.09779240190982819
v 0.00780839286744595 0.03293593972921371 0.09775357693433762
v 0.00799979362636805 0.03293563425540924 0.09775362908840179
v 0.00814341753721237 0.03372574970126152 0.09763388335704803
v 0.00740370433777571 0.03099441342055798 0.10021462291479111
v 0.00761263165622950 0.03179155290126801 0.09995917230844498
v 0.00689174979925156 0.03410668671131134 0.10001364350318909
v 0.00809034705162048 0.03391259163618088 0.09954563528299332
v 0.00794184394180775 0.03560930863022804 0.09070856869220734
v 0.00814082566648722 0.03560832142829895 0.09072869271039963
v 0.00823982153087854 0.03568609803915024 0.09180298447608948
v 0.00748099666088820 0.03464205935597420 0.09560957551002502
v 0.00767948478460312 0.03462131693959236 0.09562268853187561
v 0.00735889328643680 0.03588239103555679 0.09417752921581268
v 0.00758621981367469 0.03596606850624084 0.09550599753856659
v 0.00816665682941675 0.03574880957603455 0.09267240017652512
v 0.00778579665347934 0.03595789521932602 0.09551610797643661
v 0.00755950435996056 0.03857738152146339 0.09047760814428329
v 0.00739458762109280 0.03864997997879982 0.09248787164688110
v 0.00781776290386915 0.03860915079712868 0.09095440804958344
v 0.00800781883299351 0.03862749785184860 0.09107270091772079
v 0.00815246999263763 0.03865556046366692 0.09175093472003937
v 0.00809602439403534 0.03869833424687386 0.09247243404388428
v 0.00725420797243714 0.03880656883120537 0.09461347013711929
v 0.00752644008025527 0.03872021660208702 0.09538542479276657
v 0.00751221785321832 0.03889489918947220 0.09538036584854126
v 0.00751044461503625 0.03891611471772194 0.09537976980209351
v 0.00772857712581754 0.03869776427745819 0.09539514034986496
v 0.00770951062440872 0.03893336653709412 0.09538841992616653
v 0.00771128479391336 0.03891197592020035 0.09538902342319489
v 0.00817045010626316 0.03534884378314018 0.09746187925338745
v 0.00792325753718615 0.03605067729949951 0.09710010141134262
v 0.00792652275413275 0.03604946658015251 0.09715618193149567
v 0.00793656148016453 0.03605179488658905 0.09719908237457275
v 0.00796113815158606 0.03605430200695992 0.09725610911846161
v 0.00798633694648743 0.03605550900101662 0.09729404002428055
v 0.00794210750609636 0.03657202795147896 0.09706851094961166
v 0.00803066231310368 0.03605624660849571 0.09733991324901581
v 0.00812206603586674 0.03605496138334274 0.09739230573177338
v 0.00822246540337801 0.03605090454220772 0.09740996360778809
v 0.00841385312378407 0.03604958951473236 0.09741005301475525
v 0.00718039972707629 0.03627197444438934 0.09984703361988068
v 0.00838046707212925 0.03617206588387489 0.09936039894819260
v 0.00840478017926216 0.03693052381277084 0.09931450337171555
v 0.00709622120484710 0.03918439149856567 0.09827333688735962
v 0.00793969538062811 0.03758746385574341 0.09707454591989517
v 0.00797452032566071 0.03759281337261200 0.09717437624931335
v 0.00804424844682217 0.03759856149554253 0.09725783020257950
v 0.00783778540790081 0.03910643607378006 0.09696376323699951
v 0.00784123130142689 0.03910839185118675 0.09701965004205704
v 0.00787564273923635 0.03911468014121056 0.09711956977844238
v 0.00794486049562693 0.03912378102540970 0.09720315039157867
v 0.00803592801094055 0.03913400694727898 0.09725514799356461
v 0.00813629664480686 0.03914406523108482 0.09727230668067932
v 0.00838169548660517 0.03849215433001518 0.09729307144880295
v 0.00832350924611092 0.03919178619980812 0.09727086871862411
v 0.00813582353293896 0.03760364651679993 0.09730969369411469
v 0.00823186244815588 0.03772300854325294 0.09732187539339066
v 0.00777532067149878 0.03969531878829002 0.09694565832614899
v 0.00773279042914510 0.04025262594223022 0.09706684201955795
v 0.00775647815316916 0.04016579315066338 0.09709172695875168
v 0.00782647542655468 0.04017770290374756 0.09717451035976410
v 0.00791775062680244 0.04019153863191605 0.09722528606653214
v 0.00803183484822512 0.04007213562726974 0.09724504500627518
v 0.00811179913580418 0.04085025191307068 0.09722142666578293
v 0.00704693002626300 0.03948954120278358 0.09963537752628326
v 0.00826063565909863 0.03947004303336143 0.09916883707046509
v 0.00819305889308453 0.04002685099840164 0.09913820028305054
v 0.00550049589946866 0.02864944003522396 0.10200145095586777
v 0.00675574084743857 0.04292747005820274 0.09047621488571167
v 0.00680268276482821 0.04343576729297638 0.09205181151628494
v 0.00645444309338927 0.04330343753099442 0.09381559491157532
v 0.00688093388453126 0.04272269085049629 0.09525568783283234
v 0.00653597619384527 0.04388508200645447 0.09518535435199738
v 0.00672410661354661 0.04395291209220886 0.09518926590681076
v 0.00596095295622945 0.04488210380077362 0.08960334211587906
v 0.00595008954405785 0.04539515450596809 0.09054979681968689
v 0.00578233134001493 0.04498431459069252 0.09200565516948700
v 0.00580840930342674 0.04637882113456726 0.09062217175960541
v 0.00572957284748554 0.04639894142746925 0.09213045984506607
v 0.00612024264410138 0.04549947008490562 0.09056391566991806
v 0.00574311241507530 0.04563900083303452 0.09340044856071472
v 0.00591276492923498 0.04574501886963844 0.09340136498212814
v 0.00556442001834512 0.04537861049175262 0.09471732378005981
v 0.00564948190003633 0.04584993049502373 0.09497801214456558
v 0.00582217518240213 0.04595068842172623 0.09497306495904922
v 0.00602581305429339 0.04514176025986671 0.09506969153881073
v 0.00561878597363830 0.04658015817403793 0.09382331371307373
v 0.00548621825873852 0.04611708596348763 0.09493660926818848
v 0.00557237397879362 0.04616833850741386 0.09493377804756165
v 0.00565540371462703 0.04622355848550797 0.09493027627468109
v 0.00620620092377067 0.04522812366485596 0.09506846964359283
v 0.00750494375824928 0.04106467217206955 0.09094403684139252
v 0.00717925932258368 0.04389723762869835 0.08997932076454163
v 0.00698992842808366 0.04350528120994568 0.09206259995698929
v 0.00697335461154580 0.04409057274460793 0.09225375205278397
v 0.00770058436319232 0.04110287129878998 0.09096042066812515
v 0.00784391816705465 0.04141214117407799 0.09097152203321457
v 0.00705854035913944 0.04099782928824425 0.09308829158544540
v 0.00758496625348926 0.04170216619968414 0.09398870170116425
v 0.00707446131855249 0.04277266561985016 0.09526278823614120
v 0.00675951223820448 0.04157608002424240 0.09739561378955841
v 0.00615738844498992 0.04396501556038857 0.09751243889331818
v 0.00669553829357028 0.04170632734894753 0.09952000528573990
v 0.00648976210504770 0.04266182705760002 0.09946943819522858
v 0.00534919556230307 0.04750654101371765 0.09638456255197525
v 0.00533646997064352 0.04757751524448395 0.09635982662439346
v 0.00566067406907678 0.04757707193493843 0.09641933441162109
v 0.00589089561253786 0.04632515832781792 0.09649949520826340
v 0.00589370727539062 0.04633673280477524 0.09655849635601044
v 0.00592368701472878 0.04637029767036438 0.09665446728467941
v 0.00598410982638597 0.04641834646463394 0.09673151373863220
v 0.00606350228190422 0.04647184163331985 0.09677550941705704
v 0.00591332977637649 0.04692019522190094 0.09669005125761032
v 0.00531916599720716 0.04600351676344872 0.09772227704524994
v 0.00668994756415486 0.04458971694111824 0.09671045094728470
v 0.00660109100863338 0.04482659697532654 0.09668870270252228
v 0.00615097489207983 0.04652411863207817 0.09678439050912857
v 0.00623463001102209 0.04656783491373062 0.09677696973085403
v 0.00631582923233509 0.04661049321293831 0.09676961600780487
v 0.00618933606892824 0.04700942337512970 0.09879563003778458
v 0.00602166634052992 0.04436249658465385 0.09939467906951904
v 0.00573519011959434 0.04517228156328201 0.09936900436878204
v 0.00731606921181083 0.04240736365318298 0.09685068577528000
v 0.00692303525283933 0.04389572516083717 0.09676552563905716
v 0.00692608347162604 0.04390075057744980 0.09682171046733856
v 0.00696053495630622 0.04391898959875107 0.09692437946796417
v 0.00702779227867723 0.04394578561186790 0.09700594842433929
v 0.00711565650999546 0.04397659376263618 0.09705525636672974
v 0.00720955757424235 0.04400670528411865 0.09706962108612061
v 0.00754333334043622 0.04277061298489571 0.09714517742395401
v 0.00754720717668533 0.04352206364274025 0.09710264950990677
v 0.00794809032231569 0.04178422689437866 0.09718878567218781
v 0.00765325454995036 0.04298073053359985 0.09898220002651215
v 0.00691769551485777 0.04486716166138649 0.09699709713459015
v 0.00709687964990735 0.04492892324924469 0.09699108451604843
v 0.00701947789639235 0.04515073075890541 0.09887614101171494
v 0.01255714707076550 0.00249400967732072 0.06510382890701294
v 0.01260737795382738 0.00370804895646870 0.06556817889213562
v 0.01299904473125935 0.00230690510943532 0.06760504096746445
v 0.01267577521502972 0.00306390551850200 0.07000912725925446
v 0.01286930590867996 0.00306189246475697 0.07005954533815384
v 0.01185791939496994 0.00628345552831888 0.06681502610445023
v 0.01281548663973808 0.00624006707221270 0.06608213484287262
v 0.01294113695621490 0.00459512835368514 0.06789434701204300
v 0.01265907846391201 0.00555141363292933 0.07018150389194489
v 0.01285272929817438 0.00554913142696023 0.07023144513368607
v 0.01441615913063288 0.00089200184447691 0.06694616377353668
v 0.01431153248995543 0.00277433032169938 0.06736674904823303
v 0.01357585377991199 0.00054481503320858 0.06810817122459412
v 0.01362910028547049 0.00121550261974335 0.06813417375087738
v 0.01356202270835638 0.00119215657468885 0.06821164488792419
v 0.01353275682777166 0.00117317109834403 0.06828083097934723
v 0.01372346933931112 0.00123392895329744 0.06808315962553024
v 0.01382831204682589 0.00124397128820419 0.06806840747594833
v 0.01399013958871365 0.00048274145228788 0.06787769496440887
v 0.01393537130206823 0.00124475383199751 0.06809142231941223
v 0.01404149085283279 0.00211156648583710 0.06834074854850769
v 0.01346589159220457 0.00265109492465854 0.06857111304998398
v 0.01402773987501860 0.00246977177448571 0.06840226799249649
v 0.01384792570024729 0.00345132313668728 0.06846942007541656
v 0.01400325261056423 0.00336911994963884 0.06852245330810547
v 0.01399657502770424 0.00375672965310514 0.06856094300746918
v 0.01413983851671219 0.00047662356519140 0.06793993711471558
v 0.01412454433739185 0.00047729042125866 0.06793358922004700
v 0.01427545305341482 0.00510891387239099 0.06757628917694092
v 0.01362050790339708 0.00465672742575407 0.06856098026037216
v 0.01343347318470478 0.00464495504274964 0.06876511126756668
v 0.01346062496304512 0.00464871199801564 0.06869770586490631
v 0.01352671533823013 0.00465338258072734 0.06861612200737000
v 0.01343319378793240 0.00542307132855058 0.06879770755767822
v 0.01372529473155737 0.00465811090543866 0.06854286789894104
v 0.01398806460201740 0.00479661393910646 0.06863170862197876
v 0.01181672047823668 0.00226704403758049 0.07337006926536560
v 0.01201095245778561 0.00226451037451625 0.07341768592596054
v 0.01230282522737980 0.00322206458076835 0.07312035560607910
v 0.01204871758818626 0.00450772140175104 0.07131029665470123
v 0.01189445890486240 0.00505151133984327 0.07320675998926163
v 0.01208876632153988 0.00504886265844107 0.07325405627489090
v 0.01239357050508261 0.00604552961885929 0.07290420681238174
v 0.01184382475912571 0.00873316824436188 0.06675150990486145
v 0.01270123291760683 0.00871206168085337 0.06591215729713440
v 0.01221592165529728 0.00876667909324169 0.07084587961435318
v 0.01296609826385975 0.00824644137173891 0.06795065104961395
v 0.01268046069890261 0.00800706166774035 0.07020842283964157
v 0.01277728844434023 0.00801093038171530 0.07023332267999649
v 0.01287419162690639 0.00800933595746756 0.07025824487209320
v 0.01219249051064253 0.01100010704249144 0.06527534872293472
v 0.01241390220820904 0.01278813835233450 0.07016292214393616
v 0.01299782656133175 0.01101193483918905 0.06793213635683060
v 0.01301541272550821 0.01312637422233820 0.06791297346353531
v 0.01429837569594383 0.00799989700317383 0.06760964542627335
v 0.01348319929093122 0.00800921674817801 0.06875266879796982
v 0.01345575135201216 0.00800949148833752 0.06882100552320480
v 0.01355040352791548 0.00800851639360189 0.06867012381553650
v 0.01364524941891432 0.00800750963389874 0.06861513853073120
v 0.01374915521591902 0.00800639390945435 0.06859782338142395
v 0.01384986285120249 0.00802979618310928 0.06861636787652969
v 0.01384964026510715 0.00800530333071947 0.06861637532711029
v 0.01401147525757551 0.00800462532788515 0.06867612153291702
v 0.01401879265904427 0.00867078080773354 0.06867567449808121
v 0.01432932447642088 0.01099935360252857 0.06760955601930618
v 0.01434378884732723 0.01310256496071815 0.06760966032743454
v 0.01348588895052671 0.01129060890525579 0.06882114708423615
v 0.01351538114249706 0.01158983539789915 0.06875278800725937
v 0.01358277630060911 0.01158944424241781 0.06867039948701859
v 0.01367775164544582 0.01158888917416334 0.06861563026905060
v 0.01378170028328896 0.01158828008919954 0.06859855353832245
v 0.01387542858719826 0.01158773154020309 0.06861492991447449
v 0.01387650799006224 0.01186971645802259 0.06861476600170135
v 0.01391052640974522 0.01186971366405487 0.06862644106149673
v 0.01404684036970139 0.01186968572437763 0.06867320090532303
v 0.01212275959551334 0.01039001625031233 0.07250996679067612
v 0.01231697760522366 0.01038886979222298 0.07255769520998001
v 0.01263589225709438 0.01143005955964327 0.07212002575397491
v 0.01259473524987698 0.01530727464705706 0.06547406315803528
v 0.01302461605519056 0.01521542761474848 0.06788765639066696
v 0.01269776932895184 0.01525255944579840 0.07023019343614578
v 0.01289107184857130 0.01525404024869204 0.07028149813413620
v 0.01302526984363794 0.01647402718663216 0.06787376105785370
v 0.01260226499289274 0.01655095256865025 0.06939117610454559
v 0.01270041614770889 0.01950000040233135 0.06546314805746078
v 0.01301427185535431 0.01949814334511757 0.06785213202238083
v 0.01262148097157478 0.02062982320785522 0.07024070620536804
v 0.01281383819878101 0.02063293196260929 0.07029537856578827
v 0.01434941682964563 0.01517627853900194 0.06760977208614349
v 0.01352089643478394 0.01525676157325506 0.06875038146972656
v 0.01358885969966650 0.01525696832686663 0.06866846233606339
v 0.01368421129882336 0.01525727286934853 0.06861434876918793
v 0.01387457270175219 0.01506953779608011 0.06861238926649094
v 0.01378827728331089 0.01525761559605598 0.06859798729419708
v 0.01394308358430862 0.01506996899843216 0.06863442808389664
v 0.01405324414372444 0.01507060322910547 0.06866987049579620
v 0.01349080353975296 0.01579540781676769 0.06881791353225708
v 0.01387060154229403 0.01579709164798260 0.06861180812120438
v 0.01404754724353552 0.01650672964751720 0.06866804510354996
v 0.01433883979916573 0.01950000226497650 0.06760975718498230
v 0.01349810976535082 0.01880520768463612 0.06874620169401169
v 0.01356700714677572 0.01880582794547081 0.06866505742073059
v 0.01366297155618668 0.01880671828985214 0.06861204653978348
v 0.01376721356064081 0.01880770549178123 0.06859688460826874
v 0.01346588134765625 0.01916664838790894 0.06881339102983475
v 0.01383892353624105 0.01917018927633762 0.06860880553722382
v 0.01235850248485804 0.01531279087066650 0.07152527570724487
v 0.01255216449499130 0.01531485747545958 0.07157517969608307
v 0.01286928821355104 0.01637572050094604 0.07110168784856796
v 0.01171488314867020 0.02225944399833679 0.06615900993347168
v 0.01258997991681099 0.02226463891565800 0.06533089280128479
v 0.01306996122002602 0.02096244506537914 0.07010930776596069
v 0.01300058886408806 0.02245249040424824 0.06784347444772720
v 0.01295739226043224 0.02358387783169746 0.06796859204769135
v 0.01259181834757328 0.02249102294445038 0.07024468481540680
v 0.01278377883136272 0.02249374799430370 0.07030075043439865
v 0.01256864704191685 0.02403366006910801 0.07025456428527832
v 0.01276027411222458 0.02403590083122253 0.07031176984310150
v 0.01236233394593000 0.02646244689822197 0.06544642150402069
v 0.01257286965847015 0.02439293079078197 0.06540913879871368
v 0.01250744611024857 0.02641994319856167 0.07036637514829636
v 0.01298227254301310 0.02496206760406494 0.06787783652544022
v 0.01327682193368673 0.02544130943715572 0.06926219910383224
v 0.01269866619259119 0.02642198652029037 0.07042492926120758
v 0.01433135196566582 0.02251103520393372 0.06760995835065842
v 0.01401596702635288 0.02144409716129303 0.06866338104009628
v 0.01343714538961649 0.02250612527132034 0.06880828738212585
v 0.01351712923496962 0.02250668406486511 0.06867835670709610
v 0.01365067809820175 0.02250762283802032 0.06860456615686417
v 0.01373836118727922 0.02250823937356472 0.06859575212001801
v 0.01380324736237526 0.02250870317220688 0.06860601902008057
v 0.01400924474000931 0.02251039445400238 0.06866227835416794
v 0.01396989077329636 0.02251007035374641 0.06865153461694717
v 0.01412478834390640 0.02358611673116684 0.06826894730329514
v 0.01431749202311039 0.02531134523451328 0.06764708459377289
v 0.01399792823940516 0.02406388893723488 0.06866595894098282
v 0.01393573544919491 0.02512724697589874 0.06867754459381104
v 0.01338249817490578 0.02718929201364517 0.06891302764415741
v 0.01345178391784430 0.02720009908080101 0.06883321702480316
v 0.01335494779050350 0.02718202956020832 0.06897432357072830
v 0.01354777347296476 0.02720915526151657 0.06878157705068588
v 0.01365203037858009 0.02721477858722210 0.06876751780509949
v 0.01374229229986668 0.02635839395225048 0.06870205700397491
v 0.01392800733447075 0.02716885320842266 0.06882331520318985
v 0.01200875639915466 0.02840072661638260 0.06556314975023270
v 0.01224403548985720 0.03060740977525711 0.06655559688806534
v 0.01238804310560226 0.02869005128741264 0.07065024971961975
v 0.01182916760444641 0.03049827553331852 0.06781523674726486
v 0.01287571620196104 0.02806728705763817 0.06815616786479950
v 0.01257906947284937 0.02869313769042492 0.07070939242839813
v 0.01324966829270124 0.02948381938040257 0.06923127919435501
v 0.01322242058813572 0.02947095409035683 0.06929178535938263
v 0.01250578556209803 0.03198873996734619 0.06899764388799667
v 0.01262564770877361 0.03102204762399197 0.06874026358127594
v 0.01302812155336142 0.03174062073230743 0.06971832364797592
v 0.01309561729431152 0.03176806494593620 0.06964099407196045
v 0.01300179213285446 0.03172254189848900 0.06977788358926773
v 0.01319014001637697 0.03179178386926651 0.06959135085344315
v 0.01329352613538504 0.03180735558271408 0.06957840174436569
v 0.01330872718244791 0.03210557252168655 0.06966020911931992
v 0.01268837321549654 0.03407932445406914 0.07039141654968262
v 0.01266378257423639 0.03405635431408882 0.07045003026723862
v 0.01275336463004351 0.03411481529474258 0.07031522691249847
v 0.01284589897841215 0.03414631262421608 0.07026616483926773
v 0.01388250663876534 0.02768465690314770 0.06887223571538925
v 0.01331849023699760 0.02950310893356800 0.06915267556905746
v 0.01341407187283039 0.02951947413384914 0.06910209357738495
v 0.01360435597598553 0.02910521440207958 0.06902348250150681
v 0.01351805496960878 0.02952986396849155 0.06908874213695526
v 0.01371120940893888 0.03002396039664745 0.06922695785760880
v 0.01373503636568785 0.03024107217788696 0.06927891075611115
v 0.01421282533556223 0.02849386818706989 0.06792079657316208
v 0.01394504494965076 0.03164522349834442 0.06850385665893555
v 0.01350608281791210 0.03232517838478088 0.06976272165775299
v 0.01337683945894241 0.03324224427342415 0.07001698017120361
v 0.01334457751363516 0.03331912681460381 0.07003552466630936
v 0.01196093671023846 0.03276329115033150 0.07162447273731232
v 0.01215245202183723 0.03277012333273888 0.07168175280094147
v 0.01202463638037443 0.03486385196447372 0.06993463635444641
v 0.01245827972888947 0.03516667336225510 0.07082725316286087
v 0.01284648105502129 0.03501354902982712 0.07053837180137634
v 0.01294818334281445 0.03416793048381805 0.07025314867496490
v 0.01311115920543671 0.03481613844633102 0.07051024585962296
v 0.01327340025454760 0.03575469180941582 0.06970093399286270
v 0.01276050973683596 0.03783703595399857 0.07048520445823669
v 0.01345644704997540 0.03485408425331116 0.06939851492643356
v 0.01176187489181757 0.03513128682971001 0.07248958945274353
v 0.01221001986414194 0.03632506728172302 0.07126004993915558
v 0.01223202887922525 0.03635242208838463 0.07120229303836823
v 0.01229327358305454 0.03639554604887962 0.07112694531679153
v 0.01238279510289431 0.03643493726849556 0.07107800245285034
v 0.01248336024582386 0.03646321222186089 0.07106435298919678
v 0.01249647047370672 0.03749529644846916 0.07151039689779282
v 0.01283835899084806 0.03614952042698860 0.07098343223333359
v 0.01209978014230728 0.03894088417291641 0.07214077562093735
v 0.01250039134174585 0.03754246607422829 0.07153218984603882
v 0.01215022988617420 0.03800487145781517 0.07169716805219650
v 0.01234353147447109 0.03796420618891716 0.07170381397008896
v 0.01232389546930790 0.03880624100565910 0.07142638415098190
v 0.01187981478869915 0.04052404314279556 0.07168416678905487
v 0.01216598879545927 0.03973900526762009 0.07131069153547287
f 1 206 52
f 2 29 127
f 2 227 24
f 2 127 227
f 14 26 81
f 5 29 12
f 4 6 11
f 5 6 29
f 8 11 13
f 7 8 9
f 8 13 9
f 8 10 11
f 5 13 11
f 5 12 13
f 3 12 29
f 3 9 13
f 3 13 12
f 4 11 10
f 5 11 6
f 15 16 100
f 7 14 15
f 16 35 100
f 14 16 15
f 3 14 9
f 3 26 14
f 17 18 19
f 7 9 14
f 20 23 22
f 17 19 33
f 20 21 33
f 17 21 90
f 21 22 90
f 20 22 21
f 22 23 90
f 17 33 21
f 24 210 25
f 1 26 25
f 1 57 26
f 3 25 26
f 1 25 210
f 27 59 237
f 2 25 28
f 3 29 28
f 3 28 25
f 27 31 30
f 2 28 29
f 20 32 30
f 2 24 25
f 27 237 31
f 31 237 240
f 27 30 34
f 19 94 34
f 27 34 94
f 19 32 33
f 30 32 34
f 19 34 32
f 20 33 32
f 37 85 44
f 36 88 37
f 36 38 175
f 35 88 36
f 35 36 175
f 37 44 38
f 39 45 93
f 36 37 38
f 39 177 46
f 38 44 40
f 38 40 176
f 46 177 47
f 39 46 45
f 41 44 85
f 41 49 44
f 41 97 42
f 42 97 437
f 41 42 49
f 45 388 99
f 42 393 49
f 40 43 176
f 40 44 49
f 45 47 50
f 45 46 47
f 40 49 43
f 47 188 51
f 43 49 393
f 43 393 48
f 43 48 189
f 51 188 394
f 45 50 388
f 47 51 50
f 50 51 394
f 61 63 83
f 52 287 68
f 53 68 287
f 53 54 68
f 52 68 55
f 56 288 289
f 52 55 57
f 1 52 57
f 55 67 57
f 57 67 60
f 56 58 79
f 57 60 61
f 58 62 79
f 56 289 59
f 56 59 58
f 61 65 63
f 63 412 95
f 95 412 97
f 97 412 437
f 63 65 414
f 64 96 415
f 63 414 412
f 64 415 66
f 55 72 67
f 54 69 68
f 53 290 54
f 54 290 70
f 68 69 72
f 54 70 69
f 70 290 71
f 55 68 72
f 56 71 288
f 56 73 71
f 67 72 418
f 67 418 74
f 73 419 78
f 69 75 72
f 69 70 75
f 70 77 75
f 70 71 78
f 72 75 76
f 75 77 76
f 70 78 77
f 71 73 78
f 60 65 61
f 56 79 73
f 60 67 74
f 62 64 79
f 60 74 65
f 66 73 79
f 66 419 73
f 64 66 79
f 81 84 88
f 26 61 80
f 26 80 81
f 80 84 81
f 82 92 86
f 82 87 94
f 37 84 85
f 83 85 84
f 80 83 84
f 82 96 87
f 61 83 80
f 82 86 96
f 14 81 88
f 14 88 16
f 89 93 92
f 16 88 35
f 89 92 90
f 89 91 93
f 89 201 91
f 39 91 201
f 18 92 82
f 17 92 18
f 18 82 19
f 19 82 94
f 17 90 92
f 37 88 84
f 86 92 93
f 39 93 91
f 26 57 61
f 58 94 87
f 27 94 58
f 27 58 59
f 58 87 62
f 41 85 95
f 63 95 83
f 83 95 85
f 41 95 97
f 86 98 96
f 86 93 99
f 86 99 98
f 64 87 96
f 62 87 64
f 98 99 438
f 96 98 415
f 99 388 438
f 45 99 93
f 100 103 144
f 100 178 103
f 143 180 201
f 102 144 103
f 101 144 102
f 101 102 109
f 102 104 109
f 105 180 143
f 102 103 104
f 105 149 114
f 103 179 104
f 105 181 180
f 105 114 181
f 106 152 110
f 106 110 111
f 106 111 107
f 106 107 155
f 107 118 108
f 107 108 155
f 108 523 155
f 101 110 147
f 101 109 116
f 101 116 110
f 112 114 149
f 109 117 116
f 110 116 111
f 109 113 117
f 104 194 113
f 113 194 121
f 104 113 109
f 114 193 181
f 112 122 115
f 112 115 114
f 114 115 193
f 115 122 193
f 117 121 520
f 111 116 118
f 116 119 118
f 116 117 520
f 107 111 118
f 112 120 122
f 112 173 120
f 116 520 119
f 118 119 522
f 108 118 522
f 120 527 526
f 120 173 527
f 113 121 117
f 122 196 193
f 121 530 520
f 122 528 604
f 120 528 122
f 123 139 126
f 124 139 125
f 125 139 146
f 125 146 147
f 124 125 152
f 124 126 139
f 124 154 126
f 29 123 127
f 127 131 128
f 123 126 127
f 127 128 227
f 129 132 151
f 128 130 293
f 126 131 127
f 126 133 131
f 126 160 133
f 130 131 133
f 132 136 134
f 134 136 135
f 135 136 164
f 128 131 130
f 129 136 132
f 129 295 136
f 8 137 138
f 7 15 140
f 7 140 137
f 137 141 144
f 137 140 141
f 100 141 140
f 100 144 141
f 142 145 143
f 4 10 139
f 4 123 6
f 6 123 29
f 4 139 123
f 7 137 8
f 8 138 10
f 10 138 139
f 15 100 140
f 23 143 90
f 89 90 143
f 23 142 143
f 20 142 23
f 101 146 137
f 101 137 144
f 137 146 138
f 138 146 139
f 142 150 145
f 101 147 146
f 148 170 150
f 145 170 149
f 145 150 170
f 142 151 148
f 132 134 148
f 142 148 150
f 134 135 148
f 135 164 148
f 105 143 149
f 143 145 149
f 30 31 151
f 20 30 151
f 20 151 142
f 31 240 151
f 129 151 240
f 132 148 151
f 124 152 153
f 125 147 152
f 110 152 147
f 124 153 154
f 106 153 152
f 126 154 160
f 164 165 172
f 154 161 160
f 154 162 161
f 154 156 162
f 153 157 154
f 153 155 157
f 106 155 153
f 154 157 156
f 159 172 165
f 159 165 166
f 159 166 169
f 156 157 158
f 159 169 563
f 133 160 163
f 130 133 163
f 160 161 163
f 161 162 163
f 156 163 162
f 130 163 320
f 130 320 293
f 136 165 164
f 136 167 165
f 165 167 166
f 166 167 169
f 136 295 322
f 136 168 167
f 136 322 168
f 156 569 163
f 163 567 320
f 163 569 567
f 320 567 870
f 167 570 169
f 156 158 568
f 156 568 569
f 169 570 563
f 167 571 570
f 167 168 572
f 168 322 873
f 167 572 571
f 168 873 572
f 148 172 170
f 112 149 171
f 149 170 171
f 170 172 171
f 171 172 173
f 112 171 173
f 148 164 172
f 172 174 173
f 173 174 527
f 159 174 172
f 35 175 100
f 39 201 177
f 100 175 178
f 177 180 182
f 177 201 180
f 175 176 183
f 175 183 178
f 38 176 175
f 177 182 188
f 103 178 179
f 181 184 182
f 180 181 182
f 178 183 185
f 182 184 190
f 178 185 179
f 183 187 185
f 183 186 187
f 191 475 482
f 43 189 176
f 176 186 183
f 182 190 188
f 47 177 188
f 188 480 394
f 176 189 186
f 188 190 480
f 190 482 480
f 184 191 190
f 190 191 482
f 179 185 197
f 192 194 197
f 192 197 599
f 195 600 198
f 197 606 599
f 104 179 194
f 181 193 184
f 184 193 195
f 193 196 195
f 179 197 194
f 184 195 191
f 121 194 192
f 121 192 530
f 122 604 196
f 195 196 600
f 185 199 197
f 185 187 199
f 191 198 475
f 198 489 475
f 197 199 200
f 198 492 489
f 197 200 606
f 198 600 607
f 200 1111 606
f 198 1112 492
f 198 607 1112
f 191 195 198
f 89 143 201
f 202 243 249
f 202 203 204
f 202 204 243
f 205 214 207
f 205 216 214
f 205 281 206
f 205 207 208
f 208 285 284
f 205 208 281
f 207 285 208
f 207 220 285
f 209 285 220
f 205 210 211
f 205 211 216
f 203 216 211
f 205 206 210
f 1 210 206
f 212 283 213
f 209 221 223
f 209 213 283
f 209 223 213
f 202 217 215
f 214 216 215
f 202 215 216
f 202 218 217
f 202 249 218
f 215 217 222
f 217 218 222
f 219 221 222
f 219 250 224
f 207 214 220
f 214 215 220
f 215 222 220
f 220 222 221
f 209 220 221
f 202 216 203
f 219 224 221
f 221 224 223
f 203 225 226
f 225 227 228
f 24 227 225
f 225 228 226
f 226 228 232
f 204 226 230
f 203 226 204
f 204 230 243
f 224 255 231
f 230 232 233
f 230 233 234
f 226 232 230
f 229 239 235
f 231 235 239
f 231 236 235
f 235 236 301
f 24 211 210
f 24 225 211
f 203 211 225
f 213 223 239
f 213 239 238
f 212 213 238
f 59 212 237
f 212 238 237
f 237 241 240
f 237 238 241
f 229 238 239
f 229 241 238
f 223 231 239
f 223 224 231
f 242 249 244
f 243 244 249
f 242 247 246
f 242 244 247
f 245 253 248
f 218 249 250
f 242 250 249
f 218 250 222
f 219 222 250
f 224 250 251
f 245 251 250
f 242 252 250
f 242 246 252
f 250 252 253
f 245 250 253
f 230 254 243
f 243 254 244
f 224 251 255
f 245 255 251
f 230 234 254
f 234 256 254
f 234 331 258
f 234 258 256
f 254 256 259
f 254 259 265
f 254 265 268
f 256 258 257
f 258 331 260
f 257 258 260
f 256 257 259
f 257 260 267
f 257 267 259
f 260 341 263
f 260 264 267
f 260 263 264
f 264 276 267
f 236 255 261
f 231 255 236
f 236 261 301
f 255 262 261
f 255 277 262
f 261 262 263
f 261 263 344
f 262 264 263
f 262 275 276
f 262 276 264
f 244 254 247
f 247 254 272
f 245 278 255
f 245 248 278
f 254 268 270
f 254 270 271
f 254 271 272
f 259 267 265
f 265 267 266
f 265 266 269
f 265 269 268
f 268 269 274
f 266 267 276
f 266 275 269
f 266 276 275
f 269 275 277
f 269 277 274
f 270 274 271
f 271 274 273
f 271 273 272
f 274 279 278
f 273 274 278
f 268 274 270
f 274 277 279
f 255 279 277
f 255 278 279
f 262 277 275
f 52 281 280
f 52 280 286
f 52 286 287
f 280 281 282
f 281 284 282
f 280 282 288
f 52 206 281
f 282 283 289
f 208 284 281
f 209 284 285
f 209 282 284
f 209 283 282
f 280 288 286
f 286 288 287
f 282 289 288
f 53 287 290
f 287 288 290
f 212 289 283
f 59 289 212
f 71 290 288
f 128 293 291
f 228 291 297
f 291 294 297
f 128 291 227
f 227 291 228
f 129 240 292
f 240 241 292
f 229 292 241
f 235 300 292
f 229 235 292
f 291 293 294
f 129 292 295
f 292 300 295
f 295 300 296
f 228 297 232
f 232 297 233
f 233 297 234
f 297 303 298
f 234 297 299
f 234 299 332
f 297 298 299
f 298 338 299
f 299 338 335
f 298 304 338
f 307 340 346
f 235 301 300
f 300 301 302
f 301 340 302
f 300 302 307
f 302 340 307
f 294 303 297
f 298 303 309
f 298 309 306
f 298 306 304
f 304 306 345
f 305 345 306
f 305 306 310
f 305 308 345
f 305 311 308
f 307 316 319
f 308 347 345
f 307 346 347
f 307 347 316
f 308 316 347
f 306 309 310
f 309 312 310
f 305 310 311
f 310 312 311
f 311 312 313
f 311 313 317
f 309 314 312
f 312 314 313
f 313 314 315
f 313 315 326
f 316 325 319
f 308 311 317
f 313 318 317
f 308 317 316
f 316 317 318
f 313 326 318
f 316 318 325
f 296 300 319
f 300 307 319
f 293 320 321
f 293 321 294
f 295 296 322
f 296 323 322
f 320 870 321
f 321 870 871
f 321 871 872
f 321 872 882
f 322 323 874
f 322 874 873
f 323 329 875
f 323 875 874
f 294 324 303
f 294 321 324
f 303 324 309
f 319 325 329
f 309 324 327
f 309 327 314
f 314 348 315
f 314 327 348
f 318 326 325
f 325 326 328
f 326 351 328
f 327 353 348
f 325 328 329
f 328 351 358
f 296 319 323
f 319 329 323
f 321 882 324
f 324 882 327
f 327 882 883
f 327 883 354
f 328 330 329
f 354 883 884
f 328 917 887
f 329 885 875
f 329 330 885
f 328 887 330
f 234 332 331
f 332 335 334
f 331 333 342
f 331 332 333
f 332 334 333
f 342 343 344
f 333 343 342
f 299 335 332
f 334 335 336
f 335 337 336
f 335 338 339
f 335 339 337
f 333 334 340
f 334 336 340
f 336 337 340
f 333 340 343
f 337 339 340
f 339 346 340
f 331 342 341
f 260 331 341
f 341 342 344
f 263 341 344
f 261 343 301
f 301 343 340
f 261 344 343
f 338 345 339
f 304 345 338
f 339 345 346
f 345 347 346
f 315 348 349
f 315 349 351
f 348 350 349
f 348 353 350
f 349 350 351
f 315 351 326
f 350 357 351
f 350 353 352
f 352 353 356
f 350 352 357
f 327 354 353
f 353 354 356
f 352 356 355
f 355 356 362
f 352 355 359
f 352 359 357
f 351 357 358
f 355 361 359
f 357 359 358
f 354 916 356
f 355 362 360
f 355 360 361
f 356 916 362
f 328 358 917
f 358 359 917
f 359 361 917
f 354 884 916
f 362 916 363
f 361 919 917
f 360 362 363
f 360 364 366
f 360 363 364
f 363 365 364
f 363 369 365
f 365 369 370
f 364 365 368
f 365 370 375
f 360 366 361
f 364 367 366
f 364 368 367
f 365 375 368
f 363 916 918
f 363 918 369
f 361 366 919
f 366 367 919
f 367 368 919
f 368 375 919
f 375 376 919
f 369 371 370
f 370 371 372
f 370 372 377
f 371 374 372
f 371 373 374
f 373 379 374
f 373 380 379
f 372 374 378
f 370 376 375
f 370 377 376
f 372 378 377
f 374 385 378
f 374 379 385
f 379 381 386
f 379 380 381
f 380 382 381
f 381 382 383
f 382 384 383
f 382 1450 384
f 381 383 387
f 383 384 387
f 379 386 385
f 381 387 386
f 390 416 401
f 401 416 457
f 401 457 404
f 399 400 474
f 389 397 393
f 42 437 389
f 389 437 390
f 42 389 393
f 50 391 388
f 388 391 439
f 389 392 397
f 389 390 392
f 390 401 392
f 391 402 439
f 391 396 402
f 48 393 397
f 48 399 189
f 394 395 396
f 394 480 395
f 48 397 399
f 395 480 409
f 50 396 391
f 50 394 396
f 396 409 398
f 397 407 399
f 395 409 396
f 396 398 402
f 392 407 397
f 392 403 407
f 392 401 403
f 402 405 439
f 398 406 402
f 403 446 407
f 401 404 403
f 402 406 405
f 398 408 406
f 398 410 408
f 399 407 400
f 398 409 410
f 400 407 446
f 409 484 410
f 408 410 448
f 65 74 411
f 412 414 413
f 412 413 437
f 390 437 413
f 65 411 414
f 66 417 419
f 66 415 417
f 413 414 426
f 413 426 416
f 390 413 416
f 415 438 427
f 415 427 428
f 415 428 417
f 411 426 414
f 72 420 418
f 78 419 421
f 74 418 429
f 72 76 420
f 76 77 423
f 77 78 421
f 76 423 420
f 77 421 423
f 418 420 429
f 420 430 429
f 421 431 423
f 74 429 411
f 419 422 421
f 421 422 431
f 420 423 430
f 417 422 419
f 411 424 426
f 411 429 424
f 424 429 433
f 424 455 426
f 425 428 454
f 416 426 457
f 427 439 458
f 417 428 425
f 417 425 422
f 427 456 428
f 426 455 457
f 405 458 439
f 427 458 456
f 429 430 432
f 423 431 436
f 430 436 432
f 422 459 431
f 423 436 430
f 429 432 433
f 432 436 434
f 431 459 436
f 432 434 433
f 434 436 435
f 435 436 459
f 422 425 459
f 98 438 415
f 388 439 438
f 427 438 439
f 404 457 441
f 405 451 468
f 440 441 457
f 440 2951 441
f 440 3006 2951
f 451 2969 3008
f 400 446 442
f 400 442 500
f 410 484 448
f 442 446 443
f 442 443 500
f 448 501 449
f 406 408 445
f 403 444 446
f 408 447 445
f 403 404 444
f 405 406 451
f 404 441 444
f 406 445 451
f 408 448 447
f 443 446 452
f 443 452 450
f 443 450 505
f 450 452 2957
f 452 2978 2957
f 449 2961 2960
f 450 2959 505
f 450 2957 2958
f 450 2958 2959
f 441 2964 444
f 444 452 446
f 445 447 2968
f 445 2969 451
f 444 2964 452
f 447 2980 2968
f 452 2964 2978
f 441 2951 2964
f 445 2968 2969
f 447 448 2981
f 448 449 2960
f 447 2981 2980
f 448 2960 2982
f 448 2982 2981
f 433 461 453
f 424 453 455
f 424 433 453
f 425 454 462
f 453 466 455
f 454 456 465
f 453 461 464
f 405 468 458
f 428 456 454
f 440 457 455
f 456 458 467
f 440 455 466
f 458 468 467
f 433 434 460
f 434 435 460
f 433 460 461
f 435 459 462
f 425 462 459
f 435 469 460
f 435 462 469
f 461 463 464
f 453 464 466
f 454 465 472
f 464 3000 466
f 463 3002 464
f 465 467 3009
f 465 3004 472
f 456 467 465
f 440 466 3006
f 467 468 3007
f 468 3008 3007
f 451 3008 468
f 460 463 461
f 460 470 463
f 462 472 469
f 460 469 470
f 469 471 470
f 469 472 471
f 454 472 462
f 463 470 473
f 470 471 473
f 463 473 3001
f 471 472 3004
f 471 3014 473
f 186 189 474
f 186 474 476
f 186 476 187
f 187 476 478
f 475 479 482
f 477 482 479
f 189 399 474
f 477 480 482
f 409 480 481
f 477 481 480
f 400 483 474
f 474 483 476
f 477 487 481
f 476 483 486
f 481 487 484
f 478 486 485
f 476 486 478
f 477 479 488
f 477 488 487
f 409 481 484
f 199 490 493
f 187 478 199
f 199 478 490
f 475 489 491
f 489 492 491
f 475 491 479
f 199 493 200
f 200 1113 1111
f 492 1112 494
f 200 493 1113
f 494 1112 1120
f 491 492 494
f 478 485 490
f 485 495 490
f 491 494 496
f 490 495 497
f 479 491 496
f 479 496 488
f 490 497 493
f 493 1121 1113
f 493 497 1121
f 494 1120 498
f 494 498 496
f 498 1120 1122
f 400 500 483
f 448 484 501
f 483 500 486
f 484 487 504
f 486 500 499
f 484 504 501
f 485 486 499
f 485 499 502
f 485 502 495
f 488 510 503
f 487 488 503
f 487 503 504
f 499 500 507
f 443 505 500
f 449 501 506
f 501 504 506
f 449 506 2961
f 500 505 507
f 504 508 506
f 499 507 513
f 499 513 502
f 503 510 508
f 508 510 514
f 503 508 504
f 488 496 510
f 495 502 509
f 495 511 497
f 496 498 510
f 495 509 511
f 509 515 511
f 498 512 510
f 497 1154 1121
f 498 1122 512
f 497 511 1154
f 512 1122 1155
f 512 1155 516
f 511 517 1154
f 502 513 509
f 509 513 515
f 510 512 514
f 512 516 514
f 513 3119 515
f 514 516 3115
f 511 515 517
f 516 1155 518
f 516 518 3116
f 515 3117 517
f 155 523 524
f 155 524 564
f 119 520 521
f 119 521 525
f 520 531 521
f 108 522 523
f 522 524 523
f 119 525 522
f 522 525 524
f 524 525 532
f 527 577 537
f 527 537 536
f 526 529 528
f 528 529 604
f 520 530 531
f 526 540 529
f 529 540 604
f 120 526 528
f 526 527 539
f 525 533 532
f 521 533 525
f 521 531 534
f 521 534 533
f 531 538 534
f 532 533 543
f 533 534 543
f 524 532 535
f 524 535 564
f 527 536 539
f 536 537 541
f 535 547 564
f 537 577 561
f 530 538 531
f 526 539 540
f 519 538 530
f 519 544 538
f 536 541 539
f 519 614 544
f 542 544 614
f 542 627 549
f 549 627 630
f 560 630 765
f 532 543 546
f 532 546 548
f 532 548 535
f 535 548 547
f 561 577 588
f 534 538 545
f 538 544 545
f 539 642 540
f 534 552 543
f 534 545 552
f 543 552 546
f 542 545 544
f 539 551 642
f 539 550 551
f 537 561 541
f 539 541 550
f 541 561 550
f 546 555 548
f 547 548 698
f 545 549 552
f 542 549 545
f 556 672 557
f 552 672 556
f 546 556 553
f 546 553 554
f 546 554 555
f 546 552 556
f 548 555 697
f 554 558 555
f 553 559 554
f 553 556 557
f 554 559 558
f 553 557 559
f 549 560 552
f 549 630 560
f 552 560 765
f 550 812 551
f 561 588 732
f 550 561 732
f 155 565 157
f 155 564 565
f 157 562 158
f 157 566 562
f 564 585 565
f 157 565 566
f 562 566 574
f 158 562 568
f 562 574 568
f 568 573 569
f 563 570 580
f 570 571 580
f 571 572 581
f 567 569 575
f 567 575 870
f 572 873 583
f 568 574 573
f 569 573 575
f 575 576 870
f 576 876 870
f 575 594 576
f 159 577 174
f 174 577 527
f 159 578 577
f 159 563 579
f 159 579 578
f 563 580 579
f 578 579 584
f 571 581 580
f 572 582 581
f 572 583 582
f 583 873 891
f 565 585 566
f 566 587 574
f 566 585 587
f 573 574 590
f 574 587 589
f 574 589 590
f 573 590 593
f 573 593 575
f 576 595 876
f 577 578 588
f 547 585 564
f 578 586 588
f 578 584 586
f 579 591 584
f 547 728 585
f 584 591 729
f 585 728 587
f 587 740 589
f 586 732 588
f 584 733 586
f 579 580 591
f 580 581 591
f 581 592 591
f 581 596 592
f 581 582 597
f 582 583 598
f 583 891 913
f 575 593 594
f 576 594 595
f 595 907 876
f 581 597 596
f 582 598 597
f 583 913 598
f 589 745 590
f 590 745 593
f 593 746 594
f 594 747 595
f 595 748 907
f 591 592 752
f 592 596 858
f 596 597 859
f 597 598 860
f 192 599 530
f 519 530 599
f 599 606 608
f 519 599 601
f 519 601 617
f 599 608 601
f 600 605 602
f 600 602 610
f 602 605 603
f 601 608 617
f 602 603 610
f 603 620 610
f 196 604 600
f 600 604 605
f 540 605 604
f 540 641 605
f 600 611 607
f 606 1111 612
f 607 613 1112
f 606 609 608
f 608 609 646
f 600 610 611
f 610 624 611
f 611 648 613
f 606 612 609
f 612 1114 650
f 613 1127 1115
f 607 611 613
f 519 615 614
f 614 615 616
f 519 617 615
f 605 641 619
f 542 614 616
f 615 621 616
f 616 621 628
f 615 617 618
f 615 618 621
f 605 619 620
f 603 605 620
f 619 641 626
f 608 618 617
f 608 623 618
f 610 620 624
f 619 626 620
f 618 623 621
f 621 625 633
f 622 626 641
f 622 643 632
f 621 623 625
f 623 646 625
f 625 651 633
f 620 626 624
f 622 657 626
f 542 616 627
f 616 628 627
f 629 632 643
f 627 628 631
f 627 631 630
f 630 631 768
f 628 634 631
f 631 634 767
f 629 645 635
f 621 633 628
f 628 633 636
f 628 636 634
f 629 637 632
f 633 652 636
f 622 632 657
f 634 638 767
f 629 635 637
f 635 645 639
f 634 636 638
f 635 660 637
f 635 639 660
f 540 640 641
f 540 642 640
f 622 641 640
f 640 642 643
f 622 640 643
f 551 644 642
f 629 642 644
f 551 645 644
f 629 643 642
f 629 644 645
f 551 811 645
f 608 646 623
f 625 646 651
f 646 653 651
f 611 624 648
f 624 626 647
f 624 647 648
f 626 657 647
f 647 649 648
f 648 649 658
f 609 612 650
f 609 650 646
f 646 650 661
f 613 648 1127
f 648 658 1127
f 633 651 654
f 633 654 652
f 651 653 654
f 646 661 653
f 652 654 655
f 653 664 654
f 636 652 656
f 636 656 638
f 638 656 825
f 652 655 656
f 654 664 655
f 655 665 656
f 656 665 825
f 647 657 649
f 632 659 657
f 632 637 659
f 649 657 658
f 657 659 658
f 658 659 668
f 639 830 660
f 637 669 659
f 637 660 669
f 653 661 664
f 661 662 664
f 650 1130 662
f 650 662 661
f 663 1127 668
f 663 1131 1127
f 663 669 1131
f 655 664 667
f 655 667 665
f 662 1132 664
f 664 1132 667
f 665 667 1247
f 666 1133 669
f 658 668 1127
f 659 663 668
f 659 669 663
f 660 666 669
f 660 842 666
f 557 672 673
f 557 673 670
f 558 670 671
f 557 670 559
f 558 559 670
f 555 558 697
f 558 671 697
f 552 765 674
f 552 674 672
f 672 674 683
f 672 675 673
f 670 673 676
f 670 677 671
f 673 675 676
f 670 676 677
f 671 677 678
f 672 683 675
f 674 765 766
f 674 766 683
f 671 678 697
f 676 680 677
f 677 681 678
f 675 679 676
f 675 684 679
f 676 679 680
f 677 680 681
f 678 681 682
f 680 689 681
f 681 687 682
f 679 686 680
f 675 683 684
f 679 684 690
f 683 770 684
f 679 685 686
f 679 691 692
f 679 692 685
f 680 686 689
f 681 689 687
f 682 687 688
f 687 696 688
f 687 689 696
f 686 693 689
f 690 818 691
f 679 690 691
f 685 694 686
f 685 692 694
f 691 700 692
f 686 694 693
f 692 700 694
f 693 703 696
f 693 694 701
f 696 703 702
f 694 700 701
f 693 701 703
f 688 696 695
f 689 693 696
f 695 696 702
f 695 702 704
f 678 682 697
f 682 688 697
f 688 695 697
f 695 704 697
f 548 697 698
f 550 732 812
f 690 817 818
f 699 700 818
f 701 707 703
f 702 711 704
f 702 703 708
f 691 818 700
f 700 713 701
f 699 712 700
f 700 712 713
f 701 705 707
f 703 707 706
f 704 709 714
f 702 710 711
f 703 706 708
f 704 711 709
f 702 708 710
f 701 713 705
f 697 704 714
f 697 719 721
f 697 721 720
f 697 714 719
f 720 822 722
f 719 822 721
f 720 721 822
f 722 822 723
f 715 723 822
f 715 822 716
f 716 822 717
f 717 822 718
f 718 822 725
f 725 822 726
f 697 726 727
f 697 727 698
f 698 727 724
f 697 720 722
f 697 715 716
f 697 722 723
f 697 723 715
f 697 716 717
f 697 717 718
f 697 718 725
f 697 725 726
f 726 823 727
f 724 727 823
f 724 823 855
f 732 855 823
f 547 698 728
f 587 728 739
f 587 739 740
f 586 733 732
f 584 729 733
f 591 752 729
f 729 742 733
f 729 752 742
f 698 724 731
f 698 731 728
f 724 856 731
f 728 731 730
f 728 730 738
f 730 731 734
f 731 856 734
f 724 855 856
f 732 856 855
f 732 734 856
f 730 734 735
f 730 735 736
f 730 736 737
f 732 733 734
f 733 735 734
f 733 736 735
f 733 737 736
f 728 738 739
f 730 737 738
f 740 741 744
f 738 743 739
f 739 743 740
f 740 743 741
f 737 743 738
f 733 742 737
f 737 742 743
f 741 743 753
f 742 753 743
f 742 752 753
f 589 740 744
f 589 744 745
f 593 745 746
f 592 857 752
f 592 858 857
f 594 746 747
f 595 747 748
f 596 859 858
f 597 860 859
f 598 1032 860
f 745 757 746
f 746 760 747
f 747 761 748
f 741 749 744
f 744 749 750
f 741 753 749
f 749 755 750
f 744 751 745
f 744 750 751
f 745 751 756
f 749 753 754
f 749 754 755
f 752 754 753
f 752 755 754
f 750 755 861
f 752 861 755
f 750 861 751
f 751 861 756
f 756 861 862
f 745 756 757
f 746 757 758
f 746 758 759
f 746 759 760
f 756 862 757
f 757 863 758
f 758 863 759
f 759 865 760
f 747 760 761
f 748 761 762
f 748 762 763
f 748 763 764
f 630 768 765
f 765 768 766
f 683 766 769
f 766 768 769
f 767 778 768
f 631 767 768
f 683 769 770
f 684 770 771
f 768 770 769
f 770 777 773
f 690 771 772
f 770 773 771
f 771 773 775
f 771 775 772
f 772 788 785
f 773 776 775
f 773 774 776
f 773 777 774
f 774 786 776
f 776 786 787
f 772 775 789
f 775 776 787
f 772 789 788
f 775 787 789
f 768 781 777
f 768 777 770
f 774 805 786
f 774 777 805
f 767 780 778
f 768 778 781
f 639 645 811
f 639 811 779
f 779 811 783
f 638 780 767
f 778 826 781
f 778 780 826
f 639 779 782
f 639 782 830
f 779 829 782
f 779 833 829
f 777 781 784
f 777 784 805
f 783 814 806
f 781 826 784
f 784 827 805
f 779 783 833
f 783 834 833
f 785 791 815
f 786 790 787
f 787 799 789
f 785 788 793
f 788 789 796
f 787 790 799
f 785 793 791
f 788 796 793
f 791 793 792
f 792 793 794
f 793 795 794
f 789 799 796
f 790 800 799
f 795 796 797
f 793 796 795
f 796 799 798
f 796 798 797
f 800 801 803
f 799 800 803
f 799 803 802
f 798 799 802
f 786 805 790
f 790 805 800
f 800 804 801
f 794 795 819
f 792 794 819
f 797 798 819
f 795 797 819
f 801 804 824
f 798 802 824
f 801 824 803
f 802 803 824
f 800 805 804
f 804 805 808
f 783 806 807
f 804 807 806
f 804 806 824
f 804 808 810
f 804 810 807
f 805 831 808
f 808 851 810
f 783 807 834
f 807 810 834
f 551 812 813
f 551 813 811
f 684 771 690
f 690 772 785
f 811 813 814
f 783 811 814
f 813 819 814
f 812 821 813
f 690 785 816
f 690 816 817
f 785 815 816
f 712 820 713
f 705 821 707
f 706 707 821
f 706 821 708
f 708 821 710
f 710 821 711
f 709 711 821
f 705 713 821
f 709 821 714
f 817 820 818
f 699 818 820
f 816 820 817
f 815 820 816
f 791 819 815
f 699 820 712
f 713 820 821
f 714 822 719
f 812 822 821
f 714 821 822
f 791 792 819
f 815 819 820
f 813 821 820
f 814 819 824
f 798 824 819
f 813 820 819
f 726 822 823
f 812 823 822
f 732 823 812
f 806 814 824
f 638 825 780
f 780 825 836
f 780 836 826
f 826 836 827
f 827 839 828
f 827 828 832
f 828 846 832
f 782 829 830
f 660 830 842
f 830 843 842
f 829 843 830
f 829 845 843
f 784 826 827
f 829 833 835
f 805 827 832
f 805 832 831
f 833 834 835
f 829 835 845
f 835 853 845
f 831 832 853
f 834 853 835
f 832 846 853
f 665 836 825
f 827 836 838
f 665 1247 836
f 666 842 1251
f 837 1251 842
f 836 1247 838
f 828 839 846
f 827 838 841
f 827 841 839
f 839 840 846
f 839 841 840
f 840 841 1254
f 840 1254 848
f 837 842 843
f 843 845 844
f 837 843 1248
f 843 844 1248
f 845 847 848
f 845 853 847
f 846 847 853
f 840 847 846
f 844 845 848
f 840 848 847
f 844 848 1248
f 808 831 809
f 808 809 850
f 808 850 849
f 808 849 851
f 809 831 854
f 809 854 850
f 834 851 849
f 849 850 852
f 834 849 854
f 810 851 834
f 831 853 854
f 834 854 853
f 850 854 852
f 849 852 854
f 752 857 861
f 857 862 861
f 857 858 863
f 757 862 863
f 857 863 862
f 759 863 864
f 759 864 865
f 858 859 865
f 858 864 863
f 858 865 864
f 760 866 761
f 761 867 762
f 760 865 866
f 762 868 763
f 763 868 764
f 859 866 865
f 859 867 866
f 859 860 867
f 761 866 867
f 762 867 868
f 764 868 869
f 860 868 867
f 860 869 868
f 871 878 872
f 872 880 882
f 870 876 871
f 873 874 890
f 874 875 881
f 875 885 893
f 872 879 880
f 871 876 877
f 871 877 878
f 874 892 890
f 872 878 879
f 874 881 892
f 875 893 881
f 882 888 883
f 883 896 884
f 330 886 885
f 885 886 889
f 330 887 886
f 886 887 889
f 887 917 901
f 880 888 882
f 883 888 895
f 883 895 896
f 884 896 897
f 884 897 930
f 885 889 899
f 885 898 893
f 885 899 898
f 887 900 889
f 887 901 900
f 889 900 899
f 873 890 891
f 876 907 877
f 877 908 878
f 878 909 879
f 878 908 909
f 879 910 880
f 879 909 910
f 880 910 894
f 896 905 897
f 895 905 896
f 899 900 902
f 888 903 895
f 880 894 888
f 898 899 957
f 900 901 902
f 901 932 959
f 895 904 905
f 895 903 904
f 888 894 903
f 897 905 906
f 897 906 934
f 901 959 902
f 890 892 915
f 890 914 891
f 877 907 908
f 891 914 913
f 890 915 914
f 881 912 892
f 881 893 911
f 892 912 915
f 907 950 908
f 908 952 909
f 881 911 912
f 598 913 1032
f 913 914 1033
f 893 898 958
f 893 958 911
f 898 957 958
f 899 902 957
f 884 930 916
f 369 918 920
f 376 922 919
f 916 920 918
f 369 920 921
f 917 919 922
f 377 926 922
f 916 930 920
f 920 930 931
f 920 931 921
f 917 922 932
f 901 917 932
f 922 933 932
f 922 926 933
f 369 921 371
f 371 923 373
f 373 923 380
f 376 377 922
f 377 378 926
f 378 385 927
f 371 921 923
f 380 923 924
f 380 925 382
f 385 386 928
f 386 387 928
f 380 924 925
f 382 925 2163
f 378 927 926
f 385 928 927
f 387 929 928
f 921 937 923
f 923 941 924
f 924 942 925
f 926 927 945
f 927 928 947
f 928 929 948
f 930 936 931
f 897 934 930
f 921 931 937
f 932 933 987
f 926 938 933
f 931 936 937
f 926 939 938
f 930 934 936
f 932 987 959
f 933 938 987
f 934 935 936
f 935 940 936
f 936 940 937
f 927 946 945
f 927 947 946
f 923 937 941
f 926 945 939
f 924 941 942
f 925 942 943
f 925 943 944
f 928 948 947
f 941 996 942
f 938 988 987
f 938 989 988
f 938 939 989
f 929 949 948
f 929 2189 949
f 945 946 999
f 942 997 943
f 943 1000 944
f 944 1001 2176
f 946 947 1002
f 947 948 1003
f 948 949 1004
f 904 968 905
f 905 968 906
f 906 1005 934
f 894 910 955
f 909 953 910
f 894 951 903
f 910 953 955
f 748 950 907
f 908 950 952
f 914 915 1034
f 913 1033 1032
f 909 952 953
f 748 764 950
f 914 1034 1033
f 912 956 915
f 911 961 912
f 915 956 1034
f 894 955 951
f 764 954 950
f 950 1041 952
f 952 1043 953
f 912 961 956
f 902 960 957
f 903 965 904
f 911 958 970
f 957 971 958
f 902 959 960
f 959 987 972
f 904 965 966
f 904 966 968
f 903 951 965
f 957 960 971
f 906 968 969
f 906 969 1005
f 959 972 960
f 972 987 1007
f 911 970 961
f 958 971 970
f 951 962 965
f 951 955 963
f 953 1062 955
f 951 964 962
f 955 1063 1064
f 955 1064 963
f 951 963 964
f 962 964 1065
f 966 967 968
f 965 978 966
f 966 979 967
f 967 979 980
f 967 980 983
f 967 969 968
f 967 973 969
f 967 983 973
f 969 975 1005
f 969 973 974
f 969 974 975
f 975 1009 1005
f 960 981 971
f 965 976 978
f 966 978 977
f 962 976 965
f 966 977 979
f 961 970 1065
f 970 971 1082
f 960 982 981
f 960 972 982
f 972 1007 986
f 979 981 980
f 971 1081 1082
f 977 978 1084
f 976 1065 978
f 962 1065 976
f 978 1080 1082
f 978 1083 1080
f 978 1081 1084
f 978 1082 1081
f 971 1085 1084
f 971 981 1085
f 971 1084 1081
f 977 1085 979
f 979 1085 981
f 980 982 984
f 980 981 982
f 977 1084 1085
f 980 984 983
f 973 983 985
f 973 985 974
f 974 986 975
f 975 986 1009
f 974 985 986
f 986 1014 1009
f 972 984 982
f 972 985 984
f 983 984 985
f 972 986 985
f 986 1007 1014
f 934 1006 935
f 935 1006 940
f 937 940 991
f 937 991 941
f 987 988 1007
f 988 989 1008
f 939 994 989
f 934 1005 1006
f 988 1008 1007
f 940 990 991
f 989 992 1008
f 989 993 992
f 989 994 993
f 940 1020 990
f 940 1006 1020
f 939 945 998
f 941 991 995
f 941 995 996
f 939 998 994
f 942 996 997
f 943 997 1000
f 944 1000 1001
f 946 1002 999
f 945 999 998
f 947 1003 1002
f 948 1004 1003
f 1005 1010 1006
f 1005 1009 1010
f 1006 1010 1011
f 1006 1011 1012
f 1006 1012 1013
f 990 1024 991
f 1006 1013 1020
f 990 1020 1021
f 990 1021 1022
f 990 1022 1023
f 990 1023 1024
f 1007 1008 1016
f 992 993 1027
f 993 994 1029
f 992 1026 1008
f 991 1024 1025
f 992 1027 1026
f 993 1028 1027
f 993 1029 1028
f 994 1086 1029
f 1009 1015 1010
f 1009 1014 1015
f 1010 1015 1016
f 1010 1016 1011
f 1011 1017 1012
f 1012 1018 1013
f 1011 1016 1017
f 1012 1017 1018
f 1013 1018 1019
f 1007 1015 1014
f 1007 1016 1015
f 1008 1017 1016
f 1008 1018 1017
f 1008 1019 1018
f 1008 1026 1019
f 1013 1026 1020
f 1020 1027 1021
f 1021 1027 1022
f 1022 1028 1023
f 1013 1019 1026
f 1020 1026 1027
f 1022 1027 1028
f 1023 1028 1029
f 1023 1029 1024
f 1024 1029 1025
f 1025 1029 1086
f 991 1030 995
f 995 1092 996
f 994 998 1087
f 998 999 1090
f 991 1025 1030
f 995 1030 1031
f 994 1087 1086
f 995 1031 1088
f 995 1088 1092
f 996 1094 997
f 997 1096 1000
f 1000 1097 1001
f 996 1092 1093
f 996 1093 1094
f 997 1094 1095
f 997 1095 1096
f 1000 1096 1097
f 1001 1097 1098
f 1001 1098 1099
f 1001 1099 1100
f 1025 1086 1030
f 1030 1086 1087
f 1030 1087 1031
f 764 1035 954
f 860 1032 1035
f 764 869 1035
f 860 1035 869
f 950 954 1036
f 954 1035 1036
f 950 1036 1040
f 1032 1058 1035
f 1035 1044 1036
f 1032 1033 1071
f 1033 1034 1078
f 950 1040 1041
f 952 1041 1042
f 952 1042 1043
f 953 1043 1060
f 953 1060 1062
f 1036 1037 1040
f 1037 1038 1040
f 956 961 1067
f 956 1077 1034
f 955 1062 1063
f 961 1065 1066
f 961 1068 1067
f 961 1066 1068
f 956 1069 1076
f 956 1067 1069
f 1035 1058 1044
f 1032 1059 1058
f 1036 1044 1037
f 1038 1044 1039
f 1037 1044 1038
f 1039 1044 1045
f 1032 1071 1059
f 1033 1072 1071
f 1044 1046 1045
f 1038 1039 1047
f 1039 1045 1047
f 1045 1046 1047
f 1046 1049 1047
f 1038 1048 1040
f 1038 1047 1048
f 1040 1048 1041
f 1047 1052 1048
f 1044 1049 1046
f 1044 1050 1049
f 1044 1055 1050
f 1047 1049 1051
f 1049 1050 1051
f 1050 1055 1051
f 1047 1051 1052
f 1041 1048 1042
f 1042 1048 1053
f 1048 1052 1053
f 1052 1054 1053
f 1033 1078 1072
f 1042 1053 1043
f 1043 1053 1054
f 1044 1056 1055
f 1044 1057 1056
f 1044 1058 1057
f 1051 1055 1058
f 1055 1056 1058
f 1056 1057 1058
f 1051 1059 1052
f 1051 1058 1059
f 1052 1059 1071
f 1052 1071 1054
f 1034 1077 1078
f 956 1076 1077
f 1061 1062 1073
f 963 1064 1067
f 963 1066 964
f 964 1066 1065
f 963 1068 1066
f 963 1067 1068
f 1061 1063 1062
f 1063 1069 1064
f 1061 1073 1069
f 1061 1069 1063
f 1064 1069 1067
f 1043 1054 1070
f 1043 1070 1060
f 1060 1070 1062
f 1062 1070 1074
f 1062 1074 1073
f 1070 1078 1074
f 1054 1071 1070
f 1070 1071 1072
f 1070 1072 1078
f 1069 1073 1074
f 1074 1075 1077
f 1074 1077 1076
f 1069 1074 1076
f 1074 1078 1075
f 1075 1079 1077
f 1075 1078 1079
f 1077 1079 1078
f 970 1083 1065
f 970 1082 1080
f 970 1080 1083
f 978 1065 1083
f 998 1089 1087
f 999 1091 1090
f 998 1090 1089
f 999 1002 1091
f 1002 1003 1105
f 1003 1004 1107
f 1001 1100 1102
f 1002 1101 1091
f 1002 1103 1101
f 1002 1104 1103
f 1002 1105 1104
f 1003 1106 1105
f 1003 1107 1106
f 1004 1108 1107
f 1004 1109 1108
f 1031 1089 1088
f 1031 1087 1089
f 1088 1089 1090
f 1088 1090 1091
f 1088 1091 1092
f 1091 1093 1092
f 1093 1101 1094
f 1001 1102 2326
f 1091 1101 1093
f 1094 1103 1095
f 1095 1104 1096
f 1094 1101 1103
f 1095 1103 1104
f 1096 1105 1097
f 1097 1106 1098
f 1098 1107 1099
f 1099 1108 1100
f 1096 1104 1105
f 1097 1105 1106
f 1098 1106 1107
f 1099 1107 1108
f 1100 1108 1102
f 1004 2336 1109
f 1102 1108 1109
f 1102 2336 2326
f 1102 1109 1110
f 1102 1110 2336
f 1109 2336 1110
f 1111 1113 1117
f 1112 1116 1120
f 612 1111 1114
f 1112 1115 1116
f 1111 1117 1114
f 1115 1127 1116
f 613 1115 1112
f 1116 1118 1120
f 1113 1119 1117
f 1113 1121 1123
f 1113 1123 1119
f 1120 1126 1122
f 1122 1126 1124
f 1121 1156 1123
f 1118 1126 1120
f 1119 1123 1125
f 1123 1156 1125
f 1124 1126 1159
f 650 1114 1128
f 1114 1117 1128
f 1116 1127 1129
f 650 1128 1134
f 1127 1137 1129
f 1117 1119 1128
f 1116 1129 1118
f 1119 1143 1128
f 1118 1129 1144
f 1128 1143 1145
f 650 1134 1130
f 1127 1131 1137
f 1128 1138 1134
f 662 1130 1132
f 1130 1134 1132
f 667 1132 1135
f 667 1135 1247
f 669 1136 1131
f 669 1133 1136
f 666 1140 1133
f 666 1251 1140
f 1132 1134 1139
f 1132 1139 1135
f 1131 1136 1137
f 1133 1141 1136
f 1128 1145 1138
f 1129 1137 1142
f 1134 1138 1139
f 1135 1139 1260
f 1136 1141 1137
f 1137 1141 1142
f 1133 1140 1141
f 1138 1145 1139
f 1139 1147 1260
f 1140 1148 1141
f 1140 1264 1148
f 1119 1125 1143
f 1118 1144 1126
f 1129 1150 1144
f 1125 1158 1143
f 1126 1144 1171
f 1126 1171 1159
f 1143 1158 1170
f 1129 1142 1150
f 1143 1149 1145
f 1139 1145 1147
f 1141 1146 1142
f 1141 1148 1146
f 1145 1149 1147
f 1142 1146 1150
f 1147 1152 1269
f 1148 1264 1276
f 1143 1170 1149
f 1144 1150 1151
f 1144 1151 1171
f 1147 1149 1175
f 1146 1153 1150
f 1146 1148 1153
f 1148 1276 1153
f 1150 1153 1151
f 1151 1153 1174
f 1147 1175 1152
f 1122 1124 1155
f 1121 1154 1156
f 1124 1157 1155
f 518 1155 1157
f 1154 1160 1156
f 1124 1159 1157
f 1125 1156 1158
f 1156 1160 1158
f 1157 1159 1161
f 1159 1164 1161
f 1158 1160 1162
f 1158 1162 1163
f 1159 1173 1164
f 517 1160 1154
f 518 1157 1161
f 518 1161 3118
f 517 3117 4175
f 517 4175 1160
f 1161 4176 3118
f 1161 1164 1165
f 1160 1166 1162
f 1162 1218 1163
f 1162 1166 1218
f 1164 1219 1165
f 1161 1165 4176
f 1160 1167 1166
f 1160 4175 1167
f 1165 1168 4176
f 1168 1169 4176
f 1165 1220 1168
f 1166 1167 4185
f 1168 1220 1169
f 1170 1172 1175
f 1158 1163 1170
f 1159 1171 1173
f 1163 1172 1170
f 1171 1177 1173
f 1173 1192 1219
f 1149 1170 1175
f 1151 1174 1171
f 1171 1174 1177
f 1152 1175 1176
f 1153 1184 1174
f 1152 1194 1296
f 1153 1208 1207
f 1153 1210 1208
f 1153 1211 1210
f 1153 1216 1211
f 1153 1281 1216
f 1153 1282 1281
f 1153 1283 1282
f 1172 1176 1175
f 1173 1177 1178
f 1173 1178 1192
f 1152 1176 1193
f 1174 1182 1180
f 1174 1180 1181
f 1174 1181 1177
f 1174 1183 1182
f 1174 1184 1183
f 1152 1193 1194
f 1153 1195 1197
f 1153 1197 1184
f 1153 1199 1200
f 1153 1200 1195
f 1153 1203 1199
f 1153 1207 1203
f 1177 1179 1178
f 1177 1188 1179
f 1177 1181 1188
f 1179 1188 1187
f 1178 1179 1192
f 1179 1187 1192
f 1180 1182 1190
f 1182 1183 1190
f 1183 1191 1190
f 1183 1186 1191
f 1184 1196 1185
f 1183 1184 1185
f 1183 1185 1186
f 1180 1190 1181
f 1187 1188 1190
f 1181 1190 1188
f 1187 1190 1189
f 1189 1190 1191
f 1185 1201 1186
f 1186 1201 1229
f 1201 1202 1226
f 1195 1196 1197
f 1184 1197 1196
f 1198 1200 1199
f 1195 1200 1198
f 1195 1198 1196
f 1196 1198 1202
f 1185 1196 1201
f 1196 1202 1201
f 1198 1199 1203
f 1198 1204 1202
f 1198 1203 1204
f 1203 1205 1204
f 1203 1207 1206
f 1203 1206 1205
f 1208 1210 1209
f 1208 1209 1213
f 1209 1210 1211
f 1209 1211 1214
f 1206 1207 1208
f 1205 1206 1212
f 1206 1208 1212
f 1208 1213 1212
f 1209 1214 1213
f 1211 1216 1217
f 1211 1215 1214
f 1211 1217 1215
f 1216 1298 1217
f 1215 1217 1299
f 1216 1281 1298
f 1217 1298 1299
f 1213 1214 1221
f 1214 1215 1221
f 1204 1205 1225
f 1202 1204 1225
f 1205 1212 1230
f 1212 1213 1230
f 1215 1299 1221
f 1163 1218 1172
f 1164 1173 1219
f 1165 1219 1220
f 1172 1218 1222
f 1219 1233 1220
f 1166 4185 1218
f 1218 4185 1235
f 1192 1233 1219
f 1172 1222 1176
f 1218 1235 1222
f 1176 1222 1193
f 1187 1189 1228
f 1187 1233 1192
f 1193 1222 1223
f 1193 1236 1194
f 1189 1191 1229
f 1186 1229 1191
f 1189 1227 1228
f 1202 1225 1224
f 1201 1226 1229
f 1202 1224 1226
f 1189 1229 1227
f 1213 1221 1230
f 1205 1230 1225
f 1221 1299 1232
f 1231 1232 1299
f 1193 1223 1234
f 1187 1228 1233
f 1193 1234 1236
f 1225 1230 1243
f 1221 1242 1230
f 1221 1232 1238
f 1220 1233 1237
f 1235 4185 1239
f 1220 1237 4187
f 1222 1235 1223
f 1223 4188 1234
f 1227 1229 1240
f 1227 1241 1228
f 1228 1237 1233
f 1224 1244 1226
f 1224 1225 1246
f 1226 1245 1229
f 1228 1241 1237
f 1227 1240 1241
f 1229 1245 1240
f 1225 1243 1246
f 1230 1242 1243
f 1224 1246 1244
f 1226 1244 1245
f 1221 1238 1242
f 1223 1235 4188
f 1235 1239 4188
f 1234 4188 4190
f 1234 4216 1236
f 1240 4191 1241
f 1237 1241 4187
f 1240 1245 4191
f 1238 4199 1242
f 1242 4200 1243
f 1232 4195 1238
f 1231 4203 1232
f 1231 1319 4197
f 837 1259 1251
f 838 1252 841
f 837 1248 1249
f 838 1247 1250
f 838 1250 1252
f 837 1249 1259
f 1248 1255 1249
f 1135 1250 1247
f 1250 1258 1252
f 1252 1253 1254
f 1249 1255 1256
f 1249 1256 1259
f 1253 1267 1256
f 841 1252 1254
f 848 1255 1248
f 848 1254 1255
f 1254 1256 1255
f 1253 1256 1254
f 1135 1260 1250
f 1250 1260 1257
f 1250 1257 1258
f 1257 1261 1258
f 1140 1251 1264
f 1251 1259 1262
f 1251 1262 1264
f 1259 1263 1262
f 1252 1265 1253
f 1252 1258 1265
f 1259 1267 1263
f 1256 1267 1259
f 1253 1266 1267
f 1253 1265 1266
f 1263 1267 1266
f 1257 1260 1269
f 1258 1261 1265
f 1257 1270 1261
f 1262 1263 1264
f 1263 1266 1268
f 1265 1268 1266
f 1147 1269 1260
f 1257 1269 1270
f 1261 1271 1265
f 1261 1270 1271
f 1263 1276 1264
f 1265 1271 1268
f 1269 1272 1270
f 1263 1268 1276
f 1268 1271 1273
f 1152 1274 1269
f 1269 1274 1272
f 1270 1272 1271
f 1271 1272 1275
f 1268 1273 1276
f 1272 1274 1275
f 1271 1280 1273
f 1273 1278 1276
f 1152 1296 1274
f 1271 1275 1279
f 1274 1279 1275
f 1271 1279 1280
f 1153 1276 1283
f 1273 1280 1278
f 1276 1278 1277
f 1274 1296 1279
f 1276 1277 1283
f 1277 1278 1288
f 1277 1288 1287
f 1279 1296 1280
f 1280 1297 1294
f 1280 1296 1297
f 1277 1287 1283
f 1281 1282 1298
f 1282 1300 1298
f 1282 1285 1300
f 1282 1283 1284
f 1282 1284 1285
f 1283 1286 1284
f 1284 1286 1285
f 1283 1287 1289
f 1283 1291 1286
f 1283 1289 1292
f 1283 1292 1291
f 1278 1280 1294
f 1278 1294 1288
f 1287 1288 1290
f 1287 1290 1289
f 1288 1294 1290
f 1289 1290 1292
f 1290 1293 1292
f 1290 1294 1293
f 1294 1297 1295
f 1293 1294 1295
f 1298 1300 1299
f 1286 1291 1304
f 1285 1286 1302
f 1231 1299 1300
f 1231 1300 1285
f 1286 1304 1302
f 1295 1297 1301
f 1291 1292 1304
f 1292 1293 1304
f 1293 1295 1304
f 1295 1301 1304
f 1301 1303 1304
f 1194 1311 1296
f 1296 1312 1297
f 1231 1285 1302
f 1302 1304 1303
f 1301 1305 1303
f 1297 1312 1301
f 1194 1236 1311
f 1296 1311 1312
f 1302 1303 1319
f 1301 1312 1305
f 1303 1305 1307
f 1305 1306 1307
f 1303 1307 1315
f 1307 1316 1315
f 1306 1308 1307
f 1307 1308 1309
f 1305 1312 1313
f 1307 1309 1316
f 1308 1310 1309
f 1309 1310 1321
f 1305 4847 1306
f 1310 1314 1321
f 1311 1313 1312
f 1305 1313 4845
f 1306 4847 1308
f 1231 1302 1319
f 1303 1315 1319
f 1309 1317 1316
f 1315 1316 1319
f 1309 1318 1317
f 1316 1317 4196
f 1316 4196 1319
f 1318 1321 1320
f 1317 1318 4196
f 1309 1321 1318
f 1314 1320 1321
f 1314 4839 1320
f 246 247 1324
f 246 1324 1322
f 247 1326 1324
f 248 1327 1348
f 1322 1325 1323
f 1322 1324 1325
f 1324 1326 1325
f 1326 1347 1328
f 1325 1326 1328
f 1325 1328 1359
f 1328 1347 1356
f 246 1329 252
f 252 1329 253
f 246 1322 1329
f 253 1329 1330
f 248 253 1327
f 253 1330 1327
f 1322 1323 1331
f 1322 1331 1329
f 1329 1331 1330
f 1330 1331 1332
f 1323 1325 1357
f 1323 1357 1363
f 1323 1363 1331
f 1331 1363 1360
f 1331 1360 1332
f 1327 1330 1333
f 1330 1332 1333
f 1332 1370 1333
f 1327 1333 1349
f 247 272 1326
f 272 1347 1326
f 248 1348 278
f 272 273 1335
f 272 1335 1334
f 273 278 1335
f 278 1342 1335
f 272 1334 1347
f 1334 1335 1336
f 1334 1336 1337
f 1335 1342 1336
f 1336 1342 1343
f 1334 1337 1347
f 1337 1350 1347
f 1336 1338 1337
f 1337 1338 1340
f 1337 1340 1350
f 1338 1339 1340
f 1339 1341 1340
f 1340 1341 1351
f 1336 1343 1338
f 1338 1343 1344
f 1338 1344 1339
f 1339 1344 1341
f 1341 1346 1352
f 1341 1344 1346
f 278 1348 1342
f 1342 1348 1343
f 1343 1348 1345
f 1343 1345 1344
f 1344 1345 1346
f 1347 1382 1381
f 1327 1349 1348
f 1348 1349 1355
f 1347 1350 1382
f 1340 1351 1350
f 1341 1352 1351
f 1351 1352 1424
f 1352 1354 1425
f 1346 1354 1352
f 1350 1351 1382
f 1351 1424 1382
f 1382 1424 1426
f 1345 1348 1353
f 1348 1355 1353
f 1345 1354 1346
f 1345 1353 1354
f 1353 1434 1354
f 1353 1355 1434
f 1349 1385 1355
f 1355 1385 1435
f 1328 1356 1359
f 1356 1381 1371
f 1325 1359 1357
f 1357 1359 1358
f 1357 1364 1363
f 1357 1365 1364
f 1360 1363 1364
f 1357 1358 1365
f 1358 1359 1362
f 1358 1361 1367
f 1358 1362 1361
f 1361 1362 1366
f 1358 1367 1365
f 1360 1364 1365
f 1360 1365 1369
f 1365 1367 1369
f 1361 1366 1368
f 1361 1368 1367
f 1366 1409 1368
f 1367 1368 1369
f 1368 1375 1369
f 1332 1360 1370
f 1360 1372 1370
f 1333 1370 1398
f 1356 1362 1359
f 1356 1371 1362
f 1360 1369 1372
f 1370 1372 1399
f 1369 1378 1372
f 1362 1373 1366
f 1366 1373 1409
f 1368 1409 1375
f 1373 1374 1410
f 1362 1374 1373
f 1374 1376 1410
f 1362 1371 1374
f 1371 1377 1374
f 1371 1387 1377
f 1377 1401 1379
f 1369 1375 1378
f 1374 1377 1376
f 1375 1380 1378
f 1376 1377 1379
f 1376 1379 1550
f 1347 1381 1356
f 1349 1398 1386
f 1371 1381 1387
f 1381 1384 1387
f 1381 1382 1384
f 1382 1383 1384
f 1383 1388 1384
f 1349 1386 1385
f 1385 1386 1489
f 1384 1388 1387
f 1386 1398 1389
f 1386 1389 1489
f 1387 1390 1401
f 1387 1388 1390
f 1388 1395 1390
f 1390 1391 1392
f 1390 1392 1393
f 1390 1394 1391
f 1390 1395 1394
f 1390 1393 1527
f 1388 1396 1395
f 1333 1398 1349
f 1370 1399 1398
f 1389 1398 1399
f 1377 1387 1401
f 1372 1378 1400
f 1372 1400 1399
f 1379 1401 1521
f 1390 1521 1401
f 1400 1402 1404
f 1378 1380 1402
f 1378 1402 1400
f 1380 1552 1402
f 1389 1399 1403
f 1399 1400 1403
f 1400 1404 1403
f 1404 1406 1405
f 1404 1405 1408
f 1404 1532 1406
f 1403 1404 1408
f 1403 1408 1407
f 1403 1407 1397
f 1375 1409 1411
f 1373 1410 1409
f 1409 1410 1411
f 1410 1412 1411
f 1410 1415 1412
f 1411 1412 1414
f 1375 1411 1414
f 1376 1413 1410
f 1410 1413 1415
f 1376 1416 1413
f 1412 1415 1414
f 1376 1550 1548
f 1376 1548 1416
f 1413 1417 1415
f 1413 1416 1417
f 1415 1417 1420
f 1416 1548 1419
f 1416 1419 1417
f 1417 1419 1421
f 1418 1421 1419
f 1418 1419 1548
f 1417 1421 1420
f 1414 1415 1420
f 1375 1414 1380
f 1380 1414 1420
f 1380 1420 1551
f 1418 1422 1421
f 1418 1558 1422
f 1421 1422 1560
f 1420 1421 1560
f 1352 1425 1424
f 1424 1425 1426
f 1425 1427 1426
f 1426 1427 1428
f 1425 1434 1427
f 1354 1434 1425
f 1427 1434 1435
f 1427 1435 1429
f 1427 1429 1428
f 1428 1429 1431
f 1382 1426 1428
f 1429 1435 1430
f 1382 1428 1431
f 1382 1431 1383
f 1383 1431 1488
f 1429 1430 1431
f 1430 1432 1431
f 1431 1433 1488
f 1431 1432 1433
f 1430 1436 1432
f 1430 1435 1436
f 1432 1436 1437
f 1355 1435 1434
f 1385 1489 1435
f 1435 1489 1436
f 1436 1489 1437
f 1437 1489 1490
f 1437 1490 1446
f 1432 1438 1433
f 1433 1439 1491
f 1433 1438 1439
f 1439 1442 1491
f 1438 1440 1439
f 1439 1440 1442
f 1432 1437 1438
f 1437 1446 1438
f 1438 1446 1440
f 1440 1446 1447
f 1440 1441 1442
f 1441 1444 1442
f 1442 1444 1443
f 1443 1444 1445
f 1440 1447 1441
f 1441 1447 1448
f 1441 1448 1444
f 1444 1448 1445
f 1446 1494 1447
f 1447 1494 1448
f 1448 1495 1475
f 384 1450 1449
f 1449 1450 1451
f 1450 1452 1451
f 384 1449 1455
f 1449 1451 1454
f 1452 1453 1456
f 1451 1452 1454
f 1452 1456 1460
f 1450 1453 1452
f 384 1455 387
f 1449 1454 1455
f 1452 1460 1454
f 1459 1484 1462
f 1453 1457 1456
f 1457 1459 1458
f 1456 1457 1458
f 1456 1458 1461
f 1457 1479 1459
f 1458 1459 1462
f 1457 2169 1479
f 1456 1461 1460
f 1458 1462 1461
f 1469 1470 1483
f 1470 1474 1483
f 1445 1463 1464
f 1463 1465 1464
f 1443 1445 1464
f 1443 1464 1508
f 1464 1465 1472
f 1465 1467 1472
f 1464 1472 1508
f 1445 1475 1463
f 1463 1475 1465
f 1445 1448 1475
f 1465 1475 1476
f 1465 1476 1467
f 1467 1476 1477
f 1466 1468 1467
f 1467 1468 1472
f 1466 1470 1468
f 1468 1471 1472
f 1468 1470 1469
f 1468 1469 1471
f 1471 1509 1472
f 1466 1467 1477
f 1466 1477 1470
f 1470 1477 1473
f 1470 1473 1474
f 1473 1478 1474
f 1475 1510 1476
f 1473 1477 1478
f 1476 1510 1477
f 1477 1510 1478
f 1459 1479 1480
f 1479 1481 1480
f 1480 1481 1482
f 1459 1480 1484
f 1480 1483 1485
f 1480 1482 1483
f 1469 1483 1482
f 1480 1486 1484
f 1480 1485 1486
f 1483 1487 1485
f 1474 1487 1483
f 1479 2169 1481
f 1481 2169 1482
f 1482 2169 2170
f 1469 1482 2171
f 1469 2171 1471
f 1482 2170 2171
f 1471 2171 1512
f 1462 1484 2173
f 1484 1486 2173
f 1485 2173 1486
f 1485 1487 2174
f 1474 2174 1487
f 1474 1478 2174
f 1478 1511 2174
f 1433 1491 1488
f 1383 1488 1497
f 1383 1497 1388
f 1488 1491 1497
f 1389 1490 1489
f 1389 1500 1490
f 1490 1500 1496
f 1442 1492 1491
f 1491 1492 1493
f 1442 1508 1492
f 1442 1443 1508
f 1491 1493 1497
f 1446 1490 1494
f 1490 1496 1494
f 1448 1494 1495
f 1494 1496 1495
f 1497 1498 1501
f 1497 1499 1498
f 1497 1503 1499
f 1388 1497 1396
f 1389 1403 1500
f 1497 1501 1396
f 1403 1397 1500
f 1500 1397 1502
f 1500 1502 1505
f 1493 1503 1497
f 1493 1504 1503
f 1493 1514 1504
f 1496 1500 1505
f 1496 1505 1506
f 1496 1506 1507
f 1492 1508 1513
f 1472 1509 1508
f 1508 1509 1513
f 1492 1513 1493
f 1475 1495 1510
f 1495 1496 1510
f 1478 1510 1511
f 1496 1516 1510
f 1510 1516 1511
f 1471 1512 1509
f 1509 2200 1513
f 1509 1512 2200
f 1511 2197 2174
f 1511 2198 2197
f 1511 1516 2198
f 1516 2203 2198
f 1493 1513 1514
f 1513 1515 1514
f 1496 1507 1516
f 1516 1507 1517
f 1513 1518 1515
f 1513 2200 2201
f 1513 2201 1518
f 1516 1517 1519
f 1516 2204 2203
f 1516 1519 2204
f 1379 1523 1520
f 1379 1520 1550
f 1520 1523 1553
f 1379 1521 1523
f 1521 1522 1523
f 1390 1522 1521
f 1390 1527 1522
f 1522 1527 1525
f 1525 1527 1535
f 1402 1552 1575
f 1402 1524 1532
f 1402 1575 1524
f 1522 1576 1523
f 1522 1525 1576
f 1524 1575 1578
f 1524 1578 1540
f 1527 1393 1526
f 1402 1532 1404
f 1532 1531 1406
f 1527 1526 1528
f 1527 1528 1529
f 1527 1529 1530
f 1527 1530 1535
f 1535 1530 1536
f 1532 1533 1531
f 1532 1534 1533
f 1524 1540 1532
f 1532 1540 1534
f 1540 1541 1534
f 1525 1535 1580
f 1535 1545 1580
f 1535 1536 1537
f 1535 1537 1538
f 1535 1538 1539
f 1535 1539 1545
f 1545 1539 1544
f 1540 1542 1541
f 1540 1543 1542
f 1540 1586 1543
f 1545 1544 1546
f 1545 1546 1547
f 1545 1547 1590
f 1590 1547 1591
f 1418 1548 1558
f 1548 1554 1549
f 1548 1549 1558
f 1548 1550 1554
f 1550 1553 1554
f 1380 1551 1552
f 1520 1553 1550
f 1552 1556 1577
f 1523 1576 1553
f 1553 1576 1557
f 1557 1576 1579
f 1551 1555 1552
f 1420 1560 1551
f 1551 1560 1555
f 1552 1555 1556
f 1553 1557 1554
f 1549 1554 1566
f 1554 1557 1566
f 1556 1568 1583
f 1557 1579 1569
f 1569 1579 1603
f 1549 1559 1558
f 1558 1559 1561
f 1549 1565 1559
f 1549 1566 1565
f 1422 1558 1423
f 1423 1558 1561
f 1559 1562 1561
f 1422 1423 1560
f 1559 1563 1562
f 1423 1561 2067
f 1561 1562 2067
f 1423 2067 1564
f 1423 1564 1560
f 1559 1565 1563
f 1563 1565 2071
f 1565 1570 2071
f 1555 1560 1564
f 1555 1567 1556
f 1555 1564 1567
f 1556 1567 1568
f 1565 1566 1570
f 1567 2075 1568
f 1564 2072 1567
f 1567 2072 2075
f 1557 1569 1566
f 1566 1569 1570
f 1568 1571 1604
f 1569 1603 1572
f 1572 1603 1605
f 1569 1572 1570
f 1568 2075 1571
f 1571 1608 1604
f 1571 1573 1608
f 1571 2075 1573
f 1572 1605 2077
f 1573 1609 1608
f 1574 2077 1605
f 1552 1577 1575
f 1575 1577 1578
f 1525 1579 1576
f 1577 1581 1578
f 1556 1583 1577
f 1525 1580 1579
f 1579 1580 1582
f 1578 1581 1587
f 1545 1582 1580
f 1545 1590 1582
f 1582 1590 1584
f 1584 1590 1596
f 1577 1583 1581
f 1579 1582 1603
f 1581 1583 1585
f 1583 1604 1585
f 1582 1584 1603
f 1581 1585 1597
f 1584 1596 1606
f 1596 1611 1606
f 1585 1601 1597
f 1540 1578 1587
f 1540 1587 1586
f 1587 1588 1586
f 1587 1589 1588
f 1590 1591 1592
f 1590 1592 1596
f 1587 1597 1589
f 1581 1597 1587
f 1597 1598 1589
f 1596 1592 1593
f 1596 1593 1594
f 1596 1594 1595
f 1596 1595 1611
f 1597 1599 1598
f 1597 1600 1599
f 1597 1601 1600
f 1601 1602 1600
f 1601 1614 1602
f 1568 1604 1583
f 1584 1605 1603
f 1584 1606 1605
f 1585 1604 1607
f 1604 1608 1607
f 1574 1605 1606
f 1574 1606 1615
f 1606 1611 1615
f 1585 1607 1601
f 1601 1607 1620
f 1607 1610 1620
f 1607 1608 1610
f 1608 1609 1610
f 1574 1615 2078
f 1609 2102 1610
f 1611 1595 1612
f 1611 1612 1613
f 1611 1613 1617
f 1611 1617 1615
f 1615 1617 1616
f 1615 1616 2078
f 1610 1627 1620
f 1616 1617 1625
f 1616 1625 2101
f 1610 2102 1627
f 1601 1621 1614
f 1617 1613 1618
f 1601 1620 1621
f 1617 1618 1619
f 1620 1622 1621
f 1620 1623 1622
f 1620 1628 1623
f 1617 1619 1624
f 1617 1624 1625
f 1620 1627 1628
f 1625 1624 1626
f 1625 1626 1630
f 1627 1629 1628
f 1627 2104 1629
f 1625 1630 2105
f 1631 1632 1639
f 1632 1864 1633
f 1632 1633 1634
f 1632 1634 1642
f 1633 1636 1634
f 1633 1884 1635
f 1633 1635 1636
f 1634 1636 1637
f 1634 1638 1642
f 1634 1637 1638
f 1639 1640 2005
f 1640 5495 2005
f 1632 1641 1639
f 1639 1641 1640
f 1632 1642 1641
f 1641 1642 1643
f 1640 1641 1643
f 1642 1644 1643
f 1642 1638 1645
f 1642 1646 1644
f 1642 1645 1646
f 1644 1646 1647
f 1644 1647 1648
f 1640 1643 5497
f 1643 1644 5498
f 1644 1648 1649
f 1644 1649 5498
f 1659 1721 1709
f 1650 1663 1651
f 1651 1654 1659
f 1651 1663 1654
f 1650 1712 1713
f 1650 1713 1714
f 1651 1659 1709
f 1651 1709 1712
f 1650 1651 1712
f 1652 1653 1660
f 1653 1721 1660
f 1652 1820 1653
f 1655 1660 1659
f 1655 1656 1660
f 1655 1658 1656
f 1654 1678 1655
f 1655 1678 1658
f 1654 1655 1659
f 1652 1656 1657
f 1652 1660 1656
f 1652 1657 1819
f 1656 1658 1823
f 1656 1824 1657
f 1658 1683 1823
f 1659 1660 1721
f 1661 1666 1727
f 1661 1727 1662
f 1661 1662 1686
f 1662 1826 1688
f 1662 1688 1686
f 1663 1664 1677
f 1650 1665 1663
f 1663 1665 1664
f 1664 1670 1679
f 1664 1679 1677
f 1650 1714 1665
f 1665 1714 1697
f 1664 1665 1672
f 1665 1697 1699
f 1665 1699 1672
f 1666 1667 1739
f 1664 1672 1670
f 1670 1672 1673
f 1668 1670 1673
f 1669 1679 1670
f 1669 1670 1671
f 1668 1671 1670
f 1672 1699 1674
f 1672 1674 1673
f 1667 1692 1675
f 1675 1693 1676
f 1654 1663 1677
f 1654 1677 1678
f 1677 1681 1678
f 1669 1680 1679
f 1679 1680 1681
f 1677 1679 1681
f 1658 1682 1683
f 1658 1678 1682
f 1678 1681 1682
f 1682 1823 1683
f 1661 1686 1666
f 1666 1687 1684
f 1666 1686 1687
f 1666 1684 1667
f 1667 1684 1685
f 1667 1685 1691
f 1686 1688 1827
f 1669 1689 1680
f 1669 1671 1689
f 1671 1690 1689
f 1667 1691 1692
f 1675 1692 1693
f 1694 1714 1718
f 1694 1718 1695
f 1695 1718 1729
f 1694 1696 1698
f 1694 1695 1696
f 1694 1697 1714
f 1697 1698 1699
f 1694 1698 1697
f 1698 1701 1699
f 1699 1701 1700
f 1674 1699 1700
f 1700 1701 1702
f 1698 1703 1701
f 1696 1703 1698
f 1701 1703 1707
f 1701 1707 1702
f 1705 1708 1746
f 1704 1746 1708
f 1702 1707 1706
f 1709 1711 1712
f 1709 1721 1710
f 1711 1717 1712
f 1709 1710 1711
f 1712 1717 1713
f 1713 1718 1714
f 1715 1727 1739
f 1666 1739 1727
f 1715 1739 1716
f 1713 1717 1718
f 1716 1745 1719
f 1715 1719 1720
f 1715 1720 1724
f 1715 1716 1719
f 1653 1723 1721
f 1710 1721 1723
f 1653 1820 1723
f 1723 1820 1863
f 1722 1728 1726
f 1724 1735 1726
f 1722 1726 1735
f 1715 1725 1727
f 1662 1727 1725
f 1715 1726 1725
f 1725 1726 1728
f 1662 1725 1826
f 1725 1728 1826
f 1715 1724 1726
f 1711 1730 1717
f 1717 1730 1729
f 1710 1736 1731
f 1710 1731 1711
f 1720 1733 1724
f 1711 1731 1730
f 1720 1732 1733
f 1730 1731 1992
f 1732 1993 1733
f 1717 1729 1718
f 1719 1734 1720
f 1720 1734 1732
f 1719 1745 1747
f 1719 1747 1734
f 1732 1734 1994
f 1734 1747 1974
f 1710 1723 1736
f 1724 1737 1735
f 1724 1733 1737
f 1723 1863 1736
f 1631 1736 1863
f 1735 1737 1872
f 1731 1736 1995
f 1631 1995 1736
f 1716 1740 1738
f 1738 1740 1741
f 1738 1741 1743
f 1716 1739 1740
f 1667 1740 1739
f 1667 1675 1740
f 1716 1738 1745
f 1738 1746 1745
f 1738 1743 1746
f 1741 1744 1743
f 1741 1742 1744
f 1675 1741 1740
f 1675 1742 1741
f 1675 1676 1742
f 1705 1746 1743
f 1705 1743 1744
f 1704 1747 1745
f 1704 1745 1746
f 1668 1749 1671
f 1668 1673 1749
f 1748 1749 1751
f 1671 1748 1758
f 1671 1749 1748
f 1748 1752 1759
f 1673 1674 1749
f 1674 1779 1749
f 1676 1760 1750
f 1750 1761 1756
f 1748 1751 1752
f 1751 1754 1752
f 1752 1754 1753
f 1753 1754 1767
f 1749 1755 1751
f 1749 1779 1755
f 1751 1768 1754
f 1751 1755 1768
f 1671 1758 1690
f 1748 1759 1758
f 1752 1762 1759
f 1690 1758 1894
f 1676 1693 1760
f 1750 1760 1761
f 1756 1761 1765
f 1693 1907 1760
f 1752 1753 1762
f 1753 1763 1762
f 1753 1771 1763
f 1758 1759 1894
f 1759 1762 1894
f 1763 1771 1764
f 1764 1771 1892
f 1762 1763 1894
f 1763 1764 1893
f 1756 1765 1757
f 1757 1765 1766
f 1757 1766 1775
f 1760 1907 1761
f 1761 1896 1765
f 1766 1895 1775
f 1765 1896 1766
f 1754 1769 1767
f 1754 1768 1769
f 1767 1769 1770
f 1753 1767 1771
f 1767 1773 1771
f 1767 1772 1773
f 1771 1773 1892
f 1772 1897 1773
f 1772 1774 1897
f 1767 1770 1772
f 1772 1777 1774
f 1770 1777 1772
f 1775 1895 1776
f 1774 1777 1778
f 1674 1700 1779
f 1700 1702 1779
f 1702 1780 1779
f 1755 1779 1780
f 1755 1780 1781
f 1780 1782 1781
f 1702 1706 1780
f 1706 1782 1780
f 1705 1792 1783
f 1705 1783 1708
f 1781 1782 1784
f 1783 1792 1785
f 1782 2009 1784
f 1781 1784 1796
f 1784 1786 1796
f 1784 2014 1786
f 1786 2016 1807
f 1742 1788 1744
f 1742 1787 1788
f 1787 1791 1788
f 1676 1787 1742
f 1676 1750 1787
f 1750 1789 1787
f 1750 1756 1789
f 1705 1744 1792
f 1744 1788 1792
f 1787 1789 1791
f 1755 1781 1768
f 1789 1794 1791
f 1756 1790 1789
f 1756 1757 1790
f 1757 1801 1790
f 1789 1790 1794
f 1788 1791 1793
f 1788 1793 1792
f 1791 1794 1806
f 1791 1806 1793
f 1757 1775 1801
f 1785 1792 1793
f 1768 1781 1796
f 1768 1796 1797
f 1768 1797 1769
f 1769 1797 1798
f 1790 1795 1794
f 1790 1801 1795
f 1769 1798 1770
f 1794 1808 1806
f 1786 1797 1796
f 1797 1807 1798
f 1794 1795 1808
f 1795 1815 1808
f 1770 1799 1777
f 1770 1798 1799
f 1777 1799 1800
f 1798 1811 1799
f 1799 1812 1800
f 1775 1802 1801
f 1775 1776 1802
f 1795 1801 1803
f 1801 1802 1803
f 1802 1804 1803
f 1776 1929 1802
f 1776 1899 1929
f 1802 1929 1804
f 1795 1803 1815
f 1777 1800 1805
f 1777 1805 1778
f 1778 1805 1932
f 1803 1816 1815
f 1800 1818 1805
f 1803 1804 1816
f 1793 1806 1809
f 1785 1793 1809
f 1786 1807 1797
f 1806 1808 1810
f 1806 1810 1809
f 1808 1813 1810
f 1809 1810 2024
f 1798 1807 1811
f 1799 1811 1812
f 1800 1812 1814
f 1808 1815 1813
f 1807 2017 1811
f 1811 2023 1812
f 1810 1813 2026
f 1812 2025 1814
f 1813 1815 1817
f 1815 1816 1817
f 1800 1814 1818
f 1816 1941 1817
f 1805 1818 1942
f 1814 2029 1818
f 1819 1822 1830
f 1652 1819 1820
f 1819 1821 1820
f 1819 1866 1821
f 1657 1825 1822
f 1657 1822 1819
f 1656 1823 1824
f 1657 1824 1825
f 1822 1825 1832
f 1826 1828 1827
f 1688 1826 1827
f 1686 1827 1829
f 1827 1828 1829
f 1686 1829 1836
f 1822 1832 1830
f 1819 1830 1866
f 1825 1831 1832
f 1831 1833 1832
f 1831 1834 1833
f 1828 1835 1829
f 1829 1835 1836
f 1682 1824 1823
f 1682 1825 1824
f 1682 1831 1825
f 1682 1834 1831
f 1681 1856 1682
f 1680 1689 1856
f 1680 1856 1681
f 1686 1861 1687
f 1689 1690 1859
f 1684 1861 1685
f 1685 1861 1691
f 1691 1861 1692
f 1684 1687 1861
f 1692 1861 1693
f 1682 1856 1834
f 1686 1836 1858
f 1689 1859 1856
f 1690 1860 1859
f 1830 1832 1837
f 1830 1838 1839
f 1830 1837 1838
f 1830 1843 1866
f 1866 1843 1840
f 1866 1840 1841
f 1830 1839 1842
f 1830 1842 1843
f 1832 1833 1845
f 1833 1834 1847
f 1832 1845 1844
f 1833 1846 1845
f 1832 1844 1837
f 1833 1848 1846
f 1833 1847 1848
f 1834 1849 1847
f 1834 1855 1849
f 1835 1853 1836
f 1835 1850 1851
f 1835 1851 1852
f 1835 1852 1853
f 1836 1853 1854
f 1836 1854 1857
f 1834 1856 1855
f 1686 1858 1861
f 1836 1857 1858
f 1820 1821 1863
f 1722 1862 1728
f 1722 1865 1862
f 1821 1864 1863
f 1722 1871 1865
f 1722 1735 1871
f 1865 1871 1870
f 1728 1828 1826
f 1728 1862 1828
f 1821 1866 1867
f 1821 1867 1864
f 1862 1865 1868
f 1864 1867 1869
f 1633 1864 1869
f 1870 1871 1873
f 1865 1870 1868
f 1828 1862 1835
f 1835 1862 1868
f 1631 1863 1864
f 1735 1872 1871
f 1631 1864 1632
f 1871 1872 1874
f 1871 1874 1873
f 1872 1875 1874
f 1872 2044 1875
f 1866 1841 1867
f 1867 1878 1869
f 1867 1841 1876
f 1867 1876 1877
f 1867 1877 1878
f 1869 1878 1879
f 1868 1880 1881
f 1868 1882 1880
f 1868 1885 1882
f 1633 1869 1883
f 1870 1873 1887
f 1868 1870 1885
f 1869 1879 1883
f 1633 1883 1884
f 1870 1887 1886
f 1870 1886 1885
f 1835 1868 1881
f 1835 1881 1850
f 1873 1874 1888
f 1873 1888 1887
f 1874 1889 1888
f 1874 1875 1890
f 1875 2044 1891
f 1874 1890 1889
f 1875 1891 1890
f 1764 1892 1893
f 1763 1893 1894
f 1690 1894 1903
f 1766 1896 1895
f 1761 1907 1896
f 1693 1908 1907
f 1690 1903 1860
f 1693 1861 1913
f 1693 1913 1908
f 1773 1893 1892
f 1773 1897 1893
f 1893 1897 1894
f 1774 1898 1897
f 1894 1897 1898
f 1774 1901 1898
f 1776 1895 1896
f 1776 1896 1899
f 1896 1907 1899
f 1899 1907 1900
f 1774 1778 1901
f 1778 1902 1901
f 1894 1898 1904
f 1894 1904 1903
f 1898 1905 1904
f 1898 1901 1906
f 1898 1906 1905
f 1900 1907 1908
f 1900 1908 1909
f 1900 1909 1933
f 1901 1910 1906
f 1901 1911 1910
f 1901 1902 1911
f 1902 1935 1911
f 1903 1912 1860
f 1903 1914 1912
f 1908 1913 1921
f 1903 1904 1915
f 1904 1905 1917
f 1905 1906 1918
f 1903 1915 1914
f 1904 1916 1915
f 1904 1917 1916
f 1905 1918 1917
f 1906 1919 1918
f 1906 1920 1919
f 1906 1925 1920
f 1908 1923 1909
f 1909 1924 1933
f 1908 1921 1922
f 1908 1922 1923
f 1909 1923 1924
f 1906 1910 1925
f 1910 1911 1926
f 1911 1935 1928
f 1910 1926 1925
f 1911 1927 1926
f 1911 1928 1927
f 1899 1930 1929
f 1804 1929 1931
f 1929 1930 1931
f 1899 1900 1930
f 1778 1932 1902
f 1902 1932 1937
f 1804 1931 1940
f 1804 1940 1816
f 1805 1942 1932
f 1931 1943 1940
f 1900 1933 1930
f 1930 1933 1934
f 1930 1934 1936
f 1930 1936 1931
f 1902 1937 1935
f 1931 1936 1943
f 1932 1938 1937
f 1932 1939 1938
f 1816 1940 1941
f 1932 1942 1939
f 1818 2055 1942
f 1940 1944 1941
f 1940 1943 1944
f 1939 1942 1946
f 1941 1944 1945
f 1933 1949 1934
f 1933 1924 1947
f 1933 1947 1948
f 1933 1948 1949
f 1934 1949 1950
f 1934 1950 1951
f 1934 1951 1936
f 1935 1937 1954
f 1935 1953 1928
f 1936 1951 1952
f 1935 1954 1953
f 1936 1955 1943
f 1937 1938 1957
f 1938 1939 1959
f 1936 1952 1955
f 1943 1955 1956
f 1943 1956 1961
f 1937 1957 1954
f 1938 1958 1957
f 1938 1959 1958
f 1939 1960 1959
f 1943 1962 1944
f 1939 1946 1963
f 1943 1961 1962
f 1939 1963 1960
f 1944 1968 1945
f 1944 1962 1964
f 1944 1964 1965
f 1944 1965 1966
f 1946 1967 1963
f 1944 1966 1968
f 1945 1968 1970
f 1945 1970 1969
f 1946 1971 1967
f 1695 1972 1696
f 1696 1972 1973
f 1695 1990 1972
f 1696 1973 1703
f 1703 1973 1980
f 1972 1990 1975
f 1972 1977 1973
f 1975 1990 1998
f 1972 1976 1977
f 1972 1975 1976
f 1973 1984 1980
f 1973 1977 1984
f 1974 1978 2004
f 1703 1980 1707
f 1747 1981 1974
f 1704 1981 1747
f 1707 1980 1979
f 1974 1981 1985
f 1706 1707 1979
f 1704 1983 1981
f 1704 1708 1983
f 1706 1979 1982
f 1981 1983 1988
f 1979 1980 1986
f 1980 1984 1986
f 1974 1985 1978
f 1979 1986 1987
f 1979 1987 1982
f 1981 1988 1985
f 1730 1992 1989
f 1695 1729 1990
f 1729 1730 1989
f 1729 1989 1990
f 1731 1995 1992
f 1732 1991 1993
f 1989 1992 1997
f 1989 1998 1990
f 1992 1995 2001
f 1991 2002 1993
f 1732 1994 1991
f 1734 1974 1994
f 1991 1994 2003
f 1974 2004 1994
f 1733 1996 1737
f 1733 1993 1996
f 1631 1639 1995
f 1737 1996 2043
f 1639 2005 1995
f 1993 2007 1996
f 1996 2008 2043
f 1989 1997 1998
f 1992 2000 1997
f 1992 2001 2000
f 1991 1999 2002
f 1993 2002 2007
f 1994 2004 2003
f 1991 2003 1999
f 1995 2005 2001
f 1996 2007 2006
f 1996 2006 2008
f 1975 1998 5515
f 1976 5516 1977
f 1975 5517 1976
f 1977 5520 1984
f 1978 5522 2004
f 1984 5521 1986
f 1978 1985 5524
f 1986 5525 1987
f 1985 1988 5527
f 1997 2000 5530
f 1997 5532 1998
f 2000 2001 5534
f 1999 5533 2002
f 2002 5535 2007
f 1999 2003 5536
f 2003 2004 5537
f 2001 2005 5538
f 2006 2007 5540
f 2006 5539 2008
f 1706 1982 1782
f 1782 1982 2009
f 1708 2010 1983
f 1708 1783 2010
f 1983 2010 2011
f 1783 2015 2010
f 1784 2009 2014
f 1783 1785 2015
f 2009 2018 2014
f 2010 2015 2013
f 1982 1987 2009
f 1987 2012 2009
f 1983 2011 1988
f 2010 2013 2011
f 2009 2012 2018
f 2013 2015 2019
f 1786 2014 2016
f 1807 2016 2017
f 2014 2020 2016
f 2016 2021 2017
f 2014 2018 2020
f 2015 2030 2019
f 2016 2020 2021
f 2017 2021 2033
f 1785 1809 2022
f 1785 2022 2015
f 1809 2024 2022
f 2015 2022 2030
f 2022 2024 2032
f 1811 2017 2023
f 1812 2023 2025
f 1810 2026 2024
f 1814 2025 2027
f 1814 2027 2029
f 2017 2033 2023
f 2023 2035 2025
f 2024 2026 2034
f 2025 2038 2027
f 1813 1817 2028
f 1813 2028 2026
f 1817 2054 2028
f 1818 2029 2055
f 2026 2028 2037
f 2027 2041 2029
f 2022 2031 2030
f 2022 2032 2031
f 2023 2033 2035
f 2024 2034 2032
f 2025 2035 2038
f 2026 2036 2034
f 2026 2037 2036
f 2027 2038 2039
f 2027 2039 2041
f 2028 2040 2037
f 2028 2042 2040
f 2029 2041 2058
f 2028 2057 2042
f 1987 5545 2012
f 1988 2011 5547
f 2012 5549 2018
f 2011 2013 5551
f 2013 2019 5552
f 2018 5553 2020
f 2019 2030 5558
f 2020 5555 2021
f 2021 5556 2033
f 2030 2031 5559
f 2031 2032 5560
f 2033 5561 2035
f 2032 2034 5560
f 2035 5562 2038
f 2034 2036 5563
f 2036 2037 5564
f 2038 5566 2039
f 2039 5569 2041
f 2037 2040 5568
f 2040 2042 5572
f 2041 5571 2058
f 1737 2043 1872
f 1872 2043 2044
f 2043 2045 2044
f 2008 2046 2043
f 2043 2046 2045
f 2045 2046 2047
f 2044 2048 1891
f 2044 2049 2048
f 2044 2045 2049
f 2045 2050 2049
f 2045 2047 2050
f 2047 2051 2050
f 2047 2052 2051
f 2008 5542 2046
f 2046 5542 2047
f 2047 2053 2052
f 2047 5583 2053
f 1817 1941 2054
f 1941 1945 2054
f 1942 2055 1946
f 2028 2054 2057
f 2029 2058 2055
f 1946 2055 2058
f 1945 2056 2054
f 2054 2056 2060
f 1946 2058 2059
f 2054 2060 2057
f 1946 2059 2731
f 1945 2062 2056
f 1945 1969 2062
f 1946 2061 1971
f 1946 2064 2061
f 2056 2063 2060
f 1946 2731 2064
f 2056 2062 2063
f 2060 2063 2065
f 2060 2065 2066
f 2042 2057 5586
f 2058 5587 2059
f 2057 2060 5588
f 2059 5587 2731
f 2060 2066 5589
f 1562 2069 2067
f 1564 2067 2068
f 1562 1563 2069
f 1563 2070 2069
f 2067 2069 2068
f 2068 2069 2070
f 1563 2085 2070
f 1564 2068 2084
f 1564 2084 2072
f 1563 2071 2073
f 2068 2070 2084
f 1563 2073 2085
f 2070 2085 2084
f 2073 2074 2085
f 2071 2074 2073
f 2072 2087 2075
f 2072 2084 2087
f 2075 2087 2079
f 1570 2080 2071
f 2071 2080 2074
f 1570 1572 2080
f 1573 2075 2079
f 1572 2077 2080
f 2077 2082 2080
f 1573 2076 1609
f 1573 2079 2076
f 1574 2082 2077
f 1574 2078 2082
f 1609 2076 2097
f 2076 2079 2081
f 2080 2082 2093
f 2078 2094 2082
f 2076 2081 2097
f 2081 2098 2097
f 2078 2083 2094
f 2081 2095 2098
f 2084 2085 2086
f 2084 2086 2087
f 2085 2089 2086
f 2074 2089 2085
f 2074 2088 2089
f 2086 2090 2087
f 2074 2092 2088
f 2086 2089 2090
f 2088 2090 2089
f 2088 2127 2090
f 2088 2092 2128
f 2087 2090 2127
f 2087 2127 2091
f 2074 2080 2092
f 2080 2093 2092
f 2087 2091 2096
f 2092 2093 2132
f 2079 2087 2096
f 2079 2096 2081
f 2081 2096 2095
f 2082 2094 2093
f 2083 2136 2094
f 2095 2099 2098
f 2095 2096 2137
f 2091 2134 2096
f 2093 2094 2135
f 2094 2136 2135
f 2083 2100 2136
f 2095 2137 2099
f 1609 2097 2102
f 1616 2083 2078
f 2097 2103 2102
f 2097 2098 2103
f 2098 2099 2119
f 1616 2101 2083
f 1627 2102 2106
f 1625 2105 2101
f 2102 2103 2106
f 2101 2105 2118
f 2103 2121 2106
f 1627 2106 2104
f 2105 1630 2111
f 2105 2111 2112
f 2106 2107 2104
f 2106 2108 2107
f 2106 2109 2108
f 2106 2110 2109
f 2106 2117 2110
f 2105 2112 2113
f 2105 2113 2114
f 2105 2114 2115
f 2105 2115 2116
f 2106 2121 2117
f 2105 2116 2124
f 2124 2116 2122
f 2083 2101 2100
f 2098 2119 2103
f 2100 2101 2118
f 2105 2124 2118
f 2103 2119 2121
f 2118 2124 2151
f 2119 2156 2121
f 2121 2120 2117
f 2124 2122 2123
f 2124 2123 2125
f 2121 2126 2120
f 2121 2153 2126
f 2124 2125 2154
f 2088 2128 2127
f 2092 2131 2128
f 2091 2127 2133
f 2127 2128 2129
f 2129 2130 2138
f 2128 2130 2129
f 2128 2131 2130
f 2127 2129 2133
f 2129 2138 2133
f 2093 2135 2132
f 2092 2132 2131
f 2091 2133 2134
f 2132 2135 2145
f 2096 2134 2137
f 2100 2147 2136
f 2099 2137 2149
f 2133 2146 2134
f 2135 2136 2143
f 2134 2148 2137
f 2136 2147 2143
f 2100 2150 2147
f 2137 2148 2149
f 2130 2139 2138
f 2130 2131 2141
f 2131 2132 2140
f 2130 2141 2139
f 2131 2140 2141
f 2133 2138 2139
f 2133 2139 2144
f 2139 2141 2142
f 2140 2142 2141
f 2140 2145 5718
f 2139 5719 2144
f 2135 2143 2145
f 2132 2145 2140
f 2133 2144 2146
f 2143 5723 2145
f 2134 2146 2148
f 2144 5725 2146
f 2143 2147 5724
f 2146 5727 2148
f 2147 5726 5724
f 2147 5728 5726
f 2147 2150 5728
f 2148 5760 2149
f 2148 5727 5760
f 2150 5759 5728
f 2100 2118 2150
f 2099 2152 2119
f 2118 2151 2150
f 2119 2152 2156
f 2124 2157 2151
f 2099 2149 2152
f 2121 2156 2153
f 2124 2154 2157
f 2157 2154 2155
f 2156 2158 2153
f 2157 2155 2159
f 2157 2159 2161
f 2150 2151 5759
f 2149 5762 2152
f 2152 5768 2156
f 2151 2157 5763
f 2151 5763 5761
f 2149 5760 5762
f 2151 5761 5759
f 2152 5762 5768
f 2157 5773 5763
f 2156 2160 2158
f 2156 5768 2160
f 2157 2161 5773
f 5768 2162 2160
f 5773 2161 5774
f 382 2163 1450
f 1450 2164 1453
f 1450 2163 2164
f 1453 2165 1457
f 1453 2164 2165
f 1457 2165 2175
f 387 1455 2166
f 1454 2166 1455
f 1454 1460 2166
f 387 2166 929
f 1460 2167 2166
f 1460 1461 2168
f 1461 1462 2168
f 1460 2168 2167
f 1462 2173 2168
f 925 944 2163
f 2163 2177 2164
f 2164 2179 2165
f 929 2166 2189
f 2166 2167 2191
f 2167 2168 2192
f 2168 2173 2193
f 1457 2175 2169
f 2169 2175 2170
f 2170 2183 2171
f 2171 2183 2195
f 1485 2172 2173
f 1485 2174 2172
f 2170 2175 2182
f 2165 2181 2175
f 2175 2181 2182
f 2170 2182 2183
f 2172 2184 2173
f 2172 2174 2184
f 2174 2186 2184
f 2174 2221 2186
f 2165 2180 2181
f 944 2176 2163
f 2163 2176 2177
f 2164 2177 2178
f 2166 2191 2190
f 2164 2178 2179
f 2165 2179 2180
f 2167 2192 2191
f 2168 2193 2192
f 2173 2185 2193
f 2173 2184 2185
f 2181 2237 2182
f 2182 2238 2183
f 2184 2186 2245
f 2180 2187 2181
f 2181 2187 2188
f 2181 2188 2237
f 2185 2194 2193
f 2184 2245 2185
f 2187 2236 2188
f 2182 2237 2238
f 2183 2238 2282
f 2166 2190 2189
f 2176 2240 2177
f 949 2189 2242
f 2185 2247 2194
f 2186 2227 2246
f 2186 2246 2245
f 1512 2171 2195
f 1512 2195 2196
f 2195 2199 2196
f 1512 2196 2200
f 2196 2226 2200
f 2198 2203 2224
f 2183 2199 2195
f 2196 2199 2222
f 2196 2222 2226
f 2174 2197 2221
f 2197 2223 2221
f 2197 2198 2223
f 2198 2224 2223
f 2203 2228 2224
f 2200 2215 2201
f 2201 2202 1518
f 2201 2206 2202
f 2203 2204 2228
f 2204 1519 2205
f 2204 2205 2210
f 2201 2216 2206
f 2204 2210 2212
f 2204 2212 2219
f 2200 2226 2215
f 2204 2218 2228
f 2216 2207 2206
f 2201 2215 2216
f 2217 2208 2207
f 2408 2209 2208
f 2216 2217 2207
f 2217 2408 2208
f 2219 2212 2211
f 2204 2219 2218
f 2220 2211 2213
f 2419 2213 2214
f 2220 2213 2419
f 2219 2211 2220
f 2183 2225 2199
f 2199 2225 2222
f 2186 2221 2227
f 2222 2285 2226
f 2183 2282 2225
f 2222 2225 2284
f 2222 2284 2285
f 2225 2283 2284
f 2215 2226 2230
f 2215 2230 2216
f 2216 2231 2217
f 2217 2232 2408
f 2226 2285 2229
f 2226 2229 2230
f 2216 2230 2231
f 2221 2223 2287
f 2223 2224 2289
f 2224 2228 2288
f 2221 2287 2227
f 2223 2289 2287
f 2224 2288 2289
f 2218 2291 2228
f 2218 2219 2234
f 2219 2220 2235
f 2217 2231 2232
f 2232 2433 2408
f 2228 2291 2288
f 2218 2233 2291
f 2218 2234 2233
f 2219 2235 2234
f 2220 2439 2235
f 2178 2239 2179
f 2180 2249 2187
f 2179 2248 2180
f 2188 2236 2237
f 2187 2259 2236
f 2236 2260 2237
f 2237 2261 2238
f 2177 2241 2178
f 2189 2190 2243
f 2190 2191 2244
f 2178 2241 2239
f 1001 2240 2176
f 2177 2240 2241
f 2191 2192 2250
f 2192 2193 2251
f 949 2242 1004
f 2189 2243 2242
f 2190 2244 2243
f 2179 2239 2248
f 2180 2248 2249
f 2187 2249 2259
f 2192 2251 2250
f 2193 2262 2251
f 2191 2250 2244
f 2193 2194 2262
f 2185 2245 2247
f 2194 2247 2262
f 2245 2263 2247
f 2245 2246 2263
f 2246 2286 2264
f 2237 2260 2261
f 2238 2261 2296
f 2246 2264 2263
f 2248 2256 2249
f 2249 2253 2259
f 2239 2241 2328
f 1001 2324 2240
f 2240 2327 2241
f 2239 2254 2248
f 2250 2251 2330
f 2251 2262 2329
f 2241 2323 2328
f 2239 2255 2254
f 2248 2254 2256
f 2249 2257 2258
f 2249 2258 2252
f 2249 2252 2253
f 2249 2256 2257
f 2239 2328 2255
f 2251 2329 2331
f 2257 2331 2258
f 2254 2330 2256
f 2256 2331 2257
f 2252 2258 2331
f 2252 2331 2253
f 2253 2329 2341
f 2236 2259 2270
f 2236 2265 2260
f 2236 2270 2266
f 2236 2266 2265
f 2247 2274 2262
f 2247 2263 2275
f 2259 2269 2270
f 2260 2265 2271
f 2260 2271 2272
f 2260 2278 2261
f 2260 2272 2278
f 2261 2278 2279
f 2261 2279 2306
f 2259 2267 2268
f 2253 2267 2259
f 2259 2268 2269
f 2247 2275 2274
f 2262 2274 2273
f 2262 2273 2340
f 2262 2340 2341
f 2262 2341 2329
f 2265 2266 2275
f 2266 2270 2274
f 2265 2275 2271
f 2271 2277 2272
f 2267 2340 2268
f 2253 2341 2267
f 2268 2273 2269
f 2269 2273 2270
f 2270 2273 2274
f 2266 2274 2275
f 2267 2341 2340
f 2268 2340 2273
f 2263 2277 2275
f 2263 2276 2277
f 2271 2275 2277
f 2272 2277 2276
f 2263 2264 2280
f 2272 2280 2278
f 2278 2281 2279
f 2279 2281 2306
f 2263 2280 2276
f 2272 2276 2280
f 2278 2280 2281
f 2264 2281 2280
f 2264 2310 2281
f 2281 2310 2306
f 2225 2290 2283
f 2225 2282 2296
f 2238 2296 2282
f 2227 2286 2246
f 2227 2300 2286
f 2227 2287 2300
f 2283 2297 2284
f 2284 2298 2285
f 2288 2305 2289
f 2225 2296 2290
f 2264 2286 2299
f 2287 2289 2304
f 2283 2290 2297
f 2284 2297 2298
f 2285 2298 2302
f 2286 2300 2299
f 2287 2303 2300
f 2287 2304 2303
f 2289 2305 2304
f 2288 2355 2305
f 2229 2285 2302
f 2229 2292 2230
f 2230 2292 2231
f 2231 2293 2232
f 2232 2294 2433
f 2288 2291 2355
f 2233 2342 2291
f 2233 2234 2343
f 2234 2235 2344
f 2235 2439 2345
f 2232 2293 2294
f 2294 2295 2433
f 2229 2322 2292
f 2229 2302 2322
f 2291 2342 2354
f 2233 2343 2342
f 2291 2354 2355
f 2231 2292 2293
f 2294 2357 2295
f 2290 2296 2308
f 2290 2313 2297
f 2299 2300 2301
f 2300 2303 2301
f 2298 2320 2302
f 2261 2306 2296
f 2290 2308 2309
f 2290 2309 2313
f 2296 2306 2307
f 2296 2307 2308
f 2264 2299 2310
f 2299 2301 2311
f 2306 2310 2307
f 2307 2311 2308
f 2308 2312 2309
f 2299 2311 2310
f 2307 2310 2311
f 2301 2312 2311
f 2301 2346 2312
f 2301 2347 2346
f 2308 2311 2312
f 2309 2346 2313
f 2309 2312 2346
f 2297 2317 2298
f 2301 2303 2347
f 2303 2304 2349
f 2302 2320 2321
f 2297 2313 2314
f 2297 2314 2315
f 2297 2315 2316
f 2297 2316 2317
f 2298 2317 2318
f 2298 2318 2319
f 2298 2319 2320
f 2303 2348 2347
f 2313 2347 2314
f 2314 2348 2315
f 2315 2348 2316
f 2313 2346 2347
f 2314 2347 2348
f 2316 2349 2317
f 2316 2348 2349
f 2317 2349 2318
f 2318 2350 2319
f 2302 2365 2322
f 2292 2322 2367
f 2302 2321 2364
f 2302 2364 2365
f 1004 2242 2337
f 2242 2243 2334
f 2243 2244 2333
f 2244 2250 2339
f 1001 2326 2324
f 2240 2325 2327
f 2240 2324 2325
f 2241 2327 2323
f 2242 2338 2337
f 2242 2334 2338
f 2243 2335 2334
f 2243 2333 2335
f 2324 2334 2325
f 2323 2327 2333
f 2323 2339 2328
f 2325 2334 2327
f 2323 2333 2339
f 2250 2332 2339
f 2250 2330 2332
f 2251 2331 2330
f 2244 2339 2333
f 2254 2255 2330
f 2255 2328 2332
f 2255 2332 2330
f 2256 2330 2331
f 2253 2331 2329
f 2328 2339 2332
f 1004 2337 2336
f 2324 2326 2337
f 2324 2338 2334
f 2326 2336 2337
f 2324 2337 2338
f 2327 2334 2335
f 2327 2335 2333
f 2235 2345 2344
f 2234 2344 2343
f 2344 2345 2362
f 2305 2355 2353
f 2304 2305 2351
f 2303 2349 2348
f 2304 2350 2349
f 2304 2351 2350
f 2305 2352 2351
f 2305 2353 2352
f 2318 2349 2350
f 2319 2350 2351
f 2319 2351 2320
f 2320 2351 2321
f 2321 2351 2352
f 2321 2352 2353
f 2354 2369 2355
f 2342 2370 2354
f 2342 2343 2384
f 2293 2377 2294
f 2294 2356 2357
f 2295 2357 2358
f 2295 2358 2359
f 2295 2359 2596
f 2356 2361 2357
f 2357 2362 2358
f 2358 2362 2359
f 2344 2361 2360
f 2344 2362 2361
f 2345 2363 2362
f 2345 2599 2363
f 2356 2360 2361
f 2357 2361 2362
f 2359 2362 2363
f 2359 2363 2599
f 2292 2372 2293
f 2294 2379 2356
f 2343 2344 2388
f 2344 2360 2390
f 2356 2391 2360
f 2322 2365 2366
f 2322 2366 2367
f 2353 2355 2368
f 2355 2369 2368
f 2354 2370 2369
f 2292 2367 2371
f 2292 2371 2372
f 2321 2353 2364
f 2364 2368 2365
f 2353 2368 2364
f 2365 2368 2369
f 2365 2369 2370
f 2365 2370 2366
f 2293 2372 2377
f 2294 2377 2378
f 2294 2378 2379
f 2356 2379 2375
f 2342 2373 2370
f 2342 2374 2373
f 2342 2383 2374
f 2342 2384 2383
f 2366 2370 2373
f 2366 2373 2367
f 2367 2373 2374
f 2367 2374 2371
f 2371 2374 2372
f 2372 2374 2383
f 2372 2384 2381
f 2372 2383 2384
f 2381 2384 2385
f 2356 2375 2391
f 2343 2388 2386
f 2344 2389 2388
f 2344 2390 2389
f 2343 2386 2384
f 2360 2391 2390
f 2372 2376 2377
f 2372 2381 2376
f 2376 2381 2377
f 2375 2379 2380
f 2375 2380 2382
f 2377 2381 2385
f 2378 2389 2379
f 2377 2388 2378
f 2377 2385 2388
f 2379 2389 2390
f 2378 2388 2389
f 2375 2382 2391
f 2379 2382 2380
f 2379 2390 2382
f 2384 2386 2385
f 2385 2386 2387
f 2385 2387 2388
f 2386 2388 2387
f 2382 2390 2391
f 2418 2401 2400
f 2418 2402 2401
f 2408 2392 2209
f 2409 2393 2392
f 2408 2409 2392
f 2409 2394 2393
f 2409 2410 2394
f 2419 2214 2395
f 2420 2395 2396
f 2420 2396 2397
f 2410 2398 2394
f 2410 2399 2398
f 2410 2400 2399
f 2411 2418 2400
f 2410 2411 2400
f 2421 2397 2403
f 2421 2403 2404
f 2421 2404 2422
f 2422 2404 2405
f 2422 2405 2406
f 2422 2406 2407
f 2411 2427 2418
f 2422 2407 2425
f 2418 2412 2402
f 2418 2413 2412
f 2418 2428 2413
f 2425 2407 2414
f 2418 2427 2428
f 2428 2416 2413
f 2430 2417 2416
f 2430 2448 2417
f 2428 2430 2416
f 2419 2395 2420
f 2420 2397 2421
f 2441 2414 2415
f 2441 2415 2423
f 2425 2414 2441
f 2442 2423 2424
f 2442 2424 2454
f 2441 2423 2442
f 2408 2433 2409
f 2409 2432 2410
f 2409 2433 2432
f 2410 2432 2434
f 2411 2429 2427
f 2410 2436 2411
f 2410 2434 2436
f 2411 2426 2429
f 2411 2436 2426
f 2427 2429 2428
f 2428 2429 2444
f 2428 2444 2430
f 2426 2431 2429
f 2429 2431 2444
f 2419 2420 2440
f 2420 2421 2435
f 2220 2419 2439
f 2419 2440 2439
f 2420 2435 2440
f 2421 2422 2438
f 2422 2443 2438
f 2421 2437 2435
f 2421 2438 2437
f 2422 2425 2443
f 2425 2441 2446
f 2441 2442 2446
f 2442 2483 2447
f 2425 2446 2443
f 2426 2564 2431
f 2431 2564 2444
f 2430 2444 2445
f 2442 2447 2446
f 2482 2449 2448
f 2430 2482 2448
f 2476 2464 2465
f 2476 2465 2467
f 2476 2467 2499
f 2469 2450 2449
f 2471 2451 2450
f 2471 2452 2451
f 2471 2453 2452
f 2471 2459 2453
f 2469 2471 2450
f 2470 2455 2456
f 2483 2454 2455
f 2475 2457 2458
f 2470 2456 2457
f 2475 2458 2463
f 2470 2457 2475
f 2469 2449 2482
f 2442 2454 2483
f 2470 2483 2455
f 2473 2460 2459
f 2473 2461 2460
f 2471 2473 2459
f 2474 2462 2461
f 2473 2474 2461
f 2469 2472 2471
f 2471 2472 2473
f 2475 2463 2464
f 2475 2464 2477
f 2470 2475 2478
f 2475 2477 2478
f 2476 2477 2464
f 2481 2466 2462
f 2481 2468 2466
f 2474 2481 2462
f 2476 2479 2477
f 2476 2501 2479
f 2481 2480 2468
f 2469 2482 2488
f 2470 2484 2483
f 2430 2445 2482
f 2469 2489 2472
f 2472 2489 2473
f 2473 2486 2474
f 2469 2488 2489
f 2473 2489 2491
f 2473 2491 2486
f 2470 2478 2484
f 2483 2484 2490
f 2477 2485 2478
f 2478 2485 2484
f 2474 2498 2481
f 2474 2486 2498
f 2477 2479 2536
f 2477 2536 2485
f 2486 2491 2492
f 2486 2492 2498
f 2485 2536 2537
f 2445 2487 2482
f 2482 2487 2488
f 2488 2493 2489
f 2487 2493 2488
f 2447 2483 2490
f 2484 2494 2490
f 2484 2485 2495
f 2491 2496 2492
f 2492 2496 2498
f 2485 2537 2497
f 2489 2589 2491
f 2491 2583 2496
f 2489 2493 2585
f 2484 2495 2494
f 2485 2497 2495
f 2491 2589 2583
f 2496 2543 2498
f 2496 2583 2621
f 2502 2499 2500
f 2476 2499 2502
f 2476 2502 2501
f 2510 2503 2480
f 2481 2510 2480
f 2510 2505 2503
f 2512 2500 2504
f 2502 2500 2512
f 2510 2513 2505
f 2481 2511 2510
f 2502 2512 2540
f 2510 2511 2513
f 2512 2504 2506
f 2512 2506 2514
f 2513 2507 2505
f 2514 2506 2508
f 2513 2509 2507
f 2513 2529 2509
f 2512 2514 2540
f 2756 2516 2515
f 2530 2516 2756
f 2530 2508 2518
f 2530 2518 2520
f 2530 2520 2516
f 2527 2522 2521
f 2527 2764 2522
f 2527 2526 2523
f 2527 2521 2524
f 2527 2524 2525
f 2527 2525 2526
f 2514 2508 2530
f 2529 2517 2509
f 2529 2519 2517
f 2514 2530 2528
f 2528 2530 2532
f 2530 2531 2532
f 2530 2756 2531
f 2527 2534 2764
f 2528 2532 2533
f 2528 2533 2766
f 2531 2533 2532
f 2531 2766 2533
f 2535 2523 2519
f 2529 2535 2519
f 2527 2523 2535
f 2527 2535 2534
f 2534 2535 2767
f 2479 2501 2536
f 2501 2502 2539
f 2501 2539 2536
f 2536 2539 2537
f 2497 2537 2538
f 2537 2544 2538
f 2537 2539 2544
f 2497 2538 2615
f 2538 2622 2615
f 2481 2541 2511
f 2481 2498 2541
f 2502 2540 2539
f 2511 2541 2513
f 2514 2542 2540
f 2514 2546 2542
f 2539 2540 2542
f 2539 2542 2546
f 2513 2541 2548
f 2514 2547 2546
f 2513 2548 2555
f 2498 2543 2541
f 2541 2543 2545
f 2496 2621 2543
f 2543 2621 2623
f 2538 2544 2626
f 2538 2626 2622
f 2543 2623 2549
f 2539 2546 2544
f 2541 2545 2548
f 2544 2546 2553
f 2546 2547 2553
f 2545 2555 2548
f 2544 2550 2626
f 2543 2549 2545
f 2544 2553 2550
f 2545 2549 2551
f 2549 2627 2551
f 2514 2528 2547
f 2513 2555 2529
f 2528 2552 2547
f 2529 2555 2535
f 2528 2766 2552
f 2552 2766 2557
f 2535 2556 2767
f 2535 2555 2556
f 2547 2552 2553
f 2550 2553 2554
f 2552 2554 2553
f 2552 2662 2554
f 2545 2551 2555
f 2551 2658 2555
f 2555 2658 2660
f 2552 2557 2665
f 2552 2665 2662
f 2555 2664 2556
f 2295 2432 2433
f 2432 2559 2434
f 2434 2560 2436
f 2426 2436 2561
f 2426 2558 2564
f 2436 2560 2561
f 2426 2561 2558
f 2439 2440 2594
f 2435 2595 2440
f 2295 2559 2432
f 2434 2559 2560
f 2345 2439 2594
f 2435 2562 2595
f 2440 2595 2594
f 2435 2437 2562
f 2437 2438 2563
f 2560 2572 2561
f 2295 2596 2559
f 2559 2598 2560
f 2437 2563 2562
f 2558 2561 2570
f 2443 2446 2565
f 2444 2564 2573
f 2444 2566 2445
f 2438 2443 2563
f 2443 2565 2563
f 2446 2447 2582
f 2558 2573 2564
f 2444 2573 2566
f 2445 2566 2586
f 2446 2582 2565
f 2563 2565 2577
f 2565 2582 2577
f 2447 2613 2582
f 2559 2596 2597
f 2559 2597 2598
f 2560 2567 2572
f 2560 2598 2567
f 2561 2571 2570
f 2558 2568 2569
f 2558 2569 2575
f 2558 2570 2568
f 2561 2572 2571
f 2571 2572 2604
f 2570 2571 2605
f 2563 2607 2606
f 2568 2607 2569
f 2569 2607 2575
f 2568 2570 2606
f 2570 2605 2606
f 2568 2606 2607
f 2558 2575 2573
f 2573 2575 2574
f 2573 2574 2576
f 2574 2578 2576
f 2566 2573 2579
f 2573 2576 2579
f 2563 2577 2609
f 2563 2609 2607
f 2574 2575 2607
f 2574 2609 2578
f 2574 2607 2609
f 2577 2578 2609
f 2577 2582 2610
f 2576 2578 2610
f 2576 2610 2579
f 2577 2610 2578
f 2566 2579 2580
f 2566 2580 2581
f 2566 2581 2586
f 2579 2612 2580
f 2582 2611 2610
f 2582 2612 2611
f 2579 2610 2611
f 2579 2611 2612
f 2580 2612 2614
f 2580 2614 2581
f 2581 2614 2690
f 2445 2586 2487
f 2447 2490 2613
f 2487 2584 2493
f 2489 2585 2589
f 2493 2584 2585
f 2487 2588 2584
f 2490 2494 2695
f 2585 2625 2589
f 2487 2586 2587
f 2490 2619 2613
f 2487 2587 2588
f 2584 2588 2585
f 2585 2588 2637
f 2583 2589 2621
f 2585 2633 2625
f 2581 2590 2586
f 2586 2590 2591
f 2586 2591 2587
f 2581 2690 2590
f 2590 2690 2591
f 2587 2591 2592
f 2591 2691 2592
f 2587 2592 2593
f 2587 2593 2588
f 2594 2595 2603
f 2562 2601 2595
f 2345 2594 2600
f 2562 2563 2605
f 2359 2599 2596
f 2596 2600 2597
f 2597 2603 2598
f 2567 2598 2602
f 2567 2608 2572
f 2598 2603 2602
f 2567 2601 2608
f 2567 2602 2601
f 2594 2603 2600
f 2345 2600 2599
f 2596 2599 2600
f 2597 2600 2603
f 2595 2602 2603
f 2595 2601 2602
f 2562 2605 2604
f 2562 2604 2608
f 2562 2608 2601
f 2572 2608 2604
f 2571 2604 2605
f 2563 2606 2605
f 2582 2614 2612
f 2582 2613 2614
f 2613 2690 2614
f 2495 2497 2617
f 2497 2615 2616
f 2497 2616 2617
f 2494 2495 2695
f 2495 2617 2697
f 2616 2618 2617
f 2490 2695 2619
f 2495 2697 2695
f 2617 2618 2620
f 2617 2620 2697
f 2618 2646 2620
f 2589 2624 2621
f 2621 2629 2623
f 2621 2624 2629
f 2615 2622 2628
f 2615 2628 2616
f 2589 2625 2624
f 2624 2625 2633
f 2624 2633 2634
f 2624 2634 2636
f 2616 2639 2618
f 2616 2640 2639
f 2624 2636 2631
f 2622 2626 2628
f 2626 2630 2628
f 2549 2623 2627
f 2623 2629 2627
f 2550 2630 2626
f 2627 2629 2659
f 2616 2628 2643
f 2616 2643 2640
f 2624 2631 2629
f 2631 2636 2641
f 2628 2630 2643
f 2630 2655 2643
f 2629 2661 2659
f 2629 2631 2661
f 2631 2641 2632
f 2643 2655 2656
f 2585 2638 2633
f 2633 2635 2634
f 2585 2637 2638
f 2633 2638 2635
f 2618 2639 2646
f 2634 2642 2636
f 2634 2635 2642
f 2637 2705 2638
f 2635 2638 2648
f 2638 2705 2648
f 2639 2640 2645
f 2640 2643 2644
f 2640 2644 2645
f 2636 2678 2641
f 2636 2642 2678
f 2643 2671 2644
f 2643 2656 2671
f 2632 2641 2677
f 2641 2678 2677
f 2639 2645 2646
f 2645 2647 2646
f 2644 2650 2645
f 2645 2650 2647
f 2635 2651 2642
f 2635 2648 2651
f 2648 2705 2713
f 2648 2713 2725
f 2644 2649 2650
f 2644 2671 2674
f 2644 2674 2649
f 2647 2650 2727
f 2649 2727 2650
f 2647 2727 2728
f 2648 2652 2651
f 2648 2725 2652
f 2550 2653 2630
f 2550 2554 2653
f 2630 2653 2654
f 2554 2662 2653
f 2653 2662 2654
f 2630 2654 2655
f 2655 2657 2656
f 2654 2663 2655
f 2655 2663 2657
f 2657 2669 2672
f 2551 2627 2658
f 2627 2659 2658
f 2658 2659 2660
f 2555 2660 2664
f 2659 2661 2660
f 2660 2661 2664
f 2631 2666 2661
f 2631 2632 2666
f 2632 2677 2670
f 2632 2670 2666
f 2654 2662 2665
f 2654 2665 2663
f 2657 2663 2669
f 2669 2862 2672
f 2557 2861 2665
f 2661 2666 2664
f 2664 2666 2667
f 2663 2665 2668
f 2663 2668 2669
f 2664 2667 2863
f 2665 2861 2668
f 2666 2864 2667
f 2666 2670 2864
f 2668 2862 2669
f 2667 2864 2863
f 2656 2657 2673
f 2656 2673 2671
f 2642 2681 2678
f 2657 2672 2673
f 2672 2682 2673
f 2671 2673 2675
f 2642 2651 2681
f 2671 2675 2674
f 2649 2674 2727
f 2674 2676 2727
f 2652 2730 2676
f 2652 2676 2680
f 2674 2675 2684
f 2673 2683 2675
f 2674 2684 2676
f 2676 2684 2680
f 2677 2678 2679
f 2670 2677 2679
f 2678 2687 2679
f 2678 2681 2687
f 2651 2652 2680
f 2651 2680 2688
f 2651 2688 2681
f 2680 2684 2688
f 2672 2873 2682
f 2673 2682 2689
f 2673 2689 2683
f 2675 2685 2684
f 2675 2683 2685
f 2683 2689 2685
f 2670 2679 2686
f 2672 2862 2873
f 2670 2686 2874
f 2679 2882 2686
f 2682 2875 2689
f 2679 2687 2882
f 2684 2685 2688
f 2681 2688 2878
f 2685 2878 2688
f 2681 2878 2687
f 2613 2619 2691
f 2613 2691 2690
f 2591 2690 2691
f 2592 2691 2692
f 2619 2692 2691
f 2619 2696 2692
f 2592 2692 2696
f 2619 2695 2696
f 2592 2696 2593
f 2593 2696 2698
f 2588 2593 2693
f 2588 2703 2637
f 2588 2693 2694
f 2588 2694 2703
f 2593 2698 2693
f 2693 2700 2694
f 2695 2698 2696
f 2695 2697 2699
f 2620 2701 2697
f 2693 2698 2699
f 2693 2699 2700
f 2694 2701 2703
f 2694 2700 2701
f 2695 2699 2698
f 2697 2700 2699
f 2697 2701 2700
f 2701 2702 2703
f 2620 2702 2701
f 2620 2711 2702
f 2637 2704 2705
f 2637 2703 2704
f 2704 2706 2705
f 2702 2704 2703
f 2705 2706 2707
f 2705 2707 2708
f 2705 2708 2709
f 2705 2709 2710
f 2702 2706 2704
f 2706 2711 2707
f 2705 2710 2716
f 2707 2711 2708
f 2708 2712 2709
f 2705 2716 2717
f 2620 2646 2711
f 2646 2647 2719
f 2646 2712 2711
f 2646 2719 2712
f 2647 2720 2719
f 2702 2711 2706
f 2708 2711 2712
f 2709 2712 2710
f 2710 2720 2716
f 2710 2712 2719
f 2710 2719 2720
f 2705 2715 2713
f 2705 2717 2715
f 2713 2715 2714
f 2713 2714 2725
f 2716 2718 2717
f 2716 2721 2718
f 2647 2721 2720
f 2647 2723 2721
f 2647 2728 2729
f 2647 2729 2726
f 2647 2726 2723
f 2716 2720 2721
f 2721 2723 2724
f 2721 2724 2722
f 2722 2724 2723
f 2714 2728 2725
f 2714 2715 2729
f 2715 2726 2729
f 2714 2729 2728
f 2652 2725 2730
f 2715 2717 2726
f 2717 2718 2722
f 2717 2722 2723
f 2718 2721 2722
f 2717 2723 2726
f 2725 2728 2730
f 2727 2730 2728
f 2676 2730 2727
f 2731 2732 2064
f 2731 6486 2732
f 2753 2752 2733
f 2753 2735 2734
f 2753 2733 2735
f 2769 2734 2736
f 2769 2736 2737
f 2769 2737 2738
f 2769 2738 2778
f 2778 2738 2739
f 2778 2739 2740
f 2781 2740 2801
f 2778 2740 2781
f 2781 2801 2819
f 2756 2741 2742
f 2756 2742 2743
f 2757 2743 2744
f 2757 2744 2749
f 2756 2515 2741
f 2759 2747 2748
f 2759 2750 2747
f 2759 2748 2746
f 2753 2749 2752
f 2760 2755 2751
f 2753 2734 2769
f 2760 2754 2755
f 2760 2751 2750
f 2756 2743 2757
f 2531 2756 2757
f 2757 2749 2758
f 2759 2760 2750
f 2757 2758 2766
f 2753 2758 2749
f 2753 2769 2763
f 2761 2770 2754
f 2760 2761 2754
f 2753 2763 2758
f 2761 2762 2771
f 2534 2745 2764
f 2765 2746 2745
f 2759 2746 2765
f 2534 2765 2745
f 2759 2765 2768
f 2759 2768 2760
f 2531 2757 2766
f 2758 2785 2766
f 2760 2768 2786
f 2534 2767 2765
f 2765 2767 2768
f 2758 2763 2785
f 2760 2786 2761
f 2761 2786 2788
f 2761 2788 2762
f 2763 2779 2787
f 2774 2772 2771
f 2774 2773 2772
f 2774 2775 2773
f 2774 2776 2775
f 2776 2777 2775
f 2776 2811 2777
f 2761 2771 2770
f 2762 2774 2771
f 2769 2778 2779
f 2763 2769 2779
f 2762 2780 2774
f 2778 2782 2779
f 2774 2780 2776
f 2778 2781 2782
f 2776 2783 2811
f 2781 2819 2784
f 2776 2780 2783
f 2783 2820 2811
f 2781 2784 2782
f 2762 2792 2780
f 2779 2782 2791
f 2780 2793 2783
f 2783 2794 2820
f 2557 2766 2785
f 2556 2768 2767
f 2556 2786 2768
f 2557 2785 2790
f 2556 2789 2786
f 2763 2787 2785
f 2762 2788 2792
f 2785 2787 2790
f 2786 2789 2788
f 2787 2791 2790
f 2788 2789 2792
f 2556 2860 2789
f 2556 2664 2860
f 2557 2790 2866
f 2789 2860 2799
f 2779 2791 2787
f 2782 2795 2791
f 2780 2792 2793
f 2790 2791 2796
f 2789 2793 2792
f 2791 2795 2796
f 2789 2797 2793
f 2782 2784 2795
f 2783 2793 2794
f 2784 2840 2795
f 2794 2839 2820
f 2793 2797 2794
f 2795 2840 2796
f 2794 2797 2839
f 2790 2796 2798
f 2789 2799 2797
f 2790 2798 2892
f 2797 2799 2851
f 2819 2801 2800
f 2819 2800 2802
f 2822 2802 2803
f 2822 2803 2804
f 2822 2804 2805
f 2823 2805 2806
f 2823 2806 2807
f 2819 2802 2822
f 2823 2807 2808
f 2836 2808 2809
f 2823 2808 2836
f 2836 2809 6931
f 2811 2810 2777
f 2811 2812 2810
f 2811 2813 2812
f 2821 2814 2813
f 2821 2815 2814
f 2818 2816 2815
f 2818 2817 2816
f 2811 2820 2821
f 2820 2826 2821
f 2784 2819 2841
f 2811 2821 2813
f 2819 2822 2841
f 2822 2805 2827
f 2823 2827 2805
f 2818 2815 2824
f 2821 2824 2815
f 2818 2824 2825
f 2821 2826 2824
f 2824 2828 2825
f 2822 2827 2841
f 2823 2831 2827
f 2824 2826 2830
f 2824 2830 2828
f 2827 2843 2841
f 2827 2831 2843
f 2820 2829 2826
f 2784 2841 2842
f 2826 2829 2830
f 2828 2830 2832
f 2818 2833 2817
f 2818 2834 2833
f 2834 2835 2833
f 2834 6929 2835
f 2818 2837 2834
f 2823 2836 2838
f 2818 2825 2837
f 2823 2838 2831
f 2825 2828 2837
f 2831 2838 2844
f 2834 2837 6929
f 2836 6932 2838
f 2828 2832 2837
f 2784 2842 2840
f 2820 2846 2829
f 2820 2839 2846
f 2796 2840 2845
f 2797 2851 2839
f 2796 2845 2847
f 2839 2851 2846
f 2840 2842 2845
f 2841 2843 2842
f 2831 2844 2843
f 2842 2843 2847
f 2829 2849 2830
f 2843 2844 2847
f 2830 2850 2832
f 2842 2847 2845
f 2844 2848 2847
f 2829 2846 2849
f 2830 2849 2850
f 2846 2851 2849
f 2849 2851 2850
f 2847 2848 2853
f 2796 2853 2798
f 2799 2852 2851
f 2851 2852 2854
f 2796 2847 2853
f 2850 2851 2854
f 2838 2856 2844
f 2832 2855 2837
f 2844 2856 2848
f 2832 2850 2855
f 2838 6932 2856
f 2837 2855 6945
f 2850 6949 2855
f 2848 2856 2857
f 2856 6946 2857
f 2848 2857 2853
f 2850 2854 6949
f 2853 2857 2858
f 2854 2859 6949
f 2557 2866 2861
f 2664 2863 2860
f 2860 2863 2868
f 2668 2861 2866
f 2668 2866 2865
f 2668 2865 2862
f 2862 2865 2867
f 2862 2867 2873
f 2863 2864 2868
f 2670 2870 2864
f 2670 2874 2870
f 2865 2869 2867
f 2864 2870 2868
f 2790 2871 2866
f 2860 2868 2872
f 2865 2866 2871
f 2865 2871 2869
f 2867 2869 2895
f 2868 2870 2872
f 2870 2874 2889
f 2869 2871 2888
f 2874 2896 2889
f 2870 2889 2872
f 2682 2873 2876
f 2682 2876 2875
f 2687 2878 2882
f 2873 2881 2877
f 2867 2883 2873
f 2873 2877 2876
f 2875 2876 2880
f 2876 2877 2880
f 2686 2896 2874
f 2686 2882 2896
f 2878 2886 2882
f 2685 2689 2879
f 2689 2875 2879
f 2685 2886 2878
f 2875 2880 2879
f 2685 2879 2886
f 2879 2880 2886
f 2873 2883 2881
f 2877 2881 2884
f 2882 2886 2885
f 2881 2883 2884
f 2867 2895 2883
f 2877 2884 2887
f 2882 2885 2896
f 2877 2887 2880
f 2880 2899 2886
f 2880 2887 2899
f 2790 2892 2871
f 2799 2860 2872
f 2799 2872 2893
f 2869 2888 2895
f 2888 2891 2895
f 2871 2892 2888
f 2872 2889 2893
f 2889 2890 2893
f 2798 2894 2892
f 2799 2903 2852
f 2799 2893 2903
f 2798 2905 2894
f 2888 2892 2891
f 2891 2892 2894
f 2890 2904 2893
f 2891 2894 2902
f 2893 2904 2903
f 2883 2895 2891
f 2883 2900 2884
f 2885 2897 2896
f 2885 2886 2899
f 2885 2899 2897
f 2883 2891 2900
f 2884 2900 2898
f 2889 2896 2897
f 2889 2897 2890
f 2884 2898 2887
f 2887 2898 2899
f 2891 2902 2900
f 2898 2900 2901
f 2890 2897 2914
f 2897 2899 2914
f 2900 2902 2912
f 2900 2913 2901
f 2900 2912 2913
f 2890 2914 2904
f 2899 2923 2914
f 2898 2901 2899
f 2899 2901 2923
f 2798 2853 2905
f 2852 2903 2854
f 2894 2905 2902
f 2902 2906 2924
f 2902 2905 2908
f 2903 2904 2909
f 2854 2903 2911
f 2853 2907 2905
f 2853 2910 2907
f 2853 2932 2910
f 2854 2911 2931
f 2902 2908 2906
f 2905 2907 2908
f 2903 2909 2911
f 2907 2910 2908
f 2906 2908 2930
f 2906 2930 2945
f 2908 2910 2933
f 2909 2931 2911
f 2909 2926 2934
f 2912 2915 2913
f 2902 2924 2912
f 2912 2924 2915
f 2915 2924 2916
f 2904 2914 2909
f 2914 2923 2926
f 2901 2913 2917
f 2901 2917 2918
f 2901 2918 2923
f 2917 2920 2918
f 2913 2915 2917
f 2917 2919 2920
f 2915 2919 2917
f 2915 2916 2919
f 2919 2922 2920
f 2918 2920 2923
f 2916 2921 2919
f 2919 2921 2922
f 2916 2927 2921
f 2921 2928 2922
f 2920 2922 2923
f 2916 2924 2925
f 2916 2925 2927
f 2909 2914 2926
f 2923 2929 2926
f 2906 2945 2924
f 2924 2949 2925
f 2921 2927 2928
f 2922 2929 2923
f 2922 2928 2929
f 2925 2947 2927
f 2927 2947 2928
f 2928 2947 2929
f 2854 2931 2940
f 2853 2858 2932
f 2854 2940 2859
f 2910 2932 2933
f 2908 2933 2930
f 2926 2946 2934
f 2909 2934 2931
f 2930 2933 2936
f 2932 2937 2935
f 2933 2935 2936
f 2930 2938 2945
f 2930 2936 2938
f 2932 2935 2933
f 2931 2941 2940
f 2934 2946 2941
f 2931 2934 2941
f 2858 2937 2932
f 2858 2942 2937
f 2858 7321 2942
f 2859 2940 2944
f 2859 2944 7320
f 2935 7317 2936
f 2940 2941 2944
f 2939 2941 2946
f 2935 2937 2943
f 2937 2942 2943
f 2935 2943 7317
f 2936 7313 2938
f 2936 7317 7313
f 2941 7320 2944
f 2939 7318 2941
f 2924 2945 2938
f 2926 2929 2950
f 2926 2948 2946
f 2924 2938 2949
f 2925 2949 2947
f 2926 2950 2948
f 2929 2947 2950
f 2947 2949 7342
f 2939 2946 2948
f 2938 7339 2949
f 2939 2948 7319
f 2938 7313 7339
f 2948 2950 7344
f 2947 7348 2950
f 2951 3006 2952
f 2969 3011 3008
f 2951 2952 2973
f 2952 3006 3010
f 2969 2974 3011
f 2952 2953 2973
f 2952 3010 2953
f 2974 2975 3011
f 2954 3011 2975
f 2953 2989 2973
f 2953 3010 3020
f 2953 2955 2989
f 2954 2975 2956
f 2953 3020 3062
f 2953 3062 2955
f 2955 3030 2989
f 2957 2978 2977
f 2957 2977 2958
f 2958 2977 2962
f 2958 2963 2959
f 2962 2994 2963
f 2958 2962 2963
f 2959 2963 3107
f 2964 2965 2966
f 2964 2966 2977
f 2964 2977 2978
f 2967 2968 2979
f 2968 2980 2979
f 2967 2972 2968
f 2967 2979 2970
f 2951 2973 2964
f 2968 2972 2969
f 2964 2973 2965
f 2965 2973 2985
f 2962 2966 2971
f 2965 2971 2966
f 2967 2976 2972
f 2967 2970 2976
f 2965 2985 2971
f 2969 2972 2974
f 2972 2975 2974
f 2972 2988 2975
f 2972 2976 2988
f 2979 2981 2982
f 2979 2980 2981
f 2979 2982 2983
f 2962 2977 2966
f 2970 2979 2983
f 2960 2961 2983
f 2960 2983 2982
f 2970 2983 2993
f 2962 2971 2986
f 2961 2995 2983
f 2983 2995 2993
f 2963 2994 3037
f 2995 3103 2996
f 2963 2984 3107
f 2963 3037 2984
f 2971 2985 2990
f 2970 2987 2976
f 2971 2990 2986
f 2976 2987 2992
f 2973 2989 2985
f 2985 2989 3033
f 2976 2992 2988
f 2956 2975 2988
f 2985 3033 2990
f 2987 3038 2992
f 2986 2990 3032
f 2988 2992 2991
f 2956 2988 2991
f 2989 3030 3033
f 2991 2992 3034
f 2962 2986 2994
f 2970 2993 2987
f 2993 2995 2996
f 2993 2996 2997
f 2986 3031 2994
f 2987 2993 2997
f 2994 3031 3037
f 2987 2997 3038
f 2996 2998 2997
f 2996 3108 2998
f 466 3000 2999
f 463 3001 3002
f 464 3002 3000
f 465 3009 3003
f 465 3003 3004
f 2999 3000 3005
f 3001 3016 3002
f 3000 3002 3005
f 3003 3009 3012
f 3003 3012 3018
f 3002 3015 3005
f 3003 3018 3004
f 466 2999 3006
f 467 3007 3009
f 3005 3010 3006
f 3007 3008 3011
f 2999 3005 3006
f 3007 3012 3009
f 3007 3011 3012
f 3011 3018 3012
f 471 3013 3014
f 471 3004 3013
f 473 3014 3001
f 3001 3014 3024
f 3013 3024 3014
f 3004 3025 3013
f 3001 3024 3016
f 3004 3026 3025
f 3013 3025 3024
f 3002 3016 3015
f 3004 3018 3026
f 3015 3059 3063
f 3015 3016 3059
f 3018 3023 3026
f 3016 3072 3059
f 3023 3073 3026
f 3005 3019 3010
f 3011 3017 3018
f 3010 3019 3020
f 3005 3015 3019
f 2954 3017 3011
f 2954 3022 3017
f 3015 3021 3019
f 3019 3021 3020
f 3018 3022 3023
f 3017 3022 3018
f 3020 3021 3062
f 3015 3063 3021
f 3022 3064 3023
f 2954 3065 3022
f 2954 2956 3065
f 3016 3024 3027
f 3024 3025 3027
f 3016 3027 3072
f 3025 3026 3028
f 3026 3073 3028
f 3025 3075 3027
f 3025 3028 3075
f 2955 3069 3030
f 3030 3080 3045
f 2984 3043 3109
f 2990 3035 3032
f 2986 3032 3031
f 3034 3038 3040
f 2990 3033 3035
f 2956 2991 3029
f 2991 3034 3036
f 2991 3036 3029
f 2992 3038 3034
f 3031 3032 3047
f 3031 3047 3052
f 3033 3045 3035
f 3030 3045 3033
f 3029 3036 3100
f 3032 3035 3046
f 3036 3049 3100
f 3034 3048 3036
f 3034 3040 3048
f 2984 3037 3039
f 3031 3052 3037
f 2997 3041 3038
f 2997 2998 3042
f 2998 3108 3042
f 2984 3039 3043
f 2997 3042 3041
f 3037 3052 3039
f 3038 3041 3040
f 3042 3137 3044
f 3041 3042 3044
f 3035 3045 3050
f 3035 3050 3046
f 3049 3101 3100
f 3032 3046 3047
f 3036 3048 3049
f 3047 3167 3052
f 3048 3051 3049
f 3052 3167 3054
f 3045 3183 3050
f 3049 3168 3101
f 3046 3050 3214
f 3046 3169 3047
f 3048 3058 3051
f 3047 3169 3167
f 3049 3051 3168
f 3039 3053 3043
f 3040 3041 3055
f 3039 3052 3054
f 3039 3054 3053
f 3043 3057 3132
f 3041 3044 3055
f 3044 3141 3055
f 3043 3053 3057
f 3040 3058 3048
f 3040 3055 3058
f 3055 3056 3058
f 3055 3366 3056
f 3056 3172 3058
f 3059 3060 3063
f 3023 3070 3073
f 3059 3072 3060
f 3060 3061 3063
f 3060 3072 3076
f 3070 3071 3073
f 3060 3076 3061
f 3072 3089 3076
f 3021 3063 3062
f 3022 3065 3067
f 3022 3067 3064
f 3062 3063 3066
f 2956 3029 3065
f 2955 3062 3069
f 3029 3068 3065
f 3023 3064 3070
f 3062 3079 3069
f 3063 3083 3066
f 3062 3066 3079
f 3029 3100 3068
f 3065 3068 3067
f 3030 3069 3080
f 3067 3068 3078
f 3064 3071 3070
f 3061 3083 3063
f 3064 3067 3082
f 3064 3082 3071
f 3027 3075 3072
f 3028 3073 3074
f 3028 3074 3075
f 3073 3090 3074
f 3072 3075 3089
f 3075 3092 3089
f 3071 3090 3073
f 3074 3092 3075
f 3074 3090 3094
f 3061 3076 3083
f 3076 3089 3077
f 3071 3082 3091
f 3076 3077 3083
f 3077 3088 3083
f 3077 3197 3088
f 3066 3088 3079
f 3069 3079 3085
f 3068 3100 3081
f 3068 3081 3078
f 3069 3085 3080
f 3078 3081 3084
f 3067 3078 3082
f 3066 3083 3088
f 3078 3087 3082
f 3082 3087 3091
f 3079 3186 3085
f 3045 3080 3183
f 3081 3086 3084
f 3080 3085 3184
f 3078 3084 3087
f 3079 3088 3186
f 3084 3185 3087
f 3089 3092 3095
f 3071 3091 3090
f 3090 3091 3096
f 3087 3096 3091
f 3090 3096 3097
f 3074 3094 3092
f 3092 3094 3093
f 3092 3093 3095
f 3090 3097 3094
f 3089 3095 3190
f 3077 3089 3190
f 3096 3098 3097
f 3096 3192 3098
f 3093 3094 3193
f 3093 3193 3095
f 3094 3097 3196
f 3094 3099 3193
f 3094 3196 3099
f 3087 3192 3096
f 3081 3100 3101
f 3081 3101 3086
f 3086 3101 3213
f 505 3102 507
f 505 2959 3107
f 506 2995 2961
f 506 508 3103
f 506 3103 2995
f 505 3107 3102
f 508 3104 3103
f 507 3105 513
f 508 514 3106
f 508 3106 3104
f 507 3102 3105
f 2996 3103 3108
f 3103 3104 3110
f 3102 3107 3109
f 3102 3109 3111
f 3103 3110 3108
f 2984 3109 3107
f 3108 3110 3131
f 3102 3111 3105
f 3105 3111 3113
f 3105 3113 3114
f 3104 3106 3112
f 3104 3112 3110
f 3106 3122 3112
f 3113 3135 3123
f 3110 3112 3134
f 3111 3133 3113
f 3112 3124 3134
f 514 3115 3106
f 513 3105 3114
f 516 3116 3115
f 513 3114 3119
f 3106 3115 3122
f 3114 3125 3119
f 3115 3116 3122
f 3116 3126 3122
f 515 3119 3117
f 518 3118 3116
f 3116 3118 3126
f 3119 3125 3120
f 3117 3119 3120
f 3118 3121 3126
f 3113 3123 3114
f 3114 3123 3125
f 3122 3126 3124
f 3123 3128 3125
f 3123 3135 3146
f 3123 3146 3128
f 3112 3122 3124
f 3124 3126 3130
f 3121 3130 3126
f 3120 3125 3129
f 3121 3127 3130
f 3125 3128 3129
f 3109 3132 3111
f 3043 3132 3109
f 3108 3131 3137
f 3111 3132 3133
f 3132 3138 3133
f 3113 3133 3135
f 3110 3134 3131
f 3124 3136 3134
f 3133 3139 3135
f 3131 3134 3143
f 3133 3138 3139
f 3134 3136 3143
f 3135 3139 3147
f 3042 3108 3137
f 3044 3137 3141
f 3131 3141 3137
f 3131 3143 3141
f 3132 3142 3138
f 3138 3142 3368
f 3138 3140 3139
f 3136 3151 3145
f 3138 3368 3140
f 3139 3140 3152
f 3057 3142 3132
f 3055 3141 3366
f 3141 3143 3366
f 3143 3144 3366
f 3136 3144 3143
f 3136 3145 3144
f 3128 3146 3147
f 3128 3147 3149
f 3135 3147 3146
f 3124 3130 3153
f 3124 3151 3136
f 3124 3153 3151
f 3128 3149 3129
f 3129 3149 3148
f 3127 3150 3130
f 3130 3150 3153
f 3148 3149 3154
f 3148 3154 3155
f 3139 3152 3147
f 3147 3152 3149
f 3149 3152 3154
f 3152 3398 3154
f 3154 3398 3399
f 3154 3399 3155
f 3150 3402 3153
f 3150 3156 3402
f 3155 3399 3157
f 3151 3153 3400
f 3158 5642 3949
f 3948 3949 5640
f 3158 3159 5643
f 3160 3162 5666
f 3159 3160 5643
f 3160 3970 3162
f 3162 3971 3164
f 3164 3974 5670
f 3975 5671 5670
f 3164 3971 3974
f 3974 3975 5670
f 3977 5678 5679
f 3165 5671 3975
f 3165 3166 5673
f 3046 3214 3169
f 3054 3167 3171
f 3051 3170 3168
f 3167 3169 3175
f 3169 3214 3218
f 3167 3175 3171
f 3169 3218 3175
f 3053 3054 3173
f 3053 3176 3057
f 3056 3366 3172
f 3057 3176 3142
f 3051 3058 3174
f 3058 3172 3174
f 3054 3171 3173
f 3053 3173 3176
f 3051 3174 3170
f 3170 3174 3226
f 3172 3177 3174
f 3172 3366 3177
f 3171 3175 3222
f 3171 3222 3180
f 3173 3180 3176
f 3171 3180 3173
f 3174 3177 3226
f 3177 3371 3178
f 3177 3178 3226
f 3176 3180 3181
f 3178 3179 3226
f 3178 3375 3179
f 3180 3266 3181
f 3176 3181 3376
f 3179 3375 3182
f 3181 3228 3376
f 3080 3184 3183
f 3084 3086 3187
f 3085 3188 3184
f 3086 3215 3187
f 3087 3185 3192
f 3085 3186 3188
f 3088 3197 3186
f 3084 3187 3185
f 3185 3187 3189
f 3183 3184 3201
f 3183 3201 3216
f 3185 3189 3209
f 3186 3210 3188
f 3187 3215 3189
f 3184 3188 3203
f 3184 3203 3201
f 3189 3215 3202
f 3189 3202 3209
f 3095 3191 3190
f 3095 3198 3191
f 3077 3190 3197
f 3190 3191 3197
f 3098 3192 3196
f 3191 3198 3197
f 3095 3193 3198
f 3099 3194 3193
f 3193 3199 3198
f 3193 3194 3200
f 3099 3196 3606
f 3097 3098 3196
f 3197 3198 3199
f 3194 3195 3200
f 3193 3200 3199
f 3192 3606 3196
f 3197 3199 3207
f 3192 3206 3606
f 3185 3209 3192
f 3186 3197 3210
f 3188 3210 3203
f 3201 3203 3205
f 3202 3219 3204
f 3201 3205 3220
f 3203 3231 3205
f 3205 3229 3220
f 3197 3230 3210
f 3195 3611 3200
f 3199 3200 3207
f 3200 3611 3207
f 3192 3208 3206
f 3197 3207 3230
f 3202 3211 3209
f 3192 3209 3208
f 3203 3210 3231
f 3210 3230 3231
f 3202 3204 3211
f 3204 3225 3233
f 3204 3233 3211
f 3208 3209 3212
f 3209 3211 3212
f 3050 3183 3216
f 3101 3168 3213
f 3050 3216 3214
f 3086 3213 3215
f 3168 3217 3213
f 3213 3219 3215
f 3214 3216 3220
f 3213 3217 3219
f 3168 3170 3217
f 3202 3215 3219
f 3214 3220 3218
f 3201 3220 3216
f 3170 3223 3217
f 3217 3223 3219
f 3175 3218 3222
f 3218 3220 3221
f 3218 3221 3222
f 3219 3223 3224
f 3180 3222 3248
f 3223 3247 3253
f 3204 3219 3224
f 3220 3229 3221
f 3204 3224 3225
f 3224 3253 3225
f 3223 3253 3224
f 3170 3226 3223
f 3223 3226 3247
f 3179 3227 3226
f 3226 3227 3247
f 3179 3182 3227
f 3181 3266 3228
f 3205 3237 3229
f 3207 3622 3230
f 3230 3622 3234
f 3205 3231 3238
f 3229 3237 3255
f 3205 3238 3237
f 3225 3232 3233
f 3230 3234 3231
f 3211 3235 3212
f 3231 3234 3239
f 3235 3236 3637
f 3211 3236 3235
f 3211 3233 3236
f 3231 3241 3238
f 3237 3238 3311
f 3238 3243 3311
f 3231 3239 3242
f 3239 3240 3242
f 3239 3638 3240
f 3231 3242 3241
f 3233 3331 3236
f 3236 3331 3640
f 3238 3241 3243
f 3241 3242 3243
f 3240 3658 3242
f 3242 3658 3243
f 3243 3246 3244
f 3244 3246 3346
f 3327 3328 3664
f 3245 3659 3329
f 3328 3345 3660
f 3345 3346 3660
f 3245 3327 3662
f 3243 3666 3246
f 3246 3661 3346
f 3222 3250 3248
f 3221 3249 3222
f 3222 3249 3250
f 3248 3250 3256
f 3249 3256 3250
f 3221 3229 3254
f 3225 3251 3306
f 3225 3253 3251
f 3221 3252 3249
f 3221 3254 3252
f 3229 3255 3254
f 3251 3253 3319
f 3251 3319 3306
f 3247 3272 3253
f 3253 3272 3319
f 3252 3254 3262
f 3249 3252 3256
f 3252 3262 3256
f 3256 3265 3296
f 3259 3260 3264
f 3261 3290 3291
f 3257 3322 3291
f 3257 3258 3308
f 3261 3291 3320
f 3256 3262 3263
f 3256 3263 3265
f 3260 3296 3265
f 3260 3265 3264
f 3258 3259 3309
f 3259 3264 3309
f 3263 3264 3265
f 3261 3336 3290
f 3180 3248 3266
f 3227 3272 3247
f 3227 3268 3272
f 3228 3266 3267
f 3248 3256 3266
f 3256 3267 3266
f 3182 3268 3227
f 3182 3445 3268
f 3228 3267 3278
f 3228 3278 3520
f 3278 3282 3524
f 3270 3283 3271
f 3280 3281 3522
f 3269 3523 3281
f 3269 3270 3523
f 3270 3271 3526
f 3280 3524 3282
f 3272 3302 3319
f 3268 3273 3272
f 3272 3273 3302
f 3273 3536 3302
f 3256 3287 3267
f 3267 3287 3277
f 3269 3288 3270
f 3267 3277 3276
f 3275 3276 3277
f 3267 3276 3279
f 3267 3279 3278
f 3278 3279 3282
f 3275 3280 3282
f 3275 3282 3279
f 3275 3279 3276
f 3271 3283 3284
f 3257 3269 3258
f 3288 3291 3289
f 3256 3295 3287
f 3259 3280 3286
f 3275 3287 3286
f 3289 3291 3290
f 3257 3291 3288
f 3256 3296 3295
f 3285 3286 3295
f 3286 3287 3295
f 3285 3295 3296
f 3259 3285 3260
f 3260 3285 3296
f 3259 3286 3285
f 3258 3281 3259
f 3257 3288 3269
f 3270 3288 3283
f 3259 3281 3280
f 3258 3269 3281
f 3275 3286 3280
f 3283 3288 3289
f 3283 3289 3297
f 3275 3277 3287
f 3289 3290 3336
f 3292 3300 3293
f 3292 3293 3294
f 3293 3298 3294
f 3293 3304 3298
f 3289 3336 3297
f 3294 3298 3326
f 3292 3338 3303
f 3283 3297 3284
f 3299 3301 3300
f 3274 3299 3303
f 3274 3301 3299
f 3300 3301 3542
f 3274 3303 3541
f 3300 3542 3304
f 3284 3305 3543
f 3292 3299 3300
f 3292 3303 3299
f 3293 3300 3304
f 3284 3297 3305
f 3302 3536 3339
f 3303 3340 3541
f 3225 3306 3232
f 3232 3306 3307
f 3306 3319 3307
f 3232 3307 3233
f 3254 3255 3311
f 3237 3311 3255
f 3254 3311 3262
f 3262 3312 3324
f 3262 3311 3312
f 3310 3324 3312
f 3311 3344 3312
f 3308 3316 3323
f 3315 3322 3323
f 3317 3321 3322
f 3315 3317 3322
f 3308 3313 3316
f 3314 3323 3316
f 3314 3315 3323
f 3310 3318 3313
f 3310 3312 3318
f 3309 3310 3313
f 3308 3309 3313
f 3312 3344 3318
f 3307 3319 3335
f 3262 3324 3263
f 3264 3310 3309
f 3258 3309 3308
f 3291 3322 3320
f 3257 3323 3322
f 3257 3308 3323
f 3263 3310 3264
f 3320 3322 3321
f 3263 3324 3310
f 3320 3321 3350
f 3261 3320 3336
f 3320 3350 3336
f 3307 3335 3334
f 3317 3350 3321
f 3325 3333 3332
f 3325 3326 3333
f 3325 3332 3338
f 3326 3352 3333
f 3332 3351 3338
f 3233 3307 3331
f 3314 3316 3328
f 3314 3327 3315
f 3315 3330 3317
f 3313 3345 3316
f 3313 3318 3345
f 3314 3328 3327
f 3316 3345 3328
f 3315 3327 3330
f 3317 3330 3329
f 3307 3334 3331
f 3317 3329 3350
f 3331 3334 3353
f 3334 3358 3353
f 3302 3335 3319
f 3292 3294 3338
f 3294 3326 3325
f 3294 3325 3338
f 3298 3337 3326
f 3298 3304 3337
f 3303 3338 3343
f 3297 3336 3354
f 3334 3335 3342
f 3326 3337 3352
f 3302 3339 3335
f 3304 3341 3337
f 3335 3339 3342
f 3297 3354 3305
f 3337 3341 3355
f 3303 3343 3340
f 3339 3564 3342
f 3341 3567 3355
f 3305 3356 3565
f 3340 3343 3573
f 3334 3342 3358
f 3342 3572 3358
f 3358 3572 3361
f 3336 3350 3357
f 3244 3344 3311
f 3243 3244 3311
f 3318 3346 3345
f 3318 3344 3346
f 3244 3346 3344
f 3332 3333 3348
f 3329 3349 3350
f 3245 3330 3327
f 3245 3329 3330
f 3329 3659 3349
f 3332 3348 3347
f 3333 3741 3348
f 3332 3347 3351
f 3333 3352 3741
f 3347 3740 3351
f 3349 3743 3350
f 3353 3358 3742
f 3350 3743 3357
f 3352 3360 3741
f 3351 3740 3757
f 3360 3758 3741
f 3336 3357 3354
f 3337 3355 3352
f 3338 3359 3343
f 3305 3354 3356
f 3338 3351 3359
f 3352 3355 3360
f 3354 3357 3364
f 3351 3757 3359
f 3358 3361 3742
f 3360 3363 3758
f 3359 3760 3362
f 3357 3743 3759
f 3357 3759 3364
f 3355 3594 3360
f 3343 3359 3362
f 3354 3364 3356
f 3360 3594 3363
f 3343 3362 3573
f 3362 4075 3573
f 3356 3364 3365
f 3140 3380 3152
f 3142 3367 3368
f 3142 3176 3367
f 3367 3370 3368
f 3144 3371 3366
f 3176 3372 3367
f 3367 3372 3370
f 3144 3369 3371
f 3177 3366 3371
f 3144 3145 3379
f 3140 3368 3380
f 3145 3151 3379
f 3144 3381 3369
f 3368 3370 3380
f 3144 3379 3381
f 3370 3372 3376
f 3370 3378 3374
f 3176 3376 3372
f 3178 3371 3375
f 3369 3375 3371
f 3369 3373 3375
f 3370 3376 3378
f 3182 3375 3445
f 3375 3377 3445
f 3373 3377 3375
f 3376 3518 3378
f 3374 3518 3383
f 3374 3378 3518
f 3370 3374 3383
f 3370 3383 3380
f 3369 3381 3373
f 3373 3381 3382
f 3379 3382 3381
f 3379 3423 3382
f 3382 3424 3396
f 3380 3383 3397
f 3373 3382 3377
f 3377 3396 3446
f 3377 3382 3396
f 3383 3518 3390
f 3383 3390 3397
f 3384 3514 3385
f 3384 3387 3512
f 3387 3388 3512
f 3385 3516 3386
f 3386 3515 3389
f 3389 3515 3549
f 3387 3392 3388
f 3385 3386 3391
f 3386 3389 3391
f 3388 3392 3390
f 3389 3549 3395
f 3387 3426 3392
f 3385 3391 3429
f 3392 3393 3397
f 3380 3397 3393
f 3391 3394 3428
f 3384 3429 3425
f 3391 3428 3430
f 3387 3425 3426
f 3392 3427 3393
f 3384 3385 3429
f 3384 3425 3387
f 3389 3394 3391
f 3389 3395 3394
f 3394 3395 3428
f 3390 3392 3397
f 3157 3399 3404
f 3157 3404 3405
f 3152 3380 3398
f 3151 3400 3379
f 3153 3402 3400
f 3380 3399 3398
f 3379 3400 3423
f 3380 3401 3399
f 3400 3402 3423
f 3402 3406 3423
f 3415 3424 3423
f 3406 3415 3423
f 3408 3425 3409
f 3408 3410 3426
f 3413 3435 3433
f 3402 3403 3406
f 3403 5395 3406
f 3414 5391 5390
f 3408 5390 5389
f 3410 5389 5392
f 3410 5392 5393
f 3406 5395 3415
f 3414 5398 5391
f 3415 5395 5399
f 3416 5399 5402
f 3399 3401 3404
f 3404 3412 3405
f 3407 3413 3414
f 3407 3414 3409
f 3401 3412 3404
f 3401 3422 3412
f 3410 3411 3434
f 3411 3412 3434
f 3405 3412 5394
f 3408 5389 3410
f 3408 3409 5390
f 3409 3414 5390
f 3410 5393 3411
f 3411 5393 3412
f 3412 5393 5394
f 3407 3409 3435
f 3407 3435 3413
f 3413 3441 3421
f 3415 3416 3424
f 3417 3436 3419
f 3416 3451 3437
f 3413 3421 5398
f 3413 5398 3414
f 3417 5396 5397
f 3415 5399 3416
f 3418 5397 3420
f 3417 3419 5400
f 3417 5400 5396
f 3420 5397 5401
f 3416 5402 3451
f 3419 3453 5400
f 3417 5397 3418
f 3421 3452 5398
f 3380 3393 3439
f 3380 3439 3401
f 3401 3439 3422
f 3382 3423 3424
f 3391 3430 3429
f 3428 3431 3430
f 3428 3432 3431
f 3429 3430 3435
f 3426 3434 3427
f 3430 3431 3433
f 3431 3432 3433
f 3393 3427 3439
f 3396 3437 3465
f 3440 3444 3443
f 3396 3424 3437
f 3436 3440 3443
f 3436 3443 3438
f 3432 3449 3441
f 3409 3425 3429
f 3430 3433 3435
f 3408 3426 3425
f 3410 3434 3426
f 3409 3429 3435
f 3413 3433 3441
f 3422 3439 3434
f 3417 3418 3436
f 3416 3437 3424
f 3419 3436 3438
f 3418 3440 3436
f 3418 3442 3440
f 3427 3434 3439
f 3432 3441 3433
f 3440 3442 3467
f 3392 3426 3427
f 3395 3432 3428
f 3395 3449 3432
f 3440 3467 3444
f 3412 3422 3434
f 3418 3420 3442
f 3421 3441 3482
f 3377 3446 3445
f 3446 3448 3530
f 3443 3551 3447
f 3443 3552 3551
f 3444 3550 3552
f 3395 3549 3553
f 3396 3465 3446
f 3443 3447 3466
f 3448 3465 3468
f 3443 3444 3552
f 3395 3553 3449
f 3446 3465 3448
f 3447 3554 3466
f 3444 3555 3550
f 3449 3553 3556
f 3444 3467 3555
f 3448 3468 3450
f 3466 3554 3474
f 3450 3473 3557
f 3420 3454 3442
f 3451 3479 3462
f 3419 3480 3453
f 3451 3455 3479
f 3420 5405 3454
f 3451 5416 3455
f 3454 5418 3481
f 3453 3480 3486
f 3453 3486 5417
f 3452 3488 5420
f 3455 5416 3456
f 3460 3487 5418
f 3455 3456 3457
f 3460 3489 3487
f 3457 5424 3502
f 3458 3461 3459
f 3460 3508 3489
f 3501 3502 5424
f 3501 5424 3938
f 3438 3443 3466
f 3462 3468 3465
f 3438 3466 3469
f 3462 3479 3468
f 3437 3462 3465
f 3442 3481 3467
f 3438 3469 3480
f 3441 3471 3482
f 3463 3468 3479
f 3469 3484 3480
f 3464 3502 3472
f 3441 3449 3471
f 3450 3468 3463
f 3466 3474 3469
f 3449 3556 3471
f 3467 3470 3555
f 3470 3475 3555
f 3471 3556 3560
f 3467 3481 3470
f 3471 3483 3482
f 3450 3463 3473
f 3469 3474 3476
f 3471 3560 3478
f 3472 3561 3473
f 3472 3490 3561
f 3474 3491 3476
f 3463 3464 3473
f 3464 3472 3473
f 3470 3485 3475
f 3471 3478 3483
f 3469 3476 3484
f 3475 3485 3477
f 3477 3485 3506
f 3437 3451 3462
f 3419 3438 3480
f 3442 3454 3481
f 3421 3482 3452
f 3455 3463 3479
f 3452 3482 3488
f 3470 3481 3487
f 3481 5418 3487
f 3455 3464 3463
f 3455 3457 3464
f 3480 3484 3486
f 3485 3487 3489
f 3457 3502 3464
f 3470 3487 3485
f 3482 3483 3488
f 3458 3484 3476
f 3485 3489 3506
f 3483 5421 3488
f 3459 3486 3484
f 3458 3459 3484
f 3483 3507 5421
f 3478 3507 3483
f 3472 3502 3503
f 3501 3938 3601
f 3490 3492 3496
f 3491 3579 3493
f 3493 3579 3497
f 3494 3498 3598
f 3472 3503 3490
f 3490 3503 3492
f 3476 3504 3505
f 3477 3506 3510
f 3476 3493 3504
f 3492 3501 3496
f 3493 3499 3504
f 3494 3510 3500
f 3477 3510 3598
f 3478 3599 3511
f 3476 3491 3493
f 3495 3511 3599
f 3494 3598 3510
f 3497 3602 3936
f 3496 3501 3601
f 3500 3508 3937
f 3495 3600 3509
f 3499 3936 3930
f 3493 3497 3499
f 3494 3500 3498
f 3497 3936 3499
f 3498 3500 3937
f 3458 3476 3505
f 3507 3511 3509
f 3501 3503 3502
f 3492 3503 3501
f 3495 3509 3511
f 3461 3504 3499
f 3500 3510 3508
f 3461 3505 3504
f 3506 3508 3510
f 3458 3505 3461
f 3507 3509 5421
f 3489 3508 3506
f 3461 3499 3930
f 3509 3600 3940
f 3508 3939 3937
f 3478 3511 3507
f 3228 3518 3376
f 3228 3525 3518
f 3512 3521 3514
f 3512 3513 3521
f 3513 3518 3524
f 3384 3512 3514
f 3385 3514 3516
f 3386 3516 3517
f 3388 3513 3512
f 3386 3517 3515
f 3388 3518 3513
f 3388 3390 3518
f 3514 3521 3522
f 3513 3524 3521
f 3515 3526 3519
f 3516 3523 3526
f 3516 3522 3523
f 3268 3445 3530
f 3268 3530 3273
f 3228 3520 3525
f 3281 3523 3522
f 3270 3526 3523
f 3271 3519 3526
f 3280 3522 3521
f 3280 3521 3524
f 3278 3524 3520
f 3520 3524 3525
f 3518 3525 3524
f 3271 3527 3519
f 3271 3284 3527
f 3274 3529 3301
f 3274 3528 3529
f 3528 3531 3532
f 3528 3532 3529
f 3529 3532 3534
f 3528 3541 3531
f 3273 3530 3537
f 3531 3541 3533
f 3529 3534 3542
f 3527 3543 3535
f 3445 3446 3530
f 3514 3522 3516
f 3516 3526 3517
f 3515 3517 3526
f 3515 3519 3549
f 3519 3527 3549
f 3531 3552 3532
f 3531 3551 3552
f 3447 3551 3533
f 3534 3552 3550
f 3448 3537 3530
f 3531 3533 3551
f 3532 3552 3534
f 3447 3533 3538
f 3527 3535 3549
f 3534 3539 3542
f 3274 3541 3528
f 3273 3537 3536
f 3533 3541 3544
f 3533 3544 3538
f 3538 3544 3547
f 3536 3537 3557
f 3536 3557 3540
f 3284 3543 3527
f 3301 3529 3542
f 3539 3545 3542
f 3304 3542 3545
f 3340 3544 3541
f 3339 3536 3540
f 3341 3545 3548
f 3304 3545 3341
f 3305 3565 3543
f 3543 3565 3546
f 3535 3543 3546
f 3539 3548 3545
f 3535 3546 3558
f 3544 3566 3547
f 3539 3584 3548
f 3546 3585 3558
f 3534 3550 3555
f 3535 3553 3549
f 3447 3538 3554
f 3448 3450 3537
f 3553 3558 3556
f 3534 3555 3539
f 3535 3558 3553
f 3475 3539 3555
f 3450 3557 3537
f 3538 3562 3554
f 3556 3558 3559
f 3538 3547 3562
f 3540 3561 3577
f 3539 3563 3584
f 3558 3585 3559
f 3547 3583 3562
f 3540 3557 3561
f 3474 3554 3562
f 3473 3561 3557
f 3556 3559 3560
f 3475 3563 3539
f 3474 3562 3491
f 3559 3599 3560
f 3563 3598 3584
f 3559 3585 3586
f 3340 3566 3544
f 3339 3540 3564
f 3341 3548 3567
f 3546 3565 3571
f 3340 3573 3566
f 3342 3564 3572
f 3355 3567 3594
f 3564 3568 3572
f 3565 3595 3571
f 3567 3570 3594
f 3566 3573 3574
f 3547 3566 3569
f 3540 3577 3564
f 3547 3569 3583
f 3548 3584 3567
f 3564 3577 3568
f 3546 3571 3585
f 3567 3584 3570
f 3566 3574 3569
f 3571 3587 3585
f 3361 3572 3576
f 3568 3576 3572
f 3570 3596 3594
f 3361 3576 4044
f 3574 4075 4046
f 3568 3582 3576
f 3575 3576 3582
f 3571 3595 3597
f 3570 3589 3596
f 3569 3574 3591
f 3571 3597 3587
f 3587 3597 3592
f 3575 4044 3576
f 3593 4076 3596
f 3574 4046 3591
f 3592 3597 4079
f 3568 3577 3578
f 3579 3583 3588
f 3568 3578 3582
f 3490 3577 3561
f 3490 3578 3577
f 3491 3562 3579
f 3562 3583 3579
f 3559 3586 3599
f 3580 3584 3598
f 3581 3599 3586
f 3575 3582 4050
f 3497 3579 3588
f 3497 3588 3602
f 3582 3601 4050
f 3578 3601 3582
f 3580 3603 3589
f 3590 3604 3600
f 3581 3590 3600
f 3591 4052 3602
f 3588 3591 3602
f 3589 3603 4053
f 3585 3587 3586
f 3569 3588 3583
f 3570 3584 3580
f 3570 3580 3589
f 3586 3587 3590
f 3581 3586 3590
f 3569 3591 3588
f 3589 4053 3593
f 3587 3592 3590
f 3589 3593 3596
f 3590 3592 3604
f 3356 3595 3565
f 3363 3594 3596
f 3573 4075 3574
f 3356 3365 3595
f 3363 3596 4076
f 3365 4077 3595
f 3595 4077 3597
f 3475 3477 3563
f 3478 3560 3599
f 3477 3598 3563
f 3490 3496 3578
f 3495 3599 3581
f 3498 3580 3598
f 3495 3581 3600
f 3496 3601 3578
f 3498 3603 3580
f 3498 3937 3603
f 3600 3604 3935
f 3099 3605 3194
f 3194 3605 3195
f 3099 3606 3605
f 3195 3605 3609
f 3605 3607 3608
f 3605 3606 3607
f 3605 3608 3609
f 3195 3609 3611
f 3606 3613 3607
f 3608 3610 3609
f 3607 3615 3608
f 3609 3610 3611
f 3608 3612 3610
f 3608 3615 3612
f 3206 3613 3606
f 3207 3611 3614
f 3610 3612 3611
f 3607 3613 3616
f 3607 3616 3615
f 3611 3612 3623
f 3613 3629 3616
f 3611 3623 3614
f 3206 3208 3613
f 3207 3614 3622
f 3208 3212 3631
f 3208 3629 3613
f 3612 3615 3617
f 3615 3616 3619
f 3615 3618 3617
f 3612 3617 3623
f 3615 3619 3624
f 3617 3618 3623
f 3615 3628 3618
f 3616 3629 3619
f 3615 3620 3628
f 3615 3624 3620
f 3614 3623 3626
f 3208 3630 3629
f 3208 3631 3630
f 3614 3634 3622
f 3614 3626 3634
f 3212 3636 3631
f 3618 3628 3623
f 3619 3629 3624
f 3620 3644 3628
f 3620 3624 3644
f 3623 3627 3626
f 3623 3628 3627
f 3624 3629 3647
f 3624 3647 3625
f 3629 3630 3647
f 3234 3622 3635
f 3622 3634 3635
f 3234 3635 3656
f 3627 3628 3632
f 3628 3645 3632
f 3627 3632 3633
f 3626 3627 3633
f 3630 3631 3651
f 3630 3651 3647
f 3631 3641 3651
f 3626 3684 3634
f 3634 3684 3635
f 3626 3633 3684
f 3641 3652 3651
f 3212 3235 3636
f 3234 3639 3239
f 3235 3637 3642
f 3235 3642 3636
f 3234 3656 3639
f 3239 3639 3657
f 3239 3657 3638
f 3639 3656 3657
f 3637 3668 3642
f 3236 3640 3637
f 3637 3640 3668
f 3631 3636 3641
f 3636 3643 3641
f 3636 3642 3643
f 3641 3643 3652
f 3624 3625 3644
f 3625 3649 3644
f 3628 3644 3645
f 3625 3648 3649
f 3644 3646 3645
f 3644 3649 3646
f 3632 3645 3650
f 3645 3646 3650
f 3625 3647 3653
f 3625 3653 3648
f 3648 3655 3649
f 3632 3650 3683
f 3632 3683 3633
f 3646 3649 3687
f 3646 3687 3650
f 3648 3653 3655
f 3647 3651 3653
f 3651 3652 3653
f 3649 3654 3687
f 3649 3655 3654
f 3654 3688 3687
f 3635 3685 3656
f 3635 3684 3685
f 3656 3685 3694
f 3240 3638 3658
f 3638 3657 3658
f 3657 3670 3658
f 3327 3664 3662
f 3328 3660 3664
f 3245 3663 3659
f 3245 3662 3663
f 3243 3658 3666
f 3346 3661 3660
f 3659 3663 3665
f 3246 3666 3661
f 3662 3671 3663
f 3663 3671 3669
f 3662 3664 3673
f 3640 3736 3668
f 3663 3669 3665
f 3659 3665 3737
f 3658 3670 3666
f 3660 3679 3664
f 3660 3661 3679
f 3661 3666 3672
f 3665 3746 3737
f 3656 3667 3657
f 3657 3667 3670
f 3656 3694 3667
f 3642 3699 3643
f 3667 3694 3707
f 3667 3707 3670
f 3670 3707 3678
f 3677 3678 3709
f 3642 3668 3699
f 3668 3745 3699
f 3666 3670 3672
f 3661 3672 3677
f 3662 3674 3671
f 3662 3673 3674
f 3664 3679 3673
f 3661 3677 3679
f 3669 3671 3676
f 3670 3678 3672
f 3665 3669 3746
f 3682 3734 3735
f 3669 3676 3746
f 3681 3734 3682
f 3671 3674 3675
f 3671 3675 3676
f 3675 3680 3676
f 3672 3678 3677
f 3676 3718 3746
f 3633 3683 3686
f 3650 3687 3683
f 3683 3687 3686
f 3633 3686 3684
f 3652 3702 3653
f 3684 3691 3685
f 3686 3689 3691
f 3684 3686 3691
f 3685 3691 3719
f 3687 3688 3689
f 3686 3687 3689
f 3654 3690 3688
f 3654 3813 3690
f 3654 3703 3813
f 3688 3692 3689
f 3688 3690 3692
f 3654 3655 3703
f 3653 3702 3655
f 3655 3702 3703
f 3689 3692 3691
f 3691 3693 3719
f 3691 3692 3693
f 3643 3702 3652
f 3643 3699 3704
f 3643 3704 3702
f 3685 3719 3694
f 3673 3679 3708
f 3677 3708 3679
f 3674 3695 3696
f 3673 3708 3695
f 3674 3696 3675
f 3673 3695 3674
f 3675 3698 3680
f 3676 3680 3718
f 3675 3696 3698
f 3680 3698 3697
f 3680 3697 3718
f 3699 3745 3701
f 3681 3682 3717
f 3681 3700 3748
f 3681 3717 3700
f 3682 3780 3717
f 3699 3701 3704
f 3702 3704 3703
f 3703 3704 3706
f 3701 3705 3704
f 3704 3705 3787
f 3704 3787 3706
f 3694 3720 3707
f 3678 3707 3710
f 3678 3710 3709
f 3677 3709 3708
f 3694 3719 3720
f 3695 3712 3696
f 3695 3708 3715
f 3708 3709 3715
f 3696 3711 3698
f 3697 3698 3714
f 3707 3728 3710
f 3709 3710 3716
f 3696 3712 3711
f 3695 3715 3712
f 3698 3711 3714
f 3697 3714 3713
f 3709 3716 3715
f 3715 3716 3721
f 3707 3720 3728
f 3710 3728 3716
f 3700 3717 3732
f 3697 3713 3733
f 3697 3733 3718
f 3719 3730 3720
f 3711 3712 3723
f 3711 3723 3714
f 3713 3714 3722
f 3714 3725 3722
f 3712 3715 3726
f 3712 3726 3723
f 3714 3723 3724
f 3714 3724 3725
f 3715 3721 3726
f 3724 3823 3725
f 3716 3727 3721
f 3716 3728 3727
f 3721 3727 3729
f 3727 3728 3729
f 3720 3730 3728
f 3728 3730 3729
f 3721 3827 3726
f 3693 3829 3719
f 3719 3829 3730
f 3723 3726 3824
f 3723 3825 3724
f 3721 3729 3826
f 3729 3730 3828
f 3724 3825 3823
f 3723 3824 3825
f 3721 3826 3827
f 3726 3827 3824
f 3729 3828 3826
f 3713 3722 3733
f 3700 3732 3731
f 3722 3725 3733
f 3700 3731 3788
f 3717 3789 3732
f 3731 3732 3831
f 3732 3832 3831
f 3725 3823 3733
f 3731 3831 3788
f 3732 3789 3832
f 3733 3823 3790
f 3331 3353 3640
f 3353 3736 3640
f 3347 3348 3735
f 3349 3659 3737
f 3347 3734 3740
f 3348 3741 3739
f 3347 3735 3734
f 3348 3739 3735
f 3734 3738 3740
f 3349 3737 3744
f 3353 3742 3736
f 3736 3742 3749
f 3349 3744 3743
f 3739 3741 3758
f 3740 3750 3757
f 3738 3750 3740
f 3739 3758 3751
f 3743 3744 3774
f 3668 3736 3745
f 3736 3749 3745
f 3681 3738 3734
f 3735 3739 3747
f 3682 3735 3747
f 3681 3748 3738
f 3737 3746 3754
f 3739 3751 3747
f 3737 3754 3744
f 3745 3749 3752
f 3738 3748 3753
f 3738 3753 3750
f 3749 3768 3752
f 3751 3767 3755
f 3747 3751 3755
f 3752 3768 3797
f 3750 3753 3798
f 3755 3767 3807
f 3744 3782 3774
f 3744 3754 3782
f 3359 3757 3760
f 3361 3756 3742
f 3742 3756 3749
f 3363 3761 3758
f 3364 3759 3764
f 3751 3758 3761
f 3757 3766 3760
f 3750 3766 3757
f 3743 3774 3759
f 3751 3761 3767
f 3759 3769 3764
f 3363 4076 3761
f 3362 3760 3763
f 3361 4044 3756
f 3362 3763 4075
f 3756 3762 3768
f 3756 4044 3762
f 3364 3764 3365
f 3761 4076 3765
f 3761 3765 3767
f 3760 3771 3763
f 3365 3764 4078
f 3749 3756 3768
f 3760 3766 3771
f 3759 3774 3769
f 3750 3798 3766
f 3766 3798 3799
f 3768 3770 3797
f 3766 3799 3771
f 3767 3772 3807
f 3762 3770 3768
f 3763 3771 4081
f 3770 4080 3801
f 3765 3772 3767
f 3764 3769 3773
f 3764 3773 4078
f 3769 3802 3773
f 3772 4082 3800
f 3774 3782 3808
f 3769 3774 3808
f 3701 3745 3752
f 3682 3747 3780
f 3700 3779 3748
f 3748 3783 3753
f 3701 3752 3775
f 3748 3779 3783
f 3701 3775 3705
f 3752 3797 3775
f 3753 3793 3798
f 3775 3797 3776
f 3705 3775 3777
f 3705 3777 3787
f 3775 3776 3777
f 3776 3778 3777
f 3746 3781 3754
f 3718 3781 3746
f 3747 3755 3780
f 3755 3784 3780
f 3754 3781 3785
f 3700 3788 3779
f 3717 3780 3789
f 3718 3733 3781
f 3755 3807 3784
f 3754 3785 3782
f 3753 3783 3793
f 3784 3807 3786
f 3782 3785 3809
f 3779 3788 3783
f 3780 3784 3789
f 3733 3794 3781
f 3788 3831 3791
f 3733 3790 3794
f 3789 3792 3832
f 3788 3791 3795
f 3789 3796 3792
f 3784 3786 3789
f 3783 3795 3793
f 3783 3788 3795
f 3786 3796 3789
f 3781 3794 3785
f 3785 3794 3811
f 3793 3795 3805
f 3770 3801 3797
f 3772 3800 3807
f 3776 3797 3801
f 3793 3804 3798
f 3776 3801 3803
f 3798 3804 3799
f 3801 4080 4086
f 3801 4086 3803
f 3769 3808 3802
f 3771 3799 4087
f 3773 3802 4089
f 3776 3803 3778
f 3793 3805 3804
f 3799 3804 3806
f 3800 3871 3810
f 3778 3803 3873
f 3804 3805 3806
f 3803 4086 3872
f 3806 4128 4087
f 3799 3806 4087
f 3802 3809 3874
f 3800 4088 4129
f 3802 3874 4089
f 3803 3872 3873
f 3800 4129 3871
f 3782 3809 3808
f 3786 3807 3800
f 3786 3800 3810
f 3802 3808 3809
f 3786 3810 3796
f 3785 3811 3809
f 3796 3810 3812
f 3810 3871 3812
f 3809 3811 3874
f 3813 3814 3817
f 3703 3814 3813
f 3703 3815 3814
f 3814 3815 3817
f 3690 3813 3817
f 3690 3817 3692
f 3703 3822 3815
f 3815 3819 3817
f 3815 3816 3819
f 3815 3822 3816
f 3816 3822 3833
f 3692 3817 3818
f 3692 3818 3693
f 3817 3819 3821
f 3816 3820 3819
f 3819 3820 3821
f 3817 3821 3818
f 3703 3706 3822
f 3824 3827 3836
f 3824 3835 3825
f 3823 3825 3835
f 3706 3843 3822
f 3824 3836 3834
f 3824 3834 3835
f 3823 3835 3842
f 3693 3818 3830
f 3693 3830 3829
f 3730 3829 3828
f 3826 3837 3827
f 3818 3839 3830
f 3826 3828 3837
f 3828 3829 3830
f 3827 3837 3836
f 3828 3838 3837
f 3828 3830 3838
f 3706 3787 3868
f 3790 3823 3842
f 3831 3832 3855
f 3790 3842 3869
f 3822 3843 3833
f 3818 3841 3839
f 3818 3821 3841
f 3830 3839 3838
f 3837 3838 3840
f 3838 3839 3840
f 3839 3841 3840
f 3821 3853 3841
f 3834 3836 3858
f 3835 3857 3842
f 3834 3863 3835
f 3836 3837 3860
f 3706 3868 3843
f 3831 3854 3866
f 3831 3855 3854
f 3832 3877 3855
f 3842 3857 3869
f 3816 3833 3844
f 3844 3849 3845
f 3845 3849 5913
f 3816 3846 3820
f 3816 3844 3846
f 3820 3846 3821
f 3833 3847 3844
f 3821 3846 3848
f 3844 3845 3846
f 3845 5917 3846
f 3844 3847 3849
f 3846 3850 3848
f 3846 5917 3850
f 3847 3851 3849
f 3848 3850 3852
f 3833 3843 3847
f 3843 3865 3847
f 3837 3840 3860
f 3840 3841 3853
f 3821 3848 3853
f 3836 3860 3858
f 3840 3853 3859
f 3848 3856 3853
f 3835 3863 3857
f 3834 3862 3863
f 3834 3858 3862
f 3843 3868 3879
f 3857 3878 3869
f 3847 3865 3851
f 3840 3859 3860
f 3853 3856 3859
f 3848 3852 3856
f 3857 3863 3864
f 3859 3861 3860
f 3856 3861 3859
f 3843 3879 3865
f 3854 3855 5926
f 3854 5930 3876
f 3855 3877 5932
f 3857 3864 3878
f 3864 5974 3878
f 3621 3886 3958
f 3621 5884 3911
f 3886 4153 3958
f 3621 3885 3886
f 3621 3911 3885
f 3904 3911 5884
f 3928 5961 3960
f 3777 3778 3870
f 3778 3875 3870
f 3791 3831 3866
f 3792 3867 3832
f 3791 3866 3795
f 3777 3868 3787
f 3792 3796 3867
f 3790 3869 3794
f 3795 3866 3805
f 3796 3812 3867
f 3794 3913 3811
f 3832 3867 3877
f 3777 3870 3868
f 3854 3876 3866
f 3794 3869 3913
f 3812 3877 3867
f 3805 3866 3881
f 3866 3876 3881
f 3812 3882 3877
f 3778 3873 3875
f 3805 3887 3806
f 3806 4134 4128
f 3872 4153 3873
f 3812 3871 4135
f 3811 3889 3874
f 3871 4129 4135
f 3874 3889 4133
f 3805 3881 3887
f 3812 3888 3882
f 3873 3886 3875
f 3873 4153 3886
f 3887 4135 4134
f 3806 3887 4134
f 3812 4135 3888
f 3811 3901 3889
f 3887 3888 4135
f 3811 3913 3901
f 3870 3910 3880
f 3868 3870 3880
f 3869 3878 3913
f 3876 3905 3881
f 3877 3882 3916
f 3868 3880 3879
f 3878 5974 3913
f 3876 5977 3905
f 3877 3916 5982
f 3877 5982 5972
f 3876 5969 5977
f 3870 3875 3910
f 3881 3883 3887
f 3883 3884 3888
f 3882 3888 3884
f 3875 3911 3904
f 3894 3913 3898
f 3881 3905 3883
f 3883 3905 3884
f 3882 3884 3916
f 3875 3886 3885
f 3875 3885 3911
f 3883 3888 3887
f 3889 3890 4147
f 3889 4147 4146
f 3890 4154 4148
f 3890 4148 4147
f 3890 3896 4154
f 3897 4155 4154
f 3899 4156 4155
f 3891 4156 3892
f 3891 3893 4157
f 3891 3892 3893
f 3892 3902 3893
f 3894 3901 3913
f 3899 3900 3903
f 3894 3908 3895
f 3894 3898 3906
f 3895 3909 3896
f 3899 3914 3900
f 3896 3917 3897
f 3897 3918 3899
f 3889 3901 3894
f 3889 3894 3895
f 3889 3895 3890
f 3896 3897 4154
f 3897 3899 4155
f 3890 3895 3896
f 3892 3903 3902
f 3892 3899 3903
f 3892 4156 3899
f 3893 4161 4158
f 3893 3902 4161
f 3902 3912 4161
f 3884 3905 3916
f 3875 3904 3910
f 3898 3907 3906
f 3906 3907 3919
f 3905 5977 3916
f 3904 5978 3910
f 3912 3928 3960
f 3928 3929 5961
f 3894 3906 3908
f 3895 3908 3909
f 3896 3909 3917
f 3898 3913 3907
f 3900 3914 3915
f 3900 3915 3903
f 3899 3925 3914
f 3914 3925 3915
f 3902 3903 3915
f 3902 3915 3912
f 3913 3921 3919
f 3907 3913 3919
f 3918 3920 3927
f 3920 3926 3927
f 3913 5983 3921
f 3916 5977 5982
f 3913 5990 5983
f 3906 3919 3921
f 3906 3921 3922
f 3906 3922 3908
f 3908 3923 3909
f 3909 5984 3917
f 3917 5985 3918
f 3924 3929 3926
f 3918 5985 3920
f 3908 3922 3923
f 3909 3923 5984
f 3920 5985 5986
f 3917 5984 5985
f 3920 3924 3926
f 3924 5986 5987
f 3920 5986 3924
f 3924 5989 3929
f 3899 3918 3925
f 3897 3917 3918
f 3918 3927 3925
f 3915 3925 3926
f 3925 3927 3926
f 3915 3926 3928
f 3912 3915 3928
f 3926 3929 3928
f 3938 5429 3945
f 3601 3938 4050
f 3938 4051 4050
f 3600 3935 3940
f 3936 4052 3943
f 3938 4067 4051
f 3932 3944 3937
f 3930 3936 3931
f 3932 3937 3939
f 3935 3941 3940
f 3931 3936 3933
f 3935 3946 3941
f 3933 3936 3943
f 3938 3945 4067
f 3935 3942 3946
f 3945 4109 4067
f 3932 3934 3944
f 3933 3943 3988
f 3934 4009 3944
f 3947 6203 3958
f 3947 3956 3948
f 3948 3957 3949
f 3949 3957 3963
f 3962 6208 6209
f 3158 3949 3963
f 3158 3954 3159
f 3159 3954 3953
f 3951 3952 3955
f 3158 3963 3954
f 3950 3951 3965
f 3950 3964 6209
f 3951 3955 3965
f 3991 4110 4109
f 3621 3958 6203
f 3947 3958 3956
f 3959 3961 6204
f 3948 3956 3957
f 3962 6209 3964
f 3959 6208 3962
f 3957 4097 3963
f 3956 4125 3957
f 3956 3958 4124
f 3953 3954 4110
f 3950 3965 3964
f 3954 3963 4106
f 3954 4106 4110
f 3964 3965 4126
f 3953 4110 3991
f 3955 4127 3965
f 3955 4174 4127
f 3933 4008 3966
f 3934 3967 4009
f 3945 5439 4007
f 3981 4007 5440
f 3966 4008 3968
f 3967 3969 4009
f 3968 4008 3969
f 3982 4006 4029
f 3159 3953 3160
f 3160 3953 3970
f 3161 3972 3952
f 3162 3970 3971
f 3161 3163 3973
f 3161 3973 3972
f 3163 3976 3973
f 3953 3991 3970
f 3970 3989 3971
f 3971 3989 4018
f 3952 3972 3955
f 3974 3981 3975
f 3163 5678 3976
f 3976 5678 3977
f 3977 5679 3978
f 3165 5461 3166
f 3165 3975 3980
f 3165 3980 5461
f 3971 4021 3974
f 3974 4021 3981
f 3971 4018 4021
f 3973 3976 4043
f 3975 3981 3980
f 3983 4029 4030
f 3982 4029 3983
f 3983 4030 3984
f 3984 4030 4031
f 3985 4031 4032
f 3982 3983 5450
f 3984 4031 3985
f 3985 4032 3986
f 3977 4035 4026
f 3983 3984 5450
f 3987 4036 4037
f 3976 3977 4026
f 3977 3978 4035
f 3978 3979 4039
f 3979 6212 5471
f 3978 4039 4035
f 3979 5471 4039
f 3945 4007 4109
f 3944 4009 3994
f 3989 3991 4007
f 3943 4107 3990
f 3944 3992 4108
f 3942 4164 3993
f 3942 3993 3946
f 3943 3990 3988
f 3944 3994 3992
f 3946 3993 3995
f 3991 4109 4007
f 3992 4107 4108
f 3990 4107 3992
f 3993 4165 3996
f 3996 4165 4166
f 3997 4166 4167
f 3998 4167 4168
f 3999 4168 4002
f 3988 3990 3994
f 3990 3992 3994
f 3993 3996 3995
f 3995 3996 4010
f 3996 3997 4012
f 3997 3998 4013
f 3999 4001 4015
f 3999 4000 4001
f 4003 4005 4016
f 4000 4003 4016
f 4000 4016 4001
f 4005 4020 4017
f 3996 4166 3997
f 3997 4167 3998
f 3998 4168 3999
f 3999 4002 4000
f 4000 4002 4003
f 4003 4004 4005
f 4004 4020 4005
f 4004 4174 4020
f 3933 3988 4008
f 3946 4010 4011
f 3946 3995 4010
f 3946 4011 4006
f 3988 4009 4008
f 3989 4007 4018
f 4007 4021 4018
f 3981 4021 4007
f 4011 4012 4027
f 3988 3994 4009
f 3996 4012 4010
f 3997 4013 4012
f 3998 4022 4013
f 3999 4023 4022
f 4015 4016 4024
f 4010 4012 4011
f 4015 4024 4023
f 3969 4008 4009
f 4006 4027 4029
f 4006 4011 4027
f 3998 3999 4022
f 3999 4015 4023
f 4005 4017 4016
f 4001 4016 4015
f 4014 4016 4017
f 3970 3991 3989
f 3955 3972 4174
f 3972 3973 4020
f 3973 4019 4020
f 3973 4043 4019
f 3972 4020 4174
f 4017 4020 4019
f 4013 4022 4031
f 3976 4026 4043
f 4023 4025 4028
f 4024 4040 4025
f 4023 4024 4025
f 4014 4042 4040
f 4016 4040 4024
f 4014 4040 4016
f 4014 4043 4026
f 4014 4026 4042
f 4027 4030 4029
f 4013 4031 4030
f 4012 4030 4027
f 4012 4013 4030
f 4022 4023 4032
f 4023 4028 4033
f 4022 4032 4031
f 4023 4033 4032
f 4028 4040 4036
f 4034 4040 4041
f 4034 4041 4035
f 3986 4032 4033
f 4028 4036 4033
f 4036 4040 4038
f 3986 4033 3987
f 3987 4033 4036
f 4034 4038 4040
f 4036 4038 4037
f 4034 5456 4038
f 4034 4035 5457
f 4035 4039 5457
f 4025 4040 4028
f 4040 4042 4041
f 4026 4041 4042
f 4026 4035 4041
f 4014 4017 4019
f 4014 4019 4043
f 3762 4044 4045
f 3762 4045 4048
f 3575 4045 4044
f 3593 4047 4076
f 4046 4075 4049
f 4045 4055 4048
f 4048 4055 4068
f 4047 4059 4085
f 4060 4079 4084
f 4060 4084 4083
f 4048 4068 4080
f 4070 4082 4085
f 4049 4081 4058
f 4058 4081 4069
f 3575 4050 4056
f 4050 4051 4056
f 4051 4068 4055
f 4057 4058 4066
f 3943 4052 4057
f 4051 4055 4056
f 3942 4054 4060
f 3944 4059 4061
f 3575 4056 4045
f 3593 4061 4047
f 3591 4046 4052
f 4045 4056 4055
f 4046 4057 4052
f 4054 4079 4060
f 3592 4079 4054
f 4046 4049 4057
f 3592 4054 3604
f 3593 4053 4061
f 4049 4058 4057
f 4047 4061 4059
f 4059 4070 4085
f 4060 4083 4071
f 4062 4086 4080
f 4069 4081 4087
f 4062 4080 4068
f 4064 4082 4070
f 4063 4069 4087
f 4065 4071 4089
f 3872 4086 4062
f 4063 4087 4130
f 3872 4062 4090
f 4062 4072 4090
f 4063 4130 4091
f 4064 4092 4131
f 4065 4093 4073
f 4062 4068 4067
f 3943 4057 4066
f 4051 4067 4068
f 3942 4060 4073
f 3944 4074 4059
f 4062 4067 4072
f 4067 4105 4072
f 3943 4066 4103
f 3944 4108 4074
f 4058 4069 4066
f 4059 4074 4070
f 4060 4071 4073
f 4063 4066 4069
f 4064 4070 4074
f 4065 4073 4071
f 4063 4091 4066
f 4064 4074 4092
f 3365 4078 4077
f 3765 4076 4047
f 3763 4049 4075
f 3765 4047 4085
f 4077 4078 4084
f 3597 4077 4079
f 4077 4084 4079
f 3762 4048 3770
f 3765 4085 3772
f 3763 4081 4049
f 4078 4083 4084
f 3770 4048 4080
f 3772 4085 4082
f 3773 4083 4078
f 3771 4087 4081
f 3773 4089 4083
f 3800 4082 4088
f 4071 4083 4089
f 4064 4088 4082
f 4065 4089 4132
f 4087 4128 4130
f 4088 4131 4129
f 4089 4133 4132
f 3874 4133 4089
f 4064 4131 4088
f 4065 4132 4093
f 3602 4052 3936
f 3603 3937 4053
f 3604 4054 3935
f 3937 4061 4053
f 3935 4054 3942
f 3937 3944 4061
f 3872 4090 4094
f 4091 4130 4136
f 4072 4105 4090
f 4092 4099 4131
f 4073 4093 4100
f 4094 4125 4124
f 4098 4136 4137
f 4090 4105 4094
f 4095 4098 4096
f 4094 4097 4125
f 4094 4105 4097
f 4091 4098 4095
f 4096 4098 4099
f 4091 4136 4098
f 4098 4137 4099
f 4093 4139 4100
f 4092 4096 4099
f 4114 4139 4140
f 4115 4140 4141
f 4100 4139 4114
f 4114 4140 4115
f 4115 4141 4116
f 4116 4142 4118
f 4118 4143 4119
f 4101 4119 4143
f 4116 4141 4142
f 4101 4145 4102
f 4118 4142 4143
f 4101 4102 4121
f 3943 4103 4107
f 4067 4109 4105
f 3942 4073 4112
f 4074 4108 4104
f 4097 4105 4106
f 4105 4109 4106
f 4115 4116 4165
f 4116 4118 4166
f 4103 4108 4107
f 4106 4109 4110
f 4112 4165 4164
f 4103 4104 4108
f 4112 4115 4165
f 4111 4168 4119
f 4111 4120 4173
f 4116 4166 4165
f 4118 4167 4166
f 4119 4168 4167
f 4111 4169 4168
f 4111 4173 4169
f 4127 4172 4173
f 4127 4174 4172
f 4066 4091 4103
f 4074 4096 4092
f 4091 4095 4103
f 4073 4100 4113
f 4073 4113 4117
f 4074 4104 4096
f 4073 4117 4112
f 4095 4096 4104
f 4095 4104 4103
f 4100 4114 4113
f 4113 4114 4117
f 4112 4117 4114
f 4112 4114 4115
f 4118 4119 4167
f 4111 4119 4122
f 4120 4122 4123
f 4111 4122 4120
f 4120 4126 4127
f 4101 4121 4119
f 4102 4123 4121
f 4119 4121 4122
f 4121 4123 4122
f 4120 4123 4126
f 4102 4126 4123
f 4120 4127 4173
f 3956 4124 4125
f 3957 4125 4097
f 3962 3964 4163
f 3964 4126 4163
f 3959 3962 4162
f 3959 4161 3961
f 3912 3960 3961
f 3958 4153 4124
f 4094 4124 4153
f 3959 4162 4161
f 3962 4163 4162
f 4102 4163 4126
f 3912 3961 4161
f 3963 4097 4106
f 3965 4127 4126
f 4128 4134 4130
f 4129 4131 4137
f 4132 4133 4138
f 4093 4132 4139
f 4130 4134 4136
f 3872 4094 4153
f 4129 4137 4135
f 4133 4149 4138
f 4133 4146 4149
f 4099 4137 4131
f 4132 4138 4139
f 4135 4137 4136
f 4134 4135 4136
f 4139 4149 4150
f 4139 4150 4140
f 4140 4150 4141
f 4138 4149 4139
f 4143 4152 4144
f 3889 4146 4133
f 4101 4143 4144
f 4101 4144 4145
f 4144 4160 4145
f 4146 4147 4149
f 4148 4150 4149
f 4147 4148 4149
f 4148 4154 4150
f 4141 4154 4155
f 4142 4155 4156
f 4141 4155 4142
f 4141 4150 4154
f 4143 4156 4151
f 4151 4160 4152
f 4142 4156 4143
f 4143 4151 4152
f 4144 4152 4160
f 4160 4162 4163
f 4151 4156 4157
f 4151 4157 4159
f 4157 4158 4159
f 3891 4157 4156
f 4158 4161 4159
f 4159 4161 4162
f 3893 4158 4157
f 4151 4159 4160
f 4159 4162 4160
f 4102 4145 4163
f 4145 4160 4163
f 3942 4112 4164
f 3993 4164 4165
f 4002 4168 4171
f 4003 4171 4172
f 4169 4173 4172
f 4169 4172 4170
f 4168 4169 4170
f 4168 4170 4171
f 4170 4172 4171
f 4002 4171 4003
f 4003 4172 4004
f 4004 4172 4174
f 3117 4177 4175
f 3118 4176 4178
f 3117 3120 4179
f 3118 4178 3121
f 3121 4178 3127
f 1167 4175 4177
f 1169 4178 4176
f 3117 4179 4177
f 1167 4177 4185
f 1169 1220 4178
f 4177 4179 4186
f 4179 4181 4186
f 4178 4241 4180
f 3120 3129 4179
f 3129 3148 4183
f 3127 4178 4180
f 3129 4181 4179
f 3127 4180 4182
f 3129 4183 4181
f 4180 4241 4182
f 4181 4183 4242
f 3127 4182 4184
f 4182 4244 4184
f 3148 4342 4183
f 4183 4342 4243
f 4184 4245 4343
f 4177 4186 4185
f 1220 4241 4178
f 4185 4186 4194
f 1220 4213 4241
f 4186 4242 4212
f 1239 4185 4189
f 4185 4193 4189
f 1241 4191 4209
f 1241 4209 4187
f 4185 4194 4193
f 1220 4187 4213
f 1245 4218 4210
f 4191 4210 4211
f 4191 4211 4209
f 1239 4189 4188
f 4188 4189 4192
f 4188 4192 4190
f 1234 4190 4216
f 1243 4201 1246
f 1244 1246 4202
f 1244 4218 1245
f 1245 4210 4191
f 4189 4193 4192
f 4192 4193 4215
f 1244 4202 4218
f 4190 4192 4217
f 1236 4216 4844
f 1238 4195 4199
f 1242 4199 4200
f 1243 4200 4201
f 1232 4203 4195
f 1231 4197 4203
f 1319 4196 4205
f 1319 4205 4197
f 1246 4201 4202
f 4195 4229 4199
f 4195 4203 4229
f 4203 4205 4204
f 4204 4206 4228
f 4206 4207 4228
f 4197 4205 4203
f 4196 4206 4205
f 4196 4207 4206
f 4196 4198 4207
f 4204 4205 4206
f 4198 4235 4207
f 4198 4232 4235
f 4198 4208 4232
f 4186 4212 4194
f 4187 4209 4213
f 4209 4211 4213
f 4213 4214 4241
f 4211 4214 4213
f 4194 4212 4249
f 4211 4272 4214
f 4193 4194 4215
f 4190 4217 4216
f 4192 4215 4217
f 4194 4249 4215
f 4216 4217 4251
f 4215 4249 4217
f 4216 4251 4300
f 4200 4223 4201
f 4201 4223 4202
f 4202 4252 4218
f 4199 4220 4222
f 4210 4218 4257
f 4218 4254 4253
f 4200 4222 4223
f 4219 4229 4224
f 4202 4223 4221
f 4202 4221 4252
f 4218 4252 4254
f 4219 4224 4220
f 4220 4224 4225
f 4210 4257 4211
f 4218 4253 4257
f 4220 4225 4226
f 4220 4255 4222
f 4220 4226 4255
f 4224 4227 4225
f 4226 4227 4264
f 4225 4227 4226
f 4237 4271 4264
f 4199 4222 4200
f 4199 4229 4219
f 4199 4219 4220
f 4203 4204 4229
f 4207 4231 4228
f 4207 4235 4231
f 4204 4228 4224
f 4204 4224 4229
f 4231 4235 4233
f 4224 4228 4231
f 4232 4233 4235
f 4232 4237 4233
f 4232 4234 4237
f 4208 4234 4232
f 4208 4230 4238
f 4208 4238 4234
f 4227 4231 4233
f 4224 4231 4227
f 4233 4237 4264
f 4234 4236 4237
f 4234 4238 4236
f 4236 4238 4239
f 4227 4233 4264
f 4236 4271 4237
f 4239 4240 4301
f 4238 4240 4239
f 4230 4240 4238
f 4230 4302 4240
f 4230 4849 4302
f 4181 4242 4186
f 4182 4241 4244
f 4241 4272 4244
f 4244 4272 4304
f 4183 4243 4242
f 4242 4243 4250
f 4184 4244 4245
f 4244 4304 4305
f 4244 4305 4308
f 4244 4311 4328
f 4244 4308 4311
f 4244 4328 4245
f 4246 4312 4247
f 4245 4328 4246
f 4247 4248 4432
f 4248 4326 4434
f 4322 4464 4463
f 4325 4463 4465
f 4214 4272 4241
f 4212 4242 4250
f 4212 4250 4249
f 4249 4250 4314
f 4217 4249 4329
f 4217 4329 4251
f 4216 4300 4853
f 4211 4257 4256
f 4211 4256 4272
f 4222 4260 4223
f 4221 4223 4260
f 4221 4260 4252
f 4222 4255 4260
f 4253 4254 4259
f 4252 4259 4254
f 4252 4258 4259
f 4252 4260 4258
f 4253 4259 4261
f 4253 4261 4262
f 4258 4260 4268
f 4255 4267 4260
f 4253 4274 4257
f 4253 4262 4274
f 4258 4278 4259
f 4259 4278 4261
f 4258 4268 4278
f 4255 4263 4267
f 4263 4266 4267
f 4226 4264 4263
f 4226 4263 4255
f 4263 4264 4265
f 4263 4265 4266
f 4265 4271 4266
f 4264 4271 4265
f 4236 4270 4271
f 4239 4301 4296
f 4260 4267 4268
f 4266 4290 4267
f 4266 4270 4269
f 4267 4290 4268
f 4266 4269 4290
f 4269 4270 4293
f 4270 4296 4293
f 4239 4296 4270
f 4266 4271 4270
f 4296 4301 4297
f 4256 4257 4275
f 4256 4304 4272
f 4257 4274 4275
f 4262 4273 4274
f 4256 4275 4304
f 4275 4305 4304
f 4273 4277 4274
f 4273 4281 4277
f 4274 4276 4275
f 4274 4277 4276
f 4275 4276 4305
f 4277 4281 4306
f 4281 4285 4306
f 4261 4273 4262
f 4261 4278 4273
f 4273 4280 4281
f 4273 4279 4280
f 4279 4294 4283
f 4282 4294 4291
f 4279 4283 4280
f 4282 4283 4294
f 4280 4285 4281
f 4280 4283 4285
f 4282 4286 4283
f 4282 4295 4284
f 4282 4284 4286
f 4284 4298 4288
f 4283 4318 4285
f 4283 4287 4318
f 4283 4286 4287
f 4284 4288 4286
f 4288 4298 4289
f 4288 4289 4321
f 4268 4291 4278
f 4268 4290 4291
f 4269 4295 4290
f 4273 4278 4279
f 4278 4291 4294
f 4290 4295 4291
f 4269 4292 4295
f 4269 4293 4292
f 4292 4293 4296
f 4278 4294 4279
f 4282 4291 4295
f 4284 4295 4292
f 4284 4292 4298
f 4292 4297 4298
f 4292 4296 4297
f 4297 4299 4298
f 4289 4298 4299
f 4297 4301 4336
f 4236 4239 4270
f 4240 4335 4301
f 4240 4302 4334
f 4251 4330 4300
f 4251 4329 4330
f 4300 4332 4853
f 4240 4334 4335
f 4302 4849 4340
f 4243 4303 4250
f 4250 4303 4314
f 4276 4308 4305
f 4306 4310 4307
f 4306 4309 4310
f 4276 4277 4307
f 4277 4306 4307
f 4285 4309 4306
f 4276 4307 4308
f 4307 4311 4308
f 4307 4310 4311
f 4309 4317 4313
f 4309 4312 4310
f 4309 4313 4312
f 4310 4328 4311
f 4310 4312 4328
f 4249 4314 4329
f 4315 4320 4325
f 4285 4316 4317
f 4285 4318 4316
f 4285 4317 4309
f 4286 4319 4287
f 4287 4320 4318
f 4316 4318 4320
f 4287 4319 4320
f 4288 4322 4319
f 4286 4288 4319
f 4315 4317 4316
f 4315 4316 4320
f 4319 4327 4320
f 4319 4322 4327
f 4320 4327 4323
f 4288 4321 4322
f 4289 4299 4336
f 4297 4336 4299
f 4313 4317 4315
f 4320 4323 4325
f 4315 4325 4324
f 4315 4324 4326
f 4248 4313 4315
f 4248 4315 4326
f 4289 4337 4321
f 4321 4337 4322
f 4246 4328 4312
f 4247 4312 4313
f 4247 4313 4248
f 4303 4444 4445
f 4303 4445 4314
f 4314 4446 4329
f 4314 4445 4446
f 4322 4463 4327
f 4323 4327 4463
f 4323 4463 4325
f 4324 4325 4465
f 4324 4465 4326
f 4300 4330 4331
f 4300 4331 4332
f 4332 4333 4853
f 4329 4446 4330
f 4330 4454 4331
f 4331 4567 4332
f 4301 4335 4336
f 4334 4339 4335
f 4289 4336 4337
f 4322 4337 4464
f 4335 4468 4336
f 4335 4339 4468
f 4334 4338 4339
f 4302 4338 4334
f 4302 4340 4338
f 4338 4340 4341
f 4340 4865 4341
f 4341 4865 4866
f 4341 4866 4577
f 4577 4866 4869
f 3127 4184 3150
f 3148 3155 4342
f 3155 3157 4342
f 3150 4344 3156
f 3150 4184 4343
f 3150 4343 4344
f 4342 4345 4431
f 4343 4429 4344
f 3157 4345 4342
f 3156 4344 4349
f 4344 4437 4350
f 4344 4350 4349
f 4349 4350 4362
f 4350 4351 4362
f 3156 4346 4354
f 3157 3405 4345
f 3405 4353 4345
f 3405 4374 4353
f 3156 4347 4348
f 3156 4348 4346
f 3156 4349 4347
f 4345 4353 4651
f 4353 4375 4651
f 4353 4374 4375
f 3156 4354 3402
f 3402 4354 3403
f 3403 4354 4379
f 3403 4379 5395
f 4355 5389 4356
f 4355 4359 5392
f 4356 5390 4357
f 4358 4420 5394
f 4379 5399 5395
f 4357 5398 4426
f 4424 4425 5396
f 4409 5401 4425
f 4413 5402 5399
f 4424 5400 4427
f 4346 4379 4354
f 4347 4361 4348
f 4346 4348 4361
f 4347 4349 4360
f 4349 4362 4360
f 4347 4360 4361
f 4346 4361 4379
f 4360 4363 4361
f 4360 4364 4363
f 4360 4362 4364
f 4351 4364 4362
f 4352 4365 4364
f 4351 4352 4364
f 4376 4663 4653
f 4363 4366 4367
f 4364 4365 4366
f 4363 4364 4366
f 4361 4363 4379
f 4363 4367 4379
f 4365 4372 4366
f 4366 4373 4367
f 4367 4373 4379
f 4365 4368 4372
f 4352 4368 4365
f 4368 4666 4372
f 4366 4372 4373
f 4370 4661 4662
f 4369 4370 4662
f 4369 4662 4663
f 4370 4371 4661
f 4369 4663 4376
f 4372 4400 4373
f 4374 4378 4375
f 4374 4421 4378
f 4378 4394 4396
f 4378 4421 4394
f 4376 4665 4377
f 4376 4653 4665
f 4375 4378 4660
f 4376 4377 4392
f 4377 4665 4378
f 4377 4378 4396
f 4390 4391 4397
f 4381 4387 4385
f 4381 4385 4386
f 4380 4386 4393
f 4380 4393 4422
f 4393 4395 4422
f 4380 4381 4386
f 4381 4382 4387
f 4388 4390 4389
f 4388 4391 4390
f 4384 4393 4386
f 4383 4389 4392
f 4383 4392 4384
f 4383 4384 4386
f 4384 4392 4394
f 4383 4386 4385
f 4385 4387 4388
f 4383 4385 4388
f 4383 4388 4389
f 4387 4391 4388
f 4393 4394 4395
f 4392 4396 4394
f 4384 4394 4393
f 4394 4421 4395
f 4387 4426 4391
f 4376 4392 4389
f 4369 4389 4390
f 4370 4390 4397
f 4370 4397 4371
f 4369 4376 4389
f 4369 4390 4370
f 4371 4411 4661
f 4371 4397 4411
f 4377 4396 4392
f 4391 4410 4397
f 4397 4410 4411
f 4372 4666 4399
f 4372 4399 4400
f 4399 4666 4402
f 4373 4400 4398
f 4398 4400 4401
f 4399 4402 4400
f 4400 4402 4401
f 4401 4402 4403
f 4401 4403 4405
f 4402 4404 4403
f 4403 4406 4405
f 4403 4404 4672
f 4403 4672 4406
f 4373 4413 4379
f 4391 4426 4410
f 4407 4677 4408
f 4408 4678 4409
f 4373 4398 4413
f 4398 4401 4413
f 4410 4426 4411
f 4411 4426 4412
f 4401 4414 4413
f 4405 4406 4414
f 4401 4405 4414
f 4406 4676 4414
f 4414 4676 4687
f 4414 4687 4691
f 4407 4813 4682
f 4407 4427 4811
f 4409 4683 4716
f 4427 4714 4811
f 4407 4811 4812
f 4407 4812 4813
f 4355 4415 4359
f 4355 4356 4417
f 4356 4357 4418
f 4359 4415 4416
f 4355 4417 4415
f 4356 4418 4417
f 4359 4416 4419
f 4380 4415 4381
f 4416 4422 4423
f 4380 4422 4416
f 4382 4417 4418
f 4381 4415 4417
f 4381 4417 4382
f 4380 4416 4415
f 4416 4423 4419
f 4419 4421 4420
f 4357 4426 4418
f 4374 5394 4420
f 4358 4359 4419
f 4358 4419 4420
f 4374 4420 4421
f 4395 4423 4422
f 4395 4421 4423
f 4419 4423 4421
f 4382 4418 4426
f 4382 4426 4387
f 4379 4413 5399
f 4407 4408 4425
f 4408 4409 4425
f 4407 4424 4427
f 4407 4425 4424
f 4413 4414 5402
f 4409 4716 5401
f 4426 5404 4717
f 4412 4426 4717
f 4412 4717 4702
f 4702 4717 4703
f 4243 4431 4303
f 4243 4342 4431
f 4245 4429 4343
f 4344 4429 4428
f 4428 4435 4438
f 4245 4246 4430
f 4303 4431 4444
f 4245 4430 4429
f 4434 4466 4467
f 4246 4432 4430
f 4246 4247 4432
f 4326 4466 4434
f 4326 4465 4466
f 4248 4434 4432
f 4431 4440 4444
f 4440 4455 4444
f 4428 4429 4430
f 4428 4430 4432
f 4428 4432 4433
f 4432 4434 4433
f 4434 4467 4436
f 4428 4433 4435
f 4433 4434 4435
f 4434 4436 4435
f 4435 4436 4474
f 4440 4441 4455
f 4441 4442 4455
f 4345 4439 4431
f 4344 4438 4437
f 4344 4428 4438
f 4350 4437 4476
f 4437 4438 4474
f 4435 4474 4438
f 4345 4651 4439
f 4439 4651 4443
f 4443 4651 4652
f 4431 4439 4440
f 4439 4441 4440
f 4439 4443 4441
f 4441 4443 4499
f 4441 4499 4442
f 4444 4455 4445
f 4445 4455 4462
f 4330 4446 4452
f 4445 4462 4446
f 4447 4528 4448
f 4447 4448 4451
f 4446 4461 4452
f 4447 4451 4458
f 4451 4460 4458
f 4448 4449 4451
f 4448 4533 4449
f 4449 4450 4451
f 4450 4460 4451
f 4450 4452 4460
f 4450 4453 4452
f 4450 4454 4453
f 4447 4458 4536
f 4456 4536 4457
f 4457 4536 4458
f 4457 4459 4462
f 4456 4457 4462
f 4442 4609 4455
f 4455 4609 4462
f 4456 4462 4537
f 4462 4609 4537
f 4446 4462 4461
f 4458 4460 4459
f 4457 4458 4459
f 4459 4460 4462
f 4460 4461 4462
f 4452 4461 4460
f 4330 4453 4454
f 4330 4452 4453
f 4331 4454 4567
f 4332 4567 4568
f 4332 4568 4570
f 4450 4567 4454
f 4332 4570 4579
f 4332 4579 4333
f 4336 4473 4337
f 4337 4472 4464
f 4336 4468 4473
f 4465 4467 4466
f 4463 4464 4471
f 4463 4470 4465
f 4465 4469 4467
f 4337 4473 4472
f 4436 4467 4469
f 4465 4470 4469
f 4436 4469 4475
f 4469 4470 4486
f 4470 4471 4487
f 4471 4472 4490
f 4463 4471 4470
f 4464 4472 4471
f 4468 4491 4473
f 4472 4473 4489
f 4468 4492 4491
f 4473 4491 4489
f 4468 4550 4492
f 4437 4474 4476
f 4436 4475 4474
f 4474 4475 4476
f 4475 4477 4476
f 4475 4486 4477
f 4481 4486 4487
f 4350 4476 4351
f 4476 4477 4478
f 4351 4476 4478
f 4351 4478 4352
f 4352 4478 4480
f 4477 4481 4478
f 4477 4486 4481
f 4443 4652 4659
f 4498 4658 4657
f 4496 4657 4654
f 4497 4654 4655
f 4479 4497 4655
f 4478 4481 4480
f 4352 4480 4368
f 4368 4480 4484
f 4484 4485 4666
f 4481 4487 4482
f 4482 4490 4483
f 4481 4482 4484
f 4483 4503 4506
f 4480 4481 4484
f 4479 4664 4502
f 4482 4485 4484
f 4483 4506 4485
f 4482 4483 4485
f 4493 4678 4677
f 4469 4486 4475
f 4470 4487 4486
f 4472 4489 4490
f 4471 4490 4487
f 4497 4539 4538
f 4496 4538 4540
f 4488 4542 4541
f 4488 4541 4539
f 4498 4544 4545
f 4501 4545 4609
f 4498 4540 4543
f 4498 4543 4544
f 4495 4496 4540
f 4495 4540 4498
f 4498 4545 4501
f 4442 4501 4609
f 4496 4497 4538
f 4488 4539 4497
f 4488 4502 4542
f 4482 4487 4490
f 4483 4490 4489
f 4489 4491 4503
f 4491 4509 4503
f 4491 4492 4509
f 4492 4550 4510
f 4502 4505 4542
f 4493 4513 4610
f 4493 4611 4504
f 4504 4611 4514
f 4479 4494 4497
f 4479 4502 4494
f 4488 4497 4494
f 4488 4494 4502
f 4443 4659 4499
f 4499 4659 4500
f 4495 4657 4496
f 4495 4498 4657
f 4496 4654 4497
f 4498 4500 4659
f 4442 4499 4501
f 4499 4500 4501
f 4498 4501 4500
f 4483 4489 4503
f 4502 4664 4505
f 4493 4504 4678
f 4506 4507 4669
f 4503 4507 4506
f 4507 4511 4679
f 4511 4515 4692
f 4515 4708 4692
f 4492 4510 4509
f 4508 4510 4550
f 4508 4615 4516
f 4503 4509 4507
f 4493 4680 4513
f 4509 4510 4511
f 4510 4512 4511
f 4507 4509 4511
f 4493 4677 4680
f 4504 4514 4681
f 4511 4512 4515
f 4513 4680 4705
f 4508 4512 4510
f 4508 4516 4512
f 4513 4520 4616
f 4505 4684 4626
f 4513 4705 4519
f 4514 4521 4706
f 4626 4707 4628
f 4514 4627 4521
f 4515 4516 4517
f 4515 4517 4708
f 4512 4516 4515
f 4518 4519 4705
f 4696 4708 4740
f 4517 4740 4708
f 4516 4618 4517
f 4517 4630 4740
f 4517 4618 4630
f 4513 4519 4520
f 4628 4707 4713
f 4522 4530 4523
f 4524 4525 4534
f 4448 4528 4530
f 4529 4532 4531
f 4526 4530 4528
f 4527 4529 4531
f 4526 4527 4531
f 4448 4530 4533
f 4525 4531 4532
f 4523 4530 4526
f 4523 4526 4531
f 4522 4533 4530
f 4523 4531 4525
f 4525 4532 4534
f 4524 4534 4558
f 4339 4550 4468
f 4338 4548 4339
f 4338 4555 4548
f 4526 4528 4539
f 4447 4536 4528
f 4526 4541 4527
f 4527 4542 4529
f 4528 4536 4538
f 4526 4539 4541
f 4528 4538 4539
f 4527 4541 4542
f 4529 4542 4546
f 4536 4537 4543
f 4536 4540 4538
f 4536 4543 4540
f 4537 4544 4543
f 4537 4545 4544
f 4537 4609 4545
f 4456 4537 4536
f 4529 4546 4532
f 4532 4546 4558
f 4532 4558 4534
f 4524 4558 4559
f 4339 4548 4550
f 4549 4553 4557
f 4549 4557 4611
f 4549 4610 4553
f 4553 4610 4613
f 4551 4554 4552
f 4552 4554 4556
f 4547 4556 4554
f 4551 4613 4554
f 4535 4547 4554
f 4535 4588 4547
f 4547 4588 4556
f 4535 4554 4613
f 4535 4613 4578
f 4551 4557 4553
f 4551 4552 4557
f 4552 4556 4557
f 4551 4553 4613
f 4556 4588 4614
f 4556 4614 4557
f 4588 4589 4614
f 4578 4613 4606
f 4522 4523 4560
f 4523 4525 4561
f 4522 4560 4562
f 4524 4566 4525
f 4523 4561 4560
f 4525 4566 4561
f 4522 4562 4533
f 4449 4533 4564
f 4449 4563 4450
f 4533 4562 4564
f 4449 4564 4563
f 4524 4565 4566
f 4450 4563 4567
f 4563 4564 4569
f 4561 4566 4573
f 4560 4561 4574
f 4560 4575 4562
f 4562 4580 4564
f 4563 4568 4567
f 4563 4569 4568
f 4568 4569 4570
f 4564 4571 4569
f 4569 4579 4570
f 4524 4559 4565
f 4565 4572 4566
f 4564 4580 4571
f 4562 4575 4580
f 4569 4571 4579
f 4333 4579 4585
f 4561 4573 4574
f 4560 4574 4575
f 4566 4572 4573
f 4565 4576 4572
f 4572 4582 4573
f 4572 4576 4582
f 4338 4341 4555
f 4341 4577 4555
f 4577 4869 4876
f 4565 4593 4576
f 4571 4581 4579
f 4571 4580 4581
f 4580 4584 4581
f 4579 4581 4583
f 4573 4597 4574
f 4576 4596 4582
f 4579 4583 4585
f 4574 4598 4575
f 4573 4582 4601
f 4575 4602 4580
f 4581 4584 4583
f 4580 4602 4584
f 4575 4598 4602
f 4583 4584 4586
f 4583 4586 4585
f 4584 4587 4586
f 4585 4586 4879
f 4535 4578 4588
f 4578 4589 4588
f 4559 4593 4565
f 4578 4591 4589
f 4589 4591 4590
f 4578 4606 4591
f 4590 4591 4592
f 4576 4593 4604
f 4589 4590 4632
f 4589 4632 4614
f 4590 4592 4594
f 4591 4606 4592
f 4590 4594 4632
f 4592 4607 4595
f 4592 4595 4594
f 4576 4604 4596
f 4596 4604 4599
f 4573 4601 4597
f 4574 4597 4598
f 4582 4596 4600
f 4582 4600 4601
f 4596 4599 4600
f 4600 4883 4601
f 4599 4883 4600
f 4584 4602 4603
f 4584 4603 4587
f 4597 4601 4884
f 4597 4886 4598
f 4598 4897 4602
f 4587 4603 4882
f 4599 4604 4605
f 4601 4883 4884
f 4599 4605 4883
f 4508 4550 4548
f 4555 4577 4617
f 4548 4555 4615
f 4555 4617 4615
f 4577 4876 4608
f 4577 4608 4617
f 4592 4606 4607
f 4594 4595 4632
f 4606 4635 4607
f 4608 4876 4888
f 4595 4607 4644
f 4604 4902 4605
f 4608 4888 4638
f 4638 4888 4893
f 4505 4546 4542
f 4505 4558 4546
f 4493 4549 4611
f 4557 4612 4611
f 4557 4614 4612
f 4493 4610 4549
f 4513 4613 4610
f 4514 4611 4612
f 4505 4626 4558
f 4558 4626 4559
f 4559 4628 4593
f 4508 4548 4615
f 4513 4616 4613
f 4514 4612 4627
f 4612 4614 4627
f 4559 4626 4628
f 4606 4613 4621
f 4606 4621 4622
f 4614 4632 4627
f 4593 4628 4629
f 4613 4616 4621
f 4623 4627 4632
f 4615 4617 4618
f 4516 4615 4618
f 4617 4619 4618
f 4618 4619 4630
f 4619 4620 4630
f 4608 4619 4617
f 4616 4624 4621
f 4621 4624 4622
f 4623 4625 4631
f 4623 4639 4625
f 4619 4638 4620
f 4520 4624 4616
f 4521 4627 4623
f 4628 4713 4629
f 4521 4623 4631
f 4629 4713 4753
f 4629 4753 4643
f 4643 4753 4754
f 4593 4629 4604
f 4595 4633 4632
f 4606 4622 4634
f 4606 4634 4635
f 4607 4636 4637
f 4607 4635 4636
f 4632 4633 4641
f 4632 4641 4640
f 4633 4642 4641
f 4633 4649 4642
f 4604 4629 4643
f 4623 4632 4639
f 4632 4640 4639
f 4604 4643 4902
f 4595 4646 4633
f 4607 4637 4644
f 4595 4644 4646
f 4633 4646 4647
f 4633 4647 4649
f 4643 4650 4902
f 4608 4638 4619
f 4620 4638 4759
f 4634 4761 4635
f 4635 4761 4636
f 4640 4641 4766
f 4641 4642 4766
f 4637 4645 4644
f 4644 4645 4646
f 4645 4648 4646
f 4647 4648 4649
f 4646 4648 4647
f 4650 4916 4902
f 4638 4893 4759
f 4636 4761 4637
f 4637 4761 4645
f 4645 4766 4648
f 4642 4649 4766
f 4648 4766 4649
f 4650 4765 4916
f 4643 4754 4650
f 4650 4754 4765
f 4375 4652 4651
f 4655 4662 4656
f 4654 4663 4655
f 4653 4657 4658
f 4653 4654 4657
f 4375 4660 4652
f 4653 4663 4654
f 4653 4658 4665
f 4658 4660 4665
f 4652 4660 4659
f 4479 4655 4656
f 4658 4659 4660
f 4498 4659 4658
f 4368 4484 4666
f 4656 4662 4661
f 4655 4663 4662
f 4411 4656 4661
f 4411 4664 4656
f 4479 4656 4664
f 4378 4665 4660
f 4666 4667 4668
f 4485 4667 4666
f 4485 4506 4667
f 4506 4669 4667
f 4667 4669 4668
f 4668 4669 4670
f 4670 4686 4675
f 4669 4679 4670
f 4670 4679 4686
f 4408 4677 4678
f 4407 4682 4677
f 4402 4666 4671
f 4402 4671 4404
f 4404 4671 4672
f 4666 4668 4671
f 4668 4670 4671
f 4671 4675 4672
f 4672 4674 4673
f 4672 4675 4674
f 4670 4675 4671
f 4674 4675 4688
f 4406 4672 4673
f 4406 4673 4676
f 4507 4679 4669
f 4677 4682 4680
f 4511 4692 4679
f 4678 4681 4683
f 4412 4684 4664
f 4681 4706 4683
f 4675 4686 4685
f 4673 4687 4676
f 4673 4674 4688
f 4673 4688 4687
f 4675 4685 4688
f 4685 4690 4688
f 4687 4688 4689
f 4687 4689 4691
f 4688 4690 4689
f 4689 4699 4691
f 4689 4690 4698
f 4685 4694 4690
f 4689 4698 4699
f 4690 4700 4698
f 4690 4694 4700
f 4682 4813 4701
f 4679 4692 4686
f 4685 4686 4693
f 4685 4693 4694
f 4686 4692 4693
f 4680 4701 4705
f 4694 4695 4700
f 4695 4698 4700
f 4698 4808 4699
f 4694 4809 4695
f 4695 4808 4698
f 4695 4807 4808
f 4695 4809 4807
f 4692 4708 4693
f 4693 4696 4694
f 4693 4708 4696
f 4694 4696 4697
f 4701 4709 4705
f 4694 4697 4809
f 4680 4682 4701
f 4683 4706 4704
f 4684 4703 4707
f 4409 4678 4683
f 4411 4412 4664
f 4412 4702 4684
f 4683 4704 4716
f 4684 4702 4703
f 4703 4814 4707
f 4504 4681 4678
f 4505 4664 4684
f 4514 4706 4681
f 4626 4684 4707
f 4518 4705 4710
f 4706 4712 4711
f 4705 4709 4710
f 4704 4706 4711
f 4521 4712 4706
f 4707 4821 4713
f 4414 5406 5402
f 4414 4691 4719
f 4414 4719 5406
f 4427 5403 4714
f 4714 5403 4715
f 4715 5403 4718
f 4716 4720 5405
f 4717 5409 4726
f 4714 4715 4811
f 4704 4720 4716
f 4715 4718 4815
f 4717 4726 4814
f 4721 5410 5406
f 4719 4721 5406
f 4718 5411 4722
f 4720 4723 5415
f 4721 5424 5410
f 4722 5411 4724
f 4723 4725 5415
f 4718 4722 4823
f 4720 4817 4723
f 4722 4724 4824
f 4723 4825 4725
f 4721 4727 5424
f 4724 5413 4728
f 4725 4729 5425
f 4726 5426 4733
f 4728 5423 4730
f 4729 4731 5425
f 4732 4733 5426
f 4727 4734 5427
f 4730 5423 4736
f 4734 4735 5427
f 4732 5426 4738
f 4731 4737 5430
f 4736 5428 5030
f 4737 5031 5430
f 4738 5431 4739
f 4696 4740 4741
f 4741 4746 4820
f 4748 4819 4820
f 4630 4742 4740
f 4744 4757 4747
f 4740 4743 4741
f 4518 4710 4758
f 4740 4742 4743
f 4518 4758 4519
f 4519 4758 4520
f 4741 4743 4745
f 4741 4745 4746
f 4746 4747 4820
f 4747 4748 4820
f 4744 4747 4746
f 4744 4746 4745
f 4747 4757 4748
f 4748 4757 4810
f 4620 4759 4750
f 4750 4760 4751
f 4750 4759 4760
f 4751 4760 4762
f 4620 4742 4630
f 4620 4750 4742
f 4520 4758 4624
f 4743 4750 4751
f 4742 4750 4743
f 4745 4752 4755
f 4743 4751 4745
f 4744 4745 4755
f 4745 4751 4752
f 4521 4631 4829
f 4624 4758 4764
f 4631 4769 4829
f 4753 4828 4767
f 4753 4767 4754
f 4744 4756 4757
f 4744 4755 4756
f 4749 4757 4756
f 4749 4756 4755
f 4751 4762 4752
f 4752 4762 4755
f 4749 4755 4762
f 4749 4776 4757
f 4767 4828 4772
f 4622 4624 4764
f 4625 4639 4769
f 4622 4764 4634
f 4639 4640 4769
f 4759 4893 4923
f 4759 4923 4760
f 4645 4761 4766
f 4634 4764 4761
f 4640 4766 4769
f 4749 4762 4763
f 4749 4763 4776
f 4760 4923 4762
f 4762 4926 4763
f 4762 4923 4926
f 4761 4764 4769
f 4625 4769 4631
f 4754 4767 4765
f 4765 4768 4916
f 4767 4772 4768
f 4761 4769 4766
f 4765 4767 4768
f 4764 4777 4769
f 4757 4776 4826
f 4758 4770 4777
f 4769 4771 4829
f 4773 4826 4776
f 4770 4831 4774
f 4771 4775 4832
f 4770 4774 4779
f 4763 4946 4776
f 4773 4776 4778
f 4776 4922 4778
f 4777 4779 4780
f 4758 4777 4764
f 4769 4781 4771
f 4769 4777 4781
f 4768 4772 4955
f 4777 4780 4781
f 4772 4948 4955
f 4770 4779 4777
f 4775 4781 4780
f 4772 4782 4948
f 4771 4781 4775
f 4782 4796 4948
f 4773 4786 4830
f 4797 4975 4980
f 4784 4801 4981
f 4801 4804 4981
f 4797 4980 5038
f 4804 5033 4981
f 4773 4778 4786
f 4783 4785 4786
f 4787 4801 4791
f 4774 4831 4788
f 4775 4795 4832
f 4782 4834 4796
f 4787 4791 4831
f 4785 4833 4786
f 4795 4835 4832
f 4788 4831 4791
f 4792 4835 4795
f 4794 4834 4836
f 4778 4783 4786
f 4774 4788 4779
f 4775 4780 4790
f 4779 4789 4780
f 4779 4788 4789
f 4780 4789 4790
f 4796 5006 4948
f 4794 5006 4796
f 4783 4975 4785
f 4785 4975 4797
f 4788 4791 4789
f 4792 4795 4793
f 4784 4789 4791
f 4784 4790 4789
f 4784 4793 4790
f 4790 4793 4795
f 4794 4803 5010
f 4775 4790 4795
f 4794 4796 4834
f 4794 4836 4803
f 4798 5035 4804
f 4785 4797 4833
f 4787 4798 4801
f 4792 4802 4799
f 4800 4803 4836
f 4792 4799 4835
f 4797 5038 4833
f 4799 4802 5036
f 4798 4804 4801
f 4800 4806 4803
f 4784 4791 4801
f 4792 4982 4802
f 4792 4793 4982
f 4802 4982 4805
f 4804 5035 5033
f 4802 4805 5036
f 4805 5039 5036
f 4806 5037 5123
f 4800 5037 4806
f 4699 4808 4810
f 4807 4818 4819
f 4807 4809 4818
f 4807 4819 4808
f 4808 4819 4810
f 4701 4815 4709
f 4704 4711 4816
f 4709 4815 4823
f 4719 4810 4826
f 4691 4699 4719
f 4699 4810 4719
f 4701 4813 4815
f 4811 4815 4812
f 4812 4815 4813
f 4703 4717 4814
f 4715 4815 4811
f 4704 4816 4720
f 4718 4823 4815
f 4720 4816 4817
f 4696 4741 4697
f 4697 4741 4809
f 4741 4818 4809
f 4818 4820 4819
f 4741 4820 4818
f 4748 4810 4819
f 4707 4814 4821
f 4709 4823 4710
f 4711 4712 4829
f 4521 4829 4712
f 4713 4821 4828
f 4710 4823 4758
f 4757 4826 4810
f 4816 4829 4817
f 4711 4829 4816
f 4821 4822 4828
f 4822 4827 4828
f 4821 4827 4822
f 4814 4827 4821
f 4719 4826 4721
f 4722 4824 4823
f 4723 4817 4825
f 4726 4827 4814
f 4721 4826 4727
f 4724 4831 4824
f 4725 4825 4832
f 4817 4829 4825
f 4770 4823 4824
f 4758 4823 4770
f 4771 4825 4829
f 4773 4830 4826
f 4770 4824 4831
f 4771 4832 4825
f 4726 4733 4827
f 4713 4828 4753
f 4772 4828 4827
f 4772 4827 4782
f 4782 4827 4834
f 4727 4826 4830
f 4724 4728 4831
f 4725 4832 4729
f 4733 4834 4827
f 4728 4730 4831
f 4729 4832 4731
f 4727 4830 4734
f 4730 4787 4831
f 4786 4833 4830
f 4731 4832 4835
f 4732 4836 4834
f 4734 4830 4833
f 4734 4833 4735
f 4730 4736 4787
f 4731 4835 4737
f 4732 4738 4836
f 4735 4833 5028
f 4736 5030 4798
f 4738 4739 4800
f 4737 5036 5031
f 4736 4798 4787
f 4737 4835 4799
f 4738 4800 4836
f 4833 5038 5028
f 4798 5030 5035
f 4737 4799 5036
f 4739 5037 4800
f 4732 4834 4733
f 1236 4844 1311
f 1311 4845 1313
f 1308 4847 1310
f 1310 4847 1314
f 1305 4845 4847
f 1311 4844 4845
f 1314 4847 4840
f 1318 1320 4198
f 1318 4198 4196
f 1320 4839 4837
f 1320 4837 4208
f 4837 4842 4838
f 4838 4842 4843
f 1320 4208 4198
f 4208 4837 4838
f 1314 4840 4839
f 4837 4839 4840
f 4837 4840 4842
f 4840 4841 4842
f 4230 4838 4843
f 4208 4838 4230
f 4841 4848 4842
f 4842 4848 4843
f 4844 4846 4845
f 4840 4847 4850
f 4845 4846 4847
f 4216 4853 4844
f 4844 4851 4846
f 4846 4850 4847
f 4230 4843 4849
f 4843 4848 4849
f 4840 4855 4841
f 4841 4855 4848
f 4840 4850 4855
f 4848 4852 4849
f 4844 4853 4851
f 4846 4851 4850
f 4850 4851 4855
f 4848 4855 4857
f 4848 4862 4852
f 4849 4852 4856
f 4851 4853 4854
f 4851 4854 4855
f 4848 4857 4858
f 4854 4857 4855
f 4848 4858 4862
f 4340 4849 4856
f 4852 4860 4859
f 4852 4859 4856
f 4853 4863 4854
f 4854 4863 4862
f 4854 4858 4857
f 4854 4862 4858
f 4852 4864 4860
f 4852 4862 4864
f 4859 4860 4861
f 4333 4863 4853
f 4862 4863 4864
f 4860 4864 4873
f 4860 4873 4867
f 4863 4873 4864
f 4340 4856 4865
f 4856 4859 4865
f 4861 4866 4865
f 4859 4861 4865
f 4860 4868 4861
f 4866 4868 4869
f 4860 4867 4868
f 4861 4868 4866
f 4867 4874 4868
f 4868 4878 4869
f 4871 4872 4979
f 4333 4585 4863
f 4863 4875 4873
f 4867 4873 4875
f 4585 4879 4863
f 4863 4879 4875
f 4867 4875 4874
f 4874 4875 4880
f 4874 4880 4877
f 4877 4880 4881
f 4869 4878 4876
f 4868 4874 4878
f 4874 4877 4878
f 4876 4878 4889
f 4877 4890 4878
f 4586 4587 4879
f 4875 4879 4880
f 4879 4881 4880
f 4587 4882 4879
f 4879 4882 4895
f 4602 4897 4603
f 4603 4895 4882
f 4879 4895 4899
f 4597 4884 4885
f 4597 4885 4886
f 4598 4886 4896
f 4598 4896 4897
f 4603 4897 4898
f 4877 4881 4887
f 4877 4887 4890
f 4879 4887 4881
f 4879 4901 4887
f 4887 4901 4890
f 4878 4890 4889
f 4876 4889 4888
f 4605 4902 4883
f 4888 4889 4891
f 4889 4890 4891
f 4890 4892 4891
f 4890 4910 4892
f 4888 4891 4893
f 4891 4892 4894
f 4891 4894 4893
f 4892 4924 4894
f 4893 4894 4920
f 4603 4900 4895
f 4603 4898 4900
f 4879 4899 4908
f 4895 4900 4899
f 4899 4900 4907
f 4879 4908 4901
f 4885 4906 4886
f 4897 4903 4898
f 4886 4906 4896
f 4896 4909 4897
f 4883 4905 4884
f 4884 4905 4885
f 4883 4902 4904
f 4898 4903 4900
f 4900 4903 4907
f 4897 4909 4903
f 4883 4904 4905
f 4885 4905 4906
f 4896 4906 4909
f 4899 4907 4908
f 4903 4917 4907
f 4903 4909 4918
f 4907 4917 4908
f 4908 4917 4910
f 4890 4901 4910
f 4901 4908 4910
f 4892 4910 4911
f 4910 4917 4911
f 4902 4916 4904
f 4904 4912 4905
f 4905 4913 4906
f 4906 4914 4909
f 4905 4912 4913
f 4904 4916 4912
f 4906 4913 4914
f 4903 4918 4917
f 4909 4914 4915
f 4909 4915 4918
f 4892 4911 4924
f 4911 4917 4919
f 4917 4918 4919
f 4915 4929 4918
f 4918 4930 4919
f 4911 4919 4931
f 4893 4920 4923
f 4894 4924 4920
f 4778 4922 4977
f 4912 4934 4913
f 4912 4916 4933
f 4913 4935 4914
f 4920 4924 4928
f 4911 4931 4924
f 4924 4931 4928
f 4763 4926 4925
f 4925 4926 4927
f 4921 4926 4923
f 4763 4925 4946
f 4925 4927 4946
f 4920 4921 4923
f 4921 4927 4926
f 4920 4928 4921
f 4921 4947 4927
f 4921 4928 4947
f 4914 4936 4915
f 4915 4936 4929
f 4918 4929 4930
f 4919 4930 4931
f 4912 4933 4934
f 4768 4932 4916
f 4916 4932 4933
f 4913 4934 4935
f 4914 4935 4936
f 4929 4942 4930
f 4930 4943 4931
f 4929 4936 4941
f 4932 4937 4933
f 4768 4950 4932
f 4932 4950 4937
f 4933 4938 4934
f 4933 4937 4938
f 4937 4950 4951
f 4937 4951 4938
f 4938 4951 4952
f 4934 4939 4935
f 4934 4938 4939
f 4935 4939 4940
f 4935 4940 4936
f 4936 4940 4944
f 4938 4952 4939
f 4939 4953 4940
f 4939 4952 4953
f 4940 4954 4944
f 4940 4953 4954
f 4929 4941 4942
f 4930 4942 4943
f 4936 4944 4941
f 4941 4944 4942
f 4942 4944 4964
f 4944 4954 4964
f 4942 4966 4943
f 4928 4931 4945
f 4928 4945 4968
f 4931 4943 4945
f 4943 4968 4945
f 4776 4946 4922
f 4927 4947 4946
f 4922 4946 4947
f 4922 4947 4969
f 4928 4968 4947
f 4948 5004 4958
f 4958 5005 4959
f 4949 4959 5005
f 4922 4969 4974
f 4922 4974 5009
f 4768 4955 4950
f 4950 4955 4951
f 4951 4957 4952
f 4951 4955 4956
f 4951 4956 4957
f 4952 4960 4953
f 4953 4961 4954
f 4954 4961 4964
f 4952 4957 4960
f 4953 4960 4961
f 4955 4958 4956
f 4956 4959 4957
f 4956 4958 4959
f 4957 4959 4962
f 4957 4962 4960
f 4960 4963 4961
f 4961 4963 4965
f 4960 4962 4963
f 4942 4964 4966
f 4961 4965 4964
f 4964 4965 4966
f 4965 4967 4966
f 4947 4968 4969
f 4966 4974 4969
f 4943 4966 4968
f 4966 4969 4968
f 4948 4958 4955
f 4949 4962 4959
f 4962 4970 4963
f 4963 4972 4965
f 4963 4970 4972
f 4965 4972 4973
f 4949 4970 4962
f 4970 4971 4972
f 4967 4973 4974
f 4971 4973 4972
f 4965 4973 4967
f 4966 4967 4974
f 4975 4976 4991
f 4778 4977 4783
f 4783 4977 4976
f 4783 4976 4975
f 4983 5013 5010
f 4976 4977 5021
f 4976 5023 4991
f 4976 5022 5023
f 4978 4980 4991
f 4784 4981 4793
f 4793 4981 4982
f 4803 4984 4983
f 4975 4991 4980
f 4985 5014 5013
f 4983 4984 5013
f 4984 4985 5013
f 4985 4986 5014
f 4986 4987 5012
f 4984 4996 4985
f 4985 4997 4986
f 4986 4998 4987
f 4987 4988 5024
f 4987 4999 4988
f 4988 5026 5025
f 4978 5038 4980
f 4981 5124 4982
f 4978 4979 5038
f 4981 5033 5124
f 4982 5124 5125
f 4805 4982 5125
f 4805 5125 5039
f 4806 5123 4989
f 4984 4990 4995
f 4989 5123 4994
f 4806 4990 4984
f 4806 4989 4990
f 4978 4991 4992
f 4870 4978 4992
f 4991 4993 4992
f 4870 4992 4993
f 4870 4979 4978
f 4870 4871 4979
f 4991 5023 4993
f 4993 5025 5026
f 4989 4995 4990
f 4984 4995 4996
f 4985 4996 4997
f 4986 4997 4998
f 4989 4994 4995
f 4998 5001 4999
f 4987 4998 4999
f 4988 5000 5026
f 4993 5026 5000
f 4988 4999 5000
f 4999 5002 5000
f 4999 5001 5002
f 5000 5002 5003
f 4870 4993 5003
f 5002 5027 5003
f 4993 5000 5003
f 4958 5004 5005
f 4948 5006 5004
f 4949 5008 4970
f 4949 5005 5007
f 4949 5007 5008
f 4970 5008 5011
f 5009 5020 5021
f 5004 5010 5013
f 5004 5013 5014
f 5005 5014 5012
f 5004 5006 5010
f 5004 5014 5005
f 5005 5012 5007
f 4794 5010 5006
f 5007 5015 5008
f 5008 5015 5011
f 5011 5017 5020
f 5007 5012 5015
f 5011 5015 5016
f 5015 5024 5016
f 5016 5018 5017
f 5016 5024 5018
f 5017 5023 5022
f 5017 5018 5023
f 5017 5021 5020
f 5017 5022 5021
f 5011 5016 5017
f 4970 5011 4971
f 4971 5020 5019
f 4971 5019 4973
f 4971 5011 5020
f 4974 5019 5009
f 5009 5019 5020
f 4973 5019 4974
f 4922 5009 4977
f 4977 5009 5021
f 4976 5021 5022
f 4803 4983 5010
f 4803 4806 4984
f 4986 5012 5014
f 4987 5015 5012
f 4987 5024 5015
f 5018 5024 5025
f 4988 5025 5024
f 4993 5023 5018
f 4993 5018 5025
f 4870 5003 4871
f 4871 5027 4872
f 4871 5003 5027
f 4735 5028 5429
f 5056 5428 5432
f 5028 5029 5429
f 4739 5431 5032
f 5030 5428 5056
f 5031 5057 5433
f 5032 5431 5058
f 5029 5435 5429
f 5052 5056 5432
f 5029 5050 5435
f 5050 5051 5435
f 5057 5059 5433
f 5058 5434 5060
f 5052 5432 5436
f 5059 5437 5433
f 5051 5439 5435
f 5052 5436 5065
f 5051 5064 5439
f 5060 5438 5068
f 5059 5069 5437
f 5068 5438 5070
f 5064 5066 5439
f 5065 5436 5067
f 5069 5071 5437
f 5070 5438 5072
f 5067 5436 5441
f 5071 5442 5437
f 5038 5043 5050
f 5035 5053 5040
f 5036 5041 5054
f 5037 5055 5042
f 5036 5039 5041
f 5033 5035 5126
f 5034 5043 5038
f 5039 5127 5041
f 5035 5040 5126
f 5037 5042 5138
f 5034 5044 5043
f 5040 5053 5045
f 5045 5053 5061
f 5034 5139 5044
f 5041 5127 5046
f 5044 5139 5047
f 5042 5055 5146
f 5041 5046 5062
f 5045 5061 5183
f 5063 5182 5146
f 5047 5179 5048
f 5061 5073 5183
f 5046 5184 5074
f 5075 5186 5182
f 5073 5185 5183
f 5074 5184 5187
f 5073 5076 5185
f 5074 5187 5077
f 5076 5095 5191
f 5077 5190 5097
f 4739 5032 5037
f 5030 5056 5035
f 5031 5054 5057
f 5028 5038 5029
f 5031 5036 5054
f 5029 5038 5050
f 5035 5056 5053
f 5037 5058 5055
f 5032 5058 5037
f 5043 5051 5050
f 5055 5058 5060
f 5052 5053 5056
f 5054 5059 5057
f 5060 5068 5063
f 5043 5044 5051
f 5052 5061 5053
f 5055 5060 5063
f 5054 5062 5059
f 5041 5062 5054
f 5055 5063 5146
f 5044 5064 5051
f 5061 5065 5073
f 5052 5065 5061
f 5059 5062 5069
f 5063 5068 5075
f 5062 5074 5069
f 5068 5070 5075
f 5048 5066 5064
f 5065 5067 5073
f 5070 5072 5075
f 5069 5077 5071
f 5067 5084 5076
f 5071 5077 5094
f 5072 5091 5078
f 5044 5047 5064
f 5046 5074 5062
f 5047 5048 5064
f 5069 5074 5077
f 5063 5075 5182
f 5075 5078 5188
f 5048 5049 5066
f 5067 5076 5073
f 5049 5079 5066
f 5072 5078 5075
f 5066 5083 5439
f 5088 5440 5439
f 5086 5485 5442
f 5091 5443 5486
f 5087 5441 5484
f 5099 5487 5440
f 5089 5484 5488
f 5092 5486 5490
f 5101 5489 5485
f 5105 5491 5487
f 5103 5488 5492
f 5106 5493 5489
f 5102 5490 5494
f 5104 5492 7710
f 5079 5291 5082
f 5095 5096 5278
f 5099 5301 5100
f 5081 5296 5104
f 5066 5082 5083
f 5071 5094 5085
f 5082 5088 5083
f 5084 5087 5093
f 5085 5094 5086
f 5067 5441 5084
f 5071 5085 5442
f 5083 5088 5439
f 5085 5086 5442
f 5084 5441 5087
f 5072 5443 5091
f 5091 5486 5092
f 5088 5099 5440
f 5087 5484 5089
f 5086 5090 5485
f 5066 5079 5082
f 5076 5084 5093
f 5076 5093 5096
f 5077 5097 5094
f 5087 5096 5093
f 5078 5091 5098
f 5086 5094 5097
f 5091 5092 5098
f 5076 5096 5095
f 5082 5291 5088
f 5080 5096 5087
f 5090 5097 5109
f 5092 5110 5098
f 5088 5291 5099
f 5086 5097 5090
f 5080 5087 5089
f 5099 5100 5487
f 5090 5101 5485
f 5089 5488 5103
f 5092 5490 5102
f 5100 5105 5487
f 5101 5106 5489
f 5103 5492 5104
f 5102 5494 5108
f 5106 5107 5493
f 5107 6531 5493
f 5080 5089 5103
f 5092 5102 5110
f 5090 5109 5101
f 5102 5294 5110
f 5080 5103 5292
f 5101 5109 5297
f 5100 5295 5105
f 5106 5111 5107
f 5102 5108 5313
f 5103 5104 5296
f 5101 5297 5106
f 5102 5313 5311
f 5106 5297 5111
f 4872 5112 4979
f 4872 5147 5112
f 5112 5156 5113
f 5112 5113 5132
f 5113 5160 5132
f 5113 5114 5160
f 5116 5362 5117
f 5117 5362 5120
f 5116 5117 5118
f 5117 5120 5119
f 5117 5119 5118
f 5119 5120 5121
f 5120 5386 5121
f 5119 5121 5122
f 5121 5387 5122
f 4979 5132 5034
f 4979 5034 5038
f 5039 5125 5127
f 5033 5128 5124
f 5124 5128 5125
f 5033 5126 5128
f 5125 5128 5135
f 5123 5138 5129
f 5125 5135 5127
f 4979 5112 5132
f 4995 5129 5134
f 4995 5134 5148
f 4996 5148 5149
f 5129 5133 5134
f 5128 5130 5135
f 5130 5131 5135
f 4994 5123 5129
f 4994 5129 4995
f 4998 5136 5001
f 5001 5137 5002
f 4996 5149 4997
f 4997 5151 4998
f 4995 5148 4996
f 5001 5136 5137
f 5002 5137 5027
f 4998 5151 5136
f 4997 5149 5151
f 5136 5151 5152
f 5136 5153 5137
f 5126 5130 5128
f 5127 5135 5131
f 5129 5138 5133
f 5127 5131 5159
f 5133 5138 5141
f 5040 5142 5126
f 5034 5132 5139
f 5132 5160 5139
f 5130 5159 5131
f 5130 5142 5158
f 5126 5142 5130
f 5127 5159 5143
f 5139 5160 5140
f 5045 5144 5142
f 5142 5144 5158
f 5037 5138 5123
f 5040 5045 5142
f 5042 5146 5141
f 5042 5141 5138
f 5046 5127 5143
f 5046 5143 5184
f 5146 5182 5164
f 5141 5146 5164
f 5143 5145 5184
f 4872 5027 5150
f 4872 5150 5147
f 5133 5161 5134
f 5134 5168 5148
f 5148 5167 5149
f 5027 5137 5150
f 5136 5152 5153
f 5137 5153 5150
f 5147 5150 5153
f 5151 5155 5152
f 5152 5154 5153
f 5152 5155 5154
f 5149 5173 5151
f 5153 5154 5156
f 5147 5153 5156
f 5154 5157 5156
f 5151 5173 5155
f 5154 5155 5172
f 5154 5172 5157
f 5112 5147 5156
f 5113 5156 5157
f 5130 5158 5159
f 5134 5161 5166
f 5134 5166 5168
f 5148 5168 5167
f 5149 5167 5173
f 5140 5160 5170
f 5144 5162 5158
f 5158 5163 5159
f 5158 5162 5163
f 5133 5141 5161
f 5141 5165 5161
f 5143 5159 5163
f 5143 5163 5145
f 5141 5164 5165
f 5144 5196 5162
f 5145 5163 5203
f 5164 5198 5171
f 5161 5165 5166
f 5114 5170 5160
f 5165 5171 5166
f 5162 5200 5163
f 5114 5201 5170
f 5166 5221 5168
f 5166 5171 5219
f 5155 5173 5174
f 5155 5174 5172
f 5157 5172 5169
f 5173 5176 5174
f 5172 5174 5175
f 5174 5176 5175
f 5169 5172 5215
f 5172 5175 5215
f 5164 5171 5165
f 5167 5168 5222
f 5173 5177 5176
f 5167 5223 5173
f 5175 5176 5178
f 5176 5177 5178
f 5175 5178 5217
f 5173 5223 5177
f 5177 5216 5178
f 5168 5221 5222
f 5166 5219 5221
f 5171 5218 5219
f 5167 5222 5223
f 5144 5183 5196
f 5140 5170 5179
f 5047 5139 5140
f 5047 5140 5179
f 5045 5183 5144
f 5048 5179 5180
f 5075 5188 5186
f 5145 5197 5184
f 5182 5186 5198
f 5164 5182 5198
f 5183 5185 5199
f 5184 5197 5187
f 5183 5199 5196
f 5187 5197 5208
f 5185 5206 5199
f 5186 5188 5207
f 5048 5180 5049
f 5049 5180 5181
f 5049 5192 5079
f 5076 5189 5185
f 5078 5193 5188
f 5077 5187 5190
f 5076 5191 5189
f 5097 5190 5194
f 5078 5195 5193
f 5187 5208 5190
f 5185 5189 5206
f 5188 5193 5212
f 5049 5181 5192
f 5189 5191 5210
f 5190 5209 5194
f 5193 5195 5213
f 5170 5201 5179
f 5145 5203 5197
f 5162 5196 5200
f 5196 5199 5200
f 5179 5201 5180
f 5180 5202 5181
f 5180 5201 5202
f 5197 5205 5208
f 5163 5200 5203
f 5171 5198 5218
f 5197 5203 5205
f 5199 5204 5200
f 5198 5207 5220
f 5198 5220 5218
f 5200 5204 5203
f 5203 5204 5205
f 5199 5206 5204
f 5204 5206 5243
f 5207 5233 5220
f 5205 5244 5208
f 5181 5242 5192
f 5181 5202 5242
f 5208 5244 5209
f 5206 5210 5245
f 5206 5245 5243
f 5209 5244 5246
f 5192 5242 5247
f 5192 5247 5281
f 5210 5248 5245
f 5210 5316 5248
f 5186 5207 5198
f 5188 5212 5207
f 5207 5212 5237
f 5190 5208 5209
f 5189 5210 5206
f 5193 5213 5212
f 5194 5209 5211
f 5194 5211 5286
f 5195 5288 5213
f 5209 5246 5211
f 5212 5213 5260
f 5211 5246 5249
f 5211 5249 5333
f 5213 5288 5260
f 5078 5098 5195
f 5113 5157 5114
f 5114 5157 5169
f 5115 5169 5215
f 5114 5115 5201
f 5114 5169 5115
f 5115 5215 5217
f 5115 5217 5214
f 5175 5217 5215
f 5178 5216 5217
f 5177 5226 5216
f 5177 5223 5226
f 5214 5217 5241
f 5216 5241 5217
f 5115 5214 5238
f 5115 5238 5201
f 5201 5238 5239
f 5201 5239 5202
f 5218 5220 5219
f 5219 5220 5224
f 5219 5225 5221
f 5221 5228 5222
f 5222 5229 5223
f 5221 5225 5228
f 5222 5228 5229
f 5219 5224 5225
f 5220 5233 5224
f 5216 5226 5227
f 5223 5229 5226
f 5226 5229 5230
f 5226 5230 5227
f 5216 5227 5241
f 5227 5231 5241
f 5224 5235 5225
f 5225 5236 5228
f 5228 5254 5229
f 5229 5232 5230
f 5227 5230 5231
f 5230 5232 5231
f 5204 5243 5205
f 5205 5243 5244
f 5207 5237 5233
f 5202 5250 5242
f 5224 5233 5234
f 5224 5234 5235
f 5225 5235 5236
f 5229 5254 5232
f 5228 5236 5254
f 5233 5237 5234
f 5214 5240 5238
f 5238 5240 5239
f 5202 5239 5250
f 5214 5241 5240
f 5239 5240 5257
f 5240 5241 5257
f 5231 5257 5241
f 5239 5257 5250
f 5250 5257 5258
f 5243 5245 5244
f 5244 5245 5246
f 5245 5248 5246
f 5246 5248 5249
f 5242 5251 5247
f 5234 5237 5260
f 5234 5265 5235
f 5248 5316 5249
f 5249 5316 5333
f 5242 5250 5251
f 5250 5258 5251
f 5251 5270 5252
f 5247 5251 5252
f 5247 5252 5320
f 5231 5232 5253
f 5232 5255 5253
f 5231 5253 5257
f 5232 5254 5255
f 5253 5255 5256
f 5254 5259 5255
f 5254 5263 5259
f 5255 5262 5256
f 5255 5259 5262
f 5253 5256 5257
f 5256 5262 5258
f 5256 5258 5257
f 5212 5260 5237
f 5235 5266 5236
f 5236 5267 5254
f 5234 5260 5264
f 5234 5264 5265
f 5260 5261 5264
f 5260 5288 5335
f 5260 5335 5261
f 5261 5335 5336
f 5259 5268 5262
f 5254 5267 5263
f 5236 5266 5267
f 5259 5263 5268
f 5235 5265 5266
f 5263 5267 5269
f 5258 5262 5268
f 5258 5268 5270
f 5263 5269 5268
f 5268 5269 5272
f 5268 5272 5270
f 5251 5258 5270
f 5261 5337 5264
f 5264 5338 5265
f 5265 5342 5266
f 5261 5336 5337
f 5264 5337 5338
f 5265 5338 5342
f 5267 5271 5269
f 5267 5273 5271
f 5269 5271 5272
f 5266 5343 5267
f 5271 5273 5272
f 5267 5343 5273
f 5266 5342 5343
f 5272 5273 5344
f 5252 5270 5350
f 5252 5350 5320
f 5270 5272 5350
f 5095 5275 5191
f 5097 5194 5276
f 5098 5277 5195
f 5095 5278 5275
f 5097 5276 5279
f 5098 5280 5277
f 5079 5192 5274
f 5191 5275 5210
f 5194 5286 5276
f 5079 5274 5282
f 5275 5278 5283
f 5276 5286 5279
f 5079 5282 5291
f 5097 5279 5109
f 5098 5110 5280
f 5096 5292 5278
f 5080 5292 5096
f 5109 5279 5293
f 5282 5300 5291
f 5279 5289 5293
f 5110 5294 5280
f 5192 5281 5274
f 5274 5281 5282
f 5247 5314 5281
f 5281 5322 5282
f 5283 5318 5285
f 5282 5322 5300
f 5289 5319 5303
f 5300 5322 5357
f 5283 5302 5358
f 5210 5275 5284
f 5195 5277 5288
f 5210 5284 5285
f 5211 5287 5286
f 5277 5280 5290
f 5279 5286 5289
f 5275 5283 5284
f 5283 5285 5284
f 5286 5287 5289
f 5277 5290 5288
f 5210 5285 5316
f 5211 5333 5287
f 5288 5290 5335
f 5287 5319 5289
f 5280 5304 5290
f 5278 5292 5302
f 5280 5294 5304
f 5278 5302 5283
f 5289 5303 5293
f 5099 5291 5301
f 5109 5293 5297
f 5103 5296 5292
f 5102 5311 5294
f 5291 5300 5301
f 5100 5305 5295
f 5100 5301 5305
f 5081 5298 5296
f 5111 5297 5299
f 5311 5313 5312
f 5292 5306 5302
f 5292 5296 5306
f 5297 5303 5308
f 5116 5301 5357
f 5300 5357 5301
f 5294 5309 5304
f 5302 5306 5358
f 5303 5361 5308
f 5296 5307 5306
f 5296 5298 5307
f 5116 5305 5301
f 5309 5311 5373
f 5299 5308 5310
f 5293 5303 5297
f 5294 5311 5309
f 5297 5308 5299
f 5311 5312 5373
f 5247 5315 5314
f 5285 5317 5316
f 5285 5318 5317
f 5316 5317 5333
f 5247 5320 5315
f 5317 5318 5334
f 5281 5314 5322
f 5314 5315 5325
f 5314 5325 5322
f 5318 5319 5334
f 5315 5320 5321
f 5315 5321 5325
f 5321 5331 5325
f 5321 5354 5331
f 5322 5325 5357
f 5283 5323 5318
f 5318 5323 5319
f 5319 5323 5324
f 5290 5332 5326
f 5283 5358 5323
f 5303 5324 5359
f 5303 5319 5324
f 5290 5304 5332
f 5323 5358 5324
f 5325 5331 5356
f 5325 5362 5357
f 5325 5356 5362
f 5327 5328 5341
f 5326 5327 5347
f 5331 5354 5370
f 5327 5364 5328
f 5327 5332 5364
f 5328 5365 5329
f 5326 5332 5327
f 5329 5366 5330
f 5330 5371 5352
f 5352 5369 5355
f 5331 5370 5356
f 5287 5333 5334
f 5287 5334 5319
f 5317 5334 5333
f 5335 5347 5336
f 5290 5347 5335
f 5336 5339 5337
f 5336 5341 5339
f 5337 5340 5338
f 5337 5339 5340
f 5338 5340 5345
f 5273 5343 5344
f 5272 5344 5350
f 5338 5345 5342
f 5342 5345 5346
f 5342 5346 5343
f 5343 5346 5344
f 5344 5346 5348
f 5320 5351 5321
f 5320 5350 5351
f 5344 5349 5351
f 5321 5351 5349
f 5328 5339 5341
f 5328 5340 5339
f 5336 5347 5341
f 5329 5345 5340
f 5345 5352 5346
f 5327 5341 5347
f 5344 5348 5349
f 5346 5352 5348
f 5321 5349 5354
f 5348 5354 5349
f 5344 5351 5350
f 5290 5326 5347
f 5328 5329 5340
f 5329 5330 5345
f 5330 5352 5345
f 5348 5352 5353
f 5352 5355 5353
f 5353 5355 5354
f 5348 5353 5354
f 5354 5355 5370
f 5116 5357 5362
f 5358 5360 5359
f 5306 5360 5358
f 5359 5360 5361
f 5309 5368 5363
f 5309 5374 5368
f 5303 5359 5361
f 5324 5358 5359
f 5304 5363 5332
f 5304 5309 5363
f 5332 5363 5364
f 5120 5362 5356
f 5363 5368 5364
f 5364 5368 5374
f 5328 5364 5365
f 5329 5365 5366
f 5330 5366 5367
f 5330 5367 5371
f 5352 5371 5369
f 5355 5369 5370
f 5369 5372 5370
f 5356 5370 5385
f 5369 5371 5372
f 5371 5384 5372
f 5370 5372 5385
f 5372 5384 5385
f 5384 5386 5385
f 5306 5307 5360
f 5308 5361 6664
f 5360 6663 5361
f 5309 5375 5374
f 5309 5373 5375
f 5116 5118 5305
f 5308 6664 5310
f 5307 6663 5360
f 5364 5374 5375
f 5364 5375 5377
f 5364 5377 5365
f 5365 5378 5366
f 5366 5379 5367
f 5367 5382 5371
f 5371 5380 5384
f 5371 5382 5380
f 5384 5387 5386
f 5380 5387 5384
f 5361 6663 6664
f 5373 5376 5375
f 5373 6665 5376
f 5365 5377 5378
f 5366 5378 5379
f 5375 5376 5377
f 5376 6665 5377
f 5367 5379 5381
f 5367 5381 5382
f 5380 5382 5383
f 5380 5383 5387
f 5120 5356 5385
f 5120 5385 5386
f 5121 5386 5387
f 5122 5387 5388
f 5383 5388 5387
f 4355 5392 5389
f 4358 5393 5392
f 4356 5389 5390
f 4357 5390 5391
f 4357 5391 5398
f 3405 5394 4374
f 4358 5392 4359
f 4358 5394 5393
f 4425 5397 5396
f 4424 5396 5400
f 4425 5401 5397
f 4426 5398 5404
f 4427 5400 5403
f 4716 5405 5401
f 3420 5401 5405
f 3452 5404 5398
f 3453 5403 5400
f 3451 5402 5406
f 5403 5417 5407
f 4717 5404 5409
f 4718 5403 5407
f 4720 5408 5405
f 5406 5412 5416
f 5408 5414 5418
f 5411 5417 5413
f 5406 5410 5412
f 5410 5424 5412
f 5408 5415 5414
f 5407 5417 5411
f 5409 5420 5422
f 5419 5422 5420
f 3452 5420 5404
f 3451 5406 5416
f 3453 5417 5403
f 3454 5408 5418
f 3454 5405 5408
f 5404 5420 5409
f 3486 5413 5417
f 3456 5416 5412
f 3459 5413 3486
f 3460 5418 5414
f 3488 5419 5420
f 3488 5421 5419
f 4718 5407 5411
f 4720 5415 5408
f 4726 5409 5422
f 4724 5411 5413
f 4726 5422 5426
f 4725 5414 5415
f 3456 5412 5424
f 4727 5427 5424
f 5419 5426 5422
f 3461 5428 5423
f 3456 5424 3457
f 3459 3461 5413
f 3460 5414 5425
f 3461 5423 5413
f 3460 5425 3508
f 3509 5426 5419
f 3509 5419 5421
f 3509 5431 5426
f 3938 5424 5427
f 3461 3930 5428
f 3939 5425 5430
f 3508 5425 3939
f 3509 3940 5431
f 4728 5413 5423
f 4725 5425 5414
f 4736 5423 5428
f 4731 5430 5425
f 4735 5429 5427
f 4738 5426 5431
f 3930 5432 5428
f 3932 5430 5433
f 3931 5436 5432
f 3938 5427 5429
f 3940 5434 5431
f 3932 3939 5430
f 3930 3931 5432
f 3940 3941 5434
f 5031 5433 5430
f 5058 5431 5434
f 3934 5433 5437
f 3945 5435 5439
f 3933 5441 5436
f 3967 5437 5442
f 3945 5429 5435
f 3932 5433 3934
f 3931 3933 5436
f 3941 3946 5438
f 3941 5438 5434
f 3934 5437 3967
f 3933 3966 5441
f 3946 5443 5438
f 5060 5434 5438
f 5072 5438 5443
f 4007 5439 5440
f 3968 5448 5441
f 5441 5448 5484
f 4006 5486 5443
f 5442 5485 5449
f 3966 3968 5441
f 3946 4006 5443
f 3967 5442 5449
f 3982 5486 4006
f 3967 5449 3969
f 3980 5487 5461
f 3980 5440 5487
f 5445 5484 5448
f 5449 5485 5481
f 3166 5462 6524
f 3166 5461 5462
f 5461 5487 5462
f 5444 6524 5462
f 5444 5487 5491
f 5444 5462 5487
f 5445 5481 5447
f 5445 5446 5488
f 5447 5481 5489
f 5445 5447 5446
f 5466 7686 5490
f 3980 3981 5440
f 3968 5449 5448
f 3982 5450 5486
f 5451 5463 5464
f 5448 5449 5481
f 5445 5448 5481
f 3968 3969 5449
f 3984 3985 5451
f 3984 5451 5450
f 3985 5452 5451
f 3986 5453 5452
f 5450 5451 5464
f 5451 5452 5463
f 5452 5453 5465
f 5453 5458 5472
f 5454 5473 5458
f 3985 3986 5452
f 3986 3987 5453
f 3987 5455 5458
f 3987 4037 5455
f 4037 5456 5455
f 3987 5458 5453
f 5455 5459 5458
f 5455 5456 5459
f 4039 5477 5457
f 5456 5460 5459
f 5454 5458 5459
f 5454 5459 5460
f 5457 5477 5460
f 5456 5457 5460
f 5450 5464 5486
f 5464 5466 5486
f 5463 5465 5467
f 5463 5466 5464
f 5465 5468 5467
f 5465 5472 5468
f 5468 5472 5469
f 5469 5473 5470
f 5463 5467 5466
f 5471 6212 5480
f 5466 5467 7686
f 5467 5468 7688
f 5468 5469 7687
f 5470 5478 5482
f 5469 5470 7690
f 5469 7690 7687
f 5470 7691 7690
f 5478 7701 5482
f 5470 5482 7691
f 5452 5465 5463
f 5453 5472 5465
f 5458 5473 5472
f 5454 5460 5474
f 4039 5471 5477
f 5473 5474 5475
f 5454 5474 5473
f 5460 5477 5476
f 5460 5476 5474
f 5469 5472 5473
f 5470 5473 5475
f 5474 5476 5475
f 5475 5476 5478
f 5476 5477 5479
f 5470 5475 5478
f 5471 5479 5477
f 5471 5480 5479
f 5476 7701 5478
f 5476 5479 5483
f 5479 5480 5483
f 5480 7700 5483
f 5476 5483 7701
f 5480 7684 7700
f 5467 7688 7686
f 5468 7687 7688
f 5482 7701 7692
f 5483 7700 7701
f 5445 5488 5484
f 5481 5485 5489
f 5466 5490 5486
f 5446 5492 5488
f 5447 5489 5493
f 5490 7686 5494
f 4037 4038 5456
f 4034 5457 5456
f 1640 5496 5495
f 5495 5502 5538
f 5495 5496 5500
f 1640 5497 5496
f 1643 5498 5497
f 5498 1649 5499
f 5498 5499 5742
f 5498 5742 5746
f 5496 5497 5508
f 5497 5498 5511
f 5498 5746 5752
f 5498 5752 5754
f 5498 5754 5753
f 5498 5753 5814
f 5498 5814 5815
f 5498 5815 5816
f 5495 5500 5502
f 5496 5501 5500
f 5504 5622 5882
f 5502 5882 5622
f 5500 5883 5502
f 5500 5501 5883
f 5496 5508 5501
f 5497 5509 5508
f 5497 5510 5509
f 5497 5511 5510
f 5498 5512 5511
f 5498 5513 5512
f 5498 5514 5513
f 5498 5506 5514
f 5498 5816 5817
f 5498 5817 5507
f 5498 5507 5506
f 5501 5508 5903
f 5508 5509 5905
f 5509 5510 5905
f 5510 5511 5905
f 5511 5512 5907
f 5512 5513 5909
f 5513 5514 5902
f 5705 6269 5706
f 5506 6268 5514
f 5706 6267 5707
f 1976 5517 5518
f 1975 5515 5517
f 1976 5518 5516
f 1977 5516 5519
f 1977 5519 5520
f 1984 5520 5521
f 1986 5521 5523
f 1978 5524 5522
f 1985 5527 5524
f 1986 5523 5525
f 1987 5525 5526
f 1988 5528 5527
f 1997 5530 5529
f 1998 5532 5531
f 1998 5531 5515
f 1997 5529 5532
f 2000 5534 5530
f 2001 5538 5543
f 2001 5543 5534
f 2002 5533 5535
f 2007 5535 5540
f 2003 5537 5536
f 1999 5536 5533
f 2004 5522 5537
f 2006 5540 5539
f 2005 5495 5538
f 2008 5539 5541
f 2008 5541 5542
f 5538 5544 5543
f 5519 5605 5520
f 5520 5602 5521
f 5517 5606 5518
f 5516 5518 5604
f 5516 5604 5519
f 5515 5531 5603
f 5515 5603 5517
f 5536 5537 5609
f 5522 5610 5537
f 5520 5605 5602
f 5521 5614 5523
f 5525 5574 5526
f 5523 5613 5525
f 5522 5524 5616
f 5524 5527 5617
f 5521 5602 5614
f 5523 5614 5612
f 5525 5613 5574
f 5527 5528 5618
f 5523 5612 5613
f 5529 5530 5619
f 5531 5532 5603
f 5529 5619 5532
f 5533 5620 5535
f 5530 5534 5619
f 5534 5543 5621
f 5543 5544 5622
f 5535 5625 5540
f 5533 5536 5611
f 5538 5622 5544
f 5539 5540 5627
f 5539 5628 5541
f 5541 5628 5542
f 1987 5526 5545
f 1988 5547 5528
f 2011 5548 5547
f 2012 5545 5546
f 2012 5546 5549
f 2018 5549 5550
f 2011 5551 5548
f 2013 5552 5551
f 2018 5550 5553
f 2020 5553 5555
f 2021 5555 5556
f 2019 5554 5552
f 2019 5558 5554
f 2033 5556 5557
f 2033 5557 5561
f 2030 5559 5558
f 2031 5560 5559
f 2035 5561 5562
f 2038 5562 5565
f 2034 5563 5560
f 2036 5564 5563
f 2037 5568 5564
f 2038 5565 5566
f 2039 5566 5567
f 2039 5567 5569
f 2040 5572 5568
f 2041 5569 5570
f 2041 5570 5571
f 5526 5574 5545
f 5545 5573 5546
f 5545 5574 5573
f 5546 5573 5549
f 5549 5573 5577
f 5549 5577 5550
f 5573 5575 5577
f 5573 5574 5575
f 5528 5547 5652
f 5547 5548 5652
f 5574 5648 5575
f 5575 5576 5577
f 5576 5578 5577
f 5548 5551 5654
f 5551 5552 5655
f 5575 5653 5576
f 5550 5579 5553
f 5553 5579 5555
f 5555 5579 5556
f 5550 5577 5579
f 5556 5580 5557
f 5557 5580 5561
f 5577 5578 5579
f 5552 5554 5661
f 5554 5558 5675
f 5556 5579 5580
f 5558 5559 5676
f 5561 5581 5562
f 5562 5581 5565
f 5559 5560 5687
f 5561 5580 5581
f 5560 5563 5689
f 5567 5665 5569
f 5565 5690 5566
f 5566 5691 5567
f 5563 5564 5694
f 5569 5665 5570
f 5564 5568 5695
f 5570 5697 5571
f 5568 5572 5699
f 2047 5542 5582
f 2047 5582 5583
f 5583 5584 2053
f 5583 5585 5584
f 5585 5848 5584
f 5542 5701 5582
f 5582 5702 5583
f 5583 5707 5585
f 2042 5586 5572
f 2058 5571 5587
f 2057 5588 5586
f 2731 5587 6485
f 2060 5589 5588
f 5590 5591 5595
f 5595 5591 5592
f 5588 5589 5590
f 5588 5590 5595
f 5594 5595 5596
f 5588 5595 5594
f 5594 5596 5597
f 5595 5592 5596
f 5596 5592 5598
f 5598 5592 5600
f 5596 5599 5597
f 5601 5592 5593
f 5601 5593 5855
f 5600 5592 5601
f 5601 5855 5859
f 5594 5597 5599
f 5594 5599 5600
f 5594 5600 5601
f 5596 5598 5599
f 5598 5600 5599
f 5594 5601 5859
f 5594 5859 5860
f 5571 5709 5587
f 5572 5586 5708
f 5587 6562 6485
f 5586 5588 5710
f 5588 5594 5713
f 5517 5603 5606
f 5519 5604 5605
f 5518 5606 5604
f 5536 5609 5607
f 5536 5607 5611
f 5522 5615 5610
f 5537 5608 5609
f 5537 5610 5608
f 5603 5634 5606
f 5604 5629 5605
f 5604 5606 5635
f 5602 5605 5631
f 5610 5615 5633
f 5574 5613 5647
f 5524 5617 5616
f 5522 5616 5615
f 5527 5618 5617
f 5528 5651 5618
f 5612 5614 5640
f 5602 5630 5614
f 5612 5640 5642
f 5612 5642 5613
f 5613 5643 5647
f 5613 5642 5643
f 5617 5618 5641
f 5618 5651 5645
f 5615 5616 5633
f 5616 5617 5633
f 5532 5619 5603
f 5533 5626 5620
f 5534 5621 5619
f 5543 5622 5621
f 5535 5623 5624
f 5535 5620 5623
f 5535 5624 5625
f 5540 5625 5627
f 5533 5611 5626
f 5502 5622 5538
f 5539 5627 5628
f 5605 5629 5631
f 5602 5631 5630
f 5604 5635 5629
f 5606 5634 5635
f 5603 5619 5637
f 5603 5637 5634
f 5626 5636 5638
f 5608 5639 5609
f 5608 5610 5632
f 5607 5636 5611
f 5607 5609 5639
f 5611 5636 5626
f 5608 5632 5639
f 5607 5639 5636
f 5610 5633 5632
f 5629 6202 5631
f 5629 5635 6205
f 3947 5630 5631
f 3948 5640 5630
f 3947 3948 5630
f 5632 5633 6208
f 5634 5876 5635
f 5634 5637 5877
f 5614 5630 5640
f 5617 5641 5633
f 3949 5642 5640
f 5618 5645 5641
f 5644 5645 5651
f 3158 5643 5642
f 3950 5633 5641
f 3951 5641 5645
f 3952 5645 5644
f 3951 5645 3952
f 5620 5638 5623
f 5620 5626 5638
f 5504 5619 5621
f 5504 5621 5622
f 5623 5646 5624
f 5624 5646 5625
f 5503 5637 5619
f 5503 5619 5504
f 5623 5638 5646
f 5625 5646 5881
f 5625 5887 5627
f 5627 5888 5628
f 5528 5652 5651
f 5574 5647 5648
f 5575 5648 5653
f 5548 5654 5652
f 5576 5657 5578
f 5551 5655 5654
f 5576 5653 5657
f 5552 5661 5655
f 5647 5649 5648
f 5643 5666 5647
f 5647 5666 5649
f 5651 5652 5667
f 5648 5650 5653
f 5648 5649 5650
f 5652 5654 5668
f 5654 5655 5669
f 5578 5657 5579
f 5579 5659 5580
f 5579 5657 5658
f 5554 5662 5661
f 5554 5675 5662
f 5558 5676 5675
f 5579 5658 5659
f 5559 5686 5676
f 5580 5659 5660
f 5580 5660 5663
f 5650 5656 5653
f 5653 5656 5657
f 5657 5673 5658
f 5658 5673 5659
f 5659 5673 5660
f 5559 5687 5686
f 5560 5688 5687
f 5565 5581 5690
f 5567 5691 5665
f 5580 5664 5581
f 5560 5689 5688
f 5566 5690 5691
f 5570 5665 5697
f 5580 5663 5664
f 5581 5664 5690
f 5563 5693 5689
f 5563 5694 5693
f 5564 5695 5694
f 5665 5691 5692
f 5568 5699 5695
f 5571 5697 5698
f 5572 5708 5699
f 5644 5651 5667
f 5652 5668 5667
f 3160 5666 5643
f 3162 5649 5666
f 3164 5650 5649
f 5654 5669 5668
f 3162 3164 5649
f 3163 5668 5669
f 3952 5644 5667
f 3161 5667 5668
f 3161 3952 5667
f 3161 5668 3163
f 3163 5669 5678
f 5650 5670 5656
f 5656 5673 5657
f 3164 5670 5650
f 5656 5670 5671
f 5669 5672 5679
f 5656 5671 5673
f 5660 5673 5674
f 5655 5661 5672
f 5655 5672 5669
f 5661 5662 5681
f 5661 5681 5672
f 5662 5675 5682
f 5675 5676 5682
f 5660 5674 5677
f 5660 5677 5663
f 5663 5677 6527
f 5676 5686 5683
f 5684 5686 5687
f 5684 5687 5688
f 5663 6527 6528
f 5669 5679 5678
f 5672 5680 5679
f 5672 5681 5680
f 3978 5679 5680
f 3165 5673 5671
f 3166 5674 5673
f 5674 6524 5677
f 3979 5680 5681
f 3166 6524 5674
f 5681 5682 6212
f 5682 5683 7674
f 5662 5682 5681
f 5676 5683 5682
f 5683 5686 5684
f 5684 5688 5685
f 5683 5684 7675
f 5663 6528 5664
f 5685 5688 5689
f 5664 7717 5690
f 5690 7717 5691
f 5691 7717 5692
f 5665 5692 5696
f 5665 5696 5697
f 5685 5689 5693
f 5693 5694 7718
f 5685 5693 7718
f 5694 7724 7718
f 5694 5695 7724
f 5695 5699 7724
f 5542 5628 5701
f 5582 5701 5702
f 5583 5702 5703
f 5583 5703 5704
f 5583 5704 5705
f 5583 5705 5706
f 5583 5706 5707
f 5585 5707 5700
f 5628 5904 5701
f 5701 5906 5702
f 5702 5908 5703
f 5703 5910 5704
f 5704 5910 5705
f 5571 5698 5709
f 5586 5710 5708
f 5587 5709 6562
f 5588 5711 5710
f 5588 5713 5711
f 5594 5872 5873
f 5594 5873 5874
f 5594 5714 5713
f 5594 5712 5714
f 5594 5715 5712
f 5594 5875 5715
f 5594 5874 5875
f 5708 5710 7758
f 5710 5711 7758
f 5711 5713 7758
f 5713 5714 7784
f 5712 7784 5714
f 5712 5715 7793
f 5715 5875 7792
f 2139 2142 5716
f 2142 5721 5716
f 2140 5717 2142
f 2140 5718 5717
f 2142 5717 5721
f 2139 5716 5719
f 5716 5721 5722
f 5716 5722 5720
f 5720 5722 5731
f 5717 5722 5721
f 5716 5733 5719
f 5717 5718 5732
f 5716 5720 5733
f 5717 5732 5722
f 2145 5723 5718
f 2144 5719 5725
f 2143 5724 5723
f 5723 5724 5736
f 5718 5723 5736
f 5719 5733 5738
f 2146 5725 5727
f 5725 5729 5727
f 5726 5728 5730
f 5727 5764 5760
f 5719 5738 5725
f 5725 5738 5729
f 5724 5726 5740
f 5726 5730 5740
f 5728 5765 5730
f 5727 5729 5764
f 5730 5765 5740
f 5720 5731 5734
f 5722 5732 5731
f 5720 5792 5733
f 5731 5735 5734
f 5720 5734 5792
f 5734 5735 5789
f 5731 5791 5735
f 5731 5732 5791
f 5733 5792 5741
f 5718 5736 5732
f 5733 5741 5738
f 5732 5736 5737
f 5732 5737 5791
f 5724 5740 5736
f 5729 5738 5739
f 5729 5739 5781
f 5738 5741 5797
f 5736 5740 5737
f 5738 5797 5739
f 5737 5740 5798
f 5740 5783 5798
f 5739 5797 5818
f 5783 5832 5798
f 5751 5851 5850
f 5746 5742 5743
f 5746 5743 5744
f 5755 5744 5745
f 5746 5744 5755
f 5729 5781 5764
f 5750 5745 5747
f 5750 5747 5748
f 5751 5749 5851
f 5750 5748 5769
f 5751 5770 5749
f 5751 5850 5853
f 5750 5755 5745
f 5750 5785 5755
f 5746 5755 5752
f 5756 5853 5854
f 5752 5821 5754
f 5753 5754 5821
f 5739 5818 5781
f 5751 5853 5756
f 5751 5756 5757
f 5751 5757 5758
f 5752 5755 5821
f 5756 5854 5822
f 5756 5822 5757
f 5757 5822 5758
f 5728 5759 5765
f 5740 5765 5783
f 5759 5761 5765
f 5760 5764 5762
f 5761 5763 5765
f 5762 5764 5767
f 5762 5767 5768
f 5763 5773 5780
f 5763 5780 5766
f 5763 5766 5765
f 5765 5766 5783
f 5764 5782 5767
f 5766 5780 5784
f 5768 5771 2162
f 5768 5772 5771
f 5768 5775 5772
f 5773 5774 5776
f 5773 5776 5780
f 5768 5785 5775
f 5780 5776 5778
f 5780 5778 5779
f 5750 5769 5785
f 5767 5785 5768
f 5785 5769 5777
f 5751 5786 5770
f 5785 5777 5775
f 5786 5779 5770
f 5780 5779 5786
f 5764 5781 5782
f 5766 5784 5783
f 5767 5782 5785
f 5783 5784 5832
f 5781 5818 5833
f 5781 5833 5782
f 5782 5833 5785
f 5784 5788 5834
f 5755 5785 5787
f 5751 5758 5786
f 5780 5788 5784
f 5780 5786 5788
f 5785 5833 5787
f 5755 5787 5838
f 5758 5836 5786
f 5786 5836 5788
f 5788 5836 5837
f 5735 5790 5789
f 5734 5789 5792
f 5789 5790 5793
f 5735 5803 5790
f 5789 5794 5792
f 5735 5791 5803
f 5789 5793 5794
f 5790 5802 5793
f 5791 5795 5803
f 5792 5808 5796
f 5792 5794 5808
f 5741 5792 5796
f 5737 5795 5791
f 5737 5798 5795
f 5741 5796 5800
f 5741 5800 5797
f 5795 5798 5799
f 5797 5800 5819
f 5798 5832 5799
f 5796 5808 5810
f 5795 5799 5811
f 5796 5810 5800
f 5799 5832 5820
f 5799 5820 5811
f 5790 5801 5802
f 5790 5806 5801
f 5793 5807 5794
f 5801 5804 5802
f 5793 5802 5807
f 5790 5803 5806
f 5795 5809 5803
f 5803 5809 5806
f 5505 5802 5804
f 5804 5806 5805
f 5801 5806 5804
f 5505 5804 5805
f 5505 6213 5802
f 5802 6213 5807
f 5794 6215 5808
f 5794 5807 6215
f 5806 5809 6216
f 5795 5811 5809
f 5808 5812 5810
f 5800 5810 5826
f 5811 5820 5827
f 5809 5811 5813
f 5809 5813 6216
f 5810 5812 5828
f 5808 6218 5812
f 5811 5827 5813
f 5813 5827 6270
f 5824 5854 5866
f 5753 5823 5814
f 5824 5866 5867
f 5814 5823 5815
f 5816 5830 5817
f 5831 5867 5868
f 5815 5830 5816
f 5831 5868 5869
f 5815 5823 5830
f 5824 5867 5831
f 5797 5819 5818
f 5818 5819 5835
f 5800 5826 5819
f 5753 5821 5823
f 5822 5854 5824
f 5755 5838 5821
f 5758 5822 5839
f 5821 5843 5823
f 5821 5838 5843
f 5822 5824 5845
f 5507 5817 5825
f 5869 5870 6266
f 5700 6266 5870
f 5506 5507 6265
f 5700 5707 6266
f 5817 5830 5825
f 5831 5869 6266
f 5507 5825 6265
f 5506 6265 6268
f 5707 6267 6266
f 5820 5840 5827
f 5819 5826 5829
f 5819 5829 5835
f 5810 5828 5826
f 5826 5828 6271
f 5827 5841 6270
f 5826 6271 5829
f 5829 6271 5844
f 5823 5843 5844
f 5823 6276 5830
f 5823 5844 6276
f 5824 5831 6359
f 5824 6359 5847
f 5784 5834 5832
f 5820 5832 5834
f 5818 5835 5833
f 5787 5833 5835
f 5820 5834 5840
f 5834 5837 5840
f 5758 5839 5836
f 5788 5837 5834
f 5836 5839 5837
f 5787 5835 5838
f 5837 5842 5840
f 5822 5845 5839
f 5837 5839 5842
f 5827 5840 5841
f 5829 5838 5835
f 5840 5842 5841
f 5841 5846 6272
f 5839 5845 5842
f 5829 5843 5838
f 5829 5844 5843
f 5841 5842 5846
f 5842 5845 5846
f 5845 5847 5846
f 5824 5847 5845
f 5850 5849 5848
f 5850 5851 5849
f 5585 5850 5848
f 5585 5852 5850
f 5850 5852 5853
f 5585 5854 5852
f 5852 5854 5853
f 5585 5866 5854
f 5585 5867 5866
f 5585 5868 5867
f 5585 5869 5868
f 5855 5856 5857
f 5855 5857 5858
f 5858 5857 6894
f 5855 5858 5859
f 5858 5860 5859
f 5858 6894 5860
f 5594 5860 5861
f 5594 5861 5862
f 5860 6918 5861
f 5594 5862 5863
f 5594 5863 5864
f 5594 5864 5871
f 5594 5871 5872
f 5861 6922 5862
f 5863 5865 5864
f 5862 6975 5863
f 5863 6975 5865
f 5585 5870 5869
f 5585 5700 5870
f 5871 6998 5872
f 5873 7819 5874
f 5872 6995 5873
f 5874 7819 5875
f 5503 5878 5637
f 5637 5878 5877
f 5503 5504 5880
f 5503 5880 5878
f 5627 5887 5888
f 5502 5883 5882
f 5504 5882 5880
f 5876 5885 6205
f 5884 6205 5885
f 5876 5886 5885
f 5876 5877 5886
f 5877 5878 5964
f 5962 6211 6210
f 5879 6211 5963
f 5961 5962 6210
f 5962 5963 6211
f 5877 5964 5886
f 5879 5963 5965
f 5878 5880 5966
f 5879 5965 5881
f 5881 5967 5887
f 5878 5966 5964
f 5881 5965 5967
f 5880 5882 6014
f 5887 5967 5888
f 5882 5883 6014
f 5505 5805 5889
f 5805 5890 5889
f 5505 5889 5895
f 5505 5895 6213
f 5805 6220 5890
f 5889 5890 5892
f 5889 5892 5891
f 5890 6220 5892
f 5891 5894 5893
f 5893 5894 5897
f 5891 5892 5894
f 5889 5891 5901
f 5892 6220 5894
f 5889 5901 5895
f 5891 5893 5901
f 5894 6220 5900
f 5893 5897 5896
f 5896 5897 5899
f 5893 5896 6040
f 5893 6040 5901
f 5896 5899 5898
f 5898 5899 6029
f 5896 5898 6040
f 5897 5900 5899
f 5899 5900 6039
f 5894 5900 5897
f 5900 6220 6224
f 5895 5901 6044
f 5895 6044 6223
f 5900 6224 6045
f 6044 6052 6223
f 5501 5903 5883
f 5628 5888 5904
f 5508 5905 5903
f 5511 5907 5905
f 5701 5904 5906
f 5702 5906 5908
f 5512 5909 5907
f 5513 5902 5909
f 5705 5910 5911
f 5514 6268 5902
f 5705 5911 6269
f 5703 5908 5910
f 5883 5903 6014
f 5903 5905 6180
f 5902 6130 5909
f 5905 5907 6181
f 5907 5909 6130
f 5908 6476 5910
f 5910 6480 5911
f 5913 5916 5914
f 5913 5914 5937
f 5914 5916 5915
f 5914 5915 5933
f 3845 5913 5917
f 5913 5918 5917
f 3849 5916 5913
f 5913 5919 5918
f 5917 5918 5920
f 3850 5917 5920
f 5918 5919 5920
f 3849 3851 5916
f 3851 5915 5916
f 3850 5920 5923
f 3850 5923 3852
f 5913 5937 5919
f 5919 5937 5920
f 5920 5937 5921
f 3851 5922 5915
f 5920 5921 5923
f 3851 3865 5922
f 3858 5947 3862
f 3852 5927 3856
f 3856 5927 3861
f 3860 3861 5928
f 3858 3860 5948
f 3863 5924 3864
f 3862 5951 3863
f 3861 5927 5928
f 3863 5951 5924
f 3854 5926 5925
f 3854 5925 5930
f 3865 3879 5931
f 3855 5932 5926
f 3864 5924 5974
f 3865 5931 5922
f 3860 5928 5948
f 3862 5947 5953
f 3858 5948 5947
f 3852 5923 5927
f 3862 5953 5951
f 5928 5949 5948
f 5923 5929 5927
f 5927 5929 5928
f 5923 5950 5929
f 5928 5929 5949
f 5924 5951 5952
f 3879 5973 5931
f 5925 5926 5957
f 5925 5956 5930
f 5926 5932 5960
f 5924 5952 5974
f 5952 6005 5974
f 5914 5933 5937
f 5915 5934 5933
f 5933 5939 5938
f 5915 5922 5934
f 5922 5936 5934
f 5912 5933 5934
f 5912 5935 5933
f 5912 5934 5936
f 5912 6081 5935
f 5933 5935 5939
f 5935 6081 5942
f 5935 5942 5939
f 5922 5944 5936
f 5933 5938 5937
f 5921 5937 5940
f 5937 5938 5940
f 5938 5939 5940
f 5921 5941 5923
f 5921 5940 5941
f 5939 5942 5940
f 5940 5942 5943
f 5940 5943 5941
f 5922 5931 5944
f 5931 5945 5944
f 5945 5973 6004
f 5947 6108 5953
f 5951 5953 6113
f 5946 5951 6114
f 5929 5950 5949
f 5923 5955 5950
f 5946 5952 5951
f 5923 5941 5955
f 5948 5949 5954
f 5949 5950 5954
f 5947 5948 6109
f 5950 5955 5954
f 5931 5973 5945
f 5925 5957 5956
f 5926 5960 5957
f 5930 5956 5959
f 5946 6005 5952
f 5948 5954 6109
f 5953 6108 6113
f 5947 6109 6108
f 5951 6113 6114
f 5954 6110 6109
f 5943 6111 5955
f 5954 6111 6110
f 5946 6114 6112
f 5946 6112 5958
f 5941 5943 5955
f 5954 5955 6111
f 5946 5958 6005
f 5958 6009 6005
f 5956 5957 6117
f 5956 6089 5959
f 5957 5960 6119
f 3904 5884 5885
f 5885 5886 5978
f 5886 5964 5979
f 5964 5966 5981
f 5886 5979 5978
f 3929 5962 5961
f 5962 5989 5963
f 3904 5885 5978
f 5964 5980 5979
f 5964 5981 5980
f 5963 6001 5965
f 5880 6014 5966
f 5888 5967 6028
f 5966 6013 5981
f 5966 6014 6013
f 5965 6025 5967
f 3880 3910 5968
f 3910 6131 5968
f 3876 5930 5971
f 3877 5972 5932
f 3879 3880 5973
f 3876 5971 5969
f 3913 5974 6000
f 5969 5982 5977
f 5970 5972 5982
f 5969 5970 5982
f 5969 5975 5970
f 3880 5968 5973
f 5930 5959 5971
f 5932 5972 6011
f 5974 6005 6000
f 5969 5971 5975
f 5970 5976 5972
f 5970 5975 5976
f 5971 6006 5975
f 5975 6007 5976
f 5975 6006 6007
f 5976 6007 6008
f 3910 5978 5979
f 3910 5979 5980
f 3910 5980 5981
f 3929 5989 5962
f 5963 5989 6001
f 3910 5981 6013
f 5965 6001 6025
f 3913 6000 5990
f 3921 5983 5990
f 3921 5991 3922
f 3922 5992 3923
f 3923 5993 5984
f 5984 5997 5985
f 5985 5988 5986
f 5986 5988 5987
f 3924 5987 5989
f 5985 5997 5988
f 5987 5988 5999
f 5987 6001 5989
f 3921 5990 5991
f 3922 5991 5992
f 3923 5992 5993
f 5984 5993 5997
f 5988 5997 5996
f 5988 5996 5999
f 5987 5999 6001
f 5996 5997 5998
f 5996 5998 5999
f 5995 5998 5997
f 5995 5999 5998
f 5990 6000 5994
f 5990 5994 6002
f 5994 6000 6002
f 5990 6019 5991
f 5991 6020 5992
f 5992 6021 5993
f 5995 6003 5999
f 5993 6022 5997
f 5995 5997 6022
f 5999 6025 6001
f 5990 6002 6018
f 6000 6015 6002
f 5990 6018 6019
f 5991 6019 6020
f 5992 6020 6021
f 6000 6016 6015
f 6000 6017 6016
f 5995 6023 6003
f 5993 6021 6022
f 5995 6022 6023
f 5999 6003 6025
f 5968 6131 6004
f 5959 6010 5971
f 5932 6011 5960
f 5968 6004 5973
f 5971 6010 6006
f 5976 6008 6011
f 5972 5976 6011
f 6000 6005 6012
f 6005 6009 6012
f 5959 6090 6010
f 5960 6011 6138
f 6006 6139 6007
f 6007 6140 6008
f 6000 6012 6146
f 6006 6010 6137
f 6008 6140 6011
f 6006 6137 6139
f 3910 6013 6144
f 5967 6025 6026
f 3910 6144 6131
f 5967 6026 6028
f 6013 6014 6144
f 6002 6015 6018
f 6015 6016 6018
f 6016 6017 6018
f 6003 6023 6024
f 6003 6024 6025
f 6024 6026 6025
f 6000 6146 6017
f 6022 6027 6023
f 6023 6027 6024
f 6024 6028 6026
f 6017 6149 6018
f 6018 6150 6019
f 6019 6151 6020
f 6020 6153 6021
f 6021 6154 6022
f 6024 6027 6147
f 6017 6146 6148
f 6022 6154 6027
f 6024 6147 6028
f 5898 6029 6041
f 6029 6034 6030
f 6029 6030 6036
f 6029 6038 6031
f 6029 6031 6034
f 6029 6036 6041
f 6030 6032 6033
f 6030 6035 6032
f 6030 6033 6036
f 5912 6032 6081
f 5912 5936 6032
f 5936 6033 6032
f 6032 6035 6080
f 6033 6086 6036
f 6030 6034 6035
f 6031 6042 6034
f 6034 6083 6035
f 6035 6083 6080
f 6034 6042 6083
f 6036 6037 6041
f 6037 6053 6041
f 6036 6086 6037
f 6042 6120 6083
f 6037 6100 6053
f 5899 6038 6029
f 5898 6041 6040
f 5899 6042 6038
f 6031 6038 6042
f 5899 6039 6042
f 5901 6040 6043
f 6040 6041 6053
f 6040 6053 6043
f 5900 6045 6039
f 5901 6043 6044
f 6039 6045 6063
f 6039 6063 6042
f 6042 6063 6120
f 6043 6075 6044
f 6045 6367 6071
f 6050 6361 6051
f 6050 6051 6068
f 6047 6068 6064
f 6044 6075 6052
f 6048 6065 6049
f 6046 6047 6064
f 6047 6050 6068
f 6046 6066 6048
f 6049 6069 6366
f 6071 6367 6366
f 6051 6374 6067
f 6076 6077 6369
f 6076 6368 6078
f 6043 6053 6061
f 6043 6061 6075
f 6053 6100 6061
f 6057 6097 6058
f 6057 6059 6099
f 6063 6123 6120
f 6063 6074 6123
f 6055 6121 6074
f 6056 6060 6059
f 6056 6128 6060
f 6061 6158 6075
f 6045 6071 6063
f 6059 6064 6068
f 6057 6066 6064
f 6056 6059 6068
f 6058 6065 6066
f 6055 6069 6065
f 6056 6068 6067
f 6069 6072 6070
f 6069 6073 6072
f 6070 6072 6071
f 6048 6066 6065
f 6046 6064 6066
f 6049 6065 6069
f 6069 6070 6366
f 6051 6067 6068
f 6070 6071 6366
f 6054 6055 6065
f 6063 6071 6074
f 6055 6073 6069
f 6072 6073 6074
f 6055 6074 6073
f 6071 6072 6074
f 6057 6058 6066
f 6057 6064 6059
f 6054 6065 6058
f 6056 6067 6128
f 6062 6077 6076
f 6052 6075 6129
f 6067 6374 6128
f 6062 6124 6077
f 6062 6076 6125
f 6077 6124 6079
f 6076 6078 6125
f 6079 6124 6126
f 6128 6374 6392
f 6032 6080 6081
f 6080 6083 6082
f 5942 6081 6080
f 5942 6080 6082
f 5936 5944 6033
f 5944 6086 6033
f 5942 6082 6085
f 6082 6084 6085
f 6082 6083 6084
f 6083 6120 6084
f 5942 6085 5943
f 6037 6086 6088
f 5944 5945 6086
f 5945 6088 6086
f 6092 6113 6108
f 6084 6116 6085
f 6097 6114 6113
f 6087 6114 6099
f 5945 6004 6088
f 6089 6117 6104
f 6104 6117 6119
f 6004 6100 6088
f 6037 6088 6100
f 6092 6097 6113
f 6092 6108 6093
f 6093 6115 6094
f 6084 6096 6116
f 6094 6116 6096
f 6097 6099 6114
f 6087 6099 6098
f 6087 6098 6127
f 6094 6096 6095
f 6093 6094 6095
f 6084 6120 6096
f 6093 6095 6122
f 6096 6123 6122
f 6095 6096 6122
f 6091 6098 6099
f 6091 6127 6098
f 6101 6103 6102
f 6061 6100 6132
f 6089 6104 6103
f 6089 6103 6106
f 6087 6127 6118
f 6004 6132 6100
f 6089 6106 6090
f 6104 6119 6107
f 6118 6127 6141
f 6102 6103 6104
f 6102 6104 6105
f 6101 6106 6103
f 6104 6107 6105
f 6127 6159 6141
f 5943 6085 6116
f 6109 6110 6115
f 5943 6116 6111
f 6110 6111 6115
f 6111 6116 6115
f 5958 6112 6087
f 6087 6112 6114
f 6093 6108 6109
f 6093 6109 6115
f 6094 6115 6116
f 5956 6117 6089
f 5957 6119 6117
f 5959 6089 6090
f 5958 6118 6009
f 5958 6087 6118
f 6009 6118 6141
f 6054 6058 6092
f 6055 6122 6121
f 6058 6097 6092
f 6054 6092 6093
f 6054 6093 6122
f 6121 6122 6123
f 6096 6120 6123
f 6059 6060 6099
f 6057 6099 6097
f 6060 6091 6099
f 6060 6127 6091
f 6054 6122 6055
f 6074 6121 6123
f 6062 6101 6124
f 6101 6102 6124
f 6102 6105 6124
f 6062 6106 6101
f 6105 6126 6124
f 6062 6125 6106
f 6061 6132 6158
f 6060 6128 6127
f 6127 6128 6165
f 6105 6107 6126
f 5888 6157 5904
f 5904 6198 5906
f 5903 6145 6014
f 5888 6028 6157
f 5903 6180 6145
f 5904 6157 6198
f 6052 6129 6391
f 6075 6158 6129
f 6078 6393 6125
f 6129 6168 6391
f 5906 6198 5908
f 5907 6130 6183
f 5905 6178 6179
f 5905 6179 6180
f 5905 6181 6178
f 5907 6183 6181
f 6130 6458 6183
f 5910 6476 6477
f 5908 6198 6476
f 6004 6131 6132
f 6131 6144 6136
f 6090 6106 6137
f 6107 6119 6134
f 6106 6133 6137
f 6131 6136 6132
f 6133 6135 6137
f 6133 6160 6135
f 6135 6160 6161
f 6135 6161 6176
f 5960 6138 6119
f 6010 6090 6137
f 6009 6142 6012
f 6009 6141 6142
f 6011 6140 6138
f 6007 6139 6140
f 6012 6152 6146
f 6012 6142 6152
f 6119 6138 6134
f 6141 6174 6142
f 6141 6159 6174
f 6134 6138 6140
f 6135 6139 6137
f 6139 6143 6140
f 6134 6140 6143
f 6135 6143 6139
f 6134 6143 6175
f 6135 6176 6143
f 6142 6188 6152
f 6142 6174 6188
f 6143 6176 6175
f 6014 6145 6144
f 6144 6145 6177
f 6136 6144 6177
f 6145 6180 6177
f 6017 6148 6149
f 6018 6149 6150
f 6019 6150 6151
f 6020 6151 6153
f 6021 6153 6154
f 6146 6152 6148
f 6027 6155 6147
f 6027 6154 6155
f 6028 6147 6156
f 6147 6155 6156
f 6028 6156 6157
f 6148 6152 6188
f 6148 6189 6149
f 6149 6190 6150
f 6150 6190 6151
f 6151 6191 6153
f 6153 6192 6154
f 6154 6193 6155
f 6106 6125 6166
f 6129 6158 6162
f 6107 6134 6126
f 6106 6166 6133
f 6132 6136 6158
f 6127 6165 6159
f 6126 6134 6167
f 6159 6165 6170
f 6159 6170 6174
f 6136 6162 6158
f 6134 6175 6167
f 6133 6171 6160
f 6136 6177 6162
f 6172 6175 6176
f 6160 6163 6161
f 6161 6164 6176
f 6133 6166 6171
f 6167 6175 6172
f 6160 6171 6163
f 6161 6163 6164
f 6164 6172 6176
f 6174 6184 6188
f 6079 6126 6167
f 6125 6393 6166
f 6128 6392 6165
f 6079 6167 6394
f 6165 6396 6170
f 6129 6162 6168
f 6167 6172 6394
f 6166 6454 6171
f 6162 6183 6168
f 6166 6393 6454
f 6172 6455 6394
f 6169 6454 6456
f 6169 6171 6454
f 6169 6456 6173
f 6173 6456 6457
f 6172 6457 6455
f 6163 6171 6169
f 6163 6169 6164
f 6164 6173 6172
f 6164 6169 6173
f 6170 6184 6174
f 6172 6173 6457
f 6170 6459 6184
f 6177 6180 6179
f 6177 6179 6178
f 6177 6181 6182
f 6177 6178 6181
f 6162 6177 6182
f 6184 6189 6188
f 6181 6183 6182
f 6162 6182 6183
f 6168 6183 6458
f 6185 6190 6189
f 6190 6469 6191
f 6184 6185 6189
f 6191 6470 6192
f 6192 6471 6193
f 6191 6469 6470
f 6184 6468 6185
f 6185 6468 6469
f 6185 6469 6190
f 6192 6470 6471
f 6193 6471 6472
f 6193 6472 6199
f 6186 6187 6199
f 6186 6199 6472
f 6186 6474 6187
f 6187 6475 6200
f 6200 6475 6201
f 6148 6188 6189
f 6149 6189 6190
f 6151 6190 6191
f 6153 6191 6192
f 6154 6192 6193
f 6155 6195 6156
f 6155 6193 6195
f 6156 6195 6196
f 6156 6196 6157
f 6193 6194 6195
f 6194 6197 6195
f 6195 6197 6196
f 6157 6196 6198
f 6196 6197 6198
f 6193 6199 6194
f 6194 6199 6197
f 6197 6199 6200
f 6197 6476 6198
f 6197 6200 6201
f 6187 6200 6199
f 6197 6201 6476
f 5631 6202 6203
f 5635 5876 6205
f 5636 5639 6206
f 5629 6205 6202
f 5639 6204 6206
f 5636 6206 6207
f 3947 5631 6203
f 5633 6209 6208
f 5632 6204 5639
f 5632 6208 6204
f 5636 6210 5638
f 5638 6211 5646
f 5634 5877 5876
f 5636 6207 6210
f 3621 6203 6202
f 5884 6202 6205
f 5638 6210 6211
f 5646 6211 5879
f 3950 6209 5633
f 3950 5641 3951
f 5625 5881 5887
f 5646 5879 5881
f 3960 6207 6206
f 3961 6206 6204
f 5961 6210 6207
f 3621 6202 5884
f 3959 6204 6208
f 3960 6206 3961
f 3960 5961 6207
f 3978 5680 3979
f 3979 5681 6212
f 5682 7674 6212
f 5805 5806 6214
f 5807 6217 6215
f 5807 6213 6217
f 5806 6216 6214
f 5805 6214 6220
f 6214 6221 6220
f 6213 6223 6217
f 6214 6216 6221
f 5808 6215 6218
f 6215 6217 6222
f 6216 6219 6221
f 6215 6222 6218
f 5813 6219 6216
f 5812 6218 6273
f 5813 6270 6219
f 6219 6270 6290
f 5895 6223 6213
f 6220 6221 6224
f 6217 6223 6235
f 6217 6235 6222
f 6219 6237 6221
f 6221 6237 6260
f 6218 6222 6279
f 6219 6257 6237
f 6219 6259 6257
f 6221 6230 6224
f 6221 6262 6230
f 6224 6230 6365
f 6228 6229 6232
f 6229 6230 6232
f 6052 6235 6223
f 6225 6238 6231
f 6225 6226 6241
f 6227 6228 6243
f 6226 6227 6242
f 6228 6232 6243
f 6231 6261 6233
f 6225 6231 6234
f 6231 6233 6234
f 6230 6262 6232
f 6233 6261 6236
f 6222 6235 6375
f 6263 6370 6264
f 6221 6260 6262
f 6231 6238 6239
f 6239 6240 6261
f 6238 6248 6239
f 6239 6247 6240
f 6237 6257 6246
f 6242 6243 6254
f 6237 6246 6260
f 6243 6245 6244
f 6245 6260 6246
f 6243 6244 6256
f 6244 6245 6246
f 6244 6246 6256
f 6239 6248 6247
f 6238 6241 6250
f 6241 6242 6249
f 6238 6252 6248
f 6238 6250 6252
f 6247 6248 6251
f 6241 6249 6250
f 6242 6254 6249
f 6254 6256 6258
f 6248 6252 6251
f 6247 6251 6253
f 6254 6258 6255
f 6254 6255 6293
f 6255 6259 6293
f 6243 6256 6254
f 6256 6257 6258
f 6246 6257 6256
f 6257 6259 6258
f 6247 6253 6281
f 6255 6258 6259
f 6225 6241 6238
f 6226 6242 6241
f 6227 6243 6242
f 6232 6245 6243
f 6232 6260 6245
f 6232 6262 6260
f 6231 6239 6261
f 6240 6247 6377
f 6240 6377 6261
f 6236 6261 6377
f 6263 6264 6282
f 6219 6290 6297
f 6219 6297 6259
f 5706 6269 6267
f 5825 6338 6265
f 6265 6438 6268
f 5812 6273 5828
f 5841 6272 6270
f 6270 6272 6275
f 5828 6274 6271
f 6271 6274 6277
f 5828 6273 6274
f 6273 6291 6274
f 6270 6275 6290
f 6272 6358 6275
f 6274 6291 6334
f 5825 5830 6278
f 5831 6266 6336
f 5830 6276 6277
f 5844 6271 6276
f 5830 6277 6278
f 6271 6277 6276
f 5831 6360 6359
f 5831 6336 6360
f 5825 6278 6334
f 5825 6334 6338
f 6266 6267 6357
f 6274 6278 6277
f 6274 6334 6278
f 6275 6358 6335
f 6335 6360 6336
f 6266 6337 6336
f 6218 6279 6273
f 6273 6279 6289
f 6222 6375 6279
f 6251 6252 6298
f 6250 6299 6252
f 6251 6300 6253
f 6249 6254 6295
f 6249 6302 6250
f 6259 6297 6293
f 6254 6293 6295
f 6251 6298 6300
f 6252 6299 6298
f 6253 6300 6294
f 6253 6294 6281
f 6281 6294 6301
f 6263 6282 6280
f 6263 6280 6372
f 6247 6281 6377
f 6280 6282 6284
f 6280 6284 6283
f 6281 6301 6425
f 6283 6284 6285
f 6284 6287 6285
f 6284 6378 6287
f 6285 6287 6286
f 6279 6383 6289
f 6286 6287 6288
f 6283 6285 6386
f 6286 6288 6328
f 6285 6286 6386
f 5902 6268 6404
f 6265 6355 6438
f 6267 6269 6452
f 6268 6403 6404
f 5911 6424 6269
f 6268 6438 6403
f 6269 6422 6452
f 6275 6292 6290
f 6290 6303 6297
f 6290 6305 6303
f 6273 6289 6291
f 6290 6292 6330
f 6275 6335 6292
f 6250 6302 6299
f 6249 6295 6302
f 6293 6297 6296
f 6293 6296 6295
f 6296 6297 6303
f 6294 6300 6301
f 6298 6306 6300
f 6300 6307 6301
f 6295 6296 6304
f 6295 6312 6302
f 6298 6299 6310
f 6300 6306 6307
f 6299 6302 6311
f 6301 6307 6425
f 6296 6303 6304
f 6303 6305 6304
f 6295 6304 6312
f 6290 6330 6305
f 6298 6308 6306
f 6304 6305 6313
f 6306 6309 6307
f 6298 6310 6308
f 6299 6311 6310
f 6289 6355 6291
f 6302 6312 6311
f 6304 6313 6312
f 6306 6308 6309
f 6305 6330 6313
f 6307 6309 6317
f 6308 6310 6314
f 6308 6316 6309
f 6308 6314 6316
f 6310 6311 6319
f 6310 6315 6314
f 6310 6319 6315
f 6311 6318 6319
f 6311 6312 6321
f 6312 6313 6320
f 6311 6321 6318
f 6312 6320 6321
f 6313 6322 6320
f 6313 6330 6322
f 6309 6316 6317
f 6314 6315 6323
f 6314 6324 6316
f 6315 6319 6325
f 6318 6326 6319
f 6316 6329 6317
f 6320 6331 6321
f 6318 6321 6331
f 6315 6325 6323
f 6316 6324 6329
f 6314 6323 6324
f 6318 6331 6326
f 6319 6326 6325
f 6292 6333 6330
f 6320 6322 6332
f 6286 6328 6327
f 6288 6426 6328
f 6327 6328 6426
f 6307 6317 6431
f 6307 6431 6425
f 6327 6426 6380
f 6322 6330 6332
f 6320 6332 6331
f 6331 6332 6344
f 6330 6333 6332
f 6332 6333 6344
f 6292 6356 6333
f 6265 6338 6355
f 6291 6338 6334
f 6291 6355 6338
f 6266 6357 6337
f 6335 6336 6337
f 6292 6335 6356
f 6335 6337 6356
f 6289 6438 6355
f 6324 6340 6329
f 6323 6339 6324
f 6323 6325 6342
f 6325 6326 6343
f 6323 6342 6339
f 6324 6341 6340
f 6324 6339 6341
f 6325 6343 6342
f 6326 6345 6343
f 6317 6329 6431
f 6329 6340 6347
f 6340 6341 6347
f 6339 6349 6341
f 6339 6342 6350
f 6342 6343 6351
f 6326 6331 6345
f 6331 6344 6345
f 6333 6356 6354
f 6333 6353 6344
f 6344 6353 6345
f 6354 6356 6441
f 6343 6345 6352
f 6329 6347 6431
f 6341 6348 6347
f 6341 6349 6348
f 6339 6350 6349
f 6342 6351 6350
f 6343 6352 6351
f 6345 6346 6352
f 6347 6348 6427
f 6348 6349 6429
f 6349 6350 6430
f 6346 6354 6439
f 6354 6440 6439
f 6346 6439 6352
f 6333 6354 6353
f 6345 6353 6346
f 6346 6353 6354
f 6356 6447 6441
f 6267 6452 6357
f 6337 6357 6356
f 6356 6357 6452
f 5846 6358 6272
f 5846 5847 6358
f 5847 6359 6358
f 6358 6359 6360
f 6335 6358 6360
f 6045 6224 6363
f 6224 6365 6363
f 6047 6226 6225
f 6233 6361 6234
f 6046 6227 6226
f 6048 6228 6227
f 6050 6225 6234
f 6048 6049 6228
f 6047 6225 6050
f 6046 6226 6047
f 6050 6234 6361
f 6046 6048 6227
f 6049 6362 6228
f 6363 6365 6364
f 6362 6363 6364
f 6229 6364 6365
f 6228 6364 6229
f 6229 6365 6230
f 6228 6362 6364
f 6045 6363 6367
f 6049 6366 6362
f 6362 6367 6363
f 6362 6366 6367
f 6236 6374 6361
f 6233 6236 6361
f 6368 6369 6371
f 6368 6371 6370
f 6264 6370 6371
f 6263 6372 6370
f 6264 6371 6373
f 6368 6370 6372
f 6369 6373 6371
f 6236 6377 6374
f 6076 6369 6368
f 6051 6361 6374
f 6052 6391 6235
f 6077 6373 6369
f 6078 6368 6372
f 6077 6079 6373
f 6235 6391 6375
f 6078 6372 6376
f 6264 6373 6282
f 6280 6376 6372
f 6282 6373 6379
f 6279 6375 6383
f 6280 6283 6376
f 6282 6379 6284
f 6284 6379 6378
f 6281 6425 6377
f 6377 6384 6392
f 6283 6386 6376
f 6287 6378 6385
f 6287 6385 6288
f 6286 6327 6386
f 6377 6425 6384
f 6327 6380 6386
f 6288 6385 6426
f 6380 6426 6382
f 6380 6382 6381
f 6289 6383 6438
f 6380 6381 6386
f 6382 6426 6385
f 6384 6425 6431
f 6381 6387 6386
f 6381 6382 6388
f 6378 6401 6385
f 6378 6379 6401
f 6376 6386 6399
f 6386 6389 6399
f 6389 6390 6400
f 6385 6390 6388
f 6386 6387 6389
f 6387 6388 6389
f 6382 6385 6388
f 6381 6388 6387
f 6384 6431 6405
f 6388 6390 6389
f 6385 6402 6390
f 6079 6394 6373
f 6375 6391 6395
f 6078 6376 6393
f 6374 6377 6392
f 6373 6394 6379
f 6375 6395 6383
f 6376 6399 6393
f 6384 6396 6392
f 6379 6455 6401
f 6168 6395 6391
f 6379 6394 6455
f 6393 6399 6454
f 6168 6404 6395
f 6397 6456 6399
f 6397 6400 6398
f 6399 6456 6454
f 6398 6401 6455
f 6397 6398 6457
f 6396 6412 6459
f 6383 6395 6403
f 6389 6400 6399
f 6385 6401 6402
f 6390 6402 6400
f 6384 6405 6412
f 6384 6412 6396
f 6397 6399 6400
f 6398 6402 6401
f 6398 6400 6402
f 5902 6404 6130
f 5911 6484 6424
f 5911 6480 6484
f 6383 6403 6438
f 6405 6431 6406
f 6406 6433 6407
f 6407 6434 6408
f 6408 6435 6409
f 6269 6424 6422
f 6395 6404 6403
f 6168 6458 6404
f 6130 6404 6458
f 5910 6477 6480
f 6405 6413 6412
f 6407 6415 6414
f 6407 6414 6413
f 6411 6448 6420
f 6405 6406 6413
f 6406 6407 6413
f 6407 6408 6415
f 6408 6409 6416
f 6409 6410 6417
f 6410 6411 6419
f 6420 6453 6421
f 6421 6453 6422
f 6408 6416 6415
f 6409 6417 6416
f 6410 6419 6417
f 6412 6413 6460
f 6413 6414 6460
f 6414 6415 6462
f 6415 6416 6463
f 6416 6417 6464
f 6419 6420 6481
f 6418 6481 6420
f 6418 6421 6483
f 6421 6423 6483
f 6423 6424 6482
f 6411 6420 6419
f 6418 6420 6421
f 6421 6422 6424
f 6421 6424 6423
f 6348 6428 6427
f 6347 6432 6431
f 6347 6427 6432
f 6427 6428 6432
f 6428 6429 6433
f 6429 6430 6434
f 6428 6433 6432
f 6429 6434 6433
f 6430 6442 6435
f 6430 6435 6434
f 6436 6442 6444
f 6435 6442 6436
f 6436 6444 6449
f 6437 6449 6444
f 6348 6429 6428
f 6350 6351 6442
f 6351 6352 6444
f 6349 6430 6429
f 6350 6442 6430
f 6352 6443 6444
f 6352 6439 6443
f 6354 6441 6440
f 6439 6440 6443
f 6351 6444 6442
f 6443 6445 6446
f 6443 6446 6444
f 6440 6441 6445
f 6440 6445 6443
f 6356 6451 6447
f 6441 6447 6445
f 6437 6444 6446
f 6437 6446 6445
f 6437 6445 6447
f 6356 6452 6451
f 6406 6431 6432
f 6406 6432 6433
f 6407 6433 6434
f 6408 6434 6435
f 6409 6435 6436
f 6410 6436 6449
f 6437 6448 6449
f 6437 6450 6448
f 6437 6447 6450
f 6447 6451 6450
f 6411 6449 6448
f 6409 6436 6410
f 6410 6449 6411
f 6448 6450 6453
f 6450 6451 6452
f 6450 6452 6453
f 6420 6448 6453
f 6422 6453 6452
f 6165 6392 6396
f 6398 6455 6457
f 6397 6457 6456
f 6170 6396 6459
f 6184 6459 6468
f 6459 6460 6468
f 6460 6461 6468
f 6461 6462 6468
f 6462 6463 6470
f 6462 6469 6468
f 6462 6470 6469
f 6463 6464 6471
f 6412 6460 6459
f 6414 6461 6460
f 6414 6462 6461
f 6415 6463 6462
f 6416 6464 6463
f 6417 6465 6464
f 6465 6481 6466
f 6466 6481 6467
f 6464 6465 6472
f 6465 6466 6473
f 6466 6467 6473
f 6478 6483 6482
f 6467 6483 6478
f 6478 6482 6479
f 6479 6482 6484
f 6479 6484 6480
f 6463 6471 6470
f 6464 6472 6471
f 6465 6473 6472
f 6474 6478 6475
f 6186 6472 6473
f 6187 6474 6475
f 6186 6473 6474
f 6201 6475 6479
f 6201 6477 6476
f 6201 6479 6477
f 6467 6474 6473
f 6475 6478 6479
f 6467 6478 6474
f 6477 6479 6480
f 6417 6419 6465
f 6419 6481 6465
f 6418 6467 6481
f 6418 6483 6467
f 6423 6482 6483
f 6424 6484 6482
f 2731 6485 6486
f 6486 6489 6487
f 6486 6488 6489
f 6487 6489 6888
f 6485 6488 6486
f 6485 6490 6488
f 6485 6492 6490
f 6485 6493 6492
f 6485 6494 6493
f 6488 6491 6489
f 6488 6490 6491
f 6490 6492 6491
f 6491 6492 6495
f 6489 6491 6888
f 6491 6495 6888
f 6495 6496 6888
f 6496 6497 6888
f 6497 6896 6888
f 6492 6493 6495
f 6493 6494 6496
f 6493 6496 6495
f 6494 6497 6496
f 6485 6897 6494
f 6494 6896 6497
f 6494 6895 6896
f 6485 6498 6499
f 6485 6500 6498
f 6485 6504 6500
f 6485 6506 6504
f 6485 6508 6506
f 6485 6510 6508
f 6485 6499 6897
f 6500 6503 6501
f 6498 6501 6499
f 6498 6500 6501
f 6499 6501 6502
f 6500 6504 6505
f 6500 6505 6503
f 6499 6502 6906
f 6502 6907 6906
f 6504 6507 6505
f 6504 6506 6507
f 6506 6509 6507
f 6505 6507 6521
f 6501 6910 6502
f 6501 6503 6910
f 6503 6505 6910
f 6502 6910 6907
f 6506 6508 6509
f 6508 6513 6509
f 6507 6509 6521
f 6508 6510 6513
f 6510 6511 6513
f 6511 6512 6514
f 6511 6514 6513
f 6512 6515 6514
f 6512 6521 6515
f 6509 6513 6514
f 6509 6514 6515
f 6509 6515 6521
f 6505 6521 6523
f 6505 6523 6519
f 6505 6912 6910
f 6505 6519 6912
f 6516 6911 6518
f 6517 6519 6522
f 6516 6519 6517
f 6516 6518 6519
f 6518 6912 6519
f 6512 6520 6521
f 6520 6523 6521
f 6520 6522 6523
f 6519 6523 6522
f 5677 6525 6527
f 5677 6524 6525
f 6525 6526 6527
f 6526 6528 6527
f 6526 7679 6528
f 5108 5494 7712
f 5493 6531 7711
f 5491 6532 7713
f 6533 7710 7714
f 6539 7712 7716
f 6535 7715 7711
f 6543 7719 7713
f 5664 6528 7717
f 5692 7717 5696
f 5696 7717 5697
f 5697 7717 6529
f 6528 7679 7717
f 5697 6529 5698
f 5698 6529 7727
f 6537 7714 7749
f 6538 7750 7715
f 6544 7725 7719
f 6579 7749 7780
f 5105 5295 6628
f 6532 6628 6629
f 5105 6532 5491
f 5104 7710 6533
f 5108 7712 6539
f 6531 6535 7711
f 6532 6543 7713
f 6533 7714 6534
f 6535 6536 7715
f 6534 7714 6537
f 6536 6538 7715
f 6539 7716 6547
f 5105 6628 6532
f 5107 5111 6531
f 5081 5104 6533
f 5108 6539 5313
f 6531 6540 6535
f 5111 6540 6531
f 5081 6533 6530
f 5313 6539 6658
f 6532 6629 6543
f 6533 6534 6541
f 6535 6540 6536
f 6539 6547 6658
f 6534 6537 6541
f 6536 6542 6538
f 6530 6533 6541
f 6536 6540 6542
f 6547 6659 6658
f 6543 6544 7719
f 6537 7749 6548
f 6538 6549 7750
f 6547 7751 6552
f 6548 7749 6550
f 6550 7749 6553
f 6544 6545 7725
f 6553 7749 6579
f 6549 6551 7750
f 6551 6554 7750
f 6552 7751 6555
f 6543 6629 6544
f 6548 6558 6556
f 6537 6548 6556
f 6538 6560 6549
f 6547 6552 6661
f 6544 6629 6640
f 6537 6556 6541
f 6538 6542 6557
f 6547 6660 6659
f 6538 6557 6560
f 6547 6661 6660
f 6544 6641 6545
f 6548 6550 6558
f 6549 6560 6551
f 6545 6740 6546
f 6550 6553 6558
f 6551 6560 6554
f 6552 6555 6661
f 6553 6588 6558
f 6554 6560 6589
f 6544 6640 6641
f 6556 6558 6559
f 6557 6561 6560
f 6545 6641 6740
f 6558 6588 6559
f 6560 6561 6589
f 6555 6590 6661
f 6485 6562 6510
f 6510 6562 6511
f 6511 6565 6512
f 6512 6566 6520
f 6520 6567 6522
f 6517 6522 6564
f 6511 6562 6565
f 6512 6565 6566
f 6520 6566 6567
f 6522 6567 6564
f 5698 7753 5709
f 5709 7756 6562
f 6545 6563 7725
f 6578 7782 6585
f 6583 7780 6586
f 6584 6587 7781
f 6586 7780 6596
f 6585 7782 6598
f 6563 6595 6570
f 6598 7782 6601
f 6587 6597 7761
f 6562 7783 6565
f 6565 7783 6566
f 6566 7783 6568
f 6566 6569 6567
f 6564 6567 6569
f 6566 6568 6569
f 6564 6569 7822
f 6570 6595 6602
f 6596 7760 6599
f 6597 6600 7789
f 6599 7788 6603
f 6570 6602 6605
f 6603 7790 6606
f 6601 7796 7056
f 6600 6604 7791
f 6570 6605 6996
f 6606 7794 7053
f 6604 6607 7797
f 6573 6767 6609
f 6608 6770 6746
f 6609 6773 6612
f 6574 6770 6608
f 6612 6775 7058
f 6612 6773 6775
f 6554 6589 6580
f 6553 6579 6591
f 6579 6581 6591
f 6580 6592 6582
f 6581 6583 6591
f 6573 6577 6576
f 6583 6586 6608
f 6546 6576 6563
f 6545 6546 6563
f 6554 6580 7781
f 6579 7780 6581
f 6580 6582 7781
f 6581 7780 6583
f 6582 6584 7781
f 6555 7782 6578
f 6555 6578 6594
f 6563 6576 6577
f 6563 6577 6595
f 6578 6585 6593
f 6584 6610 6587
f 6585 6598 6611
f 6571 6572 6576
f 6546 6571 6576
f 6555 6594 6590
f 6553 6591 6588
f 6580 6589 6592
f 6578 6593 6594
f 6546 6740 6571
f 6572 6573 6576
f 6583 6746 6591
f 6573 6609 6577
f 6583 6608 6746
f 6582 6747 6584
f 6585 6611 6774
f 6582 6592 6747
f 6584 6747 6771
f 6585 6774 6593
f 6595 6609 6612
f 6577 6609 6595
f 6586 6596 6608
f 6596 6599 6608
f 6595 6612 6602
f 6599 6613 6608
f 6597 6610 6614
f 6601 6615 6611
f 6599 6603 6613
f 6602 7058 6605
f 6602 6612 7058
f 6604 6614 7047
f 6603 7046 6613
f 6615 7056 7048
f 6587 6610 6597
f 6598 6601 6611
f 6597 6614 6600
f 6600 6614 6604
f 6601 7056 6615
f 6603 6606 7046
f 6604 7047 6607
f 6610 6771 6614
f 6584 6771 6610
f 6611 6776 6772
f 6574 6608 6613
f 6611 6615 6776
f 6613 7046 7029
f 6575 7030 7047
f 6575 7047 6614
f 6615 7048 7059
f 6575 6614 6771
f 6574 6613 7029
f 6615 7059 6776
f 5118 6618 6616
f 5118 5119 6618
f 6616 6618 6689
f 5119 5122 6617
f 5119 6617 6618
f 5122 5388 6617
f 6617 6619 6618
f 6618 6619 6620
f 6617 6688 6619
f 6618 6620 6689
f 6622 6623 6627
f 6623 6624 6627
f 6621 6622 6626
f 6622 6627 6626
f 6621 6626 6625
f 5111 5299 6540
f 5313 6658 6636
f 5081 6530 6634
f 5295 5305 6628
f 5081 6634 5298
f 5312 5313 6636
f 5299 6635 6540
f 6540 6635 6542
f 6530 6541 6637
f 6639 6658 6659
f 6542 6638 6557
f 6628 6630 6629
f 6629 6633 6640
f 6530 6637 6634
f 6542 6635 6638
f 6636 6658 6639
f 6639 6659 6646
f 5305 6630 6628
f 5298 6634 6631
f 5118 6630 5305
f 5298 6631 5307
f 5312 6662 5373
f 5310 6632 6635
f 6616 6633 6630
f 6631 6634 6671
f 6632 6672 6638
f 6636 6673 6662
f 6633 6681 6647
f 5299 5310 6635
f 5312 6636 6662
f 6629 6630 6633
f 6632 6638 6635
f 6634 6637 6671
f 6638 6672 6645
f 6636 6639 6673
f 6637 6699 6671
f 6639 6701 6673
f 6541 6556 6644
f 6556 6559 6644
f 6640 6647 6641
f 6541 6644 6637
f 6557 6638 6645
f 6646 6660 6652
f 6559 6650 6644
f 6561 6645 6651
f 6641 6649 6740
f 6559 6642 6650
f 6561 6651 6643
f 6559 6741 6642
f 6561 6643 6742
f 6652 6661 6653
f 6653 6661 6762
f 6647 6693 6648
f 6633 6647 6640
f 6637 6644 6699
f 6645 6700 6651
f 6645 6672 6700
f 6639 6646 6701
f 6644 6654 6699
f 6646 6702 6701
f 6641 6647 6648
f 6644 6650 6654
f 6641 6648 6649
f 6642 6656 6650
f 6643 6651 6655
f 6651 6700 6655
f 6650 6656 6654
f 6643 6655 6657
f 6648 6696 6649
f 6652 6703 6702
f 6646 6652 6702
f 6652 6653 6703
f 6646 6659 6660
f 6557 6645 6561
f 6652 6660 6661
f 6559 6588 6741
f 6561 6742 6589
f 6590 6762 6661
f 5118 6616 6630
f 5307 6631 6663
f 5310 6668 6632
f 5310 6664 6668
f 5373 6662 6665
f 6631 6667 6663
f 6631 6674 6667
f 6632 6668 6675
f 6663 6668 6664
f 5378 6678 5379
f 5377 6677 5378
f 5377 6665 6677
f 5382 6666 5383
f 5383 6666 5388
f 5379 6679 5381
f 5381 6683 5382
f 5382 6683 6666
f 6663 6667 6668
f 6662 6669 6665
f 6667 6675 6668
f 6662 6676 6669
f 5378 6677 6678
f 6665 6669 6677
f 5379 6678 6679
f 5381 6679 6680
f 5381 6680 6683
f 6666 6683 6670
f 6670 6683 6684
f 6616 6681 6633
f 6671 6682 6674
f 6631 6671 6674
f 6632 6675 6672
f 6662 6673 6676
f 6672 6675 6685
f 6671 6699 6682
f 6667 6674 6675
f 6674 6685 6675
f 6674 6682 6685
f 6616 6689 6681
f 6669 6676 6677
f 6676 6686 6677
f 6677 6686 6678
f 6681 6689 6705
f 6683 6692 6684
f 6673 6687 6676
f 6682 6695 6685
f 6672 6685 6695
f 6678 6715 6679
f 6676 6687 6686
f 6679 6716 6680
f 6678 6686 6715
f 5388 6688 6617
f 5388 6666 6688
f 6619 6688 6620
f 6666 6670 6688
f 6670 6684 6688
f 6620 6688 6691
f 6620 6690 6689
f 6620 6691 6690
f 6684 6691 6688
f 6680 6718 6683
f 6684 6692 6691
f 6683 6718 6692
f 6690 6691 6712
f 6647 6681 6693
f 6682 6699 6694
f 6672 6695 6700
f 6654 6694 6699
f 6681 6705 6693
f 6682 6694 6695
f 6673 6713 6687
f 6693 6705 6708
f 6694 6697 6695
f 6648 6693 6696
f 6649 6696 6698
f 6654 6697 6694
f 6693 6708 6696
f 6696 6708 6698
f 6697 6805 6704
f 6698 6708 6851
f 6655 6700 6695
f 6673 6701 6713
f 6701 6702 6720
f 6701 6720 6713
f 6654 6656 6805
f 6655 6806 6657
f 6654 6805 6697
f 6655 6704 6806
f 6655 6695 6704
f 6695 6697 6704
f 6702 6723 6720
f 6702 6703 6725
f 6702 6725 6723
f 6703 6726 6725
f 6689 6706 6705
f 6689 6690 6706
f 6686 6687 6714
f 6679 6715 6716
f 6680 6716 6717
f 6680 6717 6718
f 6686 6714 6715
f 6687 6713 6714
f 6690 6712 6706
f 6705 6706 6709
f 6705 6707 6708
f 6705 6709 6707
f 6707 6851 6708
f 6707 6711 6851
f 6707 6709 6710
f 6707 6710 6711
f 6691 6692 6721
f 6692 6718 6721
f 6691 6721 6712
f 6713 6720 6714
f 6717 6719 6718
f 6718 6719 6721
f 6714 6728 6715
f 6714 6720 6723
f 6715 6729 6716
f 6716 6730 6717
f 6717 6724 6719
f 6719 6722 6721
f 6712 6721 6722
f 6719 6724 6722
f 6706 6712 6736
f 6712 6722 6736
f 6714 6723 6728
f 6715 6728 6729
f 6716 6729 6730
f 6717 6730 6724
f 6722 6724 6735
f 6706 6736 6709
f 6709 6736 6738
f 6723 6725 6728
f 6725 6727 6728
f 6727 6731 6728
f 6725 6726 6727
f 6728 6731 6729
f 6729 6732 6730
f 6724 6730 6733
f 6724 6737 6735
f 6724 6734 6737
f 6729 6731 6732
f 6730 6732 6733
f 6724 6733 6734
f 6734 6861 6737
f 6709 6738 6710
f 6710 6739 6711
f 6710 6738 6739
f 6722 6735 6736
f 6735 6738 6736
f 6735 6737 6739
f 6735 6739 6738
f 6737 6863 6739
f 6571 6740 6760
f 6588 6743 6741
f 6589 6742 6744
f 6571 6761 6572
f 6591 6748 6743
f 6592 6744 6749
f 6649 6760 6740
f 6571 6760 6761
f 6590 6745 6762
f 6594 6750 6745
f 6572 6753 6573
f 6591 6746 6748
f 6592 6749 6747
f 6593 6751 6750
f 6593 6774 6751
f 6572 6766 6753
f 6572 6761 6766
f 6573 6753 6767
f 6746 6757 6748
f 6747 6749 6758
f 6760 6807 6761
f 6753 6867 6767
f 6753 6766 6811
f 6761 6813 6766
f 6766 6813 6811
f 6757 6780 6812
f 6754 6757 6812
f 6753 6811 6867
f 6755 6814 6758
f 6642 6741 6763
f 6741 6743 6752
f 6744 6765 6749
f 6745 6846 6762
f 6643 6657 6742
f 6653 6762 6839
f 6742 6764 6744
f 6657 6764 6742
f 6642 6763 6656
f 6649 6698 6760
f 6653 6839 6703
f 6741 6752 6763
f 6744 6764 6765
f 6762 6846 6839
f 6743 6748 6754
f 6743 6754 6752
f 6749 6765 6755
f 6748 6757 6754
f 6749 6755 6758
f 6745 6750 6756
f 6750 6751 6759
f 6751 6787 6759
f 6745 6756 6846
f 6750 6759 6756
f 6773 6788 6775
f 6775 6788 7491
f 6769 7495 6778
f 6609 6767 6773
f 6611 6772 6774
f 6747 6781 6771
f 6746 6768 6780
f 6751 6774 6787
f 6746 6770 6768
f 6772 6789 6774
f 6769 6771 6781
f 6574 6777 6770
f 6575 6771 6769
f 6772 6776 6779
f 6575 6778 7030
f 6768 6770 6777
f 6575 6769 6778
f 6772 6779 6789
f 6773 6782 6788
f 6767 6782 6773
f 6768 6790 6780
f 6769 6786 6791
f 6769 6781 6786
f 6767 6867 6782
f 6780 6784 6785
f 6780 6790 6784
f 6622 6788 6782
f 6784 6786 6785
f 6783 6785 6786
f 6784 6790 6786
f 6758 6783 6781
f 6781 6783 6786
f 6780 6785 6812
f 6758 6814 6783
f 6759 6787 6871
f 6787 6792 6872
f 6787 6872 6873
f 6790 7494 6791
f 6788 7501 7491
f 6768 6777 6790
f 6769 6791 7495
f 6777 7494 6790
f 6791 7494 7495
f 6779 6792 6789
f 6779 7504 6792
f 6786 6790 6791
f 6621 6788 6622
f 6792 6874 6872
f 6792 6795 6874
f 6796 6880 6874
f 6621 7501 6788
f 6621 6625 7501
f 6787 6789 6792
f 6797 6882 6880
f 6797 6881 6882
f 6793 6881 6802
f 6793 6794 6883
f 6798 6802 6881
f 6793 6802 6794
f 6792 7504 6795
f 6800 6801 6804
f 6798 6799 6800
f 6799 6801 6800
f 6799 7524 6801
f 6795 6796 6874
f 6796 6797 6880
f 6797 6798 6881
f 6794 6802 6803
f 6802 6804 6803
f 6794 6803 6885
f 6803 6804 6885
f 6798 6800 6802
f 6800 6804 6802
f 6801 7511 6804
f 6804 7511 6885
f 6746 6780 6757
f 6747 6758 6781
f 6774 6789 6787
f 6588 6591 6743
f 6589 6744 6592
f 6590 6594 6745
f 6593 6750 6594
f 6698 6807 6760
f 6761 6807 6813
f 6752 6805 6763
f 6764 6806 6820
f 6752 6817 6805
f 6813 6853 6815
f 6698 6851 6807
f 6704 6805 6806
f 6807 6851 6853
f 6807 6853 6813
f 6805 6817 6806
f 6806 6817 6820
f 6810 6839 6822
f 6808 6810 6809
f 6809 6824 6841
f 6825 6842 6841
f 6783 6814 6812
f 6811 6816 6867
f 6623 6867 6816
f 6754 6812 6818
f 6755 6819 6814
f 6752 6754 6818
f 6755 6765 6819
f 6752 6818 6817
f 6812 6819 6818
f 6765 6820 6819
f 6756 6821 6846
f 6756 6759 6828
f 6812 6814 6819
f 6756 6830 6821
f 6756 6828 6830
f 6811 6813 6815
f 6811 6815 6816
f 6815 6857 6816
f 6817 6818 6820
f 6818 6819 6820
f 6821 6822 6846
f 6810 6822 6823
f 6809 6823 6824
f 6809 6810 6823
f 6824 6825 6841
f 6825 6826 6842
f 6821 6823 6822
f 6826 6838 6827
f 6827 6838 6850
f 6826 6827 6848
f 6821 6830 6829
f 6823 6829 6831
f 6824 6831 6832
f 6828 6829 6830
f 6825 6832 6833
f 6833 6878 6835
f 6833 6835 6838
f 6835 6837 6838
f 6835 6836 6837
f 6834 6835 6878
f 6834 6836 6835
f 6821 6829 6823
f 6823 6831 6824
f 6824 6832 6825
f 6825 6833 6826
f 6826 6833 6838
f 6837 6850 6838
f 6837 6859 6850
f 6836 6886 6837
f 6837 6886 6859
f 6656 6763 6805
f 6657 6806 6764
f 6703 6839 6726
f 6764 6820 6765
f 6822 6839 6846
f 6726 6839 6840
f 6727 6840 6809
f 6808 6840 6839
f 6808 6839 6810
f 6727 6809 6841
f 6731 6841 6842
f 6808 6809 6840
f 6843 6847 6844
f 6843 6844 6864
f 6844 6845 6864
f 6844 6849 6845
f 6845 6865 6864
f 6826 6847 6843
f 6826 6843 6842
f 6844 6847 6849
f 6826 6848 6847
f 6847 6848 6849
f 6848 6850 6849
f 6827 6850 6848
f 6849 6850 6859
f 6851 6852 6854
f 6711 6852 6851
f 6711 6866 6852
f 6851 6854 6853
f 6853 6854 6855
f 6852 6859 6854
f 6852 6866 6859
f 6815 6853 6855
f 6815 6855 6856
f 6815 6856 6857
f 6816 6857 6858
f 6855 6886 6856
f 6856 6886 6857
f 6854 6886 6855
f 6854 6859 6886
f 6726 6840 6727
f 6727 6841 6731
f 6731 6842 6732
f 6733 6860 6734
f 6732 6843 6733
f 6734 6860 6861
f 6860 6862 6861
f 6737 6861 6863
f 6733 6843 6860
f 6860 6864 6865
f 6860 6865 6862
f 6861 6862 6863
f 6862 6865 6863
f 6711 6863 6866
f 6711 6739 6863
f 6732 6842 6843
f 6843 6864 6860
f 6863 6865 6866
f 6845 6866 6865
f 6845 6849 6859
f 6845 6859 6866
f 6623 6782 6867
f 6783 6812 6785
f 6622 6782 6623
f 6829 6871 6868
f 6829 6868 6869
f 6872 6874 6873
f 6868 6873 6874
f 6868 6874 6880
f 6869 6880 6882
f 6870 6882 6881
f 6868 6871 6873
f 6868 6880 6869
f 6869 6882 6870
f 6759 6871 6828
f 6831 6869 6870
f 6832 6870 6877
f 6876 6878 6877
f 6875 6878 6876
f 6787 6873 6871
f 6876 6877 6881
f 6875 6876 6883
f 6870 6881 6877
f 6875 6883 6879
f 6879 6883 6884
f 6623 6816 6624
f 6624 6816 6858
f 6624 6858 6884
f 6858 6879 6884
f 6828 6871 6829
f 6829 6869 6831
f 6831 6870 6832
f 6832 6877 6833
f 6833 6877 6878
f 6834 6878 6875
f 6834 6875 6879
f 6834 6879 6836
f 6836 6879 6886
f 6625 6626 7511
f 6627 6885 7511
f 6626 6627 7511
f 6793 6876 6881
f 6793 6883 6876
f 6794 6884 6883
f 6794 6885 6884
f 6624 6885 6627
f 6624 6884 6885
f 6857 6879 6858
f 6857 6886 6879
f 6887 6891 6889
f 6891 6890 6889
f 6891 6892 6890
f 6891 6893 6892
f 6891 6905 6893
f 6887 6888 6895
f 6888 6896 6895
f 6887 6895 6897
f 6887 6897 6891
f 6494 6897 6895
f 6891 6897 6905
f 6905 6900 6893
f 6904 6898 6899
f 6905 6901 6900
f 6931 2809 6902
f 6904 6899 6928
f 6934 6903 6901
f 6904 6928 6929
f 6931 6902 6903
f 5860 6894 6898
f 5860 6898 6904
f 5860 6904 6918
f 6897 6920 6905
f 6904 6919 6918
f 6905 6934 6901
f 6904 6929 6930
f 6904 6930 6919
f 6905 6920 6926
f 6905 6926 6934
f 6931 6903 6934
f 6499 6906 6897
f 6897 6906 6908
f 6906 6907 6909
f 6906 6909 6908
f 6907 6910 6909
f 6897 6908 6920
f 6909 6910 6911
f 6910 6912 6911
f 6518 6911 6912
f 6909 6911 6917
f 6908 6909 6913
f 6909 6914 6913
f 6909 6916 6914
f 6909 6917 6915
f 6909 6915 6916
f 6911 6973 6917
f 6908 6913 6923
f 6913 6914 6923
f 6914 6916 6923
f 6915 6917 6978
f 6915 6976 6916
f 5864 5865 6981
f 6916 6976 6923
f 6917 6977 6978
f 6915 6978 6976
f 5861 6918 6922
f 6908 6921 6920
f 6918 6919 6925
f 6918 6925 6922
f 6920 6921 6924
f 6920 6924 6926
f 6919 6938 6925
f 6908 6923 6921
f 5862 6922 6979
f 5862 6979 6975
f 6921 6923 6982
f 6922 6925 6979
f 6921 6982 6924
f 6926 6937 6934
f 6924 6937 6926
f 6924 6982 6942
f 6929 6927 2835
f 6929 6928 6927
f 2836 6931 6932
f 6931 6934 6932
f 2837 6933 6929
f 6929 6933 6936
f 6929 6936 6930
f 6934 6937 6935
f 6930 6936 6938
f 6932 6934 6935
f 2837 6945 6933
f 6933 6958 6936
f 6919 6930 6938
f 6937 6941 6939
f 6935 6937 6939
f 6938 6940 6944
f 6936 6940 6938
f 6935 6939 6955
f 6924 6942 6937
f 6925 6938 6944
f 6937 6942 6941
f 6925 6944 6943
f 6939 6941 6959
f 6940 6960 6944
f 6941 6942 6959
f 6943 6944 7289
f 6942 7193 6959
f 6936 6958 6940
f 6944 6960 7289
f 6932 6935 6948
f 2856 6932 6946
f 6932 6948 6946
f 6946 6948 6950
f 2855 6949 6952
f 2855 6952 6945
f 2857 6946 6950
f 6933 6945 6958
f 6935 6955 6947
f 6935 6947 6948
f 6947 6950 6948
f 6945 6952 6965
f 6945 6965 6958
f 2857 6950 6951
f 2859 6952 6949
f 2857 6951 2858
f 2859 6953 6952
f 6950 6964 6951
f 6952 6953 6965
f 6939 6959 6956
f 6969 7234 7233
f 6969 7233 7235
f 6954 6969 7235
f 6954 7232 7349
f 6939 6956 6955
f 6940 6958 6957
f 6947 6955 6961
f 6955 6956 6961
f 6947 6961 6950
f 6956 6959 6961
f 6957 6958 6962
f 6958 6965 6962
f 6940 6957 6960
f 6959 6966 6961
f 6957 6968 6960
f 6957 6962 6968
f 6959 7196 6966
f 6966 7196 6967
f 6960 6968 7291
f 6950 6961 6964
f 6961 6966 6964
f 6951 6964 7372
f 6963 6964 6966
f 6963 7375 7372
f 6963 6969 7375
f 6953 6970 6962
f 6963 7372 6964
f 6953 6962 6965
f 6953 7391 6970
f 6963 6966 6967
f 6962 6970 6968
f 6963 6967 7234
f 6968 6970 7291
f 6970 6972 7291
f 6963 7234 6969
f 6954 7375 6969
f 6970 7378 6972
f 6971 6972 7378
f 7251 7418 7416
f 7246 7417 7418
f 7247 7420 7417
f 7248 7421 7420
f 7259 7427 7421
f 6516 6974 6911
f 6516 6517 6993
f 6911 6974 6973
f 6516 6993 6974
f 6917 6973 6977
f 5864 6981 5871
f 6973 6988 6977
f 6517 6564 6992
f 6517 6992 6993
f 6973 6974 6988
f 5871 6987 6998
f 6974 6993 6999
f 6974 6999 6988
f 5865 6975 6980
f 6975 6979 6980
f 5865 6980 6983
f 5865 6983 6981
f 5871 6981 6987
f 6923 6976 6982
f 6976 6978 6984
f 6977 6986 6978
f 6977 6985 6986
f 6978 6986 6984
f 6976 6984 6982
f 6977 6988 6985
f 6979 7096 6980
f 6925 7096 6979
f 6980 7097 6983
f 6981 6983 7098
f 6981 7098 6990
f 6985 7100 6986
f 6984 6986 7101
f 6980 7096 7097
f 6982 6984 7101
f 6981 6989 6987
f 6987 6989 6998
f 6981 6990 6989
f 6985 6988 7001
f 6983 7097 7104
f 6983 7104 7098
f 6990 7098 7105
f 6989 6990 7105
f 6985 7001 6991
f 6982 7101 7099
f 6985 6991 7102
f 6986 7100 7101
f 6985 7102 7100
f 6992 7821 6993
f 6993 6994 6999
f 5872 6998 6995
f 6564 7821 6992
f 6993 7821 6994
f 5875 7818 7792
f 5875 7819 7818
f 6564 7822 7821
f 5873 6995 7819
f 6994 7821 7827
f 6994 7827 7826
f 6994 7826 7852
f 7053 7820 7850
f 6605 7055 6996
f 6607 7054 7823
f 6996 7010 7006
f 7007 7011 7850
f 6996 7055 7010
f 7010 7055 7062
f 7011 7053 7850
f 7012 7851 7054
f 6997 7057 7825
f 6997 7830 7013
f 6988 6999 7000
f 6989 7002 6998
f 6988 7000 7001
f 6994 7000 6999
f 6989 7105 7002
f 6998 7002 7003
f 7000 7019 7001
f 6995 6998 7857
f 6994 7852 7000
f 6998 7003 7857
f 7000 7852 7019
f 7006 7019 7852
f 7002 7873 7003
f 7003 7873 7874
f 7004 7010 7062
f 6991 7001 7018
f 7001 7020 7018
f 7005 7127 7018
f 7021 7072 7126
f 7006 7010 7019
f 7087 7860 7851
f 7007 7860 7008
f 7008 7009 7021
f 7008 7860 7009
f 7007 7086 7011
f 7004 7019 7010
f 7008 7017 7063
f 7009 7073 7021
f 7008 7063 7086
f 7009 7087 7073
f 7012 7087 7851
f 7013 7835 7014
f 7014 7835 7015
f 7007 7008 7086
f 7009 7860 7087
f 7015 7853 7016
f 7001 7019 7020
f 7004 7020 7019
f 7005 7018 7020
f 7024 7025 7862
f 7022 7863 7023
f 7022 7024 7862
f 7023 7864 7027
f 7008 7021 7017
f 7025 7028 7861
f 7026 7027 7870
f 7026 7871 7189
f 7189 7868 7190
f 7004 7005 7020
f 7017 7125 7063
f 7017 7126 7125
f 7025 7137 7028
f 7017 7021 7126
f 7016 7861 7028
f 7049 7058 7483
f 6775 7483 7058
f 6574 7029 7484
f 7030 7485 7060
f 7032 7064 7049
f 7032 7049 7483
f 7029 7031 7488
f 7059 7061 7489
f 7060 7487 7089
f 7031 7545 7488
f 7070 7077 7201
f 7034 7269 7077
f 7077 7269 7203
f 7033 7076 7064
f 7033 7041 7076
f 7035 7042 7088
f 7032 7033 7064
f 7031 7088 7545
f 7089 7487 7546
f 7033 7554 7041
f 7042 7545 7088
f 7043 7089 7546
f 7034 7076 7038
f 7040 7076 7041
f 7038 7076 7039
f 7039 7076 7040
f 7035 7091 7042
f 7034 7036 7269
f 7080 7279 7091
f 7080 7270 7279
f 7034 7038 7036
f 7036 7039 7040
f 7036 7038 7039
f 7043 7280 7092
f 7092 7280 7271
f 7037 7044 7554
f 7040 7041 7044
f 7041 7554 7044
f 7045 7558 7095
f 7091 7279 7281
f 7036 7040 7037
f 7042 7091 7281
f 7043 7282 7280
f 7037 7040 7044
f 7042 7281 7629
f 7045 7094 7634
f 7043 7557 7282
f 7094 7283 7634
f 6605 7049 7055
f 6605 7058 7049
f 6607 7047 7051
f 7046 7053 7050
f 7049 7062 7055
f 7050 7053 7066
f 7051 7068 7054
f 7049 7064 7062
f 7031 7050 7065
f 7050 7066 7065
f 7051 7067 7068
f 6997 7069 7052
f 7051 7060 7067
f 6606 7053 7046
f 6607 7051 7054
f 7048 7056 7057
f 7048 7057 7052
f 6997 7052 7057
f 7011 7066 7053
f 7012 7054 7068
f 7030 7051 7047
f 7031 7046 7050
f 7029 7046 7031
f 7048 7061 7059
f 7030 7060 7051
f 7048 7052 7061
f 7031 7065 7088
f 7060 7089 7067
f 7052 7090 7061
f 7052 7069 7090
f 7011 7086 7066
f 7012 7068 7083
f 7004 7062 7076
f 7066 7086 7075
f 7015 7084 7069
f 7063 7075 7086
f 7073 7087 7083
f 7062 7064 7076
f 7067 7089 7083
f 7035 7065 7075
f 7065 7066 7075
f 7067 7083 7068
f 7005 7076 7077
f 7005 7077 7127
f 7063 7071 7078
f 7070 7127 7077
f 7004 7076 7005
f 7021 7073 7072
f 7063 7078 7075
f 7072 7073 7083
f 7016 7085 7084
f 7063 7125 7071
f 7028 7304 7074
f 7028 7074 7085
f 7075 7078 7080
f 7079 7083 7081
f 7034 7077 7076
f 7075 7080 7091
f 7081 7083 7092
f 7071 7204 7078
f 7072 7083 7079
f 7079 7081 7205
f 7078 7270 7080
f 7082 7085 7272
f 7069 7084 7085
f 7069 7085 7082
f 6997 7013 7069
f 7013 7014 7069
f 7014 7015 7069
f 7012 7083 7087
f 7015 7016 7084
f 7016 7028 7085
f 7035 7088 7065
f 7083 7089 7093
f 7043 7093 7089
f 7069 7094 7090
f 7061 7090 7547
f 7090 7094 7095
f 7090 7095 7558
f 7035 7075 7091
f 7069 7082 7094
f 7083 7093 7092
f 7043 7092 7093
f 7081 7092 7271
f 7081 7271 7205
f 7082 7283 7094
f 7082 7272 7283
f 7045 7095 7094
f 6925 6943 7096
f 6942 6982 7099
f 6942 7099 7103
f 6943 7107 7096
f 6942 7103 7114
f 6942 7194 7193
f 6942 7114 7194
f 6943 7289 7115
f 7099 7101 7103
f 7100 7102 7108
f 7100 7109 7101
f 7096 7111 7097
f 7097 7111 7104
f 7098 7104 7112
f 7101 7109 7103
f 7096 7107 7111
f 7098 7185 7105
f 6991 7110 7102
f 7098 7112 7185
f 7103 7113 7114
f 7103 7109 7113
f 7100 7108 7109
f 7102 7110 7108
f 7108 7110 7122
f 7108 7122 7109
f 7106 7109 7122
f 6943 7115 7107
f 7104 7111 7116
f 7104 7116 7112
f 7106 7113 7109
f 7107 7116 7111
f 7112 7116 7179
f 7107 7115 7116
f 6991 7118 7110
f 6991 7117 7118
f 7002 7105 7188
f 6991 7018 7117
f 7105 7185 7188
f 7123 7127 7295
f 7110 7118 7122
f 7117 7123 7118
f 7118 7123 7122
f 7119 7138 7148
f 7119 7169 7121
f 7119 7121 7120
f 7119 7120 7138
f 7122 7123 7296
f 7106 7122 7296
f 7124 7301 7299
f 7124 7146 7301
f 7121 7169 7170
f 7145 7170 7175
f 7153 7306 7154
f 7154 7306 7175
f 7145 7175 7306
f 7117 7127 7123
f 7018 7127 7117
f 7125 7126 7128
f 7126 7135 7128
f 7128 7135 7132
f 7071 7128 7132
f 7071 7125 7128
f 7124 7129 7131
f 7129 7130 7131
f 7130 7134 7131
f 7131 7134 7146
f 7130 7132 7136
f 7130 7136 7133
f 7130 7133 7134
f 7124 7131 7146
f 7072 7135 7126
f 7132 7135 7136
f 7028 7137 7305
f 7120 7121 7140
f 7120 7141 7138
f 7138 7139 7148
f 7120 7140 7141
f 7121 7142 7140
f 7138 7141 7143
f 7121 7145 7142
f 7138 7143 7139
f 7139 7144 7182
f 7144 7183 7182
f 7144 7191 7183
f 7183 7191 7192
f 7139 7143 7144
f 7183 7192 7184
f 7137 7145 7306
f 7134 7301 7146
f 7137 7306 7305
f 7121 7170 7145
f 7112 7179 7185
f 7119 7148 7169
f 7148 7171 7169
f 7147 7171 7149
f 7139 7149 7148
f 7148 7149 7171
f 7147 7149 7181
f 7147 7181 7150
f 7179 7187 7185
f 7152 7159 7158
f 7151 7152 7158
f 7152 7166 7159
f 7159 7166 7160
f 7160 7166 7161
f 7153 7155 7212
f 7155 7156 7212
f 7157 7162 7214
f 7156 7157 7213
f 7151 7158 7154
f 7153 7154 7155
f 7151 7154 7175
f 7155 7159 7156
f 7156 7160 7157
f 7154 7158 7155
f 7155 7158 7159
f 7156 7159 7160
f 7157 7160 7161
f 7157 7161 7162
f 7162 7177 7309
f 7177 7178 7310
f 7163 7170 7169
f 7163 7169 7171
f 7147 7165 7164
f 7163 7171 7164
f 7151 7175 7170
f 7152 7163 7164
f 7151 7163 7152
f 7151 7170 7163
f 7152 7165 7166
f 7152 7164 7165
f 7166 7172 7167
f 7161 7166 7167
f 7161 7167 7176
f 7167 7168 7176
f 7165 7172 7166
f 7167 7172 7168
f 7168 7173 7176
f 7147 7164 7171
f 7147 7150 7165
f 7150 7172 7165
f 7168 7172 7180
f 7168 7180 7173
f 7150 7180 7172
f 7173 7174 7176
f 7173 7187 7174
f 7161 7176 7162
f 7162 7176 7177
f 7176 7178 7177
f 7174 7187 7179
f 7174 7178 7176
f 7115 7174 7116
f 7116 7174 7179
f 7139 7182 7149
f 7149 7182 7181
f 7150 7181 7183
f 7150 7183 7180
f 7181 7182 7183
f 7180 7184 7186
f 7180 7183 7184
f 7184 7185 7187
f 7184 7192 7185
f 7173 7180 7186
f 7173 7186 7187
f 7184 7187 7186
f 7002 7188 7873
f 7024 7142 7025
f 7022 7141 7024
f 7022 7023 7143
f 7023 7027 7144
f 7026 7189 7191
f 7027 7191 7144
f 7189 7190 7191
f 7185 7192 7188
f 7188 7192 7190
f 7188 7190 7873
f 7026 7191 7027
f 7025 7142 7145
f 7024 7140 7142
f 7024 7141 7140
f 7022 7143 7141
f 7023 7144 7143
f 7025 7145 7137
f 7190 7192 7191
f 6959 7193 7195
f 7193 7194 7195
f 7194 7198 7195
f 6959 7195 7196
f 7195 7198 7196
f 6967 7198 7234
f 6967 7196 7198
f 7197 7222 7235
f 7197 7233 7198
f 7106 7296 7197
f 7207 7222 7296
f 7197 7296 7222
f 7200 7222 7207
f 7200 7207 7262
f 7070 7201 7207
f 7201 7203 7265
f 7077 7203 7201
f 7078 7204 7270
f 7206 7208 7302
f 7202 7208 7206
f 7206 7302 7210
f 7199 7285 7308
f 7201 7262 7207
f 7202 7206 7263
f 7202 7263 7204
f 7209 7264 7210
f 7206 7210 7286
f 7209 7307 7264
f 7284 7312 7308
f 7106 7198 7113
f 7113 7198 7114
f 7106 7197 7198
f 7114 7198 7194
f 7115 7211 7228
f 7153 7212 7215
f 7212 7213 7221
f 7153 7215 7217
f 7213 7214 7218
f 7214 7309 7219
f 7219 7309 7310
f 7212 7216 7215
f 7212 7221 7216
f 7199 7217 7215
f 7213 7218 7221
f 7214 7219 7218
f 7219 7310 7220
f 7220 7310 7311
f 7178 7228 7311
f 7115 7228 7174
f 7216 7223 7225
f 7216 7224 7223
f 7221 7226 7224
f 7218 7227 7226
f 7223 7224 7236
f 7223 7237 7225
f 7224 7226 7238
f 7227 7229 7239
f 7226 7227 7239
f 7211 7293 7228
f 7228 7293 7231
f 7229 7230 7240
f 7230 7231 7241
f 7199 7215 7225
f 7216 7221 7224
f 7218 7226 7221
f 7215 7216 7225
f 7218 7219 7227
f 7219 7220 7227
f 7220 7229 7227
f 7229 7311 7230
f 7230 7311 7231
f 7220 7311 7229
f 7199 7225 7285
f 7284 7308 7285
f 7228 7231 7311
f 7243 7262 7265
f 7265 7274 7612
f 7245 7277 7273
f 7274 7606 7612
f 7198 7233 7234
f 7222 7232 7235
f 7200 7232 7222
f 7200 7262 7232
f 7232 7262 7243
f 7254 7286 7287
f 7242 7253 7284
f 7197 7235 7233
f 7236 7247 7237
f 7236 7238 7248
f 7237 7247 7246
f 7237 7246 7242
f 7236 7248 7247
f 7238 7249 7248
f 7239 7258 7249
f 7241 7261 7260
f 7238 7239 7249
f 7239 7240 7258
f 7240 7288 7258
f 7241 7260 7288
f 7258 7288 7260
f 7244 7245 7254
f 7244 7613 7245
f 6954 7235 7232
f 7232 7243 7349
f 7242 7246 7251
f 7242 7251 7253
f 7246 7418 7251
f 7251 7416 7253
f 7246 7247 7417
f 7247 7248 7420
f 7248 7249 7421
f 7249 7259 7421
f 7252 7253 7422
f 7243 7265 7612
f 7252 7268 7253
f 7255 7275 7256
f 7254 7287 7255
f 7245 7613 7277
f 7244 7254 7255
f 7244 7255 7256
f 7252 7615 7276
f 7245 7273 7254
f 7256 7275 7257
f 7257 7275 7617
f 7276 7615 7630
f 7249 7258 7259
f 7258 7260 7259
f 7259 7260 7261
f 7250 7259 7261
f 7036 7274 7269
f 7265 7269 7274
f 7201 7265 7262
f 7204 7263 7266
f 7206 7286 7263
f 7210 7264 7287
f 7210 7287 7286
f 7263 7286 7266
f 7264 7267 7287
f 7266 7273 7270
f 7203 7269 7265
f 7204 7266 7270
f 7205 7271 7275
f 7270 7273 7279
f 7268 7272 7312
f 7264 7307 7267
f 7268 7312 7284
f 7205 7267 7307
f 7205 7275 7267
f 7036 7037 7274
f 7273 7277 7279
f 7277 7281 7279
f 7037 7606 7274
f 7254 7273 7266
f 7255 7267 7275
f 7275 7278 7617
f 7276 7630 7283
f 7271 7280 7278
f 7272 7276 7283
f 7278 7280 7282
f 7271 7278 7275
f 7268 7276 7272
f 7225 7242 7285
f 7242 7284 7285
f 7254 7266 7286
f 7255 7287 7267
f 7253 7268 7284
f 7223 7236 7237
f 7225 7237 7242
f 7224 7238 7236
f 7226 7239 7238
f 7229 7240 7239
f 7230 7241 7288
f 7230 7288 7240
f 7231 7293 7241
f 7252 7276 7268
f 6960 7291 7289
f 7289 7291 7290
f 7211 7289 7290
f 7211 7290 7293
f 7115 7289 7211
f 7290 7292 7293
f 7290 7291 7292
f 6972 7292 7291
f 6972 7293 7292
f 6972 7241 7293
f 6971 7241 6972
f 6971 7261 7241
f 6971 7250 7261
f 6971 7294 7250
f 7250 7294 7428
f 7250 7428 7427
f 7250 7427 7259
f 7123 7295 7296
f 7071 7297 7298
f 7071 7130 7129
f 7070 7295 7127
f 7071 7124 7299
f 7071 7129 7124
f 7071 7299 7297
f 7072 7300 7301
f 7070 7207 7295
f 7207 7296 7295
f 7071 7298 7302
f 7071 7302 7208
f 7072 7209 7300
f 7074 7304 7308
f 7303 7308 7304
f 7297 7300 7298
f 7298 7300 7302
f 7153 7217 7306
f 7297 7299 7300
f 7299 7301 7300
f 7199 7305 7306
f 7210 7302 7300
f 7209 7210 7300
f 7199 7308 7303
f 7199 7306 7217
f 7199 7303 7305
f 7071 7132 7130
f 7072 7134 7133
f 7072 7133 7136
f 7072 7136 7135
f 7072 7301 7134
f 7028 7303 7304
f 7028 7305 7303
f 7071 7202 7204
f 7071 7208 7202
f 7072 7307 7209
f 7074 7308 7312
f 7072 7079 7307
f 7074 7312 7085
f 7079 7205 7307
f 7156 7213 7212
f 7157 7214 7213
f 7162 7309 7214
f 7177 7310 7309
f 7174 7228 7178
f 7178 7311 7310
f 7085 7312 7272
f 7313 7315 7316
f 7313 7316 7340
f 2858 7329 7321
f 2859 7320 7336
f 2858 6951 7329
f 2859 7336 6953
f 7321 7329 7322
f 2942 7321 2943
f 2943 7321 7322
f 2943 7322 7314
f 2943 7314 7317
f 2939 7319 7318
f 7313 7317 7315
f 2941 7318 7320
f 7314 7315 7317
f 7318 7334 7332
f 7318 7332 7331
f 7319 7344 7335
f 7318 7319 7334
f 7319 7335 7334
f 7318 7331 7320
f 7320 7331 7336
f 6951 7324 7329
f 7323 7329 7324
f 6951 7372 7324
f 7323 7374 7326
f 7323 7324 7373
f 7323 7373 7374
f 7314 7322 7326
f 7322 7323 7326
f 7314 7325 7315
f 7315 7325 7327
f 7314 7326 7325
f 7316 7328 7340
f 7315 7327 7316
f 7316 7327 7328
f 7327 7383 7328
f 7325 7326 7381
f 7325 7382 7327
f 7335 7385 7384
f 7322 7329 7323
f 6953 7336 7333
f 6953 7330 7391
f 6953 7333 7330
f 7330 7333 7337
f 7331 7333 7336
f 7332 7334 7338
f 7331 7337 7333
f 7331 7332 7337
f 7332 7338 7337
f 7334 7384 7338
f 7334 7335 7384
f 7335 7347 7385
f 7313 7340 7339
f 2949 7339 7342
f 7339 7340 7341
f 7339 7341 7343
f 7339 7343 7342
f 2947 7342 7348
f 7342 7343 7348
f 2948 7344 7319
f 2950 7348 7344
f 7335 7344 7347
f 7344 7348 7347
f 7340 7345 7341
f 7328 7345 7340
f 7341 7346 7343
f 7328 7461 7345
f 7347 7462 7385
f 7347 7463 7462
f 7341 7345 7346
f 7345 7467 7346
f 7343 7463 7348
f 7343 7346 7463
f 7347 7348 7463
f 7349 7353 7377
f 7243 7353 7349
f 7256 7352 7351
f 7253 7416 7422
f 7252 7422 7355
f 7350 7351 7352
f 7350 7352 7354
f 7350 7354 7360
f 7350 7613 7351
f 7353 7614 7357
f 7352 7617 7354
f 7354 7617 7360
f 7357 7387 7386
f 7353 7357 7386
f 7350 7360 7356
f 7356 7361 7358
f 7357 7359 7387
f 7357 7614 7620
f 7356 7360 7361
f 7350 7356 7618
f 7356 7358 7362
f 7358 7361 7363
f 7358 7363 7362
f 7356 7362 7618
f 7362 7364 7618
f 7360 7619 7361
f 7355 7457 7624
f 7361 7619 7363
f 7357 7620 7359
f 7363 7627 7365
f 7362 7363 7365
f 7362 7365 7364
f 7366 7645 7457
f 7359 7651 7469
f 7359 7620 7651
f 7366 7448 7367
f 7367 7449 7368
f 7370 7469 7651
f 7370 7651 7371
f 7370 7481 7469
f 7370 7657 7481
f 7373 7375 7376
f 7373 7376 7374
f 7374 7377 7381
f 7324 7372 7373
f 7372 7375 7373
f 7326 7374 7381
f 7338 7380 7379
f 6954 7376 7375
f 7377 7386 7381
f 7374 7376 7377
f 6970 7391 7378
f 7378 7391 7414
f 7379 7414 7391
f 7380 7388 7409
f 7379 7380 7414
f 7325 7381 7382
f 7327 7382 7383
f 7338 7384 7380
f 7384 7385 7388
f 7385 7462 7390
f 7381 7386 7382
f 7382 7386 7387
f 7382 7387 7383
f 7383 7387 7464
f 7385 7389 7388
f 7380 7384 7388
f 7388 7389 7438
f 7389 7390 7438
f 7385 7390 7389
f 7390 7462 7465
f 7330 7379 7391
f 7330 7337 7379
f 7337 7338 7379
f 6954 7349 7376
f 7349 7377 7376
f 7392 7394 7405
f 7394 7395 7396
f 7395 7423 7410
f 7410 7424 7411
f 7410 7423 7424
f 7413 7426 7415
f 7353 7386 7377
f 7395 7400 7396
f 7394 7396 7405
f 7400 7410 7407
f 7407 7411 7408
f 7396 7397 7405
f 7396 7401 7397
f 7397 7398 7405
f 7397 7399 7398
f 7396 7400 7401
f 7400 7407 7402
f 7400 7402 7401
f 7402 7407 7403
f 7403 7408 7404
f 7398 7406 7405
f 7403 7407 7408
f 7408 7412 7436
f 7404 7408 7436
f 7393 7406 7422
f 7355 7406 7398
f 7355 7398 7399
f 7355 7399 7430
f 7395 7410 7400
f 7392 7405 7393
f 7393 7405 7406
f 7407 7410 7411
f 7408 7411 7412
f 7411 7424 7412
f 7412 7424 7413
f 7412 7413 7436
f 7409 7436 7413
f 6971 7378 7414
f 6971 7414 7415
f 7380 7415 7414
f 7380 7413 7415
f 7380 7409 7413
f 7392 7419 7418
f 7392 7418 7417
f 7394 7417 7420
f 7395 7420 7421
f 7416 7418 7419
f 7392 7417 7394
f 7394 7420 7395
f 7392 7393 7419
f 7393 7422 7419
f 7416 7419 7422
f 6971 7415 7294
f 7421 7427 7423
f 7425 7427 7428
f 7395 7421 7423
f 7423 7427 7424
f 7413 7424 7425
f 7413 7425 7426
f 7424 7427 7425
f 7415 7426 7428
f 7425 7428 7426
f 7294 7415 7428
f 7355 7422 7406
f 7397 7401 7431
f 7401 7429 7431
f 7397 7431 7430
f 7397 7430 7399
f 7401 7402 7429
f 7402 7403 7432
f 7403 7404 7433
f 7404 7436 7435
f 7434 7435 7436
f 7402 7432 7429
f 7403 7433 7432
f 7404 7435 7433
f 7434 7439 7435
f 7409 7434 7436
f 7409 7437 7434
f 7434 7437 7439
f 7429 7432 7442
f 7430 7431 7440
f 7429 7441 7431
f 7431 7441 7440
f 7432 7443 7442
f 7429 7442 7441
f 7432 7433 7443
f 7433 7435 7444
f 7433 7444 7443
f 7437 7438 7439
f 7435 7439 7445
f 7435 7445 7444
f 7438 7453 7439
f 7355 7430 7440
f 7359 7464 7387
f 7440 7441 7446
f 7442 7443 7449
f 7390 7454 7438
f 7439 7453 7445
f 7390 7455 7454
f 7455 7465 7456
f 7440 7446 7457
f 7441 7442 7448
f 7441 7448 7446
f 7446 7447 7457
f 7442 7449 7448
f 7443 7450 7449
f 7446 7448 7447
f 7443 7444 7450
f 7444 7445 7451
f 7452 7454 7455
f 7445 7452 7458
f 7438 7454 7453
f 7445 7453 7452
f 7452 7453 7454
f 7444 7451 7450
f 7445 7458 7451
f 7452 7459 7458
f 7452 7455 7459
f 7388 7437 7409
f 7388 7438 7437
f 7390 7465 7455
f 7355 7440 7457
f 7366 7447 7448
f 7451 7458 7471
f 7366 7457 7447
f 7367 7448 7449
f 7368 7449 7450
f 7458 7459 7471
f 7455 7456 7460
f 7455 7460 7459
f 7328 7383 7461
f 7345 7461 7467
f 7461 7468 7467
f 7462 7466 7465
f 7462 7463 7466
f 7383 7464 7461
f 7461 7464 7468
f 7464 7479 7468
f 7465 7466 7470
f 7346 7467 7466
f 7346 7466 7463
f 7467 7468 7470
f 7466 7467 7470
f 7359 7469 7464
f 7464 7469 7480
f 7464 7480 7479
f 7456 7470 7476
f 7456 7465 7470
f 7369 7450 7451
f 7456 7476 7460
f 7451 7471 7642
f 7368 7450 7369
f 7369 7451 7642
f 7459 7473 7471
f 7459 7460 7473
f 7460 7472 7473
f 7460 7475 7472
f 7472 7644 7473
f 7471 7473 7643
f 7471 7643 7642
f 7473 7474 7643
f 7472 7475 7644
f 7460 7476 7475
f 7475 7478 7477
f 7475 7476 7478
f 7468 7479 7476
f 7468 7476 7470
f 7469 7481 7480
f 7478 7479 7480
f 7477 7480 7481
f 7477 7478 7480
f 7476 7479 7478
f 7477 7481 7657
f 7482 7483 7491
f 6777 7496 7492
f 6775 7491 7483
f 6574 7484 6777
f 6776 7486 6779
f 7032 7483 7482
f 6776 7059 7486
f 6778 7485 7030
f 7029 7488 7484
f 7059 7489 7486
f 6777 7484 7496
f 6778 7493 7485
f 7485 7493 7514
f 6779 7486 7520
f 7032 7490 7033
f 7060 7485 7487
f 7061 7547 7489
f 7032 7482 7490
f 7484 7488 7496
f 7485 7529 7487
f 7488 7528 7496
f 7485 7514 7529
f 7486 7489 7530
f 7488 7548 7528
f 7529 7548 7549
f 7487 7529 7546
f 7489 7552 7534
f 6777 7492 7494
f 6778 7495 7493
f 7492 7493 7495
f 7492 7495 7494
f 6779 7497 7504
f 7492 7496 7493
f 7493 7496 7514
f 7482 7491 7503
f 7497 7499 7505
f 7499 7500 7505
f 7500 7516 7506
f 7507 7516 7517
f 7497 7498 7499
f 7491 7501 7503
f 6625 7605 7501
f 7501 7605 7502
f 7502 7605 7510
f 7501 7502 7503
f 6795 7504 7505
f 6795 7505 7506
f 6795 7506 6796
f 6796 7507 6797
f 6796 7506 7507
f 6797 7507 7508
f 6799 7509 7524
f 6799 7508 7509
f 6797 7508 6798
f 6798 7508 6799
f 6801 7524 7510
f 7497 7505 7504
f 7500 7506 7505
f 7506 7516 7507
f 7507 7517 7508
f 7508 7515 7509
f 7510 7605 7511
f 6801 7510 7511
f 7482 7503 7513
f 7502 7526 7503
f 7502 7510 7526
f 7503 7526 7541
f 7482 7512 7490
f 7482 7513 7512
f 7490 7512 7543
f 7512 7513 7542
f 7503 7542 7513
f 6779 7498 7497
f 6779 7520 7498
f 7486 7527 7520
f 7515 7517 7519
f 7515 7519 7518
f 7518 7519 7522
f 7499 7520 7527
f 7498 7520 7499
f 7499 7532 7500
f 7517 7521 7519
f 7500 7533 7516
f 7516 7536 7517
f 7519 7521 7522
f 7521 7523 7522
f 7509 7525 7524
f 7509 7518 7525
f 7509 7515 7518
f 7510 7524 7525
f 7508 7517 7515
f 7518 7526 7525
f 7510 7525 7526
f 7518 7522 7526
f 7522 7523 7541
f 7522 7541 7526
f 7496 7528 7514
f 7514 7528 7529
f 7486 7530 7527
f 7499 7527 7531
f 7499 7531 7532
f 7517 7536 7521
f 7521 7535 7523
f 7523 7535 7542
f 7500 7532 7533
f 7516 7533 7536
f 7527 7530 7531
f 7521 7537 7535
f 7521 7536 7537
f 7528 7548 7529
f 7530 7534 7531
f 7531 7570 7532
f 7531 7534 7570
f 7535 7537 7539
f 7535 7539 7542
f 7489 7534 7530
f 7536 7538 7537
f 7537 7538 7539
f 7538 7540 7539
f 7536 7567 7538
f 7532 7574 7533
f 7533 7575 7536
f 7538 7567 7540
f 7539 7540 7544
f 7503 7541 7542
f 7523 7542 7541
f 7512 7544 7543
f 7512 7542 7544
f 7539 7544 7542
f 7033 7490 7550
f 7033 7550 7555
f 7488 7545 7548
f 7489 7547 7552
f 7090 7558 7547
f 7546 7553 7557
f 7547 7558 7552
f 7545 7551 7548
f 7548 7551 7549
f 7549 7551 7553
f 7545 7561 7551
f 7529 7549 7546
f 7546 7549 7553
f 7534 7552 7568
f 7552 7559 7568
f 7551 7564 7553
f 7559 7573 7568
f 7033 7555 7554
f 7037 7554 7635
f 7554 7555 7635
f 7556 7629 7609
f 7042 7556 7545
f 7043 7546 7557
f 7045 7559 7558
f 7545 7556 7561
f 7552 7558 7559
f 7042 7629 7556
f 7282 7557 7633
f 7045 7636 7559
f 7557 7566 7633
f 7045 7634 7636
f 7550 7560 7555
f 7556 7562 7561
f 7556 7563 7562
f 7550 7581 7560
f 7551 7561 7564
f 7561 7566 7564
f 7561 7562 7566
f 7562 7563 7566
f 7563 7565 7566
f 7555 7560 7635
f 7556 7609 7563
f 7560 7638 7635
f 7563 7609 7565
f 7553 7564 7557
f 7557 7564 7566
f 7559 7585 7573
f 7559 7595 7585
f 7565 7633 7566
f 7559 7660 7595
f 7581 7640 7638
f 7490 7578 7550
f 7490 7543 7578
f 7550 7578 7581
f 7534 7568 7569
f 7534 7569 7570
f 7532 7570 7571
f 7532 7571 7572
f 7532 7572 7574
f 7533 7574 7575
f 7536 7575 7567
f 7540 7577 7544
f 7540 7567 7577
f 7567 7575 7576
f 7567 7576 7577
f 7544 7577 7579
f 7568 7573 7569
f 7569 7582 7570
f 7570 7582 7571
f 7571 7583 7572
f 7572 7584 7574
f 7569 7573 7582
f 7571 7582 7583
f 7572 7583 7584
f 7574 7584 7593
f 7574 7593 7575
f 7575 7593 7576
f 7576 7594 7577
f 7577 7580 7579
f 7576 7593 7594
f 7577 7594 7591
f 7577 7591 7580
f 7543 7579 7578
f 7543 7544 7579
f 7578 7579 7580
f 7560 7581 7638
f 7595 7660 7596
f 7573 7585 7582
f 7582 7587 7583
f 7583 7588 7584
f 7584 7589 7593
f 7582 7585 7586
f 7582 7586 7587
f 7583 7587 7588
f 7584 7588 7589
f 7589 7594 7593
f 7589 7590 7594
f 7590 7591 7594
f 7590 7592 7591
f 7580 7591 7603
f 7591 7592 7603
f 7585 7595 7586
f 7586 7597 7587
f 7587 7598 7588
f 7586 7595 7596
f 7586 7596 7597
f 7587 7597 7598
f 7588 7599 7589
f 7589 7600 7590
f 7588 7598 7599
f 7589 7599 7600
f 7590 7600 7592
f 7592 7600 7601
f 7592 7601 7604
f 7592 7604 7603
f 7578 7602 7581
f 7578 7580 7602
f 7581 7602 7640
f 7602 7604 7640
f 7580 7603 7602
f 7602 7603 7604
f 6625 7511 7605
f 7606 7635 7608
f 7606 7614 7612
f 7277 7613 7607
f 7606 7608 7614
f 7278 7631 7619
f 7608 7639 7620
f 7608 7635 7638
f 7607 7623 7610
f 7607 7610 7609
f 7611 7628 7631
f 7609 7610 7611
f 7632 7652 7661
f 7243 7612 7353
f 7353 7612 7614
f 7244 7256 7351
f 7244 7351 7613
f 7252 7355 7615
f 7256 7257 7352
f 7257 7617 7352
f 7350 7618 7613
f 7360 7617 7619
f 7355 7616 7615
f 7278 7619 7617
f 7615 7616 7630
f 7607 7613 7618
f 7616 7632 7630
f 7608 7620 7614
f 7618 7625 7621
f 7618 7621 7623
f 7619 7628 7622
f 7621 7628 7623
f 7621 7622 7628
f 7624 7645 7653
f 7363 7619 7627
f 7355 7624 7616
f 7364 7625 7618
f 7364 7626 7625
f 7364 7365 7626
f 7622 7625 7626
f 7621 7625 7622
f 7622 7626 7627
f 7365 7627 7626
f 7457 7645 7624
f 7619 7622 7627
f 7607 7618 7623
f 7619 7631 7628
f 7616 7624 7632
f 7610 7623 7628
f 7610 7628 7611
f 7624 7653 7632
f 7632 7653 7652
f 7037 7635 7606
f 7277 7607 7281
f 7281 7607 7629
f 7282 7633 7631
f 7632 7636 7634
f 7278 7282 7631
f 7630 7632 7634
f 7283 7630 7634
f 7607 7609 7629
f 7565 7637 7633
f 7565 7609 7637
f 7559 7636 7660
f 7611 7631 7633
f 7611 7633 7637
f 7632 7661 7636
f 7609 7611 7637
f 7638 7640 7641
f 7608 7638 7639
f 7652 7662 7661
f 7638 7641 7639
f 7639 7641 7658
f 7641 7670 7658
f 7620 7639 7651
f 7371 7651 7659
f 7639 7658 7651
f 7651 7658 7659
f 7366 7646 7645
f 7367 7368 7646
f 7366 7367 7646
f 7368 7369 7647
f 7642 7643 7649
f 7369 7642 7648
f 7474 7650 7643
f 7474 7644 7650
f 7368 7647 7646
f 7369 7648 7647
f 7649 7650 7654
f 7643 7650 7649
f 7642 7649 7648
f 7644 7656 7650
f 7644 7657 7656
f 7646 7662 7653
f 7645 7646 7653
f 7646 7647 7662
f 7647 7648 7663
f 7648 7649 7664
f 7649 7654 7671
f 7647 7663 7662
f 7648 7664 7663
f 7652 7653 7662
f 7649 7665 7664
f 7649 7671 7665
f 7654 7672 7671
f 7656 7673 7672
f 7650 7655 7654
f 7650 7656 7655
f 7654 7655 7672
f 7655 7656 7672
f 7656 7657 7673
f 7371 7659 7673
f 7370 7371 7657
f 7658 7673 7659
f 7371 7673 7657
f 7596 7663 7597
f 7597 7663 7598
f 7598 7664 7599
f 7596 7660 7662
f 7599 7665 7667
f 7636 7661 7660
f 7660 7661 7662
f 7596 7662 7663
f 7598 7663 7664
f 7665 7666 7667
f 7666 7672 7668
f 7599 7664 7665
f 7667 7668 7669
f 7666 7668 7667
f 7668 7673 7670
f 7599 7667 7600
f 7600 7667 7669
f 7600 7669 7601
f 7601 7670 7604
f 7601 7669 7670
f 7668 7670 7669
f 7640 7670 7641
f 7604 7670 7640
f 7658 7670 7673
f 7665 7671 7666
f 7666 7671 7672
f 7668 7672 7673
f 7473 7644 7474
f 7475 7477 7644
f 7477 7657 7644
f 5444 6525 6524
f 5683 7675 7674
f 6525 7676 6526
f 6526 7676 7681
f 5480 6212 7674
f 5444 7676 6525
f 7674 7675 7684
f 5491 7713 7681
f 5444 5491 7676
f 5446 5447 7678
f 5446 7678 7677
f 5494 7686 7689
f 5491 7681 7676
f 7689 7695 7712
f 7695 7704 7712
f 5684 7680 7675
f 6526 7681 7679
f 5684 5685 7680
f 7675 7680 7685
f 7679 7681 7720
f 7680 7718 7702
f 7713 7719 7720
f 7677 7678 7683
f 7677 7683 7682
f 7704 7707 7716
f 7681 7713 7720
f 7682 7722 7721
f 7682 7683 7722
f 7683 7723 7722
f 7707 7730 7716
f 5480 7674 7684
f 7675 7685 7684
f 7684 7694 7700
f 7684 7685 7694
f 7686 7688 7689
f 7688 7695 7689
f 7691 7692 7693
f 5482 7692 7691
f 7692 7701 7693
f 7694 7701 7700
f 7691 7693 7697
f 7693 7701 7698
f 7694 7696 7701
f 7696 7698 7701
f 7688 7705 7695
f 7687 7705 7688
f 7687 7690 7706
f 7687 7706 7705
f 7690 7703 7706
f 7690 7691 7703
f 7685 7698 7696
f 7693 7698 7697
f 7691 7697 7708
f 7691 7708 7703
f 7685 7699 7698
f 7697 7698 7699
f 7685 7709 7699
f 7685 7696 7694
f 7680 7702 7685
f 7695 7705 7704
f 7704 7705 7707
f 7697 7699 7709
f 7697 7735 7708
f 7697 7709 7735
f 7703 7708 7732
f 7705 7706 7729
f 7705 7729 7707
f 7703 7731 7706
f 7707 7729 7730
f 7706 7731 7729
f 7703 7732 7731
f 7708 7733 7732
f 7702 7736 7709
f 7708 7735 7733
f 7709 7736 7735
f 7685 7702 7709
f 7702 7728 7736
f 5446 7710 5492
f 5446 7677 7710
f 5493 7711 7678
f 7677 7714 7710
f 5447 5493 7678
f 5494 7689 7712
f 7678 7711 7683
f 7677 7682 7714
f 7683 7711 7715
f 7682 7721 7714
f 7683 7715 7750
f 7704 7716 7712
f 5685 7718 7680
f 7679 7720 7717
f 6529 7717 7726
f 7717 7720 7726
f 7718 7724 7728
f 7719 7726 7720
f 7721 7722 7754
f 7722 7723 7754
f 7730 7740 7751
f 5699 7738 7724
f 6529 7726 7727
f 5699 5708 7739
f 5698 7727 7753
f 5699 7739 7738
f 7719 7727 7726
f 7719 7725 7727
f 7725 7753 7727
f 7723 7755 7754
f 7723 7781 7755
f 7740 7770 7751
f 7702 7718 7728
f 7724 7738 7728
f 7733 7735 7734
f 7734 7735 7736
f 7728 7737 7736
f 7734 7736 7737
f 7729 7731 7741
f 7729 7740 7730
f 7731 7732 7742
f 7732 7733 7743
f 7729 7741 7740
f 7731 7742 7741
f 7732 7743 7742
f 7733 7734 7744
f 7734 7737 7747
f 7733 7744 7743
f 7734 7745 7744
f 7734 7747 7745
f 7728 7738 7737
f 7737 7738 7748
f 7737 7748 7747
f 7744 7745 7746
f 7745 7747 7746
f 7740 7741 7763
f 7741 7742 7764
f 7742 7743 7765
f 7743 7744 7767
f 7744 7746 7767
f 7746 7747 7768
f 7747 7748 7769
f 7738 7769 7748
f 7738 7739 7772
f 7714 7721 7749
f 7683 7750 7723
f 7716 7730 7751
f 6547 7716 7751
f 7721 7754 7749
f 7749 7754 7780
f 7723 7750 7781
f 6555 7751 7782
f 6554 7781 7750
f 5708 7758 7752
f 5709 7753 7756
f 5708 7752 7739
f 7752 7758 7762
f 7725 7757 7753
f 7751 7770 7782
f 7753 7757 7756
f 7754 7760 7780
f 7754 7755 7760
f 7755 7781 7761
f 6562 7756 7759
f 6562 7759 7783
f 7758 7784 7773
f 7756 7757 7759
f 7755 7761 7760
f 7770 7785 7782
f 7757 7786 7759
f 7739 7752 7762
f 7740 7763 7770
f 7741 7764 7763
f 7742 7765 7764
f 7743 7767 7765
f 7746 7766 7767
f 7746 7768 7766
f 7747 7769 7768
f 7766 7771 7767
f 7766 7768 7771
f 7768 7769 7772
f 7763 7764 7775
f 7764 7765 7776
f 7763 7774 7770
f 7765 7767 7777
f 7767 7771 7777
f 7768 7779 7771
f 7738 7772 7769
f 7739 7762 7772
f 7758 7773 7762
f 7770 7774 7778
f 7763 7775 7774
f 7764 7776 7775
f 7765 7777 7776
f 7770 7778 7785
f 7771 7779 7777
f 7768 7772 7799
f 7768 7806 7779
f 7774 7801 7778
f 7774 7775 7801
f 7775 7776 7801
f 7776 7777 7802
f 7768 7799 7806
f 7777 7779 7803
f 7762 7799 7772
f 7762 7773 7799
f 6563 7757 7725
f 6596 7780 7760
f 6587 7761 7781
f 6563 6570 7757
f 6601 7782 7785
f 5713 7784 7758
f 5712 7793 7784
f 6568 7783 7795
f 7759 7786 7783
f 7784 7793 7798
f 7783 7786 7795
f 6570 7787 7757
f 7757 7787 7786
f 7760 7761 7789
f 7760 7789 7788
f 7786 7787 7795
f 7788 7789 7791
f 7788 7791 7790
f 7785 7800 7796
f 5715 7792 7793
f 6568 7822 6569
f 6568 7795 7822
f 7792 7808 7793
f 6570 7795 7787
f 6570 7822 7795
f 7790 7791 7797
f 7790 7797 7794
f 7794 7797 7823
f 7773 7784 7798
f 7778 7800 7785
f 7778 7801 7800
f 7776 7802 7801
f 7777 7803 7802
f 7779 7804 7803
f 7779 7806 7804
f 7799 7805 7806
f 7802 7803 7816
f 7799 7807 7805
f 7805 7809 7806
f 7805 7807 7809
f 7804 7806 7810
f 7803 7804 7816
f 7806 7809 7810
f 7773 7807 7799
f 7773 7798 7807
f 7798 7808 7807
f 7793 7808 7798
f 7792 7845 7808
f 7800 7801 7813
f 7801 7802 7812
f 7796 7800 7813
f 7801 7811 7813
f 7801 7812 7811
f 7802 7814 7812
f 7802 7815 7814
f 7802 7816 7815
f 7804 7810 7816
f 7807 7817 7809
f 7809 7817 7810
f 7810 7838 7816
f 7810 7817 7838
f 7807 7808 7817
f 7808 7845 7817
f 6597 7789 7761
f 6599 7760 7788
f 6603 7788 7790
f 6600 7791 7789
f 6601 7785 7796
f 6604 7797 7791
f 6606 7790 7794
f 6607 7823 7797
f 7056 7796 7813
f 7792 7818 7845
f 7818 7819 7845
f 6570 7827 7822
f 7794 7823 7820
f 7821 7822 7827
f 7811 7824 7825
f 7824 7839 7829
f 7831 7839 7840
f 7824 7830 7825
f 6995 7859 7819
f 6996 7826 7827
f 6996 7006 7826
f 7006 7852 7826
f 7819 7859 7846
f 7824 7828 7830
f 7824 7829 7828
f 7829 7839 7831
f 7831 7840 7832
f 7828 7835 7830
f 7828 7834 7835
f 7828 7836 7834
f 7829 7837 7836
f 7828 7829 7836
f 7829 7831 7837
f 7831 7832 7855
f 7832 7833 7855
f 7831 7855 7837
f 7833 7849 7854
f 7833 7854 7855
f 7848 7856 7849
f 7819 7846 7845
f 7812 7814 7840
f 7811 7825 7813
f 7811 7812 7839
f 7815 7816 7841
f 7814 7815 7842
f 7811 7839 7824
f 7812 7840 7839
f 7814 7842 7840
f 7815 7841 7842
f 7816 7838 7841
f 7817 7844 7838
f 7838 7843 7841
f 7817 7845 7844
f 7832 7840 7842
f 7833 7842 7841
f 7833 7841 7843
f 7838 7844 7843
f 7844 7845 7846
f 7844 7846 7847
f 7832 7842 7833
f 7833 7843 7847
f 7843 7844 7847
f 7846 7848 7847
f 7846 7859 7848
f 7833 7847 7849
f 7847 7848 7849
f 6570 6996 7827
f 7053 7794 7820
f 7057 7813 7825
f 7820 7823 7851
f 7054 7851 7823
f 7056 7813 7057
f 7820 7851 7850
f 6997 7825 7830
f 7007 7850 7851
f 7013 7830 7835
f 6995 7857 7859
f 7834 7862 7853
f 7836 7864 7863
f 7003 7858 7857
f 7834 7853 7835
f 7834 7836 7863
f 7836 7837 7864
f 7837 7855 7865
f 7837 7865 7864
f 7854 7865 7855
f 7849 7866 7854
f 7848 7859 7856
f 7857 7867 7859
f 7849 7856 7866
f 7856 7859 7867
f 7857 7869 7867
f 7857 7858 7869
f 7003 7874 7858
f 7007 7851 7860
f 7834 7863 7862
f 7015 7835 7853
f 7853 7862 7861
f 7854 7870 7865
f 7854 7866 7870
f 7016 7853 7861
f 7856 7867 7866
f 7866 7867 7869
f 7023 7863 7864
f 7027 7864 7865
f 7025 7861 7862
f 7022 7862 7863
f 7027 7865 7870
f 7026 7870 7871
f 7866 7871 7870
f 7866 7869 7871
f 7868 7871 7869
f 7858 7874 7872
f 7868 7869 7872
f 7189 7871 7868
f 7190 7868 7872
f 7190 7872 7873
f 7872 7874 7873
f 7858 7872 7869
f 1391 1405 1392
f 1393 1392 1406
f 1394 1405 1391
f 1395 1408 1394
f 1395 1407 1408
f 1395 1396 1407
f 1396 1397 1407
f 1405 1406 1392
f 1394 1408 1405
f 1393 1406 1531
f 1396 1501 1397
f 1501 1498 1502
f 1501 1502 1397
f 1499 1502 1498
f 1503 1505 1499
f 1504 1505 1503
f 1504 1514 1507
f 1499 1505 1502
f 1504 1506 1505
f 1504 1507 1506
f 1514 1515 1517
f 1514 1517 1507
f 1515 1518 1517
f 1518 1519 1517
f 1518 2202 1519
f 1393 1531 1526
f 1526 1533 1528
f 1528 1534 1529
f 1530 1529 1534
f 1526 1531 1533
f 1528 1533 1534
f 1530 1541 1536
f 1530 1534 1541
f 1542 1537 1536
f 1542 1538 1537
f 1538 1543 1539
f 1541 1542 1536
f 1542 1543 1538
f 1539 1543 1586
f 1539 1586 1544
f 1544 1588 1546
f 1547 1546 1588
f 1544 1586 1588
f 1547 1588 1589
f 1547 1589 1591
f 1591 1589 1592
f 1592 1589 1598
f 1592 1598 1593
f 1599 1594 1593
f 1599 1595 1594
f 1599 1593 1598
f 1600 1612 1595
f 1599 1600 1595
f 1602 1612 1600
f 1602 1613 1612
f 1602 1614 1613
f 1613 1614 1621
f 1613 1621 1618
f 1618 1622 1619
f 1618 1621 1622
f 1619 1622 1623
f 1619 1623 1624
f 1624 1623 1628
f 1624 1628 1626
f 1626 1628 1629
f 1626 1629 1630
f 1638 2048 1645
f 1645 2049 1646
f 1646 2050 1647
f 1647 2052 1648
f 1649 1648 2052
f 1649 2053 5499
f 1839 1838 1881
f 1842 1839 1880
f 1837 1881 1838
f 1842 1880 1843
f 1839 1881 1880
f 1844 1845 1851
f 1846 1852 1845
f 1846 1848 1853
f 1847 1853 1848
f 1849 1854 1847
f 1849 1855 1854
f 1844 1850 1837
f 1844 1851 1850
f 1852 1851 1845
f 1837 1850 1881
f 1847 1854 1853
f 1846 1853 1852
f 1855 1857 1854
f 1858 1855 1856
f 1858 1857 1855
f 1858 1856 1861
f 1856 1859 1861
f 1860 1861 1859
f 1840 1885 1841
f 1841 1885 1876
f 1877 1876 1885
f 1877 1886 1878
f 1877 1885 1886
f 1840 1843 1885
f 1843 1880 1882
f 1843 1882 1885
f 1879 1887 1883
f 1879 1878 1887
f 1878 1886 1887
f 1883 1888 1884
f 1883 1887 1888
f 1635 1884 1889
f 1884 1888 1889
f 1635 1889 1636
f 1637 1636 1889
f 1637 1889 1890
f 1637 1890 1638
f 1638 1890 1891
f 1638 1891 2048
f 1860 1912 1861
f 1912 1913 1861
f 1912 1914 1921
f 1913 1912 1921
f 1922 1914 1915
f 1916 1923 1915
f 1916 1917 1924
f 1922 1921 1914
f 1922 1915 1923
f 1916 1924 1923
f 1917 1947 1924
f 1918 1947 1917
f 1918 1919 1947
f 1919 1920 1947
f 1925 1949 1920
f 1920 1948 1947
f 1920 1949 1948
f 1925 1950 1949
f 1925 1926 1950
f 1927 1951 1926
f 1927 1928 1951
f 1926 1951 1950
f 1928 1952 1951
f 1928 1953 1952
f 1953 1955 1952
f 1953 1954 1956
f 1953 1956 1955
f 1954 1961 1956
f 1954 1957 1961
f 1958 1961 1957
f 1958 1959 1961
f 1959 1960 1961
f 1960 1962 1961
f 1960 1963 1962
f 1963 1964 1962
f 1963 1965 1964
f 1963 1966 1965
f 1967 1966 1963
f 1967 1968 1966
f 1967 1970 1968
f 1967 1969 1970
f 1967 1971 1969
f 1645 2048 2049
f 1646 2049 2050
f 2051 1647 2050
f 2051 2052 1647
f 1649 2052 2053
f 1969 2061 2062
f 1969 1971 2061
f 2063 2062 2061
f 2063 2061 2064
f 2063 2064 2065
f 2732 2065 2064
f 2066 2065 2732
f 2066 2732 5589
f 2732 5590 5589
f 2732 6486 5590
f 1630 1629 2104
f 1630 2104 2111
f 2111 2104 2112
f 2104 2107 2112
f 2107 2113 2112
f 2107 2114 2113
f 2107 2115 2114
f 2107 2108 2115
f 2108 2116 2115
f 2108 2109 2116
f 2109 2110 2116
f 2110 2117 2116
f 2117 2122 2116
f 2117 2120 2122
f 2122 2120 2123
f 2120 2125 2123
f 2120 2126 2125
f 2126 2154 2125
f 2126 2153 2154
f 2154 2153 2155
f 2158 2155 2153
f 2158 2159 2155
f 2158 2161 2159
f 2158 2160 2161
f 2160 2162 2161
f 2161 2162 5774
f 2202 2205 1519
f 2202 2206 2205
f 2205 2206 2210
f 2207 2212 2206
f 2213 2207 2208
f 2208 2209 2214
f 2210 2206 2212
f 2207 2211 2212
f 2213 2211 2207
f 2213 2208 2214
f 2214 2209 2395
f 2209 2392 2395
f 2393 2396 2392
f 2393 2394 2397
f 2396 2395 2392
f 2393 2397 2396
f 2403 2397 2394
f 2403 2394 2398
f 2398 2399 2404
f 2405 2399 2400
f 2401 2406 2400
f 2401 2402 2407
f 2403 2398 2404
f 2405 2404 2399
f 2405 2400 2406
f 2401 2407 2406
f 2402 2412 2414
f 2415 2412 2413
f 2407 2402 2414
f 2415 2414 2412
f 2415 2413 2423
f 2413 2416 2423
f 2416 2424 2423
f 2417 2424 2416
f 2417 2448 2454
f 2417 2454 2424
f 2448 2449 2455
f 2450 2456 2449
f 2448 2455 2454
f 2449 2456 2455
f 2451 2457 2450
f 2457 2456 2450
f 2451 2452 2458
f 2452 2453 2458
f 2459 2458 2453
f 2451 2458 2457
f 2463 2458 2459
f 2463 2459 2460
f 2460 2461 2464
f 2462 2465 2461
f 2463 2460 2464
f 2461 2465 2464
f 2462 2467 2465
f 2462 2466 2467
f 2466 2468 2467
f 2468 2499 2467
f 2468 2480 2499
f 2499 2480 2500
f 2504 2500 2480
f 2504 2480 2503
f 2504 2503 2506
f 2505 2506 2503
f 2508 2506 2505
f 2508 2505 2507
f 2508 2507 2509
f 2508 2509 2518
f 2516 2764 2745
f 2509 2517 2518
f 2520 2518 2517
f 2520 2517 2519
f 2520 2519 2523
f 2521 2520 2523
f 2520 2764 2516
f 2522 2764 2520
f 2521 2522 2520
f 2524 2523 2526
f 2521 2523 2524
f 2524 2526 2525
f 2734 2772 2736
f 2737 2736 2772
f 2737 2772 2738
f 2739 2738 2773
f 2739 2775 2740
f 2739 2773 2775
f 2740 2775 2777
f 2740 2777 2801
f 2742 2741 2750
f 2741 2747 2750
f 2742 2751 2743
f 2742 2750 2751
f 2515 2516 2748
f 2515 2747 2741
f 2515 2748 2747
f 2516 2746 2748
f 2516 2745 2746
f 2754 2752 2749
f 2744 2755 2749
f 2743 2751 2744
f 2744 2751 2755
f 2754 2749 2755
f 2733 2752 2770
f 2734 2735 2770
f 2733 2770 2735
f 2754 2770 2752
f 2734 2770 2771
f 2734 2771 2772
f 2738 2772 2773
f 2800 2801 2810
f 2777 2810 2801
f 2800 2810 2812
f 2800 2812 2802
f 2802 2812 2813
f 2802 2813 2803
f 2803 2813 2804
f 2804 2813 2805
f 2813 2806 2805
f 2813 2814 2806
f 2815 2806 2814
f 2807 2806 2815
f 2807 2815 2816
f 2807 2816 2817
f 2807 2817 2808
f 2808 2817 2833
f 2808 2833 2809
f 2833 2835 2809
f 2053 5584 5499
f 5848 5499 5584
f 5590 6486 5591
f 5592 5591 6486
f 5592 6486 6888
f 5593 5592 6888
f 5593 6887 5855
f 5593 6888 6887
f 5848 5742 5499
f 5742 5848 5743
f 5743 5851 5744
f 5744 5851 5745
f 5747 5745 5851
f 5747 5851 5749
f 5747 5749 5748
f 5748 5749 5769
f 5749 5770 5769
f 5770 5777 5769
f 2162 5771 5774
f 5771 5772 5774
f 5772 5776 5774
f 5772 5775 5776
f 5777 5776 5775
f 5770 5779 5777
f 5778 5776 5777
f 5778 5777 5779
f 5849 5743 5848
f 5849 5851 5743
f 5855 6887 5856
f 5856 6887 5857
f 6889 5857 6887
f 5857 6889 6890
f 5857 6890 6892
f 5857 6892 6894
f 6486 6487 6888
f 6893 6894 6892
f 6893 6900 6894
f 6894 6900 6898
f 6898 6900 6899
f 6901 6899 6900
f 2835 6927 2809
f 2809 6927 6902
f 6901 6903 6899
f 6899 6903 6928
f 6902 6928 6903
f 6902 6927 6928
