v -0.0261832569 0.000526522694 0.036625322
v -0.0232009925 0.00232708803 0.0368192643
v -0.0231832564 0.000526522694 0.036625322
v -0.026214283 0.00408258801 0.0372545496
v -0.0232253522 0.00576275028 0.0379244536
v -0.0232142825 0.00408258801 0.0372545496
v -0.0232471898 0.00792858284 0.0392296016
v -0.0262468904 0.00790875778 0.0392149687
v -0.0232472904 0.00793518499 0.0392344855
v -0.0262472909 0.00793518499 0.0392344855
v -0.0232472904 0.00793518499 0.0392344855
v -0.0262471903 0.00792858284 0.0392296016
v -0.0232472904 0.00793518499 0.0392344855
v -0.0262470897 0.0079219779 0.0392247178
v -0.0262471903 0.00792858284 0.0392296016
v -0.0232472904 0.00793518499 0.0392344855
v -0.0262468904 0.00790875778 0.0392149687
v -0.0262470897 0.0079219779 0.0392247178
v -0.0232471898 0.00792858284 0.0392296016
v -0.0232470911 0.0079219779 0.0392247178
v -0.0262468904 0.00790875778 0.0392149687
v -0.0232470911 0.0079219779 0.0392247178
v -0.0262464918 0.00788228121 0.0391955115
v -0.0262468904 0.00790875778 0.0392149687
v -0.0232470911 0.0079219779 0.0392247178
v -0.0232468899 0.00790875778 0.0392149687
v -0.0262464918 0.00788228121 0.0391955115
v -0.0232468899 0.00790875778 0.0392149687
v -0.0232464913 0.00788228121 0.0391955115
v -0.0262464918 0.00788228121 0.0391955115
v -0.0232464913 0.00788228121 0.0391955115
v -0.0262457058 0.00782917626 0.0391567945
v -0.0262464918 0.00788228121 0.0391955115
v -0.0232464913 0.00788228121 0.0391955115
v -0.0232457053 0.00782917626 0.0391567945
v -0.0262457058 0.00782917626 0.0391567945
v -0.0232457053 0.00782917626 0.0391567945
v -0.0262441691 0.00772236846 0.0390801243
v -0.0262457058 0.00782917626 0.0391567945
v -0.0232457053 0.00782917626 0.0391567945
v -0.0232441686 0.00772236846 0.0390801243
v -0.0262441691 0.00772236846 0.0390801243
v -0.0232441686 0.00772236846 0.0390801243
v -0.0232412405 0.00750638824 0.0389298871
v -0.0262441691 0.00772236846 0.0390801243
v -0.0232412405 0.00750638824 0.0389298871
v -0.026241241 0.00750638824 0.0389298871
v -0.0262441691 0.00772236846 0.0390801243
v -0.0232412405 0.00750638824 0.0389298871
v -0.0232387558 0.00730800163 0.0387973599
v -0.026241241 0.00750638824 0.0389298871
v -0.0232387558 0.00730800163 0.0387973599
v -0.0262387563 0.00730800163 0.0387973599
v -0.026241241 0.00750638824 0.0389298871
v -0.0232387558 0.00730800163 0.0387973599
v -0.0232286472 0.00626598764 0.0381804891
v -0.0262387563 0.00730800163 0.0387973599
v -0.0232286472 0.00626598764 0.0381804891
v -0.0262286477 0.00626598764 0.0381804891
v -0.0262387563 0.00730800163 0.0387973599
v -0.0232286472 0.00626598764 0.0381804891
v -0.0232274681 0.00611106167 0.0380993485
v -0.0262286477 0.00626598764 0.0381804891
v -0.0232274681 0.00611106167 0.0380993485
v -0.0262274668 0.00611106167 0.0380993485
v -0.0262286477 0.00626598764 0.0381804891
v -0.0232274681 0.00611106167 0.0380993485
v -0.0232253522 0.00576275028 0.0379244536
v -0.0262274668 0.00611106167 0.0380993485
v -0.0232253522 0.00576275028 0.0379244536
v -0.0262253508 0.00576275028 0.0379244536
v -0.0262274668 0.00611106167 0.0380993485
v -0.0232253522 0.00576275028 0.0379244536
v -0.026214283 0.00408258801 0.0372545496
v -0.0262253508 0.00576275028 0.0379244536
v -0.0232142825 0.00408258801 0.0372545496
v -0.0232078638 0.00318585243 0.0370006412
v -0.026214283 0.00408258801 0.0372545496
v -0.0232078638 0.00318585243 0.0370006412
v -0.0262078643 0.00318585243 0.0370006412
v -0.026214283 0.00408258801 0.0372545496
v -0.0232078638 0.00318585243 0.0370006412
v -0.0232009925 0.00232708803 0.0368192643
v -0.0262078643 0.00318585243 0.0370006412
v -0.0232009925 0.00232708803 0.0368192643
v -0.0262009911 0.00232708803 0.0368192643
v -0.0262078643 0.00318585243 0.0370006412
v -0.0232009925 0.00232708803 0.0368192643
v -0.0261832569 0.000526522694 0.036625322
v -0.0262009911 0.00232708803 0.0368192643
v -0.0231832564 0.000526522694 0.036625322
v -0.0231772531 9.45495503e-06 0.0366149843
v -0.0261832569 0.000526522694 0.036625322
v -0.0231772531 9.45495503e-06 0.0366149843
v -0.0261772536 9.45495503e-06 0.0366149843
v -0.0261832569 0.000526522694 0.036625322
v -0.0231772531 9.45495503e-06 0.0366149843
v -0.0231605843 -0.0012827171 0.0366768725
v -0.0261772536 9.45495503e-06 0.0366149843
v -0.0261772536 9.45495503e-06 0.0366149843
v -0.0231605843 -0.0012827171 0.0366768725
v -0.0261605848 -0.0012827171 0.0366768725
v -0.0231605843 -0.0012827171 0.0366768725
v -0.0261342432 -0.00307032256 0.0369733721
v -0.0261605848 -0.0012827171 0.0366768725
v -0.0231605843 -0.0012827171 0.0366768725
v -0.0231342427 -0.00307032256 0.0369733721
v -0.0261342432 -0.00307032256 0.0369733721
v -0.0231342427 -0.00307032256 0.0369733721
v -0.0261072144 -0.00479921652 0.0375084393
v -0.0261342432 -0.00307032256 0.0369733721
v -0.0231342427 -0.00307032256 0.0369733721
v -0.0231072139 -0.00479921652 0.0375084393
v -0.0261072144 -0.00479921652 0.0375084393
v -0.0231072139 -0.00479921652 0.0375084393
v -0.0230859183 -0.00626134779 0.0381760709
v -0.0261072144 -0.00479921652 0.0375084393
v -0.0230859183 -0.00626134779 0.0381760709
v -0.0260859169 -0.00626134779 0.0381760709
v -0.0261072144 -0.00479921652 0.0375084393
v -0.0230859183 -0.00626134779 0.0381760709
v -0.0230836533 -0.0064319754 0.0382683761
v -0.0260859169 -0.00626134779 0.0381760709
v -0.0230836533 -0.0064319754 0.0382683761
v -0.0260836538 -0.0064319754 0.0382683761
v -0.0260859169 -0.00626134779 0.0381760709
v -0.0230836533 -0.0064319754 0.0382683761
v -0.0230786614 -0.00682280492 0.0384921469
v -0.0260836538 -0.0064319754 0.0382683761
v -0.0230786614 -0.00682280492 0.0384921469
v -0.0260786619 -0.00682280492 0.0384921469
v -0.0260836538 -0.0064319754 0.0382683761
v -0.0230786614 -0.00682280492 0.0384921469
v -0.0230771191 -0.00699364487 0.0385938622
v -0.0260786619 -0.00682280492 0.0384921469
v -0.0230771191 -0.00699364487 0.0385938622
v -0.0260771196 -0.00699364487 0.0385938622
v -0.0260786619 -0.00682280492 0.0384921469
v -0.0230771191 -0.00699364487 0.0385938622
v -0.0230725408 -0.00743590668 0.0388784893
v -0.0260771196 -0.00699364487 0.0385938622
v -0.0230725408 -0.00743590668 0.0388784893
v -0.0260725413 -0.00743590668 0.0388784893
v -0.0260771196 -0.00699364487 0.0385938622
v -0.0230725408 -0.00743590668 0.0388784893
v -0.0230706111 -0.00765244896 0.0390271731
v -0.0260725413 -0.00743590668 0.0388784893
v -0.0230706111 -0.00765244896 0.0390271731
v -0.0260706116 -0.00765244896 0.0390271731
v -0.0260725413 -0.00743590668 0.0388784893
v -0.0230706111 -0.00765244896 0.0390271731
v -0.0230697449 -0.00775955804 0.0391030535
v -0.0260706116 -0.00765244896 0.0390271731
v -0.0230697449 -0.00775955804 0.0391030535
v -0.0260697454 -0.00775955804 0.0391030535
v -0.0260706116 -0.00765244896 0.0390271731
v -0.0230697449 -0.00775955804 0.0391030535
v -0.023069337 -0.00781281665 0.0391413793
v -0.0260697454 -0.00775955804 0.0391030535
v -0.0260697454 -0.00775955804 0.0391030535
v -0.023069337 -0.00781281665 0.0391413793
v -0.0260693356 -0.00781281665 0.0391413793
v -0.023069337 -0.00781281665 0.0391413793
v -0.0260691382 -0.00783937052 0.0391606353
v -0.0260693356 -0.00781281665 0.0391413793
v -0.023069337 -0.00781281665 0.0391413793
v -0.0230691377 -0.00783937052 0.0391606353
v -0.0260691382 -0.00783937052 0.0391606353
v -0.0230691377 -0.00783937052 0.0391606353
v -0.0260690395 -0.00785262883 0.0391702913
v -0.0260691382 -0.00783937052 0.0391606353
v -0.0230691377 -0.00783937052 0.0391606353
v -0.0230690408 -0.00785262883 0.0391702913
v -0.0260690395 -0.00785262883 0.0391702913
v -0.0230690408 -0.00785262883 0.0391702913
v -0.0260689426 -0.00786587503 0.0391799584
v -0.0260690395 -0.00785262883 0.0391702913
v -0.0230690408 -0.00785262883 0.0391702913
v -0.023068944 -0.00786587503 0.0391799584
v -0.0260689426 -0.00786587503 0.0391799584
v -0.0264653936 0.012899139 0.0465837494
v -0.0235131439 0.0132343527 0.048359327
v -0.0234653931 0.012899139 0.0465837494
v -0.0267703049 0.00822526682 0.0604215227
v -0.0237704702 0.00820644479 0.0604362451
v -0.0237703044 0.00822526682 0.0604215227
v -0.0267703049 0.00822526682 0.0604215227
v -0.0267704707 0.00820644479 0.0604362451
v -0.0237704702 0.00820644479 0.0604362451
v -0.0267704707 0.00820644479 0.0604362451
v -0.0237705521 0.00819702353 0.0604435951
v -0.0237704702 0.00820644479 0.0604362451
v -0.0267704707 0.00820644479 0.0604362451
v -0.0267705526 0.00819702353 0.0604435951
v -0.0237705521 0.00819702353 0.0604435951
v -0.0267705526 0.00819702353 0.0604435951
v -0.0237706341 0.00818759575 0.0604509376
v -0.0237705521 0.00819702353 0.0604435951
v -0.0267705526 0.00819702353 0.0604435951
v -0.0267706346 0.00818759575 0.0604509376
v -0.0237706341 0.00818759575 0.0604509376
v -0.0237703044 0.00822526682 0.0604215227
v -0.0237699654 0.00826283265 0.06039197
v -0.0267703049 0.00822526682 0.0604215227
v -0.0237699654 0.00826283265 0.06039197
v -0.026769964 0.00826283265 0.06039197
v -0.0267703049 0.00822526682 0.0604215227
v -0.0237699654 0.00826283265 0.06039197
v -0.0237692557 0.00833764672 0.0603324585
v -0.026769964 0.00826283265 0.06039197
v -0.0237692557 0.00833764672 0.0603324585
v -0.0267692562 0.00833764672 0.0603324585
v -0.026769964 0.00826283265 0.06039197
v -0.0237692557 0.00833764672 0.0603324585
v -0.0237677284 0.00848599151 0.0602118373
v -0.0267692562 0.00833764672 0.0603324585
v -0.0237677284 0.00848599151 0.0602118373
v -0.0267677289 0.00848599151 0.0602118373
v -0.0267692562 0.00833764672 0.0603324585
v -0.0237677284 0.00848599151 0.0602118373
v -0.0237642489 0.00877743866 0.0599642582
v -0.0267677289 0.00848599151 0.0602118373
v -0.0237642489 0.00877743866 0.0599642582
v -0.0267642494 0.00877743866 0.0599642582
v -0.0267677289 0.00848599151 0.0602118373
v -0.0237642489 0.00877743866 0.0599642582
v -0.0237614773 0.00897866394 0.0597846806
v -0.0267642494 0.00877743866 0.0599642582
v -0.0237614773 0.00897866394 0.0597846806
v -0.0267614778 0.00897866394 0.0597846806
v -0.0267642494 0.00877743866 0.0599642582
v -0.0237614773 0.00897866394 0.0597846806
v -0.0237557627 0.00933854375 0.0594445094
v -0.0267614778 0.00897866394 0.0597846806
v -0.0237557627 0.00933854375 0.0594445094
v -0.0267557632 0.00933854375 0.0594445094
v -0.0267614778 0.00897866394 0.0597846806
v -0.0237557627 0.00933854375 0.0594445094
v -0.0237374566 0.0102269351 0.0584828518
v -0.0267557632 0.00933854375 0.0594445094
v -0.0267557632 0.00933854375 0.0594445094
v -0.0237374566 0.0102269351 0.0584828518
v -0.0267374553 0.0102269351 0.0584828518
v -0.0237374566 0.0102269351 0.0584828518
v -0.0267071109 0.0112901898 0.0570190512
v -0.0267374553 0.0102269351 0.0584828518
v -0.0237374566 0.0102269351 0.0584828518
v -0.0237071104 0.0112901898 0.0570190512
v -0.0267071109 0.0112901898 0.0570190512
v -0.0237071104 0.0112901898 0.0570190512
v -0.0266735591 0.0121454159 0.0554250628
v -0.0267071109 0.0112901898 0.0570190512
v -0.0237071104 0.0112901898 0.0570190512
v -0.0236735586 0.0121454159 0.0554250628
v -0.0266735591 0.0121454159 0.0554250628
v -0.0236735586 0.0121454159 0.0554250628
v -0.023650445 0.0125882477 0.0543161333
v -0.0266735591 0.0121454159 0.0554250628
v -0.023650445 0.0125882477 0.0543161333
v -0.0266504455 0.0125882477 0.0543161333
v -0.0266735591 0.0121454159 0.0554250628
v -0.023650445 0.0125882477 0.0543161333
v -0.0236382466 0.0127758123 0.0537352562
v -0.0266504455 0.0125882477 0.0543161333
v -0.0236382466 0.0127758123 0.0537352562
v -0.0266382471 0.0127758123 0.0537352562
v -0.0266504455 0.0125882477 0.0543161333
v -0.0236382466 0.0127758123 0.0537352562
v -0.0236191861 0.0130081009 0.0528428853
v -0.0266382471 0.0127758123 0.0537352562
v -0.0236191861 0.0130081009 0.0528428853
v -0.0266191848 0.0130081009 0.0528428853
v -0.0266382471 0.0127758123 0.0537352562
v -0.0236191861 0.0130081009 0.0528428853
v -0.0235999953 0.0131726163 0.0519699119
v -0.0266191848 0.0130081009 0.0528428853
v -0.0235999953 0.0131726163 0.0519699119
v -0.0265999958 0.0131726163 0.0519699119
v -0.0266191848 0.0130081009 0.0528428853
v -0.0235999953 0.0131726163 0.0519699119
v -0.0235855449 0.0132553279 0.0513304956
v -0.0265999958 0.0131726163 0.0519699119
v -0.0235855449 0.0132553279 0.0513304956
v -0.0265855454 0.0132553279 0.0513304956
v -0.0265999958 0.0131726163 0.0519699119
v -0.0235855449 0.0132553279 0.0513304956
v -0.0235582907 0.0133261755 0.0501671173
v -0.0265855454 0.0132553279 0.0513304956
v -0.0235582907 0.0133261755 0.0501671173
v -0.0265582912 0.0133261755 0.0501671173
v -0.0265855454 0.0132553279 0.0513304956
v -0.0235582907 0.0133261755 0.0501671173
v -0.0235526394 0.0133281359 0.0499329232
v -0.0265582912 0.0133261755 0.0501671173
v -0.0235526394 0.0133281359 0.0499329232
v -0.0265526399 0.0133281359 0.0499329232
v -0.0265582912 0.0133261755 0.0501671173
v -0.0235526394 0.0133281359 0.0499329232
v -0.0235131439 0.0132343527 0.048359327
v -0.0265526399 0.0133281359 0.0499329232
v -0.0235131439 0.0132343527 0.048359327
v -0.0265131444 0.0132343527 0.048359327
v -0.0265526399 0.0133281359 0.0499329232
v -0.0235131439 0.0132343527 0.048359327
v -0.0264653936 0.012899139 0.0465837494
v -0.0265131444 0.0132343527 0.048359327
v -0.0234653931 0.012899139 0.0465837494
v -0.0234284587 0.0124920774 0.0452940948
v -0.0264653936 0.012899139 0.0465837494
v -0.0234284587 0.0124920774 0.0452940948
v -0.0264284592 0.0124920774 0.0452940948
v -0.0264653936 0.012899139 0.0465837494
v -0.0234284587 0.0124920774 0.0452940948
v -0.0234157927 0.0123251602 0.0448682494
v -0.0264284592 0.0124920774 0.0452940948
v -0.0234157927 0.0123251602 0.0448682494
v -0.0264157932 0.0123251602 0.0448682494
v -0.0264284592 0.0124920774 0.0452940948
v -0.0234157927 0.0123251602 0.0448682494
v -0.0233856384 0.0118745705 0.0438883491
v -0.0264157932 0.0123251602 0.0448682494
v -0.0233856384 0.0118745705 0.0438883491
v -0.0263856389 0.0118745705 0.0438883491
v -0.0264157932 0.0123251602 0.0448682494
v -0.0233856384 0.0118745705 0.0438883491
v -0.0233652089 0.0115264012 0.0432490371
v -0.0263856389 0.0118745705 0.0438883491
v -0.0233652089 0.0115264012 0.0432490371
v -0.0263652075 0.0115264012 0.0432490371
v -0.0263856389 0.0118745705 0.0438883491
v -0.0233652089 0.0115264012 0.0432490371
v -0.0233429745 0.0110994 0.042562522
v -0.0263652075 0.0115264012 0.0432490371
v -0.0233429745 0.0110994 0.042562522
v -0.0263429731 0.0110994 0.042562522
v -0.0263652075 0.0115264012 0.0432490371
v -0.0233429745 0.0110994 0.042562522
v -0.0233169384 0.0105149811 0.0417516641
v -0.0263429731 0.0110994 0.042562522
v -0.0233169384 0.0105149811 0.0417516641
v -0.0263169371 0.0105149811 0.0417516641
v -0.0263429731 0.0110994 0.042562522
v -0.0233169384 0.0105149811 0.0417516641
v -0.0233037882 0.0101758456 0.0413341783
v -0.0263169371 0.0105149811 0.0417516641
v -0.0233037882 0.0101758456 0.0413341783
v -0.0263037886 0.0101758456 0.0413341783
v -0.0263169371 0.0105149811 0.0417516641
v -0.0233037882 0.0101758456 0.0413341783
v -0.0232760049 0.00931120571 0.0404059552
v -0.0263037886 0.0101758456 0.0413341783
v -0.0232760049 0.00931120571 0.0404059552
v -0.0262760054 0.00931120571 0.0404059552
v -0.0263037886 0.0101758456 0.0413341783
v -0.0232760049 0.00931120571 0.0404059552
v -0.0232708771 0.00911655184 0.0402197912
v -0.0262760054 0.00931120571 0.0404059552
v -0.0232708771 0.00911655184 0.0402197912
v -0.0262708776 0.00911655184 0.0402197912
v -0.0262760054 0.00931120571 0.0404059552
v -0.0232708771 0.00911655184 0.0402197912
v -0.0232579503 0.00854018424 0.039710138
v -0.0262708776 0.00911655184 0.0402197912
v -0.0232579503 0.00854018424 0.039710138
v -0.0262579508 0.00854018424 0.039710138
v -0.0262708776 0.00911655184 0.0402197912
v -0.0232579503 0.00854018424 0.039710138
v -0.0232523605 0.00824113842 0.0394679606
v -0.0262579508 0.00854018424 0.039710138
v -0.0232523605 0.00824113842 0.0394679606
v -0.026252361 0.00824113842 0.0394679606
v -0.0262579508 0.00854018424 0.039710138
v -0.0232523605 0.00824113842 0.0394679606
v -0.023249764 0.00808900874 0.0393501222
v -0.026252361 0.00824113842 0.0394679606
v -0.023249764 0.00808900874 0.0393501222
v -0.0262497645 0.00808900874 0.0393501222
v -0.026252361 0.00824113842 0.0394679606
v -0.023249764 0.00808900874 0.0393501222
v -0.0232485123 0.00801230688 0.0392920263
v -0.0262497645 0.00808900874 0.0393501222
v -0.0262497645 0.00808900874 0.0393501222
v -0.0232485123 0.00801230688 0.0392920263
v -0.0262485128 0.00801230688 0.0392920263
v -0.0232485123 0.00801230688 0.0392920263
v -0.0262478981 0.00797379762 0.0392631851
v -0.0262485128 0.00801230688 0.0392920263
v -0.0232485123 0.00801230688 0.0392920263
v -0.0232478976 0.00797379762 0.0392631851
v -0.0262478981 0.00797379762 0.0392631851
v -0.0232478976 0.00797379762 0.0392631851
v -0.0262475945 0.00795450434 0.0392488204
v -0.0262478981 0.00797379762 0.0392631851
v -0.0232478976 0.00797379762 0.0392631851
v -0.023247594 0.00795450434 0.0392488204
v -0.0262475945 0.00795450434 0.0392488204
v -0.023247594 0.00795450434 0.0392488204
v -0.0262472909 0.00793518499 0.0392344855
v -0.0262475945 0.00795450434 0.0392488204
v -0.023247594 0.00795450434 0.0392488204
v -0.0232472904 0.00793518499 0.0392344855
v -0.0262472909 0.00793518499 0.0392344855
v -0.0234473851 -0.00804631878 0.0605747662
v -0.0264785923 -0.00655038608 0.0615554526
v -0.0264473855 -0.00804631878 0.0605747662
v -0.0234473851 -0.00804631878 0.0605747662
v -0.0234785918 -0.00655038608 0.0615554526
v -0.0264785923 -0.00655038608 0.0615554526
v -0.0234785918 -0.00655038608 0.0615554526
v -0.026504131 -0.004937388 0.0623272695
v -0.0264785923 -0.00655038608 0.0615554526
v -0.0234785918 -0.00655038608 0.0615554526
v -0.0235041324 -0.004937388 0.0623272695
v -0.026504131 -0.004937388 0.0623272695
v -0.0235041324 -0.004937388 0.0623272695
v -0.0265212283 -0.00321178907 0.0628859028
v -0.026504131 -0.004937388 0.0623272695
v -0.0235041324 -0.004937388 0.0623272695
v -0.0235212278 -0.00321178907 0.0628859028
v -0.0265212283 -0.00321178907 0.0628859028
v -0.0235212278 -0.00321178907 0.0628859028
v -0.0265404861 -0.00142040802 0.0632077381
v -0.0265212283 -0.00321178907 0.0628859028
v -0.0235212278 -0.00321178907 0.0628859028
v -0.0235404857 -0.00142040802 0.0632077381
v -0.0265404861 -0.00142040802 0.0632077381
v -0.0235404857 -0.00142040802 0.0632077381
v -0.0265724584 9.74180439e-05 0.0632842854
v -0.0265404861 -0.00142040802 0.0632077381
v -0.0235404857 -0.00142040802 0.0632077381
v -0.023572458 9.74180439e-05 0.0632842854
v -0.0265724584 9.74180439e-05 0.0632842854
v -0.023572458 9.74180439e-05 0.0632842854
v -0.0266288184 0.00186342269 0.0631470308
v -0.0265724584 9.74180439e-05 0.0632842854
v -0.023572458 9.74180439e-05 0.0632842854
v -0.0236288179 0.00186342269 0.0631470308
v -0.0266288184 0.00186342269 0.0631470308
v -0.0236288179 0.00186342269 0.0631470308
v -0.0266961977 0.00359989936 0.0627731383
v -0.0266288184 0.00186342269 0.0631470308
v -0.0236288179 0.00186342269 0.0631470308
v -0.0236961972 0.00359989936 0.0627731383
v -0.0266961977 0.00359989936 0.0627731383
v -0.0236961972 0.00359989936 0.0627731383
v -0.0267522931 0.00530483248 0.0621609353
v -0.0266961977 0.00359989936 0.0627731383
v -0.0236961972 0.00359989936 0.0627731383
v -0.0237522926 0.00530483248 0.0621609353
v -0.0267522931 0.00530483248 0.0621609353
v -0.0237522926 0.00530483248 0.0621609353
v -0.0267741494 0.00692299707 0.0613220409
v -0.0267522931 0.00530483248 0.0621609353
v -0.0237522926 0.00530483248 0.0621609353
v -0.0237741489 0.00692299707 0.0613220409
v -0.0267741494 0.00692299707 0.0613220409
v -0.0237715207 0.00807886478 0.06053463
v -0.0237710904 0.00813333504 0.0604929291
v -0.0267710909 0.00813333504 0.0604929291
v -0.0237710904 0.00813333504 0.0604929291
v -0.0267708655 0.00816049147 0.0604719706
v -0.0267710909 0.00813333504 0.0604929291
v -0.0237710904 0.00813333504 0.0604929291
v -0.0237708651 0.00816049147 0.0604719706
v -0.0267708655 0.00816049147 0.0604719706
v -0.0237708651 0.00816049147 0.0604719706
v -0.0267707519 0.00817404967 0.0604614615
v -0.0267708655 0.00816049147 0.0604719706
v -0.0237708651 0.00816049147 0.0604719706
v -0.0237707514 0.00817404967 0.0604614615
v -0.0267707519 0.00817404967 0.0604614615
v -0.0237707514 0.00817404967 0.0604614615
v -0.0267706346 0.00818759575 0.0604509376
v -0.0267707519 0.00817404967 0.0604614615
v -0.0237707514 0.00817404967 0.0604614615
v -0.0237706341 0.00818759575 0.0604509376
v -0.0267706346 0.00818759575 0.0604509376
v -0.0237741489 0.00692299707 0.0613220409
v -0.0237747896 0.00729541061 0.0610874929
v -0.0267741494 0.00692299707 0.0613220409
v -0.0237747896 0.00729541061 0.0610874929
v -0.0267747901 0.00729541061 0.0610874929
v -0.0267741494 0.00692299707 0.0613220409
v -0.0237747896 0.00729541061 0.0610874929
v -0.0237735696 0.0077477647 0.0607786775
v -0.0267747901 0.00729541061 0.0610874929
v -0.0237735696 0.0077477647 0.0607786775
v -0.0267735701 0.0077477647 0.0607786775
v -0.0267747901 0.00729541061 0.0610874929
v -0.0237735696 0.0077477647 0.0607786775
v -0.023772303 0.00796930585 0.0606171526
v -0.0267735701 0.0077477647 0.0607786775
v -0.023772303 0.00796930585 0.0606171526
v -0.0267723035 0.00796930585 0.0606171526
v -0.0267735701 0.0077477647 0.0607786775
v -0.023772303 0.00796930585 0.0606171526
v -0.0237715207 0.00807886478 0.06053463
v -0.0267723035 0.00796930585 0.0606171526
v -0.0237715207 0.00807886478 0.06053463
v -0.0267715193 0.00807886478 0.06053463
v -0.0267723035 0.00796930585 0.0606171526
v -0.0237715207 0.00807886478 0.06053463
v -0.0267710909 0.00813333504 0.0604929291
v -0.0267715193 0.00807886478 0.06053463
v -0.0230688751 -0.00787562504 0.0391870923
v -0.0260689426 -0.00786587503 0.0391799584
v -0.023068944 -0.00786587503 0.0391799584
v -0.0260689426 -0.00786587503 0.0391799584
v -0.0230688751 -0.00787562504 0.0391870923
v -0.0260688756 -0.00787562504 0.0391870923
v -0.0230688751 -0.00787562504 0.0391870923
v -0.0260688085 -0.00788536854 0.0391942337
v -0.0260688756 -0.00787562504 0.0391870923
v -0.0230688751 -0.00787562504 0.0391870923
v -0.023068808 -0.00788536854 0.0391942337
v -0.0260688085 -0.00788536854 0.0391942337
v -0.023068808 -0.00788536854 0.0391942337
v -0.0260686744 -0.00790483691 0.0392085463
v -0.0260688085 -0.00788536854 0.0391942337
v -0.023068808 -0.00788536854 0.0391942337
v -0.0230686758 -0.00790483691 0.0392085463
v -0.0260686744 -0.00790483691 0.0392085463
v -0.0230686758 -0.00790483691 0.0392085463
v -0.0260684155 -0.00794369541 0.039237272
v -0.0260686744 -0.00790483691 0.0392085463
v -0.0230686758 -0.00790483691 0.0392085463
v -0.0230684169 -0.00794369541 0.039237272
v -0.0260684155 -0.00794369541 0.039237272
v -0.0230684169 -0.00794369541 0.039237272
v -0.023067927 -0.00802109949 0.0392951518
v -0.0260684155 -0.00794369541 0.039237272
v -0.023067927 -0.00802109949 0.0392951518
v -0.0260679275 -0.00802109949 0.0392951518
v -0.0260684155 -0.00794369541 0.039237272
v -0.023067927 -0.00802109949 0.0392951518
v -0.0230670683 -0.00817464385 0.0394125879
v -0.0260679275 -0.00802109949 0.0392951518
v -0.0230670683 -0.00817464385 0.0394125879
v -0.0260670688 -0.00817464385 0.0394125879
v -0.0260679275 -0.00802109949 0.0392951518
v -0.0230670683 -0.00817464385 0.0394125879
v -0.0230658371 -0.0084765628 0.0396541096
v -0.0260670688 -0.00817464385 0.0394125879
v -0.0230658371 -0.0084765628 0.0396541096
v -0.0260658376 -0.0084765628 0.0396541096
v -0.0260670688 -0.00817464385 0.0394125879
v -0.0230658371 -0.0084765628 0.0396541096
v -0.0230654627 -0.0090588117 0.0401630178
v -0.0260658376 -0.0084765628 0.0396541096
v -0.0230654627 -0.0090588117 0.0401630178
v -0.0260654613 -0.0090588117 0.0401630178
v -0.0260658376 -0.0084765628 0.0396541096
v -0.0230654627 -0.0090588117 0.0401630178
v -0.023066001 -0.0092484802 0.0403422788
v -0.0260654613 -0.0090588117 0.0401630178
v -0.023066001 -0.0092484802 0.0403422788
v -0.0260660015 -0.0092484802 0.0403422788
v -0.0260654613 -0.0090588117 0.0401630178
v -0.023066001 -0.0092484802 0.0403422788
v -0.0230733678 -0.0101301139 0.0412782915
v -0.0260660015 -0.0092484802 0.0403422788
v -0.0230733678 -0.0101301139 0.0412782915
v -0.0260733683 -0.0101301139 0.0412782915
v -0.0260660015 -0.0092484802 0.0403422788
v -0.0230733678 -0.0101301139 0.0412782915
v -0.023078382 -0.0104608657 0.0416809134
v -0.0260733683 -0.0101301139 0.0412782915
v -0.023078382 -0.0104608657 0.0416809134
v -0.0260783825 -0.0104608657 0.0416809134
v -0.0260733683 -0.0101301139 0.0412782915
v -0.023078382 -0.0104608657 0.0416809134
v -0.0230912156 -0.011065363 0.0425107256
v -0.0260783825 -0.0104608657 0.0416809134
v -0.0230912156 -0.011065363 0.0425107256
v -0.0260912143 -0.011065363 0.0425107256
v -0.0260783825 -0.0104608657 0.0416809134
v -0.0230912156 -0.011065363 0.0425107256
v -0.0231032725 -0.011481938 0.0431730933
v -0.0260912143 -0.011065363 0.0425107256
v -0.0231032725 -0.011481938 0.0431730933
v -0.026103273 -0.011481938 0.0431730933
v -0.0260912143 -0.011065363 0.0425107256
v -0.0231032725 -0.011481938 0.0431730933
v -0.023116665 -0.0118511375 0.0438437536
v -0.026103273 -0.011481938 0.0431730933
v -0.023116665 -0.0118511375 0.0438437536
v -0.0261166655 -0.0118511375 0.0438437536
v -0.026103273 -0.011481938 0.0431730933
v -0.023116665 -0.0118511375 0.0438437536
v -0.0231368896 -0.0122903325 0.0447875336
v -0.0261166655 -0.0118511375 0.0438437536
v -0.0231368896 -0.0122903325 0.0447875336
v -0.0261368882 -0.0122903325 0.0447875336
v -0.0261166655 -0.0118511375 0.0438437536
v -0.0231368896 -0.0122903325 0.0447875336
v -0.0231473707 -0.0124774985 0.0452594236
v -0.0261368882 -0.0122903325 0.0447875336
v -0.0231473707 -0.0124774985 0.0452594236
v -0.0261473712 -0.0124774985 0.0452594236
v -0.0261368882 -0.0122903325 0.0447875336
v -0.0231473707 -0.0124774985 0.0452594236
v -0.0231753215 -0.012874743 0.0465013161
v -0.0261473712 -0.0124774985 0.0452594236
v -0.0261473712 -0.0124774985 0.0452594236
v -0.0231753215 -0.012874743 0.0465013161
v -0.026175322 -0.012874743 0.0465013161
v -0.0231753215 -0.012874743 0.0465013161
v -0.0262142029 -0.013219581 0.0482749417
v -0.026175322 -0.012874743 0.0465013161
v -0.0231753215 -0.012874743 0.0465013161
v -0.0232142024 -0.013219581 0.0482749417
v -0.0262142029 -0.013219581 0.0482749417
v -0.0232142024 -0.013219581 0.0482749417
v -0.0262459535 -0.0133222332 0.0498100333
v -0.0262142029 -0.013219581 0.0482749417
v -0.0232142024 -0.013219581 0.0482749417
v -0.023245953 -0.0133222332 0.0498100333
v -0.0262459535 -0.0133222332 0.0498100333
v -0.023245953 -0.0133222332 0.0498100333
v -0.023248652 -0.013322847 0.0499453396
v -0.0262459535 -0.0133222332 0.0498100333
v -0.023248652 -0.013322847 0.0499453396
v -0.0262486525 -0.013322847 0.0499453396
v -0.0262459535 -0.0133222332 0.0498100333
v -0.023248652 -0.013322847 0.0499453396
v -0.0232806485 -0.0132169332 0.0516237468
v -0.0262486525 -0.013322847 0.0499453396
v -0.0232806485 -0.0132169332 0.0516237468
v -0.026280649 -0.0132169332 0.0516237468
v -0.0262486525 -0.013322847 0.0499453396
v -0.0232806485 -0.0132169332 0.0516237468
v -0.0233029053 -0.0129945101 0.05289042
v -0.026280649 -0.0132169332 0.0516237468
v -0.0233029053 -0.0129945101 0.05289042
v -0.0263029058 -0.0129945101 0.05289042
v -0.026280649 -0.0132169332 0.0516237468
v -0.0233029053 -0.0129945101 0.05289042
v -0.0233114827 -0.0128669217 0.0534065366
v -0.0263029058 -0.0129945101 0.05289042
v -0.0233114827 -0.0128669217 0.0534065366
v -0.0263114832 -0.0128669217 0.0534065366
v -0.0263029058 -0.0129945101 0.05289042
v -0.0233114827 -0.0128669217 0.0534065366
v -0.0233271029 -0.012564389 0.0543816797
v -0.0263114832 -0.0128669217 0.0534065366
v -0.0233271029 -0.012564389 0.0543816797
v -0.0263271015 -0.012564389 0.0543816797
v -0.0263114832 -0.0128669217 0.0534065366
v -0.0233271029 -0.012564389 0.0543816797
v -0.0233385935 -0.0122816097 0.0551140085
v -0.0263271015 -0.012564389 0.0543816797
v -0.0233385935 -0.0122816097 0.0551140085
v -0.026338594 -0.0122816097 0.0551140085
v -0.0263271015 -0.012564389 0.0543816797
v -0.0233385935 -0.0122816097 0.0551140085
v -0.0233496409 -0.011963631 0.0558136441
v -0.026338594 -0.0122816097 0.0551140085
v -0.0233496409 -0.011963631 0.0558136441
v -0.0263496414 -0.011963631 0.0558136441
v -0.026338594 -0.0122816097 0.0551140085
v -0.0233496409 -0.011963631 0.0558136441
v -0.023364637 -0.0114690457 0.0567312911
v -0.0263496414 -0.011963631 0.0558136441
v -0.023364637 -0.0114690457 0.0567312911
v -0.0263646375 -0.0114690457 0.0567312911
v -0.0263496414 -0.011963631 0.0558136441
v -0.023364637 -0.0114690457 0.0567312911
v -0.0233720839 -0.0112004708 0.0571669824
v -0.0263646375 -0.0114690457 0.0567312911
v -0.0233720839 -0.0112004708 0.0571669824
v -0.0263720844 -0.0112004708 0.0571669824
v -0.0263646375 -0.0114690457 0.0567312911
v -0.0233720839 -0.0112004708 0.0571669824
v -0.0233915355 -0.0104435999 0.0582264289
v -0.0263720844 -0.0112004708 0.0571669824
v -0.0263720844 -0.0112004708 0.0571669824
v -0.0233915355 -0.0104435999 0.0582264289
v -0.0263915341 -0.0104435999 0.0582264289
v -0.0233915355 -0.0104435999 0.0582264289
v -0.0264204293 -0.00922688749 0.0595656782
v -0.0263915341 -0.0104435999 0.0582264289
v -0.0233915355 -0.0104435999 0.0582264289
v -0.0234204307 -0.00922688749 0.0595656782
v -0.0264204293 -0.00922688749 0.0595656782
v -0.0234204307 -0.00922688749 0.0595656782
v -0.0264473855 -0.00804631878 0.0605747662
v -0.0264204293 -0.00922688749 0.0595656782
v -0.0234204307 -0.00922688749 0.0595656782
v -0.0234473851 -0.00804631878 0.0605747662
v -0.0264473855 -0.00804631878 0.0605747662
v -0.0231342427 -0.00307032256 0.0369733721
v -0.0231198166 -0.00470264442 0.0385223478
v -0.0231072139 -0.00479921652 0.0375084393
v -0.0230684169 -0.00794369541 0.039237272
v -0.0230687633 -0.00791213289 0.039219629
v -0.023067927 -0.00802109949 0.0392951518
v -0.0233747456 0.0104705328 0.0436122194
v -0.0234075021 0.00948922429 0.0449147597
v -0.0233639479 0.00903656986 0.0433677472
v -0.0234075021 0.00948922429 0.0449147597
v -0.023336133 0.00609309459 0.0429808684
v -0.0233639479 0.00903656986 0.0433677472
v -0.0236984026 0.0085967686 0.0578109138
v -0.023626009 0.00616951846 0.0567685664
v -0.0236685667 0.00913892128 0.0563282184
v -0.0235999953 0.0131726163 0.0519699119
v -0.0235699415 0.0100514842 0.051506035
v -0.0235855449 0.0132553279 0.0513304956
v -0.0236382466 0.0127758123 0.0537352562
v -0.0236050021 0.00987172034 0.0531574711
v -0.0236191861 0.0130081009 0.0528428853
v -0.0235104579 -0.00128546217 0.0603987575
v -0.0235128962 -0.00236728392 0.0617714599
v -0.0234925095 -0.00263051735 0.0603050031
v -0.0235128962 -0.00236728392 0.0617714599
v -0.0234796666 -0.00396463694 0.0601454936
v -0.0234925095 -0.00263051735 0.0603050031
v -0.0233720839 -0.0112004708 0.0571669824
v -0.0234157573 -0.0090848254 0.0588862561
v -0.0233915355 -0.0104435999 0.0582264289
v -0.0233121403 -0.0100307418 0.0515324175
v -0.023248652 -0.013322847 0.0499453396
v -0.0232815258 -0.0100857792 0.0498487204
v -0.0233692247 -0.0105393147 0.0561243966
v -0.0233385935 -0.0122816097 0.0551140085
v -0.0233461224 -0.0110598169 0.0546187311
v -0.023248652 -0.013322847 0.0499453396
v -0.0233121403 -0.0100307418 0.0515324175
v -0.0232806485 -0.0132169332 0.0516237468
v -0.0233121403 -0.0100307418 0.0515324175
v -0.0233029053 -0.0129945101 0.05289042
v -0.0232806485 -0.0132169332 0.0516237468
v -0.0233121403 -0.0100307418 0.0515324175
v -0.0233213548 -0.0114324503 0.0530549102
v -0.0233029053 -0.0129945101 0.05289042
v -0.0233213548 -0.0114324503 0.0530549102
v -0.0233114827 -0.0128669217 0.0534065366
v -0.0233029053 -0.0129945101 0.05289042
v -0.0233213548 -0.0114324503 0.0530549102
v -0.0233461224 -0.0110598169 0.0546187311
v -0.0233114827 -0.0128669217 0.0534065366
v -0.0233461224 -0.0110598169 0.0546187311
v -0.0233271029 -0.012564389 0.0543816797
v -0.0233114827 -0.0128669217 0.0534065366
v -0.0233461224 -0.0110598169 0.0546187311
v -0.0233385935 -0.0122816097 0.0551140085
v -0.0233271029 -0.012564389 0.0543816797
v -0.0233720839 -0.0112004708 0.0571669824
v -0.023364637 -0.0114690457 0.0567312911
v -0.0233921539 -0.00987806823 0.0575529896
v -0.023364637 -0.0114690457 0.0567312911
v -0.0233692247 -0.0105393147 0.0561243966
v -0.0233921539 -0.00987806823 0.0575529896
v -0.023364637 -0.0114690457 0.0567312911
v -0.0233496409 -0.011963631 0.0558136441
v -0.0233692247 -0.0105393147 0.0561243966
v -0.0233496409 -0.011963631 0.0558136441
v -0.0233385935 -0.0122816097 0.0551140085
v -0.0233692247 -0.0105393147 0.0561243966
v -0.0233921539 -0.00987806823 0.0575529896
v -0.0233692247 -0.0105393147 0.0561243966
v -0.0234116465 -0.00852232892 0.0578902289
v -0.0233692247 -0.0105393147 0.0561243966
v -0.0233885087 -0.00908474252 0.0563956611
v -0.0234116465 -0.00852232892 0.0578902289
v -0.0233692247 -0.0105393147 0.0561243966
v -0.0233461224 -0.0110598169 0.0546187311
v -0.0233885087 -0.00908474252 0.0563956611
v -0.0233461224 -0.0110598169 0.0546187311
v -0.023365112 -0.00952741131 0.0548253879
v -0.0233885087 -0.00908474252 0.0563956611
v -0.0233461224 -0.0110598169 0.0546187311
v -0.0233213548 -0.0114324503 0.0530549102
v -0.023365112 -0.00952741131 0.0548253879
v -0.0233213548 -0.0114324503 0.0530549102
v -0.0233400464 -0.00984428916 0.0531979725
v -0.023365112 -0.00952741131 0.0548253879
v -0.0233213548 -0.0114324503 0.0530549102
v -0.0233121403 -0.0100307418 0.0515324175
v -0.0233400464 -0.00984428916 0.0531979725
v -0.0234352406 -0.00784760807 0.0592912249
v -0.0234597027 -0.0070690047 0.060581632
v -0.0234157573 -0.0090848254 0.0588862561
v -0.0234597027 -0.0070690047 0.060581632
v -0.0234406069 -0.00816949271 0.0601068065
v -0.0234157573 -0.0090848254 0.0588862561
v -0.0234597027 -0.0070690047 0.060581632
v -0.0234785918 -0.00655038608 0.0615554526
v -0.0234406069 -0.00816949271 0.0601068065
v -0.0234785918 -0.00655038608 0.0615554526
v -0.0234473851 -0.00804631878 0.0605747662
v -0.0234406069 -0.00816949271 0.0601068065
v -0.0234157573 -0.0090848254 0.0588862561
v -0.0234406069 -0.00816949271 0.0601068065
v -0.0233915355 -0.0104435999 0.0582264289
v -0.0234406069 -0.00816949271 0.0601068065
v -0.0234204307 -0.00922688749 0.0595656782
v -0.0233915355 -0.0104435999 0.0582264289
v -0.0234406069 -0.00816949271 0.0601068065
v -0.0234473851 -0.00804631878 0.0605747662
v -0.0234204307 -0.00922688749 0.0595656782
v -0.0233169477 -0.00336453365 0.0480512641
v -0.0233891327 1.77839356e-05 0.0498942137
v -0.0233484209 -0.0033885655 0.0498900637
v -0.0233891327 1.77839356e-05 0.0498942137
v -0.023377629 -0.00336900679 0.0517307818
v -0.0233484209 -0.0033885655 0.0498900637
v -0.023501195 -0.00357599021 0.0615841113
v -0.0234900545 -0.00476644794 0.0613220148
v -0.0234673154 -0.0052823741 0.0599222071
v -0.0234900545 -0.00476644794 0.0613220148
v -0.0234527662 -0.00657845382 0.059636917
v -0.0234673154 -0.0052823741 0.0599222071
v -0.0234900545 -0.00476644794 0.0613220148
v -0.0234765224 -0.00593275577 0.0609872155
v -0.0234527662 -0.00657845382 0.059636917
v -0.0235404857 -0.00142040802 0.0632077381
v -0.0235212278 -0.00321178907 0.0628859028
v -0.023501195 -0.00357599021 0.0615841113
v -0.0235212278 -0.00321178907 0.0628859028
v -0.0234900545 -0.00476644794 0.0613220148
v -0.023501195 -0.00357599021 0.0615841113
v -0.0235212278 -0.00321178907 0.0628859028
v -0.0235041324 -0.004937388 0.0623272695
v -0.0234900545 -0.00476644794 0.0613220148
v -0.0235041324 -0.004937388 0.0623272695
v -0.0234765224 -0.00593275577 0.0609872155
v -0.0234900545 -0.00476644794 0.0613220148
v -0.0234796666 -0.00396463694 0.0601454936
v -0.0234446861 -0.00572944107 0.0584152415
v -0.0234714821 -0.00285860663 0.0587336533
v -0.0234684236 -0.00150638004 0.0571358465
v -0.0234714821 -0.00285860663 0.0587336533
v -0.0234500337 -0.00304871984 0.0570733733
v -0.0234796666 -0.00396463694 0.0601454936
v -0.0234714821 -0.00285860663 0.0587336533
v -0.0234925095 -0.00263051735 0.0603050031
v -0.0234714821 -0.00285860663 0.0587336533
v -0.0235104579 -0.00128546217 0.0603987575
v -0.0234925095 -0.00263051735 0.0603050031
v -0.0234714821 -0.00285860663 0.0587336533
v -0.0234684236 -0.00150638004 0.0571358465
v -0.0235104579 -0.00128546217 0.0603987575
v -0.0234684236 -0.00150638004 0.0571358465
v -0.0234927796 4.01349207e-05 0.0571526065
v -0.0235104579 -0.00128546217 0.0603987575
v -0.0234684236 -0.00150638004 0.0571358465
v -0.0234458335 2.47517473e-05 0.053595297
v -0.0234927796 4.01349207e-05 0.0571526065
v -0.0234500337 -0.00304871984 0.0570733733
v -0.0234279707 -0.00319838105 0.0553409979
v -0.0234684236 -0.00150638004 0.0571358465
v -0.0234279707 -0.00319838105 0.0553409979
v -0.0234458335 2.47517473e-05 0.053595297
v -0.0234684236 -0.00150638004 0.0571358465
v -0.0234279707 -0.00319838105 0.0553409979
v -0.0234041698 -0.00330561772 0.053554114
v -0.0234458335 2.47517473e-05 0.053595297
v -0.0235326141 0.00676033413 0.0516342148
v -0.0234743282 0.00340735889 0.0517189056
v -0.023441989 0.00342197181 0.0498829484
v -0.0234743282 0.00340735889 0.0517189056
v -0.0233891327 1.77839356e-05 0.0498942137
v -0.023441989 0.00342197181 0.0498829484
v -0.0234743282 0.00340735889 0.0517189056
v -0.0234458335 2.47517473e-05 0.053595297
v -0.0233891327 1.77839356e-05 0.0498942137
v -0.0234458335 2.47517473e-05 0.053595297
v -0.023377629 -0.00336900679 0.0517307818
v -0.0233891327 1.77839356e-05 0.0498942137
v -0.0234458335 2.47517473e-05 0.053595297
v -0.0234041698 -0.00330561772 0.053554114
v -0.023377629 -0.00336900679 0.0517307818
v -0.0236050021 0.00987172034 0.0531574711
v -0.0235659834 0.00664424524 0.0533886328
v -0.0235326141 0.00676033413 0.0516342148
v -0.0235659834 0.00664424524 0.0533886328
v -0.0234743282 0.00340735889 0.0517189056
v -0.0235326141 0.00676033413 0.0516342148
v -0.0235659834 0.00664424524 0.0533886328
v -0.0235040579 0.00335230608 0.0535374358
v -0.0234743282 0.00340735889 0.0517189056
v -0.0235040579 0.00335230608 0.0535374358
v -0.0234458335 2.47517473e-05 0.053595297
v -0.0234743282 0.00340735889 0.0517189056
v -0.0236382466 0.0127758123 0.0537352562
v -0.023650445 0.0125882477 0.0543161333
v -0.0236050021 0.00987172034 0.0531574711
v -0.0235311911 0.00325780059 0.0553196073
v -0.0235968493 0.00644622743 0.0551061295
v -0.023626009 0.00616951846 0.0567685664
v -0.0235968493 0.00644622743 0.0551061295
v -0.0236685667 0.00913892128 0.0563282184
v -0.023626009 0.00616951846 0.0567685664
v -0.0235968493 0.00644622743 0.0551061295
v -0.0236376375 0.00956591032 0.0547710545
v -0.0236685667 0.00913892128 0.0563282184
v -0.023572458 9.74180439e-05 0.0632842854
v -0.0235674959 0.00141375791 0.0603817999
v -0.0236288179 0.00186342269 0.0631470308
v -0.0236044899 0.00275570108 0.0602715984
v -0.0236437805 0.00408498012 0.0600964539
v -0.0236259028 0.00252303365 0.0617354661
v -0.0236437805 0.00408498012 0.0600964539
v -0.0236666035 0.00372651569 0.0615312606
v -0.0236259028 0.00252303365 0.0617354661
v -0.0236044899 0.00275570108 0.0602715984
v -0.0236259028 0.00252303365 0.0617354661
v -0.0235674959 0.00141375791 0.0603817999
v -0.0236259028 0.00252303365 0.0617354661
v -0.0236288179 0.00186342269 0.0631470308
v -0.0235674959 0.00141375791 0.0603817999
v -0.0236259028 0.00252303365 0.0617354661
v -0.0236666035 0.00372651569 0.0615312606
v -0.0236288179 0.00186342269 0.0631470308
v -0.0236666035 0.00372651569 0.0615312606
v -0.0236961972 0.00359989936 0.0627731383
v -0.0236288179 0.00186342269 0.0631470308
v -0.0235404857 -0.00142040802 0.0632077381
v -0.0235356279 6.46788903e-05 0.0604247563
v -0.023572458 9.74180439e-05 0.0632842854
v -0.0235356279 6.46788903e-05 0.0604247563
v -0.0235674959 0.00141375791 0.0603817999
v -0.023572458 9.74180439e-05 0.0632842854
v -0.0235356279 6.46788903e-05 0.0604247563
v -0.023522621 0.00158577482 0.0571226813
v -0.0235674959 0.00141375791 0.0603817999
v -0.023522621 0.00158577482 0.0571226813
v -0.0236044899 0.00275570108 0.0602715984
v -0.0235674959 0.00141375791 0.0603817999
v -0.023522621 0.00158577482 0.0571226813
v -0.0235811193 0.00295737572 0.0587037019
v -0.0236044899 0.00275570108 0.0602715984
v -0.0235811193 0.00295737572 0.0587037019
v -0.0236437805 0.00408498012 0.0600964539
v -0.0236044899 0.00275570108 0.0602715984
v -0.0236542094 0.0058180606 0.0583582968
v -0.023709368 0.00668558758 0.0595596917
v -0.0236809272 0.00539658219 0.059858527
v -0.023709368 0.00668558758 0.0595596917
v -0.0237050746 0.00491037266 0.0612533614
v -0.0236809272 0.00539658219 0.059858527
v -0.023709368 0.00668558758 0.0595596917
v -0.0237342101 0.00606909813 0.0609039254
v -0.0237050746 0.00491037266 0.0612533614
v -0.0235311911 0.00325780059 0.0553196073
v -0.023626009 0.00616951846 0.0567685664
v -0.0235565901 0.00312550785 0.0570475049
v -0.023626009 0.00616951846 0.0567685664
v -0.0236542094 0.0058180606 0.0583582968
v -0.0235565901 0.00312550785 0.0570475049
v -0.023626009 0.00616951846 0.0567685664
v -0.0236984026 0.0085967686 0.0578109138
v -0.0236542094 0.0058180606 0.0583582968
v -0.0236984026 0.0085967686 0.0578109138
v -0.023709368 0.00668558758 0.0595596917
v -0.0236542094 0.0058180606 0.0583582968
v -0.0236984026 0.0085967686 0.0578109138
v -0.0237263665 0.00794670172 0.0592019819
v -0.023709368 0.00668558758 0.0595596917
v -0.0237263665 0.00794670172 0.0592019819
v -0.0237342101 0.00606909813 0.0609039254
v -0.023709368 0.00668558758 0.0595596917
v -0.0237263665 0.00794670172 0.0592019819
v -0.0237510614 0.00719685527 0.0604851544
v -0.0237342101 0.00606909813 0.0609039254
v -0.0237706341 0.00818759575 0.0604509376
v -0.0237707514 0.00817404967 0.0604614615
v -0.0237705521 0.00819702353 0.0604435951
v -0.0237707514 0.00817404967 0.0604614615
v -0.0237704702 0.00820644479 0.0604362451
v -0.0237705521 0.00819702353 0.0604435951
v -0.0237707514 0.00817404967 0.0604614615
v -0.0237708651 0.00816049147 0.0604719706
v -0.0237704702 0.00820644479 0.0604362451
v -0.0237708651 0.00816049147 0.0604719706
v -0.0237703044 0.00822526682 0.0604215227
v -0.0237704702 0.00820644479 0.0604362451
v -0.0237708651 0.00816049147 0.0604719706
v -0.0237710904 0.00813333504 0.0604929291
v -0.0237703044 0.00822526682 0.0604215227
v -0.0237710904 0.00813333504 0.0604929291
v -0.0237704068 0.00820791535 0.060433615
v -0.0237703044 0.00822526682 0.0604215227
v -0.0237710904 0.00813333504 0.0604929291
v -0.0237715207 0.00807886478 0.06053463
v -0.0237704068 0.00820791535 0.060433615
v -0.0237692036 0.00825731456 0.0603726059
v -0.0237700921 0.00822629873 0.0604147799
v -0.0237708259 0.00811413396 0.0604959466
v -0.0237708259 0.00811413396 0.0604959466
v -0.0237702876 0.00802547485 0.0605288334
v -0.0237692036 0.00825731456 0.0603726059
v -0.0237702876 0.00802547485 0.0605288334
v -0.0237664599 0.00829671789 0.0602705963
v -0.0237692036 0.00825731456 0.0603726059
v -0.0237702876 0.00802547485 0.0605288334
v -0.0237670448 0.00780414557 0.0605592243
v -0.0237664599 0.00829671789 0.0602705963
v -0.0237670448 0.00780414557 0.0605592243
v -0.0237573888 0.00828808825 0.0599984713
v -0.0237664599 0.00829671789 0.0602705963
v -0.0237670448 0.00780414557 0.0605592243
v -0.0237510614 0.00719685527 0.0604851544
v -0.0237573888 0.00828808825 0.0599984713
v -0.0237510614 0.00719685527 0.0604851544
v -0.0237337649 0.00917507987 0.0587860793
v -0.0237573888 0.00828808825 0.0599984713
v -0.0237510614 0.00719685527 0.0604851544
v -0.0237263665 0.00794670172 0.0592019819
v -0.0237337649 0.00917507987 0.0587860793
v -0.0237263665 0.00794670172 0.0592019819
v -0.0237064734 0.00994407292 0.0574641526
v -0.0237337649 0.00917507987 0.0587860793
v -0.0237263665 0.00794670172 0.0592019819
v -0.0236984026 0.0085967686 0.0578109138
v -0.0237064734 0.00994407292 0.0574641526
v -0.0236984026 0.0085967686 0.0578109138
v -0.0236770771 0.0105854543 0.0560492091
v -0.0237064734 0.00994407292 0.0574641526
v -0.0236984026 0.0085967686 0.0578109138
v -0.0236685667 0.00913892128 0.0563282184
v -0.0236770771 0.0105854543 0.0560492091
v -0.0236685667 0.00913892128 0.0563282184
v -0.0236464925 0.0110906642 0.0545586497
v -0.0236770771 0.0105854543 0.0560492091
v -0.0236685667 0.00913892128 0.0563282184
v -0.0236376375 0.00956591032 0.0547710545
v -0.0236464925 0.0110906642 0.0545586497
v -0.0237614773 0.00897866394 0.0597846806
v -0.0237642489 0.00877743866 0.0599642582
v -0.0237573888 0.00828808825 0.0599984713
v -0.0237642489 0.00877743866 0.0599642582
v -0.0237664599 0.00829671789 0.0602705963
v -0.0237573888 0.00828808825 0.0599984713
v -0.0237642489 0.00877743866 0.0599642582
v -0.0237677284 0.00848599151 0.0602118373
v -0.0237664599 0.00829671789 0.0602705963
v -0.0237677284 0.00848599151 0.0602118373
v -0.0237692036 0.00825731456 0.0603726059
v -0.0237664599 0.00829671789 0.0602705963
v -0.0237677284 0.00848599151 0.0602118373
v -0.0237692557 0.00833764672 0.0603324585
v -0.0237692036 0.00825731456 0.0603726059
v -0.0237692557 0.00833764672 0.0603324585
v -0.0237700921 0.00822629873 0.0604147799
v -0.0237692036 0.00825731456 0.0603726059
v -0.0237692557 0.00833764672 0.0603324585
v -0.0237699654 0.00826283265 0.06039197
v -0.0237700921 0.00822629873 0.0604147799
v -0.0237703044 0.00822526682 0.0604215227
v -0.0237704068 0.00820791535 0.060433615
v -0.0237699654 0.00826283265 0.06039197
v -0.0237704068 0.00820791535 0.060433615
v -0.0237700921 0.00822629873 0.0604147799
v -0.0237699654 0.00826283265 0.06039197
v -0.0237704068 0.00820791535 0.060433615
v -0.0237715207 0.00807886478 0.06053463
v -0.0237700921 0.00822629873 0.0604147799
v -0.0237715207 0.00807886478 0.06053463
v -0.0237708259 0.00811413396 0.0604959466
v -0.0237700921 0.00822629873 0.0604147799
v -0.0237715207 0.00807886478 0.06053463
v -0.023772303 0.00796930585 0.0606171526
v -0.0237708259 0.00811413396 0.0604959466
v -0.023772303 0.00796930585 0.0606171526
v -0.0237702876 0.00802547485 0.0605288334
v -0.0237708259 0.00811413396 0.0604959466
v -0.023772303 0.00796930585 0.0606171526
v -0.0237735696 0.0077477647 0.0607786775
v -0.0237702876 0.00802547485 0.0605288334
v -0.0237735696 0.0077477647 0.0607786775
v -0.0237670448 0.00780414557 0.0605592243
v -0.0237702876 0.00802547485 0.0605288334
v -0.0237735696 0.0077477647 0.0607786775
v -0.0237747896 0.00729541061 0.0610874929
v -0.0237670448 0.00780414557 0.0605592243
v -0.0237747896 0.00729541061 0.0610874929
v -0.0237510614 0.00719685527 0.0604851544
v -0.0237670448 0.00780414557 0.0605592243
v -0.0235311911 0.00325780059 0.0553196073
v -0.0235565901 0.00312550785 0.0570475049
v -0.023522621 0.00158577482 0.0571226813
v -0.0235565901 0.00312550785 0.0570475049
v -0.0235811193 0.00295737572 0.0587037019
v -0.023522621 0.00158577482 0.0571226813
v -0.0235565901 0.00312550785 0.0570475049
v -0.0236542094 0.0058180606 0.0583582968
v -0.0235811193 0.00295737572 0.0587037019
v -0.0236542094 0.0058180606 0.0583582968
v -0.0236437805 0.00408498012 0.0600964539
v -0.0235811193 0.00295737572 0.0587037019
v -0.0236542094 0.0058180606 0.0583582968
v -0.0236809272 0.00539658219 0.059858527
v -0.0236437805 0.00408498012 0.0600964539
v -0.0236809272 0.00539658219 0.059858527
v -0.0236666035 0.00372651569 0.0615312606
v -0.0236437805 0.00408498012 0.0600964539
v -0.0236809272 0.00539658219 0.059858527
v -0.0237050746 0.00491037266 0.0612533614
v -0.0236666035 0.00372651569 0.0615312606
v -0.0237050746 0.00491037266 0.0612533614
v -0.0236961972 0.00359989936 0.0627731383
v -0.0236666035 0.00372651569 0.0615312606
v -0.0237050746 0.00491037266 0.0612533614
v -0.0237342101 0.00606909813 0.0609039254
v -0.0236961972 0.00359989936 0.0627731383
v -0.0237342101 0.00606909813 0.0609039254
v -0.0237522926 0.00530483248 0.0621609353
v -0.0236961972 0.00359989936 0.0627731383
v -0.0237342101 0.00606909813 0.0609039254
v -0.0237510614 0.00719685527 0.0604851544
v -0.0237522926 0.00530483248 0.0621609353
v -0.0237510614 0.00719685527 0.0604851544
v -0.0237741489 0.00692299707 0.0613220409
v -0.0237522926 0.00530483248 0.0621609353
v -0.0237510614 0.00719685527 0.0604851544
v -0.0237747896 0.00729541061 0.0610874929
v -0.0237741489 0.00692299707 0.0613220409
v -0.0232329387 0.00267656473 0.0395552181
v -0.0232477561 0.00398586877 0.0397091918
v -0.0232624747 0.00289389864 0.0411047935
v -0.0232477561 0.00398586877 0.0397091918
v -0.0232964456 0.00572137441 0.0414054468
v -0.0232624747 0.00289389864 0.0411047935
v -0.0232823901 0.00779164303 0.0405234732
v -0.0232964456 0.00572137441 0.0414054468
v -0.0232729465 0.00654913858 0.0401938967
v -0.0232964456 0.00572137441 0.0414054468
v -0.0232612751 0.00527849374 0.0399224982
v -0.0232729465 0.00654913858 0.0401938967
v -0.0232964456 0.00572137441 0.0414054468
v -0.0232477561 0.00398586877 0.0397091918
v -0.0232612751 0.00527849374 0.0399224982
v -0.0232286472 0.00626598764 0.0381804891
v -0.0232387558 0.00730800163 0.0387973599
v -0.0232502911 0.00701525668 0.0392589681
v -0.0232387558 0.00730800163 0.0387973599
v -0.0232594348 0.00808651932 0.0397094972
v -0.0232502911 0.00701525668 0.0392589681
v -0.0232387558 0.00730800163 0.0387973599
v -0.0232412405 0.00750638824 0.0389298871
v -0.0232594348 0.00808651932 0.0397094972
v -0.0232412405 0.00750638824 0.0389298871
v -0.023251906 0.00807007402 0.0394268371
v -0.0232594348 0.00808651932 0.0397094972
v -0.0232412405 0.00750638824 0.0389298871
v -0.0232441686 0.00772236846 0.0390801243
v -0.023251906 0.00807007402 0.0394268371
v -0.0232441686 0.00772236846 0.0390801243
v -0.0232492443 0.00801783428 0.0393190198
v -0.023251906 0.00807007402 0.0394268371
v -0.0232441686 0.00772236846 0.0390801243
v -0.0232457053 0.00782917626 0.0391567945
v -0.0232492443 0.00801783428 0.0393190198
v -0.0232457053 0.00782917626 0.0391567945
v -0.0232481807 0.00798035972 0.0392737985
v -0.0232492443 0.00801783428 0.0393190198
v -0.0232457053 0.00782917626 0.0391567945
v -0.0232464913 0.00788228121 0.0391955115
v -0.0232481807 0.00798035972 0.0392737985
v -0.0232464913 0.00788228121 0.0391955115
v -0.0232485123 0.00801230688 0.0392920263
v -0.0232481807 0.00798035972 0.0392737985
v -0.0232464913 0.00788228121 0.0391955115
v -0.0232468899 0.00790875778 0.0392149687
v -0.0232485123 0.00801230688 0.0392920263
v -0.0232468899 0.00790875778 0.0392149687
v -0.0232478976 0.00797379762 0.0392631851
v -0.0232485123 0.00801230688 0.0392920263
v -0.0232468899 0.00790875778 0.0392149687
v -0.0232470911 0.0079219779 0.0392247178
v -0.0232478976 0.00797379762 0.0392631851
v -0.0232470911 0.0079219779 0.0392247178
v -0.023247594 0.00795450434 0.0392488204
v -0.0232478976 0.00797379762 0.0392631851
v -0.0232470911 0.0079219779 0.0392247178
v -0.0232471898 0.00792858284 0.0392296016
v -0.023247594 0.00795450434 0.0392488204
v -0.0232471898 0.00792858284 0.0392296016
v -0.0232472904 0.00793518499 0.0392344855
v -0.023247594 0.00795450434 0.0392488204
v -0.0233316664 0.00980048627 0.0422100276
v -0.0233169384 0.0105149811 0.0417516641
v -0.0233429745 0.0110994 0.042562522
v -0.0232964456 0.00572137441 0.0414054468
v -0.0232823901 0.00779164303 0.0405234732
v -0.0233211815 0.00846847054 0.0418983363
v -0.0232823901 0.00779164303 0.0405234732
v -0.0233316664 0.00980048627 0.0422100276
v -0.0233211815 0.00846847054 0.0418983363
v -0.0232823901 0.00779164303 0.0405234732
v -0.0232923124 0.00900218822 0.0409037434
v -0.0233316664 0.00980048627 0.0422100276
v -0.0232923124 0.00900218822 0.0409037434
v -0.0233169384 0.0105149811 0.0417516641
v -0.0233316664 0.00980048627 0.0422100276
v -0.0232923124 0.00900218822 0.0409037434
v -0.0233037882 0.0101758456 0.0413341783
v -0.0233169384 0.0105149811 0.0417516641
v -0.0233037882 0.0101758456 0.0413341783
v -0.0232923124 0.00900218822 0.0409037434
v -0.0232760049 0.00931120571 0.0404059552
v -0.0232923124 0.00900218822 0.0409037434
v -0.0232708771 0.00911655184 0.0402197912
v -0.0232760049 0.00931120571 0.0404059552
v -0.0232923124 0.00900218822 0.0409037434
v -0.0232648458 0.00860707182 0.0399574675
v -0.0232708771 0.00911655184 0.0402197912
v -0.0232648458 0.00860707182 0.0399574675
v -0.0232579503 0.00854018424 0.039710138
v -0.0232708771 0.00911655184 0.0402197912
v -0.0232648458 0.00860707182 0.0399574675
v -0.0232548397 0.00830662716 0.0395665765
v -0.0232579503 0.00854018424 0.039710138
v -0.0232548397 0.00830662716 0.0395665765
v -0.0232523605 0.00824113842 0.0394679606
v -0.0232579503 0.00854018424 0.039710138
v -0.0232624747 0.00289389864 0.0411047935
v -0.023336133 0.00609309459 0.0429808684
v -0.0232970994 0.00307625043 0.042745702
v -0.023336133 0.00609309459 0.0429808684
v -0.0233772676 0.00638936646 0.0446322635
v -0.0232970994 0.00307625043 0.042745702
v -0.023336133 0.00609309459 0.0429808684
v -0.0234075021 0.00948922429 0.0449147597
v -0.0233772676 0.00638936646 0.0446322635
v -0.0234075021 0.00948922429 0.0449147597
v -0.0234505255 0.00982071739 0.0465211309
v -0.0233772676 0.00638936646 0.0446322635
v -0.0234075021 0.00948922429 0.0449147597
v -0.0234653931 0.012899139 0.0465837494
v -0.0234505255 0.00982071739 0.0465211309
v -0.0234653931 0.012899139 0.0465837494
v -0.0235131439 0.0132343527 0.048359327
v -0.0234505255 0.00982071739 0.0465211309
v -0.0234653931 0.012899139 0.0465837494
v -0.0234075021 0.00948922429 0.0449147597
v -0.0234284587 0.0124920774 0.0452940948
v -0.0234075021 0.00948922429 0.0449147597
v -0.0234157927 0.0123251602 0.0448682494
v -0.0234284587 0.0124920774 0.0452940948
v -0.0234075021 0.00948922429 0.0449147597
v -0.0233747456 0.0104705328 0.0436122194
v -0.0234157927 0.0123251602 0.0448682494
v -0.0233747456 0.0104705328 0.0436122194
v -0.0233856384 0.0118745705 0.0438883491
v -0.0234157927 0.0123251602 0.0448682494
v -0.0233747456 0.0104705328 0.0436122194
v -0.0233652089 0.0115264012 0.0432490371
v -0.0233856384 0.0118745705 0.0438883491
v -0.0232624747 0.00289389864 0.0411047935
v -0.0232964456 0.00572137441 0.0414054468
v -0.023336133 0.00609309459 0.0429808684
v -0.0232964456 0.00572137441 0.0414054468
v -0.0233639479 0.00903656986 0.0433677472
v -0.023336133 0.00609309459 0.0429808684
v -0.0232964456 0.00572137441 0.0414054468
v -0.0233211815 0.00846847054 0.0418983363
v -0.0233639479 0.00903656986 0.0433677472
v -0.0233211815 0.00846847054 0.0418983363
v -0.0233747456 0.0104705328 0.0436122194
v -0.0233639479 0.00903656986 0.0433677472
v -0.0233211815 0.00846847054 0.0418983363
v -0.0233316664 0.00980048627 0.0422100276
v -0.0233747456 0.0104705328 0.0436122194
v -0.0233316664 0.00980048627 0.0422100276
v -0.0233652089 0.0115264012 0.0432490371
v -0.0233747456 0.0104705328 0.0436122194
v -0.0233316664 0.00980048627 0.0422100276
v -0.0233429745 0.0110994 0.042562522
v -0.0233652089 0.0115264012 0.0432490371
v -0.0235855449 0.0132553279 0.0513304956
v -0.0235699415 0.0100514842 0.051506035
v -0.0235582907 0.0133261755 0.0501671173
v -0.0235699415 0.0100514842 0.051506035
v -0.0235323403 0.0101032145 0.0498363338
v -0.0235582907 0.0133261755 0.0501671173
v -0.0235699415 0.0100514842 0.051506035
v -0.0234966762 0.0067930161 0.0498620495
v -0.0235323403 0.0101032145 0.0498363338
v -0.0234966762 0.0067930161 0.0498620495
v -0.0234583803 0.00674158195 0.0480914935
v -0.0235323403 0.0101032145 0.0498363338
v -0.0234966762 0.0067930161 0.0498620495
v -0.0234073251 0.0033955921 0.0480487086
v -0.0234583803 0.00674158195 0.0480914935
v -0.0234073251 0.0033955921 0.0480487086
v -0.0233709943 0.00332857971 0.0462353341
v -0.0234583803 0.00674158195 0.0480914935
v -0.0234073251 0.0033955921 0.0480487086
v -0.023323616 1.6583077e-05 0.0462004431
v -0.0233709943 0.00332857971 0.0462353341
v -0.0230687633 -0.00791213289 0.039219629
v -0.0230688676 -0.00795069989 0.0392652825
v -0.023067927 -0.00802109949 0.0392951518
v -0.0230688676 -0.00795069989 0.0392652825
v -0.0230670683 -0.00817464385 0.0394125879
v -0.023067927 -0.00802109949 0.0392951518
v -0.0230688676 -0.00795069989 0.0392652825
v -0.0230699461 -0.00800516084 0.0393741615
v -0.0230670683 -0.00817464385 0.0394125879
v -0.0230699461 -0.00800516084 0.0393741615
v -0.0230658371 -0.0084765628 0.0396541096
v -0.0230670683 -0.00817464385 0.0394125879
v -0.0230699461 -0.00800516084 0.0393741615
v -0.0230755713 -0.00802602246 0.0396598093
v -0.0230658371 -0.0084765628 0.0396541096
v -0.0230755713 -0.00802602246 0.0396598093
v -0.0230654627 -0.0090588117 0.0401630178
v -0.0230658371 -0.0084765628 0.0396541096
v -0.0230755713 -0.00802602246 0.0396598093
v -0.0230852701 -0.00895324629 0.040855255
v -0.0230654627 -0.0090588117 0.0401630178
v -0.0230884906 -0.00695098704 0.0392172672
v -0.0230836533 -0.0064319754 0.0382683761
v -0.0230859183 -0.00626134779 0.0381760709
v -0.0230836533 -0.0064319754 0.0382683761
v -0.0230884906 -0.00695098704 0.0392172672
v -0.0230786614 -0.00682280492 0.0384921469
v -0.0230884906 -0.00695098704 0.0392172672
v -0.0230771191 -0.00699364487 0.0385938622
v -0.0230786614 -0.00682280492 0.0384921469
v -0.0230884906 -0.00695098704 0.0392172672
v -0.0230749976 -0.00752212293 0.0391098186
v -0.0230771191 -0.00699364487 0.0385938622
v -0.0230749976 -0.00752212293 0.0391098186
v -0.0230725408 -0.00743590668 0.0388784893
v -0.0230771191 -0.00699364487 0.0385938622
v -0.0230749976 -0.00752212293 0.0391098186
v -0.023070924 -0.00772372354 0.0391219296
v -0.0230725408 -0.00743590668 0.0388784893
v -0.023070924 -0.00772372354 0.0391219296
v -0.0230706111 -0.00765244896 0.0390271731
v -0.0230725408 -0.00743590668 0.0388784893
v -0.023070924 -0.00772372354 0.0391219296
v -0.0230696611 -0.00780238537 0.039145112
v -0.0230706111 -0.00765244896 0.0390271731
v -0.0230696611 -0.00780238537 0.039145112
v -0.0230697449 -0.00775955804 0.0391030535
v -0.0230706111 -0.00765244896 0.0390271731
v -0.0230696611 -0.00780238537 0.039145112
v -0.0230692346 -0.00783604942 0.03916106
v -0.0230697449 -0.00775955804 0.0391030535
v -0.0230692346 -0.00783604942 0.03916106
v -0.023069337 -0.00781281665 0.0391413793
v -0.0230697449 -0.00775955804 0.0391030535
v -0.0230654627 -0.0090588117 0.0401630178
v -0.0230852701 -0.00895324629 0.040855255
v -0.023066001 -0.0092484802 0.0403422788
v -0.0230852701 -0.00895324629 0.040855255
v -0.0230733678 -0.0101301139 0.0412782915
v -0.023066001 -0.0092484802 0.0403422788
v -0.0230852701 -0.00895324629 0.040855255
v -0.0231046565 -0.00976279657 0.042165488
v -0.0230733678 -0.0101301139 0.0412782915
v -0.0230733678 -0.0101301139 0.0412782915
v -0.0231046565 -0.00976279657 0.042165488
v -0.023078382 -0.0104608657 0.0416809134
v -0.0231046565 -0.00976279657 0.042165488
v -0.0230912156 -0.011065363 0.0425107256
v -0.023078382 -0.0104608657 0.0416809134
v -0.0231046565 -0.00976279657 0.042165488
v -0.0231313668 -0.0104430169 0.0435743183
v -0.0230912156 -0.011065363 0.0425107256
v -0.0231072139 -0.00479921652 0.0375084393
v -0.0231198166 -0.00470264442 0.0385223478
v -0.0231036134 -0.00584160304 0.0388367586
v -0.0231198166 -0.00470264442 0.0385223478
v -0.0231158677 -0.00649301754 0.0401629992
v -0.0231036134 -0.00584160304 0.0388367586
v -0.0231198166 -0.00470264442 0.0385223478
v -0.0231328141 -0.00522098783 0.039898593
v -0.0231158677 -0.00649301754 0.0401629992
v -0.0231328141 -0.00522098783 0.039898593
v -0.023154838 -0.00567378197 0.0413841642
v -0.0231158677 -0.00649301754 0.0401629992
v -0.0231342427 -0.00307032256 0.0369733721
v -0.0231363643 -0.00353971845 0.038276203
v -0.0231198166 -0.00470264442 0.0385223478
v -0.0231363643 -0.00353971845 0.038276203
v -0.0231328141 -0.00522098783 0.039898593
v -0.0231198166 -0.00470264442 0.0385223478
v -0.0231363643 -0.00353971845 0.038276203
v -0.0231498778 -0.00392743852 0.0396917537
v -0.0231328141 -0.00522098783 0.039898593
v -0.0231498778 -0.00392743852 0.0396917537
v -0.023154838 -0.00567378197 0.0413841642
v -0.0231328141 -0.00522098783 0.039898593
v -0.0231498778 -0.00392743852 0.0396917537
v -0.0231895056 -0.00284400489 0.0410948619
v -0.023154838 -0.00567378197 0.0413841642
v -0.0231895056 -0.00284400489 0.0410948619
v -0.0232183225 -0.00303441426 0.0427379198
v -0.023154838 -0.00567378197 0.0413841642
v -0.0231895056 -0.00284400489 0.0410948619
v -0.0232560989 2.1338672e-05 0.0426650532
v -0.0232183225 -0.00303441426 0.0427379198
v -0.0231527239 -0.00235864869 0.0380999967
v -0.0231605843 -0.0012827171 0.0366768725
v -0.0231667999 -0.00261758431 0.0395438708
v -0.0231605843 -0.0012827171 0.0366768725
v -0.0231837239 -0.00129677868 0.0394559652
v -0.0231667999 -0.00261758431 0.0395438708
v -0.0231605843 -0.0012827171 0.0366768725
v -0.0231772531 9.45495503e-06 0.0366149843
v -0.0231837239 -0.00129677868 0.0394559652
v -0.0231772531 9.45495503e-06 0.0366149843
v -0.0232005958 2.95648024e-05 0.0394284986
v -0.0231837239 -0.00129677868 0.0394559652
v -0.0231772531 9.45495503e-06 0.0366149843
v -0.0231832564 0.000526522694 0.036625322
v -0.0232005958 2.95648024e-05 0.0394284986
v -0.0230912156 -0.011065363 0.0425107256
v -0.0231313668 -0.0104430169 0.0435743183
v -0.0231032725 -0.011481938 0.0431730933
v -0.0231313668 -0.0104430169 0.0435743183
v -0.023116665 -0.0118511375 0.0438437536
v -0.0231032725 -0.011481938 0.0431730933
v -0.0231313668 -0.0104430169 0.0435743183
v -0.0231801793 -0.0094647631 0.044891879
v -0.023116665 -0.0118511375 0.0438437536
v -0.023116665 -0.0118511375 0.0438437536
v -0.0231801793 -0.0094647631 0.044891879
v -0.0231368896 -0.0122903325 0.0447875336
v -0.0231801793 -0.0094647631 0.044891879
v -0.0231473707 -0.0124774985 0.0452594236
v -0.0231368896 -0.0122903325 0.0447875336
v -0.0231801793 -0.0094647631 0.044891879
v -0.0232145227 -0.00980174262 0.0465081744
v -0.0231473707 -0.0124774985 0.0452594236
v -0.0232145227 -0.00980174262 0.0465081744
v -0.0231753215 -0.012874743 0.0465013161
v -0.0231473707 -0.0124774985 0.0452594236
v -0.0232145227 -0.00980174262 0.0465081744
v -0.0232487079 -0.0100093139 0.0481671505
v -0.0231753215 -0.012874743 0.0465013161
v -0.0232487079 -0.0100093139 0.0481671505
v -0.0232142024 -0.013219581 0.0482749417
v -0.0231753215 -0.012874743 0.0465013161
v -0.0232487079 -0.0100093139 0.0481671505
v -0.0232815258 -0.0100857792 0.0498487204
v -0.0232142024 -0.013219581 0.0482749417
v -0.0232815258 -0.0100857792 0.0498487204
v -0.023245953 -0.0133222332 0.0498100333
v -0.0232142024 -0.013219581 0.0482749417
v -0.0232815258 -0.0100857792 0.0498487204
v -0.023248652 -0.013322847 0.0499453396
v -0.023245953 -0.0133222332 0.0498100333
v -0.0231202636 -0.00842618849 0.0418616161
v -0.0231834259 -0.0060543674 0.0429636911
v -0.0231479313 -0.00900406484 0.043336954
v -0.0231834259 -0.0060543674 0.0429636911
v -0.0232159719 -0.00635778671 0.0446204841
v -0.0231479313 -0.00900406484 0.043336954
v -0.0231834259 -0.0060543674 0.0429636911
v -0.0232505109 -0.00318618817 0.0444567017
v -0.0232159719 -0.00635778671 0.0446204841
v -0.0232505109 -0.00318618817 0.0444567017
v -0.023283964 -0.0032969215 0.0462337844
v -0.0232159719 -0.00635778671 0.0446204841
v -0.0232505109 -0.00318618817 0.0444567017
v -0.023323616 1.6583077e-05 0.0462004431
v -0.023283964 -0.0032969215 0.0462337844
v -0.0234446861 -0.00572944107 0.0584152415
v -0.0234220736 -0.00610207208 0.0568175055
v -0.0234714821 -0.00285860663 0.0587336533
v -0.0234220736 -0.00610207208 0.0568175055
v -0.0234500337 -0.00304871984 0.0570733733
v -0.0234714821 -0.00285860663 0.0587336533
v -0.0234220736 -0.00610207208 0.0568175055
v -0.0233990271 -0.0063953572 0.0551462583
v -0.0234500337 -0.00304871984 0.0570733733
v -0.0233990271 -0.0063953572 0.0551462583
v -0.0234279707 -0.00319838105 0.0553409979
v -0.0234500337 -0.00304871984 0.0570733733
v -0.0233990271 -0.0063953572 0.0551462583
v -0.0233742818 -0.00660532527 0.0534194745
v -0.0234279707 -0.00319838105 0.0553409979
v -0.0233742818 -0.00660532527 0.0534194745
v -0.0234041698 -0.00330561772 0.053554114
v -0.0234279707 -0.00319838105 0.0553409979
v -0.0233742818 -0.00660532527 0.0534194745
v -0.0233467501 -0.00672897696 0.0516555868
v -0.0234041698 -0.00330561772 0.053554114
v -0.0233467501 -0.00672897696 0.0516555868
v -0.023377629 -0.00336900679 0.0517307818
v -0.0234041698 -0.00330561772 0.053554114
v -0.0233467501 -0.00672897696 0.0516555868
v -0.0233165324 -0.00676583499 0.0498740338
v -0.023377629 -0.00336900679 0.0517307818
v -0.0233165324 -0.00676583499 0.0498740338
v -0.0233484209 -0.0033885655 0.0498900637
v -0.023377629 -0.00336900679 0.0517307818
v -0.0233165324 -0.00676583499 0.0498740338
v -0.0232840814 -0.00671597896 0.0480944999
v -0.0233484209 -0.0033885655 0.0498900637
v -0.0232840814 -0.00671597896 0.0480944999
v -0.0233169477 -0.00336453365 0.0480512641
v -0.0233484209 -0.0033885655 0.0498900637
v -0.0232840814 -0.00671597896 0.0480944999
v -0.0232501868 -0.00657960679 0.0463368222
v -0.0233169477 -0.00336453365 0.0480512641
v -0.0235582907 0.0133261755 0.0501671173
v -0.0235323403 0.0101032145 0.0498363338
v -0.0235526394 0.0133281359 0.0499329232
v -0.0235323403 0.0101032145 0.0498363338
v -0.0234923512 0.0100260414 0.0481681377
v -0.0235526394 0.0133281359 0.0499329232
v -0.0235323403 0.0101032145 0.0498363338
v -0.0234583803 0.00674158195 0.0480914935
v -0.0234923512 0.0100260414 0.0481681377
v -0.0234583803 0.00674158195 0.0480914935
v -0.0234183315 0.00660658302 0.0463418774
v -0.0234923512 0.0100260414 0.0481681377
v -0.0234583803 0.00674158195 0.0480914935
v -0.0233709943 0.00332857971 0.0462353341
v -0.0234183315 0.00660658302 0.0463418774
v -0.0233709943 0.00332857971 0.0462353341
v -0.0233338475 0.003221669 0.0444616936
v -0.0234183315 0.00660658302 0.0463418774
v -0.0233709943 0.00332857971 0.0462353341
v -0.023323616 1.6583077e-05 0.0462004431
v -0.0233338475 0.003221669 0.0444616936
v -0.023323616 1.6583077e-05 0.0462004431
v -0.0232560989 2.1338672e-05 0.0426650532
v -0.0233338475 0.003221669 0.0444616936
v -0.023323616 1.6583077e-05 0.0462004431
v -0.0232505109 -0.00318618817 0.0444567017
v -0.0232560989 2.1338672e-05 0.0426650532
v -0.0232505109 -0.00318618817 0.0444567017
v -0.0232183225 -0.00303441426 0.0427379198
v -0.0232560989 2.1338672e-05 0.0426650532
v -0.0232505109 -0.00318618817 0.0444567017
v -0.0231834259 -0.0060543674 0.0429636911
v -0.0232183225 -0.00303441426 0.0427379198
v -0.0231834259 -0.0060543674 0.0429636911
v -0.023154838 -0.00567378197 0.0413841642
v -0.0232183225 -0.00303441426 0.0427379198
v -0.0231834259 -0.0060543674 0.0429636911
v -0.0231202636 -0.00842618849 0.0418616161
v -0.023154838 -0.00567378197 0.0413841642
v -0.0231202636 -0.00842618849 0.0418616161
v -0.0231158677 -0.00649301754 0.0401629992
v -0.023154838 -0.00567378197 0.0413841642
v -0.0231202636 -0.00842618849 0.0418616161
v -0.0230996497 -0.00773851341 0.0404830948
v -0.0231158677 -0.00649301754 0.0401629992
v -0.0230996497 -0.00773851341 0.0404830948
v -0.0231036134 -0.00584160304 0.0388367586
v -0.0231158677 -0.00649301754 0.0401629992
v -0.0230996497 -0.00773851341 0.0404830948
v -0.0230884906 -0.00695098704 0.0392172672
v -0.0231036134 -0.00584160304 0.0388367586
v -0.0230884906 -0.00695098704 0.0392172672
v -0.0231072139 -0.00479921652 0.0375084393
v -0.0231036134 -0.00584160304 0.0388367586
v -0.0230884906 -0.00695098704 0.0392172672
v -0.0230859183 -0.00626134779 0.0381760709
v -0.0231072139 -0.00479921652 0.0375084393
v -0.0233720839 -0.0112004708 0.0571669824
v -0.0233921539 -0.00987806823 0.0575529896
v -0.0234157573 -0.0090848254 0.0588862561
v -0.0233921539 -0.00987806823 0.0575529896
v -0.0234352406 -0.00784760807 0.0592912249
v -0.0234157573 -0.0090848254 0.0588862561
v -0.0233921539 -0.00987806823 0.0575529896
v -0.0234116465 -0.00852232892 0.0578902289
v -0.0234352406 -0.00784760807 0.0592912249
v -0.0234116465 -0.00852232892 0.0578902289
v -0.0234446861 -0.00572944107 0.0584152415
v -0.0234352406 -0.00784760807 0.0592912249
v -0.0234116465 -0.00852232892 0.0578902289
v -0.0233885087 -0.00908474252 0.0563956611
v -0.0234446861 -0.00572944107 0.0584152415
v -0.0233885087 -0.00908474252 0.0563956611
v -0.0234220736 -0.00610207208 0.0568175055
v -0.0234446861 -0.00572944107 0.0584152415
v -0.0233885087 -0.00908474252 0.0563956611
v -0.023365112 -0.00952741131 0.0548253879
v -0.0234220736 -0.00610207208 0.0568175055
v -0.023365112 -0.00952741131 0.0548253879
v -0.0233990271 -0.0063953572 0.0551462583
v -0.0234220736 -0.00610207208 0.0568175055
v -0.023365112 -0.00952741131 0.0548253879
v -0.0233400464 -0.00984428916 0.0531979725
v -0.0233990271 -0.0063953572 0.0551462583
v -0.0233400464 -0.00984428916 0.0531979725
v -0.0233742818 -0.00660532527 0.0534194745
v -0.0233990271 -0.0063953572 0.0551462583
v -0.0233400464 -0.00984428916 0.0531979725
v -0.0233121403 -0.0100307418 0.0515324175
v -0.0233742818 -0.00660532527 0.0534194745
v -0.0233121403 -0.0100307418 0.0515324175
v -0.0233467501 -0.00672897696 0.0516555868
v -0.0233742818 -0.00660532527 0.0534194745
v -0.0233121403 -0.0100307418 0.0515324175
v -0.0232815258 -0.0100857792 0.0498487204
v -0.0233467501 -0.00672897696 0.0516555868
v -0.0232815258 -0.0100857792 0.0498487204
v -0.0233165324 -0.00676583499 0.0498740338
v -0.0233467501 -0.00672897696 0.0516555868
v -0.0232815258 -0.0100857792 0.0498487204
v -0.0232487079 -0.0100093139 0.0481671505
v -0.0233165324 -0.00676583499 0.0498740338
v -0.0232487079 -0.0100093139 0.0481671505
v -0.0232840814 -0.00671597896 0.0480944999
v -0.0233165324 -0.00676583499 0.0498740338
v -0.0232487079 -0.0100093139 0.0481671505
v -0.0232145227 -0.00980174262 0.0465081744
v -0.0232840814 -0.00671597896 0.0480944999
v -0.0232145227 -0.00980174262 0.0465081744
v -0.0232501868 -0.00657960679 0.0463368222
v -0.0232840814 -0.00671597896 0.0480944999
v -0.0232145227 -0.00980174262 0.0465081744
v -0.0231801793 -0.0094647631 0.044891879
v -0.0232501868 -0.00657960679 0.0463368222
v -0.0232286472 0.00626598764 0.0381804891
v -0.0232502911 0.00701525668 0.0392589681
v -0.0232274681 0.00611106167 0.0380993485
v -0.0232502911 0.00701525668 0.0392589681
v -0.0232253522 0.00576275028 0.0379244536
v -0.0232274681 0.00611106167 0.0380993485
v -0.0232502911 0.00701525668 0.0392589681
v -0.0232425034 0.00590841239 0.038868852
v -0.0232253522 0.00576275028 0.0379244536
v -0.0232425034 0.00590841239 0.038868852
v -0.0232142825 0.00408258801 0.0372545496
v -0.0232253522 0.00576275028 0.0379244536
v -0.0232425034 0.00590841239 0.038868852
v -0.0232332852 0.00477033015 0.0385473482
v -0.0232142825 0.00408258801 0.0372545496
v -0.0232332852 0.00477033015 0.0385473482
v -0.0232078638 0.00318585243 0.0370006412
v -0.0232142825 0.00408258801 0.0372545496
v -0.0232332852 0.00477033015 0.0385473482
v -0.0232228171 0.00360786286 0.0382945649
v -0.0232078638 0.00318585243 0.0370006412
v -0.0232228171 0.00360786286 0.0382945649
v -0.0232009925 0.00232708803 0.0368192643
v -0.0232078638 0.00318585243 0.0370006412
v -0.0232228171 0.00360786286 0.0382945649
v -0.0232111122 0.00242695957 0.0381120145
v -0.0232009925 0.00232708803 0.0368192643
v -0.0232111122 0.00242695957 0.0381120145
v -0.0231832564 0.000526522694 0.036625322
v -0.0232009925 0.00232708803 0.0368192643
v -0.0232111122 0.00242695957 0.0381120145
v -0.0232171193 0.00135593326 0.0394615345
v -0.0231832564 0.000526522694 0.036625322
v -0.0232171193 0.00135593326 0.0394615345
v -0.0232005958 2.95648024e-05 0.0394284986
v -0.0231832564 0.000526522694 0.036625322
v -0.0232171193 0.00135593326 0.0394615345
v -0.0232560989 2.1338672e-05 0.0426650532
v -0.0232005958 2.95648024e-05 0.0394284986
v -0.0232560989 2.1338672e-05 0.0426650532
v -0.0231837239 -0.00129677868 0.0394559652
v -0.0232005958 2.95648024e-05 0.0394284986
v -0.0232560989 2.1338672e-05 0.0426650532
v -0.0231895056 -0.00284400489 0.0410948619
v -0.0231837239 -0.00129677868 0.0394559652
v -0.0231895056 -0.00284400489 0.0410948619
v -0.0231667999 -0.00261758431 0.0395438708
v -0.0231837239 -0.00129677868 0.0394559652
v -0.0231895056 -0.00284400489 0.0410948619
v -0.0231498778 -0.00392743852 0.0396917537
v -0.0231667999 -0.00261758431 0.0395438708
v -0.0231498778 -0.00392743852 0.0396917537
v -0.0231527239 -0.00235864869 0.0380999967
v -0.0231667999 -0.00261758431 0.0395438708
v -0.0231498778 -0.00392743852 0.0396917537
v -0.0231363643 -0.00353971845 0.038276203
v -0.0231527239 -0.00235864869 0.0380999967
v -0.0231363643 -0.00353971845 0.038276203
v -0.0231605843 -0.0012827171 0.0366768725
v -0.0231527239 -0.00235864869 0.0380999967
v -0.0231363643 -0.00353971845 0.038276203
v -0.0231342427 -0.00307032256 0.0369733721
v -0.0231605843 -0.0012827171 0.0366768725
v -0.0234785918 -0.00655038608 0.0615554526
v -0.0234597027 -0.0070690047 0.060581632
v -0.0235041324 -0.004937388 0.0623272695
v -0.0234597027 -0.0070690047 0.060581632
v -0.0234765224 -0.00593275577 0.0609872155
v -0.0235041324 -0.004937388 0.0623272695
v -0.0234597027 -0.0070690047 0.060581632
v -0.0234352406 -0.00784760807 0.0592912249
v -0.0234765224 -0.00593275577 0.0609872155
v -0.0234352406 -0.00784760807 0.0592912249
v -0.0234527662 -0.00657845382 0.059636917
v -0.0234765224 -0.00593275577 0.0609872155
v -0.0234352406 -0.00784760807 0.0592912249
v -0.0234446861 -0.00572944107 0.0584152415
v -0.0234527662 -0.00657845382 0.059636917
v -0.0234446861 -0.00572944107 0.0584152415
v -0.0234673154 -0.0052823741 0.0599222071
v -0.0234527662 -0.00657845382 0.059636917
v -0.0234446861 -0.00572944107 0.0584152415
v -0.0234796666 -0.00396463694 0.0601454936
v -0.0234673154 -0.0052823741 0.0599222071
v -0.0234796666 -0.00396463694 0.0601454936
v -0.023501195 -0.00357599021 0.0615841113
v -0.0234673154 -0.0052823741 0.0599222071
v -0.0234796666 -0.00396463694 0.0601454936
v -0.0235128962 -0.00236728392 0.0617714599
v -0.023501195 -0.00357599021 0.0615841113
v -0.0235128962 -0.00236728392 0.0617714599
v -0.0235404857 -0.00142040802 0.0632077381
v -0.023501195 -0.00357599021 0.0615841113
v -0.0235128962 -0.00236728392 0.0617714599
v -0.0235104579 -0.00128546217 0.0603987575
v -0.0235404857 -0.00142040802 0.0632077381
v -0.0235104579 -0.00128546217 0.0603987575
v -0.0235356279 6.46788903e-05 0.0604247563
v -0.0235404857 -0.00142040802 0.0632077381
v -0.0235104579 -0.00128546217 0.0603987575
v -0.0234927796 4.01349207e-05 0.0571526065
v -0.0235356279 6.46788903e-05 0.0604247563
v -0.0234927796 4.01349207e-05 0.0571526065
v -0.023522621 0.00158577482 0.0571226813
v -0.0235356279 6.46788903e-05 0.0604247563
v -0.0234927796 4.01349207e-05 0.0571526065
v -0.0234458335 2.47517473e-05 0.053595297
v -0.023522621 0.00158577482 0.0571226813
v -0.0234458335 2.47517473e-05 0.053595297
v -0.0235311911 0.00325780059 0.0553196073
v -0.023522621 0.00158577482 0.0571226813
v -0.0234458335 2.47517473e-05 0.053595297
v -0.0235040579 0.00335230608 0.0535374358
v -0.0235311911 0.00325780059 0.0553196073
v -0.0235040579 0.00335230608 0.0535374358
v -0.0235968493 0.00644622743 0.0551061295
v -0.0235311911 0.00325780059 0.0553196073
v -0.0235040579 0.00335230608 0.0535374358
v -0.0235659834 0.00664424524 0.0533886328
v -0.0235968493 0.00644622743 0.0551061295
v -0.0235659834 0.00664424524 0.0533886328
v -0.0236376375 0.00956591032 0.0547710545
v -0.0235968493 0.00644622743 0.0551061295
v -0.0235659834 0.00664424524 0.0533886328
v -0.0236050021 0.00987172034 0.0531574711
v -0.0236376375 0.00956591032 0.0547710545
v -0.0236050021 0.00987172034 0.0531574711
v -0.0236464925 0.0110906642 0.0545586497
v -0.0236376375 0.00956591032 0.0547710545
v -0.0236050021 0.00987172034 0.0531574711
v -0.023650445 0.0125882477 0.0543161333
v -0.0236464925 0.0110906642 0.0545586497
v -0.023650445 0.0125882477 0.0543161333
v -0.0236770771 0.0105854543 0.0560492091
v -0.0236464925 0.0110906642 0.0545586497
v -0.023650445 0.0125882477 0.0543161333
v -0.0236735586 0.0121454159 0.0554250628
v -0.0236770771 0.0105854543 0.0560492091
v -0.0236735586 0.0121454159 0.0554250628
v -0.0237064734 0.00994407292 0.0574641526
v -0.0236770771 0.0105854543 0.0560492091
v -0.0236735586 0.0121454159 0.0554250628
v -0.0237071104 0.0112901898 0.0570190512
v -0.0237064734 0.00994407292 0.0574641526
v -0.0237071104 0.0112901898 0.0570190512
v -0.0237337649 0.00917507987 0.0587860793
v -0.0237064734 0.00994407292 0.0574641526
v -0.0237071104 0.0112901898 0.0570190512
v -0.0237374566 0.0102269351 0.0584828518
v -0.0237337649 0.00917507987 0.0587860793
v -0.0237374566 0.0102269351 0.0584828518
v -0.0237573888 0.00828808825 0.0599984713
v -0.0237337649 0.00917507987 0.0587860793
v -0.0237374566 0.0102269351 0.0584828518
v -0.0237557627 0.00933854375 0.0594445094
v -0.0237573888 0.00828808825 0.0599984713
v -0.0237557627 0.00933854375 0.0594445094
v -0.0237614773 0.00897866394 0.0597846806
v -0.0237573888 0.00828808825 0.0599984713
v -0.0235526394 0.0133281359 0.0499329232
v -0.0234923512 0.0100260414 0.0481681377
v -0.0235131439 0.0132343527 0.048359327
v -0.0234923512 0.0100260414 0.0481681377
v -0.0234505255 0.00982071739 0.0465211309
v -0.0235131439 0.0132343527 0.048359327
v -0.0234923512 0.0100260414 0.0481681377
v -0.0234183315 0.00660658302 0.0463418774
v -0.0234505255 0.00982071739 0.0465211309
v -0.0234183315 0.00660658302 0.0463418774
v -0.0233772676 0.00638936646 0.0446322635
v -0.0234505255 0.00982071739 0.0465211309
v -0.0234183315 0.00660658302 0.0463418774
v -0.0233338475 0.003221669 0.0444616936
v -0.0233772676 0.00638936646 0.0446322635
v -0.0233338475 0.003221669 0.0444616936
v -0.0232970994 0.00307625043 0.042745702
v -0.0233772676 0.00638936646 0.0446322635
v -0.0233338475 0.003221669 0.0444616936
v -0.0232560989 2.1338672e-05 0.0426650532
v -0.0232970994 0.00307625043 0.042745702
v -0.0232560989 2.1338672e-05 0.0426650532
v -0.0232624747 0.00289389864 0.0411047935
v -0.0232970994 0.00307625043 0.042745702
v -0.0232560989 2.1338672e-05 0.0426650532
v -0.0232171193 0.00135593326 0.0394615345
v -0.0232624747 0.00289389864 0.0411047935
v -0.0232171193 0.00135593326 0.0394615345
v -0.0232329387 0.00267656473 0.0395552181
v -0.0232624747 0.00289389864 0.0411047935
v -0.0232171193 0.00135593326 0.0394615345
v -0.0232111122 0.00242695957 0.0381120145
v -0.0232329387 0.00267656473 0.0395552181
v -0.0232111122 0.00242695957 0.0381120145
v -0.0232477561 0.00398586877 0.0397091918
v -0.0232329387 0.00267656473 0.0395552181
v -0.0232111122 0.00242695957 0.0381120145
v -0.0232228171 0.00360786286 0.0382945649
v -0.0232477561 0.00398586877 0.0397091918
v -0.0232228171 0.00360786286 0.0382945649
v -0.0232612751 0.00527849374 0.0399224982
v -0.0232477561 0.00398586877 0.0397091918
v -0.0232228171 0.00360786286 0.0382945649
v -0.0232332852 0.00477033015 0.0385473482
v -0.0232612751 0.00527849374 0.0399224982
v -0.0232332852 0.00477033015 0.0385473482
v -0.0232729465 0.00654913858 0.0401938967
v -0.0232612751 0.00527849374 0.0399224982
v -0.0232332852 0.00477033015 0.0385473482
v -0.0232425034 0.00590841239 0.038868852
v -0.0232729465 0.00654913858 0.0401938967
v -0.0232425034 0.00590841239 0.038868852
v -0.0232823901 0.00779164303 0.0405234732
v -0.0232729465 0.00654913858 0.0401938967
v -0.0232425034 0.00590841239 0.038868852
v -0.0232502911 0.00701525668 0.0392589681
v -0.0232823901 0.00779164303 0.0405234732
v -0.0232502911 0.00701525668 0.0392589681
v -0.0232923124 0.00900218822 0.0409037434
v -0.0232823901 0.00779164303 0.0405234732
v -0.0232502911 0.00701525668 0.0392589681
v -0.0232594348 0.00808651932 0.0397094972
v -0.0232923124 0.00900218822 0.0409037434
v -0.0232594348 0.00808651932 0.0397094972
v -0.0232648458 0.00860707182 0.0399574675
v -0.0232923124 0.00900218822 0.0409037434
v -0.0232594348 0.00808651932 0.0397094972
v -0.023251906 0.00807007402 0.0394268371
v -0.0232648458 0.00860707182 0.0399574675
v -0.023251906 0.00807007402 0.0394268371
v -0.0232548397 0.00830662716 0.0395665765
v -0.0232648458 0.00860707182 0.0399574675
v -0.023251906 0.00807007402 0.0394268371
v -0.0232492443 0.00801783428 0.0393190198
v -0.0232548397 0.00830662716 0.0395665765
v -0.0232492443 0.00801783428 0.0393190198
v -0.0232523605 0.00824113842 0.0394679606
v -0.0232548397 0.00830662716 0.0395665765
v -0.0232492443 0.00801783428 0.0393190198
v -0.0232481807 0.00798035972 0.0392737985
v -0.0232523605 0.00824113842 0.0394679606
v -0.0232481807 0.00798035972 0.0392737985
v -0.023249764 0.00808900874 0.0393501222
v -0.0232523605 0.00824113842 0.0394679606
v -0.0232481807 0.00798035972 0.0392737985
v -0.0232485123 0.00801230688 0.0392920263
v -0.023249764 0.00808900874 0.0393501222
v -0.023068944 -0.00786587503 0.0391799584
v -0.0230690408 -0.00785262883 0.0391702913
v -0.0230688751 -0.00787562504 0.0391870923
v -0.0230690408 -0.00785262883 0.0391702913
v -0.023068808 -0.00788536854 0.0391942337
v -0.0230688751 -0.00787562504 0.0391870923
v -0.0230690408 -0.00785262883 0.0391702913
v -0.0230691377 -0.00783937052 0.0391606353
v -0.023068808 -0.00788536854 0.0391942337
v -0.0230691377 -0.00783937052 0.0391606353
v -0.0230686758 -0.00790483691 0.0392085463
v -0.023068808 -0.00788536854 0.0391942337
v -0.0230691377 -0.00783937052 0.0391606353
v -0.023069337 -0.00781281665 0.0391413793
v -0.0230686758 -0.00790483691 0.0392085463
v -0.023069337 -0.00781281665 0.0391413793
v -0.0230684169 -0.00794369541 0.039237272
v -0.0230686758 -0.00790483691 0.0392085463
v -0.023069337 -0.00781281665 0.0391413793
v -0.0230692346 -0.00783604942 0.03916106
v -0.0230684169 -0.00794369541 0.039237272
v -0.0230692346 -0.00783604942 0.03916106
v -0.0230687633 -0.00791213289 0.039219629
v -0.0230684169 -0.00794369541 0.039237272
v -0.0230692346 -0.00783604942 0.03916106
v -0.0230696611 -0.00780238537 0.039145112
v -0.0230687633 -0.00791213289 0.039219629
v -0.0230696611 -0.00780238537 0.039145112
v -0.0230688676 -0.00795069989 0.0392652825
v -0.0230687633 -0.00791213289 0.039219629
v -0.0230696611 -0.00780238537 0.039145112
v -0.023070924 -0.00772372354 0.0391219296
v -0.0230688676 -0.00795069989 0.0392652825
v -0.023070924 -0.00772372354 0.0391219296
v -0.0230699461 -0.00800516084 0.0393741615
v -0.0230688676 -0.00795069989 0.0392652825
v -0.023070924 -0.00772372354 0.0391219296
v -0.0230749976 -0.00752212293 0.0391098186
v -0.0230699461 -0.00800516084 0.0393741615
v -0.0230749976 -0.00752212293 0.0391098186
v -0.0230755713 -0.00802602246 0.0396598093
v -0.0230699461 -0.00800516084 0.0393741615
v -0.0230749976 -0.00752212293 0.0391098186
v -0.0230884906 -0.00695098704 0.0392172672
v -0.0230755713 -0.00802602246 0.0396598093
v -0.0230884906 -0.00695098704 0.0392172672
v -0.0230852701 -0.00895324629 0.040855255
v -0.0230755713 -0.00802602246 0.0396598093
v -0.0230884906 -0.00695098704 0.0392172672
v -0.0230996497 -0.00773851341 0.0404830948
v -0.0230852701 -0.00895324629 0.040855255
v -0.0230996497 -0.00773851341 0.0404830948
v -0.0231046565 -0.00976279657 0.042165488
v -0.0230852701 -0.00895324629 0.040855255
v -0.0230996497 -0.00773851341 0.0404830948
v -0.0231202636 -0.00842618849 0.0418616161
v -0.0231046565 -0.00976279657 0.042165488
v -0.0231202636 -0.00842618849 0.0418616161
v -0.0231313668 -0.0104430169 0.0435743183
v -0.0231046565 -0.00976279657 0.042165488
v -0.0231202636 -0.00842618849 0.0418616161
v -0.0231479313 -0.00900406484 0.043336954
v -0.0231313668 -0.0104430169 0.0435743183
v -0.0231479313 -0.00900406484 0.043336954
v -0.0231801793 -0.0094647631 0.044891879
v -0.0231313668 -0.0104430169 0.0435743183
v -0.0231479313 -0.00900406484 0.043336954
v -0.0232159719 -0.00635778671 0.0446204841
v -0.0231801793 -0.0094647631 0.044891879
v -0.0232159719 -0.00635778671 0.0446204841
v -0.0232501868 -0.00657960679 0.0463368222
v -0.0231801793 -0.0094647631 0.044891879
v -0.0232159719 -0.00635778671 0.0446204841
v -0.023283964 -0.0032969215 0.0462337844
v -0.0232501868 -0.00657960679 0.0463368222
v -0.023283964 -0.0032969215 0.0462337844
v -0.0233169477 -0.00336453365 0.0480512641
v -0.0232501868 -0.00657960679 0.0463368222
v -0.023283964 -0.0032969215 0.0462337844
v -0.023323616 1.6583077e-05 0.0462004431
v -0.0233169477 -0.00336453365 0.0480512641
v -0.023323616 1.6583077e-05 0.0462004431
v -0.0233891327 1.77839356e-05 0.0498942137
v -0.0233169477 -0.00336453365 0.0480512641
v -0.023323616 1.6583077e-05 0.0462004431
v -0.0234073251 0.0033955921 0.0480487086
v -0.0233891327 1.77839356e-05 0.0498942137
v -0.0234073251 0.0033955921 0.0480487086
v -0.023441989 0.00342197181 0.0498829484
v -0.0233891327 1.77839356e-05 0.0498942137
v -0.0234073251 0.0033955921 0.0480487086
v -0.0234966762 0.0067930161 0.0498620495
v -0.023441989 0.00342197181 0.0498829484
v -0.0234966762 0.0067930161 0.0498620495
v -0.0235326141 0.00676033413 0.0516342148
v -0.023441989 0.00342197181 0.0498829484
v -0.0234966762 0.0067930161 0.0498620495
v -0.0235699415 0.0100514842 0.051506035
v -0.0235326141 0.00676033413 0.0516342148
v -0.0235699415 0.0100514842 0.051506035
v -0.0236050021 0.00987172034 0.0531574711
v -0.0235326141 0.00676033413 0.0516342148
v -0.0235699415 0.0100514842 0.051506035
v -0.0235999953 0.0131726163 0.0519699119
v -0.0236050021 0.00987172034 0.0531574711
v -0.0235999953 0.0131726163 0.0519699119
v -0.0236191861 0.0130081009 0.0528428853
v -0.0236050021 0.00987172034 0.0531574711
v -0.0265131444 0.0132343527 0.048359327
v -0.0265323408 0.0101032145 0.0498363338
v -0.0265526399 0.0133281359 0.0499329232
v -0.0261498783 -0.00392743852 0.0396917537
v -0.026119817 -0.00470264442 0.0385223478
v -0.0261328146 -0.00522098783 0.039898593
v -0.026119817 -0.00470264442 0.0385223478
v -0.0261036139 -0.00584160304 0.0388367586
v -0.0261328146 -0.00522098783 0.039898593
v -0.0260688756 -0.00787562504 0.0391870923
v -0.0260690395 -0.00785262883 0.0391702913
v -0.0260689426 -0.00786587503 0.0391799584
v -0.0262497645 0.00808900874 0.0393501222
v -0.0262481812 0.00798035972 0.0392737985
v -0.026252361 0.00824113842 0.0394679606
v -0.0262471903 0.00792858284 0.0392296016
v -0.0262475945 0.00795450434 0.0392488204
v -0.0262472909 0.00793518499 0.0392344855
v -0.0267715193 0.00807886478 0.06053463
v -0.0267710909 0.00813333504 0.0604929291
v -0.0267704073 0.00820791535 0.060433615
v -0.0267710909 0.00813333504 0.0604929291
v -0.0267703049 0.00822526682 0.0604215227
v -0.0267704073 0.00820791535 0.060433615
v -0.0267710909 0.00813333504 0.0604929291
v -0.0267708655 0.00816049147 0.0604719706
v -0.0267703049 0.00822526682 0.0604215227
v -0.0267708655 0.00816049147 0.0604719706
v -0.0267704707 0.00820644479 0.0604362451
v -0.0267703049 0.00822526682 0.0604215227
v -0.0267708655 0.00816049147 0.0604719706
v -0.0267707519 0.00817404967 0.0604614615
v -0.0267704707 0.00820644479 0.0604362451
v -0.0267707519 0.00817404967 0.0604614615
v -0.0267705526 0.00819702353 0.0604435951
v -0.0267704707 0.00820644479 0.0604362451
v -0.0267707519 0.00817404967 0.0604614615
v -0.0267706346 0.00818759575 0.0604509376
v -0.0267705526 0.00819702353 0.0604435951
v -0.0267337654 0.00917507987 0.0587860793
v -0.0266984031 0.0085967686 0.0578109138
v -0.026726367 0.00794670172 0.0592019819
v -0.0266961977 0.00359989936 0.0627731383
v -0.0266259033 0.00252303365 0.0617354661
v -0.0266288184 0.00186342269 0.0631470308
v -0.0265674945 0.00141375791 0.0603817999
v -0.0264927801 4.01349207e-05 0.0571526065
v -0.0265356284 6.46788903e-05 0.0604247563
v -0.0265699401 0.0100514842 0.051506035
v -0.0265659839 0.00664424524 0.0533886328
v -0.0266050026 0.00987172034 0.0531574711
v -0.0265128966 -0.00236728392 0.0617714599
v -0.0265212283 -0.00321178907 0.0628859028
v -0.0265404861 -0.00142040802 0.0632077381
v -0.0264927801 4.01349207e-05 0.0571526065
v -0.0264684241 -0.00150638004 0.0571358465
v -0.0265356284 6.46788903e-05 0.0604247563
v -0.0264116451 -0.00852232892 0.0578902289
v -0.026415756 -0.0090848254 0.0588862561
v -0.0264352392 -0.00784760807 0.0592912249
v -0.026415756 -0.0090848254 0.0588862561
v -0.0264406074 -0.00816949271 0.0601068065
v -0.0264352392 -0.00784760807 0.0592912249
v -0.026338594 -0.0122816097 0.0551140085
v -0.026346121 -0.0110598169 0.0546187311
v -0.0263271015 -0.012564389 0.0543816797
v -0.0262486525 -0.013322847 0.0499453396
v -0.0262815244 -0.0100857792 0.0498487204
v -0.0262459535 -0.0133222332 0.0498100333
v -0.026338594 -0.0122816097 0.0551140085
v -0.0263496414 -0.011963631 0.0558136441
v -0.026346121 -0.0110598169 0.0546187311
v -0.0263114832 -0.0128669217 0.0534065366
v -0.0263213553 -0.0114324503 0.0530549102
v -0.0263029058 -0.0129945101 0.05289042
v -0.0263213553 -0.0114324503 0.0530549102
v -0.026280649 -0.0132169332 0.0516237468
v -0.0263029058 -0.0129945101 0.05289042
v -0.0263213553 -0.0114324503 0.0530549102
v -0.0263121407 -0.0100307418 0.0515324175
v -0.026280649 -0.0132169332 0.0516237468
v -0.0263720844 -0.0112004708 0.0571669824
v -0.0263692252 -0.0105393147 0.0561243966
v -0.0263646375 -0.0114690457 0.0567312911
v -0.0264785923 -0.00655038608 0.0615554526
v -0.0264406074 -0.00816949271 0.0601068065
v -0.0264473855 -0.00804631878 0.0605747662
v -0.0264406074 -0.00816949271 0.0601068065
v -0.0264204293 -0.00922688749 0.0595656782
v -0.0264473855 -0.00804631878 0.0605747662
v -0.0264406074 -0.00816949271 0.0601068065
v -0.026415756 -0.0090848254 0.0588862561
v -0.0264204293 -0.00922688749 0.0595656782
v -0.0264796671 -0.00396463694 0.0601454936
v -0.0264673159 -0.0052823741 0.0599222071
v -0.0264900532 -0.00476644794 0.0613220148
v -0.0264673159 -0.0052823741 0.0599222071
v -0.0264765229 -0.00593275577 0.0609872155
v -0.0264900532 -0.00476644794 0.0613220148
v -0.0263776295 -0.00336900679 0.0517307818
v -0.0263742823 -0.00660532527 0.0534194745
v -0.0264041685 -0.00330561772 0.053554114
v -0.0263742823 -0.00660532527 0.0534194745
v -0.0263990276 -0.0063953572 0.0551462583
v -0.0264041685 -0.00330561772 0.053554114
v -0.0263742823 -0.00660532527 0.0534194745
v -0.0263651125 -0.00952741131 0.0548253879
v -0.0263990276 -0.0063953572 0.0551462583
v -0.0263651125 -0.00952741131 0.0548253879
v -0.0263885073 -0.00908474252 0.0563956611
v -0.0263990276 -0.0063953572 0.0551462583
v -0.0263651125 -0.00952741131 0.0548253879
v -0.0263692252 -0.0105393147 0.0561243966
v -0.0263885073 -0.00908474252 0.0563956611
v -0.0263692252 -0.0105393147 0.0561243966
v -0.0263921544 -0.00987806823 0.0575529896
v -0.0263885073 -0.00908474252 0.0563956611
v -0.0263692252 -0.0105393147 0.0561243966
v -0.0263720844 -0.0112004708 0.0571669824
v -0.0263921544 -0.00987806823 0.0575529896
v -0.0263720844 -0.0112004708 0.0571669824
v -0.0263915341 -0.0104435999 0.0582264289
v -0.0263921544 -0.00987806823 0.0575529896
v -0.0263484214 -0.0033885655 0.0498900637
v -0.0263467506 -0.00672897696 0.0516555868
v -0.0263776295 -0.00336900679 0.0517307818
v -0.0263467506 -0.00672897696 0.0516555868
v -0.0263742823 -0.00660532527 0.0534194745
v -0.0263776295 -0.00336900679 0.0517307818
v -0.0263467506 -0.00672897696 0.0516555868
v -0.0263400469 -0.00984428916 0.0531979725
v -0.0263742823 -0.00660532527 0.0534194745
v -0.0263400469 -0.00984428916 0.0531979725
v -0.0263651125 -0.00952741131 0.0548253879
v -0.0263742823 -0.00660532527 0.0534194745
v -0.0263400469 -0.00984428916 0.0531979725
v -0.026346121 -0.0110598169 0.0546187311
v -0.0263651125 -0.00952741131 0.0548253879
v -0.026346121 -0.0110598169 0.0546187311
v -0.0263692252 -0.0105393147 0.0561243966
v -0.0263651125 -0.00952741131 0.0548253879
v -0.026346121 -0.0110598169 0.0546187311
v -0.0263496414 -0.011963631 0.0558136441
v -0.0263692252 -0.0105393147 0.0561243966
v -0.0263496414 -0.011963631 0.0558136441
v -0.0263646375 -0.0114690457 0.0567312911
v -0.0263692252 -0.0105393147 0.0561243966
v -0.0263484214 -0.0033885655 0.0498900637
v -0.0263776295 -0.00336900679 0.0517307818
v -0.0263891332 1.77839356e-05 0.0498942137
v -0.0263776295 -0.00336900679 0.0517307818
v -0.026445834 2.47517473e-05 0.053595297
v -0.0263891332 1.77839356e-05 0.0498942137
v -0.0263776295 -0.00336900679 0.0517307818
v -0.0264041685 -0.00330561772 0.053554114
v -0.026445834 2.47517473e-05 0.053595297
v -0.0264041685 -0.00330561772 0.053554114
v -0.0264279693 -0.00319838105 0.0553409979
v -0.026445834 2.47517473e-05 0.053595297
v -0.0264041685 -0.00330561772 0.053554114
v -0.0263990276 -0.0063953572 0.0551462583
v -0.0264279693 -0.00319838105 0.0553409979
v -0.0263990276 -0.0063953572 0.0551462583
v -0.0264220741 -0.00610207208 0.0568175055
v -0.0264279693 -0.00319838105 0.0553409979
v -0.0263990276 -0.0063953572 0.0551462583
v -0.0263885073 -0.00908474252 0.0563956611
v -0.0264220741 -0.00610207208 0.0568175055
v -0.0263885073 -0.00908474252 0.0563956611
v -0.0264116451 -0.00852232892 0.0578902289
v -0.0264220741 -0.00610207208 0.0568175055
v -0.0263885073 -0.00908474252 0.0563956611
v -0.0263921544 -0.00987806823 0.0575529896
v -0.0264116451 -0.00852232892 0.0578902289
v -0.0263921544 -0.00987806823 0.0575529896
v -0.026415756 -0.0090848254 0.0588862561
v -0.0264116451 -0.00852232892 0.0578902289
v -0.0263921544 -0.00987806823 0.0575529896
v -0.0263915341 -0.0104435999 0.0582264289
v -0.026415756 -0.0090848254 0.0588862561
v -0.0263915341 -0.0104435999 0.0582264289
v -0.0264204293 -0.00922688749 0.0595656782
v -0.026415756 -0.0090848254 0.0588862561
v -0.0264684241 -0.00150638004 0.0571358465
v -0.0264500342 -0.00304871984 0.0570733733
v -0.0264714826 -0.00285860663 0.0587336533
v -0.0264500342 -0.00304871984 0.0570733733
v -0.0264446866 -0.00572944107 0.0584152415
v -0.0264714826 -0.00285860663 0.0587336533
v -0.0264785923 -0.00655038608 0.0615554526
v -0.026504131 -0.004937388 0.0623272695
v -0.0264765229 -0.00593275577 0.0609872155
v -0.026504131 -0.004937388 0.0623272695
v -0.0264900532 -0.00476644794 0.0613220148
v -0.0264765229 -0.00593275577 0.0609872155
v -0.026504131 -0.004937388 0.0623272695
v -0.0265011955 -0.00357599021 0.0615841113
v -0.0264900532 -0.00476644794 0.0613220148
v -0.0265011955 -0.00357599021 0.0615841113
v -0.0264796671 -0.00396463694 0.0601454936
v -0.0264900532 -0.00476644794 0.0613220148
v -0.0265011955 -0.00357599021 0.0615841113
v -0.02649251 -0.00263051735 0.0603050031
v -0.0264796671 -0.00396463694 0.0601454936
v -0.0264785923 -0.00655038608 0.0615554526
v -0.0264765229 -0.00593275577 0.0609872155
v -0.0264597014 -0.0070690047 0.060581632
v -0.0264765229 -0.00593275577 0.0609872155
v -0.0264527667 -0.00657845382 0.059636917
v -0.0264597014 -0.0070690047 0.060581632
v -0.0264765229 -0.00593275577 0.0609872155
v -0.0264673159 -0.0052823741 0.0599222071
v -0.0264527667 -0.00657845382 0.059636917
v -0.0264673159 -0.0052823741 0.0599222071
v -0.0264446866 -0.00572944107 0.0584152415
v -0.0264527667 -0.00657845382 0.059636917
v -0.0264673159 -0.0052823741 0.0599222071
v -0.0264796671 -0.00396463694 0.0601454936
v -0.0264446866 -0.00572944107 0.0584152415
v -0.0264796671 -0.00396463694 0.0601454936
v -0.0264714826 -0.00285860663 0.0587336533
v -0.0264446866 -0.00572944107 0.0584152415
v -0.0264796671 -0.00396463694 0.0601454936
v -0.02649251 -0.00263051735 0.0603050031
v -0.0264714826 -0.00285860663 0.0587336533
v -0.02649251 -0.00263051735 0.0603050031
v -0.0264684241 -0.00150638004 0.0571358465
v -0.0264714826 -0.00285860663 0.0587336533
v -0.02649251 -0.00263051735 0.0603050031
v -0.0265104584 -0.00128546217 0.0603987575
v -0.0264684241 -0.00150638004 0.0571358465
v -0.0265104584 -0.00128546217 0.0603987575
v -0.0265356284 6.46788903e-05 0.0604247563
v -0.0264684241 -0.00150638004 0.0571358465
v -0.0265526399 0.0133281359 0.0499329232
v -0.0265323408 0.0101032145 0.0498363338
v -0.0265582912 0.0133261755 0.0501671173
v -0.0265323408 0.0101032145 0.0498363338
v -0.0265699401 0.0100514842 0.051506035
v -0.0265582912 0.0133261755 0.0501671173
v -0.0265323408 0.0101032145 0.0498363338
v -0.0265326146 0.00676033413 0.0516342148
v -0.0265699401 0.0100514842 0.051506035
v -0.0265326146 0.00676033413 0.0516342148
v -0.0265659839 0.00664424524 0.0533886328
v -0.0265699401 0.0100514842 0.051506035
v -0.0265326146 0.00676033413 0.0516342148
v -0.0265040584 0.00335230608 0.0535374358
v -0.0265659839 0.00664424524 0.0533886328
v -0.0265040584 0.00335230608 0.0535374358
v -0.0265311915 0.00325780059 0.0553196073
v -0.0265659839 0.00664424524 0.0533886328
v -0.0266050026 0.00987172034 0.0531574711
v -0.0266464911 0.0110906642 0.0545586497
v -0.0266382471 0.0127758123 0.0537352562
v -0.0266464911 0.0110906642 0.0545586497
v -0.0266504455 0.0125882477 0.0543161333
v -0.0266382471 0.0127758123 0.0537352562
v -0.0266464911 0.0110906642 0.0545586497
v -0.0266735591 0.0121454159 0.0554250628
v -0.0266504455 0.0125882477 0.0543161333
v -0.0265582912 0.0133261755 0.0501671173
v -0.0265699401 0.0100514842 0.051506035
v -0.0265855454 0.0132553279 0.0513304956
v -0.0265699401 0.0100514842 0.051506035
v -0.0265999958 0.0131726163 0.0519699119
v -0.0265855454 0.0132553279 0.0513304956
v -0.0265699401 0.0100514842 0.051506035
v -0.0266050026 0.00987172034 0.0531574711
v -0.0265999958 0.0131726163 0.0519699119
v -0.0266050026 0.00987172034 0.0531574711
v -0.0266191848 0.0130081009 0.0528428853
v -0.0265999958 0.0131726163 0.0519699119
v -0.0266050026 0.00987172034 0.0531574711
v -0.0266382471 0.0127758123 0.0537352562
v -0.0266191848 0.0130081009 0.0528428853
v -0.0265565906 0.00312550785 0.0570475049
v -0.0265968479 0.00644622743 0.0551061295
v -0.0265311915 0.00325780059 0.0553196073
v -0.0264785923 -0.00655038608 0.0615554526
v -0.0264597014 -0.0070690047 0.060581632
v -0.0264406074 -0.00816949271 0.0601068065
v -0.0264597014 -0.0070690047 0.060581632
v -0.0264352392 -0.00784760807 0.0592912249
v -0.0264406074 -0.00816949271 0.0601068065
v -0.0264597014 -0.0070690047 0.060581632
v -0.0264527667 -0.00657845382 0.059636917
v -0.0264352392 -0.00784760807 0.0592912249
v -0.0264527667 -0.00657845382 0.059636917
v -0.0264116451 -0.00852232892 0.0578902289
v -0.0264352392 -0.00784760807 0.0592912249
v -0.0264527667 -0.00657845382 0.059636917
v -0.0264446866 -0.00572944107 0.0584152415
v -0.0264116451 -0.00852232892 0.0578902289
v -0.0264446866 -0.00572944107 0.0584152415
v -0.0264220741 -0.00610207208 0.0568175055
v -0.0264116451 -0.00852232892 0.0578902289
v -0.0264446866 -0.00572944107 0.0584152415
v -0.0264500342 -0.00304871984 0.0570733733
v -0.0264220741 -0.00610207208 0.0568175055
v -0.0264500342 -0.00304871984 0.0570733733
v -0.0264279693 -0.00319838105 0.0553409979
v -0.0264220741 -0.00610207208 0.0568175055
v -0.0264500342 -0.00304871984 0.0570733733
v -0.0264684241 -0.00150638004 0.0571358465
v -0.0264279693 -0.00319838105 0.0553409979
v -0.0264684241 -0.00150638004 0.0571358465
v -0.026445834 2.47517473e-05 0.053595297
v -0.0264279693 -0.00319838105 0.0553409979
v -0.0264684241 -0.00150638004 0.0571358465
v -0.0264927801 4.01349207e-05 0.0571526065
v -0.026445834 2.47517473e-05 0.053595297
v -0.0264927801 4.01349207e-05 0.0571526065
v -0.0265226215 0.00158577482 0.0571226813
v -0.026445834 2.47517473e-05 0.053595297
v -0.0264927801 4.01349207e-05 0.0571526065
v -0.0265674945 0.00141375791 0.0603817999
v -0.0265226215 0.00158577482 0.0571226813
v -0.0265674945 0.00141375791 0.0603817999
v -0.0265811197 0.00295737572 0.0587037019
v -0.0265226215 0.00158577482 0.0571226813
v -0.0265674945 0.00141375791 0.0603817999
v -0.0266044904 0.00275570108 0.0602715984
v -0.0265811197 0.00295737572 0.0587037019
v -0.0266044904 0.00275570108 0.0602715984
v -0.026643781 0.00408498012 0.0600964539
v -0.0265811197 0.00295737572 0.0587037019
v -0.026643781 0.00408498012 0.0600964539
v -0.0266542099 0.0058180606 0.0583582968
v -0.0265811197 0.00295737572 0.0587037019
v -0.026643781 0.00408498012 0.0600964539
v -0.0266809277 0.00539658219 0.059858527
v -0.0266542099 0.0058180606 0.0583582968
v -0.0265565906 0.00312550785 0.0570475049
v -0.0266260095 0.00616951846 0.0567685664
v -0.0265968479 0.00644622743 0.0551061295
v -0.0266260095 0.00616951846 0.0567685664
v -0.0266376361 0.00956591032 0.0547710545
v -0.0265968479 0.00644622743 0.0551061295
v -0.0266260095 0.00616951846 0.0567685664
v -0.0266685672 0.00913892128 0.0563282184
v -0.0266376361 0.00956591032 0.0547710545
v -0.0266685672 0.00913892128 0.0563282184
v -0.0266770776 0.0105854543 0.0560492091
v -0.0266376361 0.00956591032 0.0547710545
v -0.0266685672 0.00913892128 0.0563282184
v -0.0267064739 0.00994407292 0.0574641526
v -0.0266770776 0.0105854543 0.0560492091
v -0.0267064739 0.00994407292 0.0574641526
v -0.0267071109 0.0112901898 0.0570190512
v -0.0266770776 0.0105854543 0.0560492091
v -0.0267064739 0.00994407292 0.0574641526
v -0.0267374553 0.0102269351 0.0584828518
v -0.0267071109 0.0112901898 0.0570190512
v -0.0266984031 0.0085967686 0.0578109138
v -0.0266542099 0.0058180606 0.0583582968
v -0.026726367 0.00794670172 0.0592019819
v -0.0266542099 0.0058180606 0.0583582968
v -0.0267093685 0.00668558758 0.0595596917
v -0.026726367 0.00794670172 0.0592019819
v -0.0266542099 0.0058180606 0.0583582968
v -0.0266809277 0.00539658219 0.059858527
v -0.0267093685 0.00668558758 0.0595596917
v -0.026769964 0.00826283265 0.06039197
v -0.0267692562 0.00833764672 0.0603324585
v -0.0267700925 0.00822629873 0.0604147799
v -0.0267692562 0.00833764672 0.0603324585
v -0.0267692041 0.00825731456 0.0603726059
v -0.0267700925 0.00822629873 0.0604147799
v -0.0267692562 0.00833764672 0.0603324585
v -0.0267677289 0.00848599151 0.0602118373
v -0.0267692041 0.00825731456 0.0603726059
v -0.0267677289 0.00848599151 0.0602118373
v -0.0267664585 0.00829671789 0.0602705963
v -0.0267692041 0.00825731456 0.0603726059
v -0.0267677289 0.00848599151 0.0602118373
v -0.0267642494 0.00877743866 0.0599642582
v -0.0267664585 0.00829671789 0.0602705963
v -0.0267642494 0.00877743866 0.0599642582
v -0.0267573893 0.00828808825 0.0599984713
v -0.0267664585 0.00829671789 0.0602705963
v -0.0267700925 0.00822629873 0.0604147799
v -0.0267692041 0.00825731456 0.0603726059
v -0.0267708264 0.00811413396 0.0604959466
v -0.0267692041 0.00825731456 0.0603726059
v -0.0267702881 0.00802547485 0.0605288334
v -0.0267708264 0.00811413396 0.0604959466
v -0.0267692041 0.00825731456 0.0603726059
v -0.0267664585 0.00829671789 0.0602705963
v -0.0267702881 0.00802547485 0.0605288334
v -0.0267664585 0.00829671789 0.0602705963
v -0.0267670434 0.00780414557 0.0605592243
v -0.0267702881 0.00802547485 0.0605288334
v -0.0267664585 0.00829671789 0.0602705963
v -0.0267573893 0.00828808825 0.0599984713
v -0.0267670434 0.00780414557 0.0605592243
v -0.0267573893 0.00828808825 0.0599984713
v -0.0267510619 0.00719685527 0.0604851544
v -0.0267670434 0.00780414557 0.0605592243
v -0.0267337654 0.00917507987 0.0587860793
v -0.0267573893 0.00828808825 0.0599984713
v -0.0267557632 0.00933854375 0.0594445094
v -0.0267573893 0.00828808825 0.0599984713
v -0.0267614778 0.00897866394 0.0597846806
v -0.0267557632 0.00933854375 0.0594445094
v -0.0267573893 0.00828808825 0.0599984713
v -0.0267642494 0.00877743866 0.0599642582
v -0.0267614778 0.00897866394 0.0597846806
v -0.0266259033 0.00252303365 0.0617354661
v -0.0266961977 0.00359989936 0.0627731383
v -0.026666604 0.00372651569 0.0615312606
v -0.0266961977 0.00359989936 0.0627731383
v -0.0267050751 0.00491037266 0.0612533614
v -0.026666604 0.00372651569 0.0615312606
v -0.0266961977 0.00359989936 0.0627731383
v -0.0267522931 0.00530483248 0.0621609353
v -0.0267050751 0.00491037266 0.0612533614
v -0.0267522931 0.00530483248 0.0621609353
v -0.0267342106 0.00606909813 0.0609039254
v -0.0267050751 0.00491037266 0.0612533614
v -0.0267522931 0.00530483248 0.0621609353
v -0.0267741494 0.00692299707 0.0613220409
v -0.0267342106 0.00606909813 0.0609039254
v -0.0267741494 0.00692299707 0.0613220409
v -0.0267510619 0.00719685527 0.0604851544
v -0.0267342106 0.00606909813 0.0609039254
v -0.0267741494 0.00692299707 0.0613220409
v -0.0267747901 0.00729541061 0.0610874929
v -0.0267510619 0.00719685527 0.0604851544
v -0.0267747901 0.00729541061 0.0610874929
v -0.0267670434 0.00780414557 0.0605592243
v -0.0267510619 0.00719685527 0.0604851544
v -0.0267747901 0.00729541061 0.0610874929
v -0.0267735701 0.0077477647 0.0607786775
v -0.0267670434 0.00780414557 0.0605592243
v -0.0267735701 0.0077477647 0.0607786775
v -0.0267702881 0.00802547485 0.0605288334
v -0.0267670434 0.00780414557 0.0605592243
v -0.0267735701 0.0077477647 0.0607786775
v -0.0267723035 0.00796930585 0.0606171526
v -0.0267702881 0.00802547485 0.0605288334
v -0.0267723035 0.00796930585 0.0606171526
v -0.0267708264 0.00811413396 0.0604959466
v -0.0267702881 0.00802547485 0.0605288334
v -0.0267723035 0.00796930585 0.0606171526
v -0.0267715193 0.00807886478 0.06053463
v -0.0267708264 0.00811413396 0.0604959466
v -0.0267715193 0.00807886478 0.06053463
v -0.0267700925 0.00822629873 0.0604147799
v -0.0267708264 0.00811413396 0.0604959466
v -0.0267715193 0.00807886478 0.06053463
v -0.0267704073 0.00820791535 0.060433615
v -0.0267700925 0.00822629873 0.0604147799
v -0.0267704073 0.00820791535 0.060433615
v -0.026769964 0.00826283265 0.06039197
v -0.0267700925 0.00822629873 0.0604147799
v -0.0267704073 0.00820791535 0.060433615
v -0.0267703049 0.00822526682 0.0604215227
v -0.026769964 0.00826283265 0.06039197
v -0.0265311915 0.00325780059 0.0553196073
v -0.0265968479 0.00644622743 0.0551061295
v -0.0265659839 0.00664424524 0.0533886328
v -0.0265968479 0.00644622743 0.0551061295
v -0.0266050026 0.00987172034 0.0531574711
v -0.0265659839 0.00664424524 0.0533886328
v -0.0265968479 0.00644622743 0.0551061295
v -0.0266376361 0.00956591032 0.0547710545
v -0.0266050026 0.00987172034 0.0531574711
v -0.0266376361 0.00956591032 0.0547710545
v -0.0266464911 0.0110906642 0.0545586497
v -0.0266050026 0.00987172034 0.0531574711
v -0.0266376361 0.00956591032 0.0547710545
v -0.0266770776 0.0105854543 0.0560492091
v -0.0266464911 0.0110906642 0.0545586497
v -0.0266770776 0.0105854543 0.0560492091
v -0.0266735591 0.0121454159 0.0554250628
v -0.0266464911 0.0110906642 0.0545586497
v -0.0266770776 0.0105854543 0.0560492091
v -0.0267071109 0.0112901898 0.0570190512
v -0.0266735591 0.0121454159 0.0554250628
v -0.0262171198 0.00135593326 0.0394615345
v -0.0262009911 0.00232708803 0.0368192643
v -0.0261832569 0.000526522694 0.036625322
v -0.0262964461 0.00572137441 0.0414054468
v -0.0262624752 0.00289389864 0.0411047935
v -0.0262970999 0.00307625043 0.042745702
v -0.0262624752 0.00289389864 0.0411047935
v -0.0262560993 2.1338672e-05 0.0426650532
v -0.0262970999 0.00307625043 0.042745702
v -0.0262624752 0.00289389864 0.0411047935
v -0.0262171198 0.00135593326 0.0394615345
v -0.0262560993 2.1338672e-05 0.0426650532
v -0.0262274668 0.00611106167 0.0380993485
v -0.0262253508 0.00576275028 0.0379244536
v -0.0262425039 0.00590841239 0.038868852
v -0.0262253508 0.00576275028 0.0379244536
v -0.0262332857 0.00477033015 0.0385473482
v -0.0262425039 0.00590841239 0.038868852
v -0.0262253508 0.00576275028 0.0379244536
v -0.026214283 0.00408258801 0.0372545496
v -0.0262332857 0.00477033015 0.0385473482
v -0.026214283 0.00408258801 0.0372545496
v -0.0262228176 0.00360786286 0.0382945649
v -0.0262332857 0.00477033015 0.0385473482
v -0.026214283 0.00408258801 0.0372545496
v -0.0262078643 0.00318585243 0.0370006412
v -0.0262228176 0.00360786286 0.0382945649
v -0.0262078643 0.00318585243 0.0370006412
v -0.0262111109 0.00242695957 0.0381120145
v -0.0262228176 0.00360786286 0.0382945649
v -0.0262078643 0.00318585243 0.0370006412
v -0.0262009911 0.00232708803 0.0368192643
v -0.0262111109 0.00242695957 0.0381120145
v -0.0262425039 0.00590841239 0.038868852
v -0.0262332857 0.00477033015 0.0385473482
v -0.0262612738 0.00527849374 0.0399224982
v -0.0262332857 0.00477033015 0.0385473482
v -0.0262477547 0.00398586877 0.0397091918
v -0.0262612738 0.00527849374 0.0399224982
v -0.0262332857 0.00477033015 0.0385473482
v -0.0262228176 0.00360786286 0.0382945649
v -0.0262477547 0.00398586877 0.0397091918
v -0.0262228176 0.00360786286 0.0382945649
v -0.0262329374 0.00267656473 0.0395552181
v -0.0262477547 0.00398586877 0.0397091918
v -0.0262228176 0.00360786286 0.0382945649
v -0.0262111109 0.00242695957 0.0381120145
v -0.0262329374 0.00267656473 0.0395552181
v -0.0262009911 0.00232708803 0.0368192643
v -0.0262171198 0.00135593326 0.0394615345
v -0.0262111109 0.00242695957 0.0381120145
v -0.0262171198 0.00135593326 0.0394615345
v -0.0262329374 0.00267656473 0.0395552181
v -0.0262111109 0.00242695957 0.0381120145
v -0.0262171198 0.00135593326 0.0394615345
v -0.0262624752 0.00289389864 0.0411047935
v -0.0262329374 0.00267656473 0.0395552181
v -0.0262624752 0.00289389864 0.0411047935
v -0.0262477547 0.00398586877 0.0397091918
v -0.0262329374 0.00267656473 0.0395552181
v -0.0262624752 0.00289389864 0.0411047935
v -0.0262964461 0.00572137441 0.0414054468
v -0.0262477547 0.00398586877 0.0397091918
v -0.0262964461 0.00572137441 0.0414054468
v -0.0262612738 0.00527849374 0.0399224982
v -0.0262477547 0.00398586877 0.0397091918
v -0.0262964461 0.00572137441 0.0414054468
v -0.026272947 0.00654913858 0.0401938967
v -0.0262612738 0.00527849374 0.0399224982
v -0.026272947 0.00654913858 0.0401938967
v -0.0262425039 0.00590841239 0.038868852
v -0.0262612738 0.00527849374 0.0399224982
v -0.026272947 0.00654913858 0.0401938967
v -0.0262502916 0.00701525668 0.0392589681
v -0.0262425039 0.00590841239 0.038868852
v -0.0262502916 0.00701525668 0.0392589681
v -0.0262274668 0.00611106167 0.0380993485
v -0.0262425039 0.00590841239 0.038868852
v -0.0262502916 0.00701525668 0.0392589681
v -0.0262286477 0.00626598764 0.0381804891
v -0.0262274668 0.00611106167 0.0380993485
v -0.0262470897 0.0079219779 0.0392247178
v -0.0262468904 0.00790875778 0.0392149687
v -0.0262471922 0.00792799518 0.0392293446
v -0.0262468904 0.00790875778 0.0392149687
v -0.026247099 0.00792056229 0.0392243862
v -0.0262471922 0.00792799518 0.0392293446
v -0.0262468904 0.00790875778 0.0392149687
v -0.0262464918 0.00788228121 0.0391955115
v -0.026247099 0.00792056229 0.0392243862
v -0.0262464918 0.00788228121 0.0391955115
v -0.0262481812 0.00798035972 0.0392737985
v -0.026247099 0.00792056229 0.0392243862
v -0.0262497645 0.00808900874 0.0393501222
v -0.0262485128 0.00801230688 0.0392920263
v -0.0262481812 0.00798035972 0.0392737985
v -0.0262485128 0.00801230688 0.0392920263
v -0.026247099 0.00792056229 0.0392243862
v -0.0262481812 0.00798035972 0.0392737985
v -0.0262485128 0.00801230688 0.0392920263
v -0.0262478981 0.00797379762 0.0392631851
v -0.026247099 0.00792056229 0.0392243862
v -0.0262478981 0.00797379762 0.0392631851
v -0.0262471922 0.00792799518 0.0392293446
v -0.026247099 0.00792056229 0.0392243862
v -0.0262478981 0.00797379762 0.0392631851
v -0.0262475945 0.00795450434 0.0392488204
v -0.0262471922 0.00792799518 0.0392293446
v -0.0262475945 0.00795450434 0.0392488204
v -0.0262470897 0.0079219779 0.0392247178
v -0.0262471922 0.00792799518 0.0392293446
v -0.0262475945 0.00795450434 0.0392488204
v -0.0262471903 0.00792858284 0.0392296016
v -0.0262470897 0.0079219779 0.0392247178
v -0.0262457058 0.00782917626 0.0391567945
v -0.0262441691 0.00772236846 0.0390801243
v -0.0262492448 0.00801783428 0.0393190198
v -0.0262441691 0.00772236846 0.0390801243
v -0.0262519065 0.00807007402 0.0394268371
v -0.0262492448 0.00801783428 0.0393190198
v -0.0262441691 0.00772236846 0.0390801243
v -0.026241241 0.00750638824 0.0389298871
v -0.0262519065 0.00807007402 0.0394268371
v -0.026241241 0.00750638824 0.0389298871
v -0.0262594353 0.00808651932 0.0397094972
v -0.0262519065 0.00807007402 0.0394268371
v -0.026241241 0.00750638824 0.0389298871
v -0.0262387563 0.00730800163 0.0387973599
v -0.0262594353 0.00808651932 0.0397094972
v -0.0263037886 0.0101758456 0.0413341783
v -0.0263316669 0.00980048627 0.0422100276
v -0.0263169371 0.0105149811 0.0417516641
v -0.0262760054 0.00931120571 0.0404059552
v -0.0262923129 0.00900218822 0.0409037434
v -0.0263037886 0.0101758456 0.0413341783
v -0.0262923129 0.00900218822 0.0409037434
v -0.0263316669 0.00980048627 0.0422100276
v -0.0263037886 0.0101758456 0.0413341783
v -0.0262923129 0.00900218822 0.0409037434
v -0.026321182 0.00846847054 0.0418983363
v -0.0263316669 0.00980048627 0.0422100276
v -0.026321182 0.00846847054 0.0418983363
v -0.0263639484 0.00903656986 0.0433677472
v -0.0263316669 0.00980048627 0.0422100276
v -0.026321182 0.00846847054 0.0418983363
v -0.0263361316 0.00609309459 0.0429808684
v -0.0263639484 0.00903656986 0.0433677472
v -0.0263361316 0.00609309459 0.0429808684
v -0.0263772681 0.00638936646 0.0446322635
v -0.0263639484 0.00903656986 0.0433677472
v -0.0263361316 0.00609309459 0.0429808684
v -0.026333848 0.003221669 0.0444616936
v -0.0263772681 0.00638936646 0.0446322635
v -0.026333848 0.003221669 0.0444616936
v -0.0263709947 0.00332857971 0.0462353341
v -0.0263772681 0.00638936646 0.0446322635
v -0.026333848 0.003221669 0.0444616936
v -0.0263236165 1.6583077e-05 0.0462004431
v -0.0263709947 0.00332857971 0.0462353341
v -0.0262492448 0.00801783428 0.0393190198
v -0.0262519065 0.00807007402 0.0394268371
v -0.0262548402 0.00830662716 0.0395665765
v -0.0262519065 0.00807007402 0.0394268371
v -0.0262648463 0.00860707182 0.0399574675
v -0.0262548402 0.00830662716 0.0395665765
v -0.0262519065 0.00807007402 0.0394268371
v -0.0262594353 0.00808651932 0.0397094972
v -0.0262648463 0.00860707182 0.0399574675
v -0.0262594353 0.00808651932 0.0397094972
v -0.0262923129 0.00900218822 0.0409037434
v -0.0262648463 0.00860707182 0.0399574675
v -0.0262594353 0.00808651932 0.0397094972
v -0.0262823906 0.00779164303 0.0405234732
v -0.0262923129 0.00900218822 0.0409037434
v -0.0262823906 0.00779164303 0.0405234732
v -0.026321182 0.00846847054 0.0418983363
v -0.0262923129 0.00900218822 0.0409037434
v -0.0262760054 0.00931120571 0.0404059552
v -0.0262708776 0.00911655184 0.0402197912
v -0.0262923129 0.00900218822 0.0409037434
v -0.0262708776 0.00911655184 0.0402197912
v -0.0262648463 0.00860707182 0.0399574675
v -0.0262923129 0.00900218822 0.0409037434
v -0.0262708776 0.00911655184 0.0402197912
v -0.0262579508 0.00854018424 0.039710138
v -0.0262648463 0.00860707182 0.0399574675
v -0.0262579508 0.00854018424 0.039710138
v -0.0262548402 0.00830662716 0.0395665765
v -0.0262648463 0.00860707182 0.0399574675
v -0.0262579508 0.00854018424 0.039710138
v -0.026252361 0.00824113842 0.0394679606
v -0.0262548402 0.00830662716 0.0395665765
v -0.026252361 0.00824113842 0.0394679606
v -0.0262492448 0.00801783428 0.0393190198
v -0.0262548402 0.00830662716 0.0395665765
v -0.026252361 0.00824113842 0.0394679606
v -0.0262481812 0.00798035972 0.0392737985
v -0.0262492448 0.00801783428 0.0393190198
v -0.0262481812 0.00798035972 0.0392737985
v -0.0262457058 0.00782917626 0.0391567945
v -0.0262492448 0.00801783428 0.0393190198
v -0.0262481812 0.00798035972 0.0392737985
v -0.0262464918 0.00788228121 0.0391955115
v -0.0262457058 0.00782917626 0.0391567945
v -0.0263236165 1.6583077e-05 0.0462004431
v -0.026333848 0.003221669 0.0444616936
v -0.0262560993 2.1338672e-05 0.0426650532
v -0.026333848 0.003221669 0.0444616936
v -0.0262970999 0.00307625043 0.042745702
v -0.0262560993 2.1338672e-05 0.0426650532
v -0.026333848 0.003221669 0.0444616936
v -0.0263361316 0.00609309459 0.0429808684
v -0.0262970999 0.00307625043 0.042745702
v -0.0263361316 0.00609309459 0.0429808684
v -0.0262964461 0.00572137441 0.0414054468
v -0.0262970999 0.00307625043 0.042745702
v -0.0263361316 0.00609309459 0.0429808684
v -0.026321182 0.00846847054 0.0418983363
v -0.0262964461 0.00572137441 0.0414054468
v -0.026321182 0.00846847054 0.0418983363
v -0.026272947 0.00654913858 0.0401938967
v -0.0262964461 0.00572137441 0.0414054468
v -0.026321182 0.00846847054 0.0418983363
v -0.0262823906 0.00779164303 0.0405234732
v -0.026272947 0.00654913858 0.0401938967
v -0.0262823906 0.00779164303 0.0405234732
v -0.0262502916 0.00701525668 0.0392589681
v -0.026272947 0.00654913858 0.0401938967
v -0.0262823906 0.00779164303 0.0405234732
v -0.0262594353 0.00808651932 0.0397094972
v -0.0262502916 0.00701525668 0.0392589681
v -0.0262594353 0.00808651932 0.0397094972
v -0.0262286477 0.00626598764 0.0381804891
v -0.0262502916 0.00701525668 0.0392589681
v -0.0262594353 0.00808651932 0.0397094972
v -0.0262387563 0.00730800163 0.0387973599
v -0.0262286477 0.00626598764 0.0381804891
v -0.0264284592 0.0124920774 0.0452940948
v -0.026450526 0.00982071739 0.0465211309
v -0.0264653936 0.012899139 0.0465837494
v -0.026450526 0.00982071739 0.0465211309
v -0.0264923517 0.0100260414 0.0481681377
v -0.0264653936 0.012899139 0.0465837494
v -0.026450526 0.00982071739 0.0465211309
v -0.0264583807 0.00674158195 0.0480914935
v -0.0264923517 0.0100260414 0.0481681377
v -0.0264583807 0.00674158195 0.0480914935
v -0.0264966767 0.0067930161 0.0498620495
v -0.0264923517 0.0100260414 0.0481681377
v -0.0264583807 0.00674158195 0.0480914935
v -0.0264419895 0.00342197181 0.0498829484
v -0.0264966767 0.0067930161 0.0498620495
v -0.0264419895 0.00342197181 0.0498829484
v -0.0264743287 0.00340735889 0.0517189056
v -0.0264966767 0.0067930161 0.0498620495
v -0.0264157932 0.0123251602 0.0448682494
v -0.0263856389 0.0118745705 0.0438883491
v -0.0264075026 0.00948922429 0.0449147597
v -0.0263856389 0.0118745705 0.0438883491
v -0.0263747443 0.0104705328 0.0436122194
v -0.0264075026 0.00948922429 0.0449147597
v -0.0263856389 0.0118745705 0.0438883491
v -0.0263652075 0.0115264012 0.0432490371
v -0.0263747443 0.0104705328 0.0436122194
v -0.0263652075 0.0115264012 0.0432490371
v -0.0263429731 0.0110994 0.042562522
v -0.0263747443 0.0104705328 0.0436122194
v -0.0264157932 0.0123251602 0.0448682494
v -0.0264075026 0.00948922429 0.0449147597
v -0.0264284592 0.0124920774 0.0452940948
v -0.0264075026 0.00948922429 0.0449147597
v -0.026450526 0.00982071739 0.0465211309
v -0.0264284592 0.0124920774 0.0452940948
v -0.0264075026 0.00948922429 0.0449147597
v -0.026418332 0.00660658302 0.0463418774
v -0.026450526 0.00982071739 0.0465211309
v -0.026418332 0.00660658302 0.0463418774
v -0.0264583807 0.00674158195 0.0480914935
v -0.026450526 0.00982071739 0.0465211309
v -0.026418332 0.00660658302 0.0463418774
v -0.0264073256 0.0033955921 0.0480487086
v -0.0264583807 0.00674158195 0.0480914935
v -0.0264073256 0.0033955921 0.0480487086
v -0.0264419895 0.00342197181 0.0498829484
v -0.0264583807 0.00674158195 0.0480914935
v -0.0264073256 0.0033955921 0.0480487086
v -0.0263891332 1.77839356e-05 0.0498942137
v -0.0264419895 0.00342197181 0.0498829484
v -0.0263891332 1.77839356e-05 0.0498942137
v -0.0264743287 0.00340735889 0.0517189056
v -0.0264419895 0.00342197181 0.0498829484
v -0.0263891332 1.77839356e-05 0.0498942137
v -0.026445834 2.47517473e-05 0.053595297
v -0.0264743287 0.00340735889 0.0517189056
v -0.0260684155 -0.00794369541 0.039237272
v -0.0260679275 -0.00802109949 0.0392951518
v -0.0260687638 -0.00791213289 0.039219629
v -0.0260679275 -0.00802109949 0.0392951518
v -0.0260688663 -0.00795069989 0.0392652825
v -0.0260687638 -0.00791213289 0.039219629
v -0.0260679275 -0.00802109949 0.0392951518
v -0.0260670688 -0.00817464385 0.0394125879
v -0.0260688663 -0.00795069989 0.0392652825
v -0.0260670688 -0.00817464385 0.0394125879
v -0.0260699447 -0.00800516084 0.0393741615
v -0.0260688663 -0.00795069989 0.0392652825
v -0.0260670688 -0.00817464385 0.0394125879
v -0.0260658376 -0.0084765628 0.0396541096
v -0.0260699447 -0.00800516084 0.0393741615
v -0.0260658376 -0.0084765628 0.0396541096
v -0.0260755718 -0.00802602246 0.0396598093
v -0.0260699447 -0.00800516084 0.0393741615
v -0.0260733683 -0.0101301139 0.0412782915
v -0.0260852706 -0.00895324629 0.040855255
v -0.0260660015 -0.0092484802 0.0403422788
v -0.0260852706 -0.00895324629 0.040855255
v -0.0260654613 -0.0090588117 0.0401630178
v -0.0260660015 -0.0092484802 0.0403422788
v -0.0260786619 -0.00682280492 0.0384921469
v -0.0260771196 -0.00699364487 0.0385938622
v -0.0260884911 -0.00695098704 0.0392172672
v -0.0260771196 -0.00699364487 0.0385938622
v -0.0260749962 -0.00752212293 0.0391098186
v -0.0260884911 -0.00695098704 0.0392172672
v -0.0260771196 -0.00699364487 0.0385938622
v -0.0260725413 -0.00743590668 0.0388784893
v -0.0260749962 -0.00752212293 0.0391098186
v -0.0260725413 -0.00743590668 0.0388784893
v -0.0260709226 -0.00772372354 0.0391219296
v -0.0260749962 -0.00752212293 0.0391098186
v -0.0260725413 -0.00743590668 0.0388784893
v -0.0260706116 -0.00765244896 0.0390271731
v -0.0260709226 -0.00772372354 0.0391219296
v -0.0260706116 -0.00765244896 0.0390271731
v -0.0260696616 -0.00780238537 0.039145112
v -0.0260709226 -0.00772372354 0.0391219296
v -0.0260706116 -0.00765244896 0.0390271731
v -0.0260697454 -0.00775955804 0.0391030535
v -0.0260696616 -0.00780238537 0.039145112
v -0.0260697454 -0.00775955804 0.0391030535
v -0.0260692351 -0.00783604942 0.03916106
v -0.0260696616 -0.00780238537 0.039145112
v -0.0260697454 -0.00775955804 0.0391030535
v -0.0260693356 -0.00781281665 0.0391413793
v -0.0260692351 -0.00783604942 0.03916106
v -0.026103273 -0.011481938 0.0431730933
v -0.026104657 -0.00976279657 0.042165488
v -0.0260912143 -0.011065363 0.0425107256
v -0.026104657 -0.00976279657 0.042165488
v -0.0260783825 -0.0104608657 0.0416809134
v -0.0260912143 -0.011065363 0.0425107256
v -0.0261548366 -0.00567378197 0.0413841642
v -0.0260996502 -0.00773851341 0.0404830948
v -0.0261202622 -0.00842618849 0.0418616161
v -0.0260996502 -0.00773851341 0.0404830948
v -0.0260852706 -0.00895324629 0.040855255
v -0.0261202622 -0.00842618849 0.0418616161
v -0.0260996502 -0.00773851341 0.0404830948
v -0.0260755718 -0.00802602246 0.0396598093
v -0.0260852706 -0.00895324629 0.040855255
v -0.0260755718 -0.00802602246 0.0396598093
v -0.0260654613 -0.0090588117 0.0401630178
v -0.0260852706 -0.00895324629 0.040855255
v -0.0260755718 -0.00802602246 0.0396598093
v -0.0260658376 -0.0084765628 0.0396541096
v -0.0260654613 -0.0090588117 0.0401630178
v -0.0260688756 -0.00787562504 0.0391870923
v -0.0260688085 -0.00788536854 0.0391942337
v -0.0260690395 -0.00785262883 0.0391702913
v -0.0260688085 -0.00788536854 0.0391942337
v -0.0260691382 -0.00783937052 0.0391606353
v -0.0260690395 -0.00785262883 0.0391702913
v -0.0260688085 -0.00788536854 0.0391942337
v -0.0260686744 -0.00790483691 0.0392085463
v -0.0260691382 -0.00783937052 0.0391606353
v -0.0260686744 -0.00790483691 0.0392085463
v -0.0260693356 -0.00781281665 0.0391413793
v -0.0260691382 -0.00783937052 0.0391606353
v -0.0260686744 -0.00790483691 0.0392085463
v -0.0260684155 -0.00794369541 0.039237272
v -0.0260693356 -0.00781281665 0.0391413793
v -0.0260684155 -0.00794369541 0.039237272
v -0.0260692351 -0.00783604942 0.03916106
v -0.0260693356 -0.00781281665 0.0391413793
v -0.0260684155 -0.00794369541 0.039237272
v -0.0260687638 -0.00791213289 0.039219629
v -0.0260692351 -0.00783604942 0.03916106
v -0.0260687638 -0.00791213289 0.039219629
v -0.0260696616 -0.00780238537 0.039145112
v -0.0260692351 -0.00783604942 0.03916106
v -0.0260687638 -0.00791213289 0.039219629
v -0.0260688663 -0.00795069989 0.0392652825
v -0.0260696616 -0.00780238537 0.039145112
v -0.0260688663 -0.00795069989 0.0392652825
v -0.0260709226 -0.00772372354 0.0391219296
v -0.0260696616 -0.00780238537 0.039145112
v -0.0260688663 -0.00795069989 0.0392652825
v -0.0260699447 -0.00800516084 0.0393741615
v -0.0260709226 -0.00772372354 0.0391219296
v -0.0260699447 -0.00800516084 0.0393741615
v -0.0260749962 -0.00752212293 0.0391098186
v -0.0260709226 -0.00772372354 0.0391219296
v -0.0260699447 -0.00800516084 0.0393741615
v -0.0260755718 -0.00802602246 0.0396598093
v -0.0260749962 -0.00752212293 0.0391098186
v -0.0260755718 -0.00802602246 0.0396598093
v -0.0260884911 -0.00695098704 0.0392172672
v -0.0260749962 -0.00752212293 0.0391098186
v -0.0260755718 -0.00802602246 0.0396598093
v -0.0260996502 -0.00773851341 0.0404830948
v -0.0260884911 -0.00695098704 0.0392172672
v -0.0260996502 -0.00773851341 0.0404830948
v -0.0261158682 -0.00649301754 0.0401629992
v -0.0260884911 -0.00695098704 0.0392172672
v -0.0260996502 -0.00773851341 0.0404830948
v -0.0261548366 -0.00567378197 0.0413841642
v -0.0261158682 -0.00649301754 0.0401629992
v -0.026103273 -0.011481938 0.0431730933
v -0.0261313654 -0.0104430169 0.0435743183
v -0.026104657 -0.00976279657 0.042165488
v -0.0261313654 -0.0104430169 0.0435743183
v -0.0261479318 -0.00900406484 0.043336954
v -0.026104657 -0.00976279657 0.042165488
v -0.0261313654 -0.0104430169 0.0435743183
v -0.0261801779 -0.0094647631 0.044891879
v -0.0261479318 -0.00900406484 0.043336954
v -0.0261605848 -0.0012827171 0.0366768725
v -0.0261342432 -0.00307032256 0.0369733721
v -0.0261527244 -0.00235864869 0.0380999967
v -0.0261342432 -0.00307032256 0.0369733721
v -0.0261363629 -0.00353971845 0.038276203
v -0.0261527244 -0.00235864869 0.0380999967
v -0.0261342432 -0.00307032256 0.0369733721
v -0.0261072144 -0.00479921652 0.0375084393
v -0.0261363629 -0.00353971845 0.038276203
v -0.0260884911 -0.00695098704 0.0392172672
v -0.0261158682 -0.00649301754 0.0401629992
v -0.0261036139 -0.00584160304 0.0388367586
v -0.0261158682 -0.00649301754 0.0401629992
v -0.0261328146 -0.00522098783 0.039898593
v -0.0261036139 -0.00584160304 0.0388367586
v -0.0261158682 -0.00649301754 0.0401629992
v -0.0261548366 -0.00567378197 0.0413841642
v -0.0261328146 -0.00522098783 0.039898593
v -0.0261548366 -0.00567378197 0.0413841642
v -0.0261498783 -0.00392743852 0.0396917537
v -0.0261328146 -0.00522098783 0.039898593
v -0.0261548366 -0.00567378197 0.0413841642
v -0.0261895061 -0.00284400489 0.0410948619
v -0.0261498783 -0.00392743852 0.0396917537
v -0.0261772536 9.45495503e-06 0.0366149843
v -0.0261605848 -0.0012827171 0.0366768725
v -0.0262005962 2.95648024e-05 0.0394284986
v -0.0261605848 -0.0012827171 0.0366768725
v -0.0261837225 -0.00129677868 0.0394559652
v -0.0262005962 2.95648024e-05 0.0394284986
v -0.0261605848 -0.0012827171 0.0366768725
v -0.0261527244 -0.00235864869 0.0380999967
v -0.0261837225 -0.00129677868 0.0394559652
v -0.0261527244 -0.00235864869 0.0380999967
v -0.0261667985 -0.00261758431 0.0395438708
v -0.0261837225 -0.00129677868 0.0394559652
v -0.0261527244 -0.00235864869 0.0380999967
v -0.0261363629 -0.00353971845 0.038276203
v -0.0261667985 -0.00261758431 0.0395438708
v -0.0261801779 -0.0094647631 0.044891879
v -0.0261313654 -0.0104430169 0.0435743183
v -0.0261368882 -0.0122903325 0.0447875336
v -0.0261313654 -0.0104430169 0.0435743183
v -0.0261166655 -0.0118511375 0.0438437536
v -0.0261368882 -0.0122903325 0.0447875336
v -0.0261313654 -0.0104430169 0.0435743183
v -0.026103273 -0.011481938 0.0431730933
v -0.0261166655 -0.0118511375 0.0438437536
v -0.0262815244 -0.0100857792 0.0498487204
v -0.0262487084 -0.0100093139 0.0481671505
v -0.0262459535 -0.0133222332 0.0498100333
v -0.0262487084 -0.0100093139 0.0481671505
v -0.0262142029 -0.013219581 0.0482749417
v -0.0262459535 -0.0133222332 0.0498100333
v -0.0262487084 -0.0100093139 0.0481671505
v -0.0262145214 -0.00980174262 0.0465081744
v -0.0262142029 -0.013219581 0.0482749417
v -0.0262145214 -0.00980174262 0.0465081744
v -0.026175322 -0.012874743 0.0465013161
v -0.0262142029 -0.013219581 0.0482749417
v -0.0262145214 -0.00980174262 0.0465081744
v -0.0261801779 -0.0094647631 0.044891879
v -0.026175322 -0.012874743 0.0465013161
v -0.0261801779 -0.0094647631 0.044891879
v -0.0261473712 -0.0124774985 0.0452594236
v -0.026175322 -0.012874743 0.0465013161
v -0.0261801779 -0.0094647631 0.044891879
v -0.0261368882 -0.0122903325 0.0447875336
v -0.0261473712 -0.0124774985 0.0452594236
v -0.0261834264 -0.0060543674 0.0429636911
v -0.0262159724 -0.00635778671 0.0446204841
v -0.026218323 -0.00303441426 0.0427379198
v -0.0262159724 -0.00635778671 0.0446204841
v -0.0262505114 -0.00318618817 0.0444567017
v -0.026218323 -0.00303441426 0.0427379198
v -0.0262159724 -0.00635778671 0.0446204841
v -0.0262501873 -0.00657960679 0.0463368222
v -0.0262505114 -0.00318618817 0.0444567017
v -0.0262501873 -0.00657960679 0.0463368222
v -0.0262839645 -0.0032969215 0.0462337844
v -0.0262505114 -0.00318618817 0.0444567017
v -0.0262501873 -0.00657960679 0.0463368222
v -0.02628408 -0.00671597896 0.0480944999
v -0.0262839645 -0.0032969215 0.0462337844
v -0.0261479318 -0.00900406484 0.043336954
v -0.0261801779 -0.0094647631 0.044891879
v -0.0261834264 -0.0060543674 0.0429636911
v -0.0261801779 -0.0094647631 0.044891879
v -0.0262159724 -0.00635778671 0.0446204841
v -0.0261834264 -0.0060543674 0.0429636911
v -0.0261801779 -0.0094647631 0.044891879
v -0.0262145214 -0.00980174262 0.0465081744
v -0.0262159724 -0.00635778671 0.0446204841
v -0.0262145214 -0.00980174262 0.0465081744
v -0.0262501873 -0.00657960679 0.0463368222
v -0.0262159724 -0.00635778671 0.0446204841
v -0.0262145214 -0.00980174262 0.0465081744
v -0.0262487084 -0.0100093139 0.0481671505
v -0.0262501873 -0.00657960679 0.0463368222
v -0.0262487084 -0.0100093139 0.0481671505
v -0.02628408 -0.00671597896 0.0480944999
v -0.0262501873 -0.00657960679 0.0463368222
v -0.0262487084 -0.0100093139 0.0481671505
v -0.0262815244 -0.0100857792 0.0498487204
v -0.02628408 -0.00671597896 0.0480944999
v -0.026280649 -0.0132169332 0.0516237468
v -0.0263121407 -0.0100307418 0.0515324175
v -0.0262486525 -0.013322847 0.0499453396
v -0.0263121407 -0.0100307418 0.0515324175
v -0.0262815244 -0.0100857792 0.0498487204
v -0.0262486525 -0.013322847 0.0499453396
v -0.0263121407 -0.0100307418 0.0515324175
v -0.0263165329 -0.00676583499 0.0498740338
v -0.0262815244 -0.0100857792 0.0498487204
v -0.0263165329 -0.00676583499 0.0498740338
v -0.02628408 -0.00671597896 0.0480944999
v -0.0262815244 -0.0100857792 0.0498487204
v -0.0263165329 -0.00676583499 0.0498740338
v -0.0263169464 -0.00336453365 0.0480512641
v -0.02628408 -0.00671597896 0.0480944999
v -0.0263169464 -0.00336453365 0.0480512641
v -0.0262839645 -0.0032969215 0.0462337844
v -0.02628408 -0.00671597896 0.0480944999
v -0.0263169464 -0.00336453365 0.0480512641
v -0.0263236165 1.6583077e-05 0.0462004431
v -0.0262839645 -0.0032969215 0.0462337844
v -0.0263236165 1.6583077e-05 0.0462004431
v -0.0262505114 -0.00318618817 0.0444567017
v -0.0262839645 -0.0032969215 0.0462337844
v -0.0263236165 1.6583077e-05 0.0462004431
v -0.0262560993 2.1338672e-05 0.0426650532
v -0.0262505114 -0.00318618817 0.0444567017
v -0.0262560993 2.1338672e-05 0.0426650532
v -0.026218323 -0.00303441426 0.0427379198
v -0.0262505114 -0.00318618817 0.0444567017
v -0.0262560993 2.1338672e-05 0.0426650532
v -0.0261895061 -0.00284400489 0.0410948619
v -0.026218323 -0.00303441426 0.0427379198
v -0.0261895061 -0.00284400489 0.0410948619
v -0.0261834264 -0.0060543674 0.0429636911
v -0.026218323 -0.00303441426 0.0427379198
v -0.0261895061 -0.00284400489 0.0410948619
v -0.0261548366 -0.00567378197 0.0413841642
v -0.0261834264 -0.0060543674 0.0429636911
v -0.0261548366 -0.00567378197 0.0413841642
v -0.0261479318 -0.00900406484 0.043336954
v -0.0261834264 -0.0060543674 0.0429636911
v -0.0261548366 -0.00567378197 0.0413841642
v -0.0261202622 -0.00842618849 0.0418616161
v -0.0261479318 -0.00900406484 0.043336954
v -0.0261202622 -0.00842618849 0.0418616161
v -0.026104657 -0.00976279657 0.042165488
v -0.0261479318 -0.00900406484 0.043336954
v -0.0261202622 -0.00842618849 0.0418616161
v -0.0260852706 -0.00895324629 0.040855255
v -0.026104657 -0.00976279657 0.042165488
v -0.0260852706 -0.00895324629 0.040855255
v -0.0260783825 -0.0104608657 0.0416809134
v -0.026104657 -0.00976279657 0.042165488
v -0.0260852706 -0.00895324629 0.040855255
v -0.0260733683 -0.0101301139 0.0412782915
v -0.0260783825 -0.0104608657 0.0416809134
v -0.0260786619 -0.00682280492 0.0384921469
v -0.0260884911 -0.00695098704 0.0392172672
v -0.0260836538 -0.0064319754 0.0382683761
v -0.0260884911 -0.00695098704 0.0392172672
v -0.0260859169 -0.00626134779 0.0381760709
v -0.0260836538 -0.0064319754 0.0382683761
v -0.0260884911 -0.00695098704 0.0392172672
v -0.0261036139 -0.00584160304 0.0388367586
v -0.0260859169 -0.00626134779 0.0381760709
v -0.0261036139 -0.00584160304 0.0388367586
v -0.0261072144 -0.00479921652 0.0375084393
v -0.0260859169 -0.00626134779 0.0381760709
v -0.0261036139 -0.00584160304 0.0388367586
v -0.026119817 -0.00470264442 0.0385223478
v -0.0261072144 -0.00479921652 0.0375084393
v -0.026119817 -0.00470264442 0.0385223478
v -0.0261363629 -0.00353971845 0.038276203
v -0.0261072144 -0.00479921652 0.0375084393
v -0.026119817 -0.00470264442 0.0385223478
v -0.0261498783 -0.00392743852 0.0396917537
v -0.0261363629 -0.00353971845 0.038276203
v -0.0261498783 -0.00392743852 0.0396917537
v -0.0261667985 -0.00261758431 0.0395438708
v -0.0261363629 -0.00353971845 0.038276203
v -0.0261498783 -0.00392743852 0.0396917537
v -0.0261895061 -0.00284400489 0.0410948619
v -0.0261667985 -0.00261758431 0.0395438708
v -0.0261895061 -0.00284400489 0.0410948619
v -0.0261837225 -0.00129677868 0.0394559652
v -0.0261667985 -0.00261758431 0.0395438708
v -0.0261895061 -0.00284400489 0.0410948619
v -0.0262560993 2.1338672e-05 0.0426650532
v -0.0261837225 -0.00129677868 0.0394559652
v -0.0262560993 2.1338672e-05 0.0426650532
v -0.0262005962 2.95648024e-05 0.0394284986
v -0.0261837225 -0.00129677868 0.0394559652
v -0.0262560993 2.1338672e-05 0.0426650532
v -0.0262171198 0.00135593326 0.0394615345
v -0.0262005962 2.95648024e-05 0.0394284986
v -0.0262171198 0.00135593326 0.0394615345
v -0.0261772536 9.45495503e-06 0.0366149843
v -0.0262005962 2.95648024e-05 0.0394284986
v -0.0262171198 0.00135593326 0.0394615345
v -0.0261832569 0.000526522694 0.036625322
v -0.0261772536 9.45495503e-06 0.0366149843
v -0.0267337654 0.00917507987 0.0587860793
v -0.026726367 0.00794670172 0.0592019819
v -0.0267573893 0.00828808825 0.0599984713
v -0.026726367 0.00794670172 0.0592019819
v -0.0267510619 0.00719685527 0.0604851544
v -0.0267573893 0.00828808825 0.0599984713
v -0.026726367 0.00794670172 0.0592019819
v -0.0267093685 0.00668558758 0.0595596917
v -0.0267510619 0.00719685527 0.0604851544
v -0.0267093685 0.00668558758 0.0595596917
v -0.0267342106 0.00606909813 0.0609039254
v -0.0267510619 0.00719685527 0.0604851544
v -0.0267093685 0.00668558758 0.0595596917
v -0.0266809277 0.00539658219 0.059858527
v -0.0267342106 0.00606909813 0.0609039254
v -0.0266809277 0.00539658219 0.059858527
v -0.0267050751 0.00491037266 0.0612533614
v -0.0267342106 0.00606909813 0.0609039254
v -0.0266809277 0.00539658219 0.059858527
v -0.026643781 0.00408498012 0.0600964539
v -0.0267050751 0.00491037266 0.0612533614
v -0.026643781 0.00408498012 0.0600964539
v -0.026666604 0.00372651569 0.0615312606
v -0.0267050751 0.00491037266 0.0612533614
v -0.026643781 0.00408498012 0.0600964539
v -0.0266044904 0.00275570108 0.0602715984
v -0.026666604 0.00372651569 0.0615312606
v -0.0266044904 0.00275570108 0.0602715984
v -0.0266259033 0.00252303365 0.0617354661
v -0.026666604 0.00372651569 0.0615312606
v -0.0266044904 0.00275570108 0.0602715984
v -0.0265674945 0.00141375791 0.0603817999
v -0.0266259033 0.00252303365 0.0617354661
v -0.0265674945 0.00141375791 0.0603817999
v -0.0266288184 0.00186342269 0.0631470308
v -0.0266259033 0.00252303365 0.0617354661
v -0.0265674945 0.00141375791 0.0603817999
v -0.0265356284 6.46788903e-05 0.0604247563
v -0.0266288184 0.00186342269 0.0631470308
v -0.0265356284 6.46788903e-05 0.0604247563
v -0.0265724584 9.74180439e-05 0.0632842854
v -0.0266288184 0.00186342269 0.0631470308
v -0.0265356284 6.46788903e-05 0.0604247563
v -0.0265104584 -0.00128546217 0.0603987575
v -0.0265724584 9.74180439e-05 0.0632842854
v -0.0265104584 -0.00128546217 0.0603987575
v -0.0265404861 -0.00142040802 0.0632077381
v -0.0265724584 9.74180439e-05 0.0632842854
v -0.0265104584 -0.00128546217 0.0603987575
v -0.02649251 -0.00263051735 0.0603050031
v -0.0265404861 -0.00142040802 0.0632077381
v -0.02649251 -0.00263051735 0.0603050031
v -0.0265128966 -0.00236728392 0.0617714599
v -0.0265404861 -0.00142040802 0.0632077381
v -0.02649251 -0.00263051735 0.0603050031
v -0.0265011955 -0.00357599021 0.0615841113
v -0.0265128966 -0.00236728392 0.0617714599
v -0.0265011955 -0.00357599021 0.0615841113
v -0.0265212283 -0.00321178907 0.0628859028
v -0.0265128966 -0.00236728392 0.0617714599
v -0.0265011955 -0.00357599021 0.0615841113
v -0.026504131 -0.004937388 0.0623272695
v -0.0265212283 -0.00321178907 0.0628859028
v -0.0264653936 0.012899139 0.0465837494
v -0.0264923517 0.0100260414 0.0481681377
v -0.0265131444 0.0132343527 0.048359327
v -0.0264923517 0.0100260414 0.0481681377
v -0.0265323408 0.0101032145 0.0498363338
v -0.0265131444 0.0132343527 0.048359327
v -0.0264923517 0.0100260414 0.0481681377
v -0.0264966767 0.0067930161 0.0498620495
v -0.0265323408 0.0101032145 0.0498363338
v -0.0264966767 0.0067930161 0.0498620495
v -0.0265326146 0.00676033413 0.0516342148
v -0.0265323408 0.0101032145 0.0498363338
v -0.0264966767 0.0067930161 0.0498620495
v -0.0264743287 0.00340735889 0.0517189056
v -0.0265326146 0.00676033413 0.0516342148
v -0.0264743287 0.00340735889 0.0517189056
v -0.0265040584 0.00335230608 0.0535374358
v -0.0265326146 0.00676033413 0.0516342148
v -0.0264743287 0.00340735889 0.0517189056
v -0.026445834 2.47517473e-05 0.053595297
v -0.0265040584 0.00335230608 0.0535374358
v -0.026445834 2.47517473e-05 0.053595297
v -0.0265311915 0.00325780059 0.0553196073
v -0.0265040584 0.00335230608 0.0535374358
v -0.026445834 2.47517473e-05 0.053595297
v -0.0265226215 0.00158577482 0.0571226813
v -0.0265311915 0.00325780059 0.0553196073
v -0.0265226215 0.00158577482 0.0571226813
v -0.0265565906 0.00312550785 0.0570475049
v -0.0265311915 0.00325780059 0.0553196073
v -0.0265226215 0.00158577482 0.0571226813
v -0.0265811197 0.00295737572 0.0587037019
v -0.0265565906 0.00312550785 0.0570475049
v -0.0265811197 0.00295737572 0.0587037019
v -0.0266260095 0.00616951846 0.0567685664
v -0.0265565906 0.00312550785 0.0570475049
v -0.0265811197 0.00295737572 0.0587037019
v -0.0266542099 0.0058180606 0.0583582968
v -0.0266260095 0.00616951846 0.0567685664
v -0.0266542099 0.0058180606 0.0583582968
v -0.0266685672 0.00913892128 0.0563282184
v -0.0266260095 0.00616951846 0.0567685664
v -0.0266542099 0.0058180606 0.0583582968
v -0.0266984031 0.0085967686 0.0578109138
v -0.0266685672 0.00913892128 0.0563282184
v -0.0266984031 0.0085967686 0.0578109138
v -0.0267064739 0.00994407292 0.0574641526
v -0.0266685672 0.00913892128 0.0563282184
v -0.0266984031 0.0085967686 0.0578109138
v -0.0267337654 0.00917507987 0.0587860793
v -0.0267064739 0.00994407292 0.0574641526
v -0.0267337654 0.00917507987 0.0587860793
v -0.0267374553 0.0102269351 0.0584828518
v -0.0267064739 0.00994407292 0.0574641526
v -0.0267337654 0.00917507987 0.0587860793
v -0.0267557632 0.00933854375 0.0594445094
v -0.0267374553 0.0102269351 0.0584828518
v -0.0263271015 -0.012564389 0.0543816797
v -0.026346121 -0.0110598169 0.0546187311
v -0.0263114832 -0.0128669217 0.0534065366
v -0.026346121 -0.0110598169 0.0546187311
v -0.0263213553 -0.0114324503 0.0530549102
v -0.0263114832 -0.0128669217 0.0534065366
v -0.026346121 -0.0110598169 0.0546187311
v -0.0263400469 -0.00984428916 0.0531979725
v -0.0263213553 -0.0114324503 0.0530549102
v -0.0263400469 -0.00984428916 0.0531979725
v -0.0263121407 -0.0100307418 0.0515324175
v -0.0263213553 -0.0114324503 0.0530549102
v -0.0263400469 -0.00984428916 0.0531979725
v -0.0263467506 -0.00672897696 0.0516555868
v -0.0263121407 -0.0100307418 0.0515324175
v -0.0263467506 -0.00672897696 0.0516555868
v -0.0263165329 -0.00676583499 0.0498740338
v -0.0263121407 -0.0100307418 0.0515324175
v -0.0263467506 -0.00672897696 0.0516555868
v -0.0263484214 -0.0033885655 0.0498900637
v -0.0263165329 -0.00676583499 0.0498740338
v -0.0263484214 -0.0033885655 0.0498900637
v -0.0263169464 -0.00336453365 0.0480512641
v -0.0263165329 -0.00676583499 0.0498740338
v -0.0263484214 -0.0033885655 0.0498900637
v -0.0263891332 1.77839356e-05 0.0498942137
v -0.0263169464 -0.00336453365 0.0480512641
v -0.0263891332 1.77839356e-05 0.0498942137
v -0.0263236165 1.6583077e-05 0.0462004431
v -0.0263169464 -0.00336453365 0.0480512641
v -0.0263891332 1.77839356e-05 0.0498942137
v -0.0264073256 0.0033955921 0.0480487086
v -0.0263236165 1.6583077e-05 0.0462004431
v -0.0264073256 0.0033955921 0.0480487086
v -0.0263709947 0.00332857971 0.0462353341
v -0.0263236165 1.6583077e-05 0.0462004431
v -0.0264073256 0.0033955921 0.0480487086
v -0.026418332 0.00660658302 0.0463418774
v -0.0263709947 0.00332857971 0.0462353341
v -0.026418332 0.00660658302 0.0463418774
v -0.0263772681 0.00638936646 0.0446322635
v -0.0263709947 0.00332857971 0.0462353341
v -0.026418332 0.00660658302 0.0463418774
v -0.0264075026 0.00948922429 0.0449147597
v -0.0263772681 0.00638936646 0.0446322635
v -0.0264075026 0.00948922429 0.0449147597
v -0.0263639484 0.00903656986 0.0433677472
v -0.0263772681 0.00638936646 0.0446322635
v -0.0264075026 0.00948922429 0.0449147597
v -0.0263747443 0.0104705328 0.0436122194
v -0.0263639484 0.00903656986 0.0433677472
v -0.0263747443 0.0104705328 0.0436122194
v -0.0263316669 0.00980048627 0.0422100276
v -0.0263639484 0.00903656986 0.0433677472
v -0.0263747443 0.0104705328 0.0436122194
v -0.0263429731 0.0110994 0.042562522
v -0.0263316669 0.00980048627 0.0422100276
v -0.0263429731 0.0110994 0.042562522
v -0.0263169371 0.0105149811 0.0417516641
v -0.0263316669 0.00980048627 0.0422100276
vt 0.480343014 0.000387624721
vt 0.412782043 0.00765974401
vt 0.480343014 0.000387624721
vt 0.346912086 0.0239813291
vt 0.283868909 0.04910025
vt 0.346912086 0.0239813291
vt 0.202602386 0.0980384648
vt 0.203346267 0.0974897817
vt 0.20235467 0.0982215926
vt 0.20235467 0.0982215926
vt 0.20235467 0.0982215926
vt 0.202602386 0.0980384648
vt 0.20235467 0.0982215926
vt 0.202850223 0.097855337
vt 0.202602386 0.0980384648
vt 0.20235467 0.0982215926
vt 0.203346267 0.0974897817
vt 0.202850223 0.097855337
vt 0.202602386 0.0980384648
vt 0.202850223 0.097855337
vt 0.203346267 0.0974897817
vt 0.202850223 0.097855337
vt 0.204339728 0.0967602134
vt 0.203346267 0.0974897817
vt 0.202850223 0.097855337
vt 0.203346267 0.0974897817
vt 0.204339728 0.0967602134
vt 0.203346267 0.0974897817
vt 0.204339728 0.0967602134
vt 0.204339728 0.0967602134
vt 0.204339728 0.0967602134
vt 0.206332341 0.0953084677
vt 0.204339728 0.0967602134
vt 0.204339728 0.0967602134
vt 0.206332341 0.0953084677
vt 0.206332341 0.0953084677
vt 0.206332341 0.0953084677
vt 0.210339978 0.092433624
vt 0.206332341 0.0953084677
vt 0.206332341 0.0953084677
vt 0.210339978 0.092433624
vt 0.210339978 0.092433624
vt 0.210339978 0.092433624
vt 0.218444005 0.0868002847
vt 0.210339978 0.092433624
vt 0.218444005 0.0868002847
vt 0.218444005 0.0868002847
vt 0.210339978 0.092433624
vt 0.218444005 0.0868002847
vt 0.22588788 0.0818310007
vt 0.218444005 0.0868002847
vt 0.22588788 0.0818310007
vt 0.22588788 0.0818310007
vt 0.218444005 0.0868002847
vt 0.22588788 0.0818310007
vt 0.264986396 0.0587006323
vt 0.22588788 0.0818310007
vt 0.264986396 0.0587006323
vt 0.264986396 0.0587006323
vt 0.22588788 0.0818310007
vt 0.264986396 0.0587006323
vt 0.270799547 0.0556581616
vt 0.264986396 0.0587006323
vt 0.270799547 0.0556581616
vt 0.270799547 0.0556581616
vt 0.264986396 0.0587006323
vt 0.270799547 0.0556581616
vt 0.283868909 0.04910025
vt 0.270799547 0.0556581616
vt 0.283868909 0.04910025
vt 0.283868909 0.04910025
vt 0.270799547 0.0556581616
vt 0.283868909 0.04910025
vt 0.346912086 0.0239813291
vt 0.283868909 0.04910025
vt 0.346912086 0.0239813291
vt 0.380559444 0.0144607071
vt 0.346912086 0.0239813291
vt 0.380559444 0.0144607071
vt 0.380559444 0.0144607071
vt 0.346912086 0.0239813291
vt 0.380559444 0.0144607071
vt 0.412782043 0.00765974401
vt 0.380559444 0.0144607071
vt 0.412782043 0.00765974401
vt 0.412782043 0.00765974401
vt 0.380559444 0.0144607071
vt 0.412782043 0.00765974401
vt 0.480343014 0.000387624721
vt 0.412782043 0.00765974401
vt 0.480343014 0.000387624721
vt 0.499744445 0
vt 0.480343014 0.000387624721
vt 0.499744445 0
vt 0.499744445 0
vt 0.480343014 0.000387624721
vt 0.499744445 0
vt 0.548229396 0.00232057995
vt 0.499744445 0
vt 0.499744445 0
vt 0.548229396 0.00232057995
vt 0.548229396 0.00232057995
vt 0.548229396 0.00232057995
vt 0.615304053 0.0134382164
vt 0.548229396 0.00232057995
vt 0.548229396 0.00232057995
vt 0.615304053 0.0134382164
vt 0.615304053 0.0134382164
vt 0.615304053 0.0134382164
vt 0.680175722 0.0335012525
vt 0.615304053 0.0134382164
vt 0.615304053 0.0134382164
vt 0.680175722 0.0335012525
vt 0.680175722 0.0335012525
vt 0.680175722 0.0335012525
vt 0.735037923 0.0585349649
vt 0.680175722 0.0335012525
vt 0.735037923 0.0585349649
vt 0.735037923 0.0585349649
vt 0.680175722 0.0335012525
vt 0.735037923 0.0585349649
vt 0.741440237 0.0619960688
vt 0.735037923 0.0585349649
vt 0.741440237 0.0619960688
vt 0.741440237 0.0619960688
vt 0.735037923 0.0585349649
vt 0.741440237 0.0619960688
vt 0.756104946 0.0703866407
vt 0.741440237 0.0619960688
vt 0.756104946 0.0703866407
vt 0.756104946 0.0703866407
vt 0.741440237 0.0619960688
vt 0.756104946 0.0703866407
vt 0.762515247 0.0742005929
vt 0.756104946 0.0703866407
vt 0.762515247 0.0742005929
vt 0.762515247 0.0742005929
vt 0.756104946 0.0703866407
vt 0.762515247 0.0742005929
vt 0.779109776 0.0848730505
vt 0.762515247 0.0742005929
vt 0.779109776 0.0848730505
vt 0.779109776 0.0848730505
vt 0.762515247 0.0742005929
vt 0.779109776 0.0848730505
vt 0.787234902 0.0904481411
vt 0.779109776 0.0848730505
vt 0.787234902 0.0904481411
vt 0.787234902 0.0904481411
vt 0.779109776 0.0848730505
vt 0.787234902 0.0904481411
vt 0.791253924 0.0932933763
vt 0.787234902 0.0904481411
vt 0.791253924 0.0932933763
vt 0.791253924 0.0932933763
vt 0.787234902 0.0904481411
vt 0.791253924 0.0932933763
vt 0.79325223 0.0947304517
vt 0.791253924 0.0932933763
vt 0.791253924 0.0932933763
vt 0.79325223 0.0947304517
vt 0.79325223 0.0947304517
vt 0.79325223 0.0947304517
vt 0.794248581 0.0954524875
vt 0.79325223 0.0947304517
vt 0.79325223 0.0947304517
vt 0.794248581 0.0954524875
vt 0.794248581 0.0954524875
vt 0.794248581 0.0954524875
vt 0.794746041 0.0958145484
vt 0.794248581 0.0954524875
vt 0.794248581 0.0954524875
vt 0.794746041 0.0958145484
vt 0.794746041 0.0958145484
vt 0.794746041 0.0958145484
vt 0.795243084 0.0961770266
vt 0.794746041 0.0958145484
vt 0.794746041 0.0958145484
vt 0.795243084 0.0961770266
vt 0.795243084 0.0961770266
vt 0.0160968527 0.373791754
vt 0.00351894135 0.440369338
vt 0.0160968527 0.373791754
vt 0.191470191 0.892656982
vt 0.192176431 0.89320904
vt 0.191470191 0.892656982
vt 0.191470191 0.892656982
vt 0.192176431 0.89320904
vt 0.192176431 0.89320904
vt 0.192176431 0.89320904
vt 0.192529947 0.893484652
vt 0.192176431 0.89320904
vt 0.192176431 0.89320904
vt 0.192529947 0.893484652
vt 0.192529947 0.893484652
vt 0.192529947 0.893484652
vt 0.1928837 0.893759966
vt 0.192529947 0.893484652
vt 0.192529947 0.893484652
vt 0.1928837 0.893759966
vt 0.1928837 0.893759966
vt 0.191470191 0.892656982
vt 0.190060645 0.891548872
vt 0.191470191 0.892656982
vt 0.190060645 0.891548872
vt 0.190060645 0.891548872
vt 0.191470191 0.892656982
vt 0.190060645 0.891548872
vt 0.187253475 0.889317453
vt 0.190060645 0.891548872
vt 0.187253475 0.889317453
vt 0.187253475 0.889317453
vt 0.190060645 0.891548872
vt 0.187253475 0.889317453
vt 0.181687266 0.884794593
vt 0.187253475 0.889317453
vt 0.181687266 0.884794593
vt 0.181687266 0.884794593
vt 0.187253475 0.889317453
vt 0.181687266 0.884794593
vt 0.170751572 0.875511289
vt 0.181687266 0.884794593
vt 0.170751572 0.875511289
vt 0.170751572 0.875511289
vt 0.181687266 0.884794593
vt 0.170751572 0.875511289
vt 0.163201183 0.868777812
vt 0.170751572 0.875511289
vt 0.163201183 0.868777812
vt 0.163201183 0.868777812
vt 0.170751572 0.875511289
vt 0.163201183 0.868777812
vt 0.149697751 0.856022656
vt 0.163201183 0.868777812
vt 0.149697751 0.856022656
vt 0.149697751 0.856022656
vt 0.163201183 0.868777812
vt 0.149697751 0.856022656
vt 0.116363466 0.819964051
vt 0.149697751 0.856022656
vt 0.149697751 0.856022656
vt 0.116363466 0.819964051
vt 0.116363466 0.819964051
vt 0.116363466 0.819964051
vt 0.0764679536 0.765076935
vt 0.116363466 0.819964051
vt 0.116363466 0.819964051
vt 0.0764679536 0.765076935
vt 0.0764679536 0.765076935
vt 0.0764679536 0.765076935
vt 0.0443781018 0.705308259
vt 0.0764679536 0.765076935
vt 0.0764679536 0.765076935
vt 0.0443781018 0.705308259
vt 0.0443781018 0.705308259
vt 0.0443781018 0.705308259
vt 0.0277621374 0.663727522
vt 0.0443781018 0.705308259
vt 0.0277621374 0.663727522
vt 0.0277621374 0.663727522
vt 0.0443781018 0.705308259
vt 0.0277621374 0.663727522
vt 0.0207243245 0.641946793
vt 0.0277621374 0.663727522
vt 0.0207243245 0.641946793
vt 0.0207243245 0.641946793
vt 0.0277621374 0.663727522
vt 0.0207243245 0.641946793
vt 0.0120083755 0.608486176
vt 0.0207243245 0.641946793
vt 0.0120083755 0.608486176
vt 0.0120083755 0.608486176
vt 0.0207243245 0.641946793
vt 0.0120083755 0.608486176
vt 0.00583542045 0.575752914
vt 0.0120083755 0.608486176
vt 0.00583542045 0.575752914
vt 0.00583542045 0.575752914
vt 0.0120083755 0.608486176
vt 0.00583542045 0.575752914
vt 0.00273190695 0.551777184
vt 0.00583542045 0.575752914
vt 0.00273190695 0.551777184
vt 0.00273190695 0.551777184
vt 0.00583542045 0.575752914
vt 0.00273190695 0.551777184
vt 7.35595386e-05 0.508154809
vt 0.00273190695 0.551777184
vt 7.35595386e-05 0.508154809
vt 7.35595386e-05 0.508154809
vt 0.00273190695 0.551777184
vt 7.35595386e-05 0.508154809
vt 0 0.499373376
vt 7.35595386e-05 0.508154809
vt 0 0.499373376
vt 0 0.499373376
vt 7.35595386e-05 0.508154809
vt 0 0.499373376
vt 0.00351894135 0.440369338
vt 0 0.499373376
vt 0.00351894135 0.440369338
vt 0.00351894135 0.440369338
vt 0 0.499373376
vt 0.00351894135 0.440369338
vt 0.0160968527 0.373791754
vt 0.00351894135 0.440369338
vt 0.0160968527 0.373791754
vt 0.0313706435 0.325434506
vt 0.0160968527 0.373791754
vt 0.0313706435 0.325434506
vt 0.0313706435 0.325434506
vt 0.0160968527 0.373791754
vt 0.0313706435 0.325434506
vt 0.0376337245 0.309466869
vt 0.0313706435 0.325434506
vt 0.0376337245 0.309466869
vt 0.0376337245 0.309466869
vt 0.0313706435 0.325434506
vt 0.0376337245 0.309466869
vt 0.0545407794 0.272724241
vt 0.0376337245 0.309466869
vt 0.0545407794 0.272724241
vt 0.0545407794 0.272724241
vt 0.0376337245 0.309466869
vt 0.0545407794 0.272724241
vt 0.06760481 0.2487524
vt 0.0545407794 0.272724241
vt 0.06760481 0.2487524
vt 0.06760481 0.2487524
vt 0.0545407794 0.272724241
vt 0.06760481 0.2487524
vt 0.0836267769 0.223010629
vt 0.06760481 0.2487524
vt 0.0836267769 0.223010629
vt 0.0836267769 0.223010629
vt 0.06760481 0.2487524
vt 0.0836267769 0.223010629
vt 0.105555385 0.192606464
vt 0.0836267769 0.223010629
vt 0.105555385 0.192606464
vt 0.105555385 0.192606464
vt 0.0836267769 0.223010629
vt 0.105555385 0.192606464
vt 0.118280448 0.176952288
vt 0.105555385 0.192606464
vt 0.118280448 0.176952288
vt 0.118280448 0.176952288
vt 0.105555385 0.192606464
vt 0.118280448 0.176952288
vt 0.150723532 0.142147362
vt 0.118280448 0.176952288
vt 0.150723532 0.142147362
vt 0.150723532 0.142147362
vt 0.118280448 0.176952288
vt 0.150723532 0.142147362
vt 0.158027336 0.135166913
vt 0.150723532 0.142147362
vt 0.158027336 0.135166913
vt 0.158027336 0.135166913
vt 0.150723532 0.142147362
vt 0.158027336 0.135166913
vt 0.179653838 0.1160568
vt 0.158027336 0.135166913
vt 0.179653838 0.1160568
vt 0.179653838 0.1160568
vt 0.158027336 0.135166913
vt 0.179653838 0.1160568
vt 0.190874666 0.106976047
vt 0.179653838 0.1160568
vt 0.190874666 0.106976047
vt 0.190874666 0.106976047
vt 0.179653838 0.1160568
vt 0.190874666 0.106976047
vt 0.196582884 0.10255754
vt 0.190874666 0.106976047
vt 0.196582884 0.10255754
vt 0.196582884 0.10255754
vt 0.190874666 0.106976047
vt 0.196582884 0.10255754
vt 0.199460894 0.100379162
vt 0.196582884 0.10255754
vt 0.196582884 0.10255754
vt 0.199460894 0.100379162
vt 0.199460894 0.100379162
vt 0.199460894 0.100379162
vt 0.200905845 0.0992977247
vt 0.199460894 0.100379162
vt 0.199460894 0.100379162
vt 0.200905845 0.0992977247
vt 0.200905845 0.0992977247
vt 0.200905845 0.0992977247
vt 0.201629758 0.0987590998
vt 0.200905845 0.0992977247
vt 0.200905845 0.0992977247
vt 0.201629758 0.0987590998
vt 0.201629758 0.0987590998
vt 0.201629758 0.0987590998
vt 0.20235467 0.0982215926
vt 0.201629758 0.0987590998
vt 0.201629758 0.0987590998
vt 0.20235467 0.0982215926
vt 0.20235467 0.0982215926
vt 0.802013695 0.898403049
vt 0.745883226 0.93517518
vt 0.802013695 0.898403049
vt 0.802013695 0.898403049
vt 0.745883226 0.93517518
vt 0.745883226 0.93517518
vt 0.745883226 0.93517518
vt 0.685360193 0.964115441
vt 0.745883226 0.93517518
vt 0.745883226 0.93517518
vt 0.685360193 0.964115441
vt 0.685360193 0.964115441
vt 0.685360193 0.964115441
vt 0.620612204 0.985062122
vt 0.685360193 0.964115441
vt 0.685360193 0.964115441
vt 0.620612204 0.985062122
vt 0.620612204 0.985062122
vt 0.620612204 0.985062122
vt 0.553395808 0.997129738
vt 0.620612204 0.985062122
vt 0.620612204 0.985062122
vt 0.553395808 0.997129738
vt 0.553395808 0.997129738
vt 0.553395808 0.997129738
vt 0.496443868 1
vt 0.553395808 0.997129738
vt 0.553395808 0.997129738
vt 0.496443868 1
vt 0.496443868 1
vt 0.496443868 1
vt 0.430179745 0.994853437
vt 0.496443868 1
vt 0.496443868 1
vt 0.430179745 0.994853437
vt 0.430179745 0.994853437
vt 0.430179745 0.994853437
vt 0.365023524 0.980833888
vt 0.430179745 0.994853437
vt 0.430179745 0.994853437
vt 0.365023524 0.980833888
vt 0.365023524 0.980833888
vt 0.365023524 0.980833888
vt 0.301050901 0.95787853
vt 0.365023524 0.980833888
vt 0.365023524 0.980833888
vt 0.301050901 0.95787853
vt 0.301050901 0.95787853
vt 0.301050901 0.95787853
vt 0.240334049 0.926423073
vt 0.301050901 0.95787853
vt 0.301050901 0.95787853
vt 0.240334049 0.926423073
vt 0.240334049 0.926423073
vt 0.196963504 0.896898091
vt 0.194919661 0.895334482
vt 0.194919661 0.895334482
vt 0.194919661 0.895334482
vt 0.193900704 0.894548595
vt 0.194919661 0.895334482
vt 0.194919661 0.895334482
vt 0.193900704 0.894548595
vt 0.193900704 0.894548595
vt 0.193900704 0.894548595
vt 0.193391964 0.894154549
vt 0.193900704 0.894548595
vt 0.193900704 0.894548595
vt 0.193391964 0.894154549
vt 0.193391964 0.894154549
vt 0.193391964 0.894154549
vt 0.1928837 0.893759966
vt 0.193391964 0.894154549
vt 0.193391964 0.894154549
vt 0.1928837 0.893759966
vt 0.1928837 0.893759966
vt 0.240334049 0.926423073
vt 0.226360321 0.917628407
vt 0.240334049 0.926423073
vt 0.226360321 0.917628407
vt 0.226360321 0.917628407
vt 0.240334049 0.926423073
vt 0.226360321 0.917628407
vt 0.209387064 0.906049013
vt 0.226360321 0.917628407
vt 0.209387064 0.906049013
vt 0.209387064 0.906049013
vt 0.226360321 0.917628407
vt 0.209387064 0.906049013
vt 0.201074377 0.899992406
vt 0.209387064 0.906049013
vt 0.201074377 0.899992406
vt 0.201074377 0.899992406
vt 0.209387064 0.906049013
vt 0.201074377 0.899992406
vt 0.196963504 0.896898091
vt 0.201074377 0.899992406
vt 0.196963504 0.896898091
vt 0.196963504 0.896898091
vt 0.201074377 0.899992406
vt 0.196963504 0.896898091
vt 0.194919661 0.895334482
vt 0.196963504 0.896898091
vt 0.795608878 0.0964445248
vt 0.795243084 0.0961770266
vt 0.795243084 0.0961770266
vt 0.795243084 0.0961770266
vt 0.795608878 0.0964445248
vt 0.795608878 0.0964445248
vt 0.795608878 0.0964445248
vt 0.795974553 0.0967122987
vt 0.795608878 0.0964445248
vt 0.795608878 0.0964445248
vt 0.795974553 0.0967122987
vt 0.795974553 0.0967122987
vt 0.795974553 0.0967122987
vt 0.796705067 0.0972489715
vt 0.795974553 0.0967122987
vt 0.795974553 0.0967122987
vt 0.796705067 0.0972489715
vt 0.796705067 0.0972489715
vt 0.796705067 0.0972489715
vt 0.798163116 0.0983260721
vt 0.796705067 0.0972489715
vt 0.796705067 0.0972489715
vt 0.798163116 0.0983260721
vt 0.798163116 0.0983260721
vt 0.798163116 0.0983260721
vt 0.801067472 0.100496352
vt 0.798163116 0.0983260721
vt 0.801067472 0.100496352
vt 0.801067472 0.100496352
vt 0.798163116 0.0983260721
vt 0.801067472 0.100496352
vt 0.806828737 0.104899772
vt 0.801067472 0.100496352
vt 0.806828737 0.104899772
vt 0.806828737 0.104899772
vt 0.801067472 0.100496352
vt 0.806828737 0.104899772
vt 0.818157315 0.113955945
vt 0.806828737 0.104899772
vt 0.818157315 0.113955945
vt 0.818157315 0.113955945
vt 0.806828737 0.104899772
vt 0.818157315 0.113955945
vt 0.840004563 0.133038118
vt 0.818157315 0.113955945
vt 0.840004563 0.133038118
vt 0.840004563 0.133038118
vt 0.818157315 0.113955945
vt 0.840004563 0.133038118
vt 0.847121239 0.139759734
vt 0.840004563 0.133038118
vt 0.847121239 0.139759734
vt 0.847121239 0.139759734
vt 0.840004563 0.133038118
vt 0.847121239 0.139759734
vt 0.880201995 0.174856752
vt 0.847121239 0.139759734
vt 0.880201995 0.174856752
vt 0.880201995 0.174856752
vt 0.847121239 0.139759734
vt 0.880201995 0.174856752
vt 0.892612517 0.18995358
vt 0.880201995 0.174856752
vt 0.892612517 0.18995358
vt 0.892612517 0.18995358
vt 0.880201995 0.174856752
vt 0.892612517 0.18995358
vt 0.915294528 0.221068457
vt 0.892612517 0.18995358
vt 0.915294528 0.221068457
vt 0.915294528 0.221068457
vt 0.892612517 0.18995358
vt 0.915294528 0.221068457
vt 0.93092525 0.245904803
vt 0.915294528 0.221068457
vt 0.93092525 0.245904803
vt 0.93092525 0.245904803
vt 0.915294528 0.221068457
vt 0.93092525 0.245904803
vt 0.944778442 0.271052063
vt 0.93092525 0.245904803
vt 0.944778442 0.271052063
vt 0.944778442 0.271052063
vt 0.93092525 0.245904803
vt 0.944778442 0.271052063
vt 0.961257875 0.306440324
vt 0.944778442 0.271052063
vt 0.961257875 0.306440324
vt 0.961257875 0.306440324
vt 0.944778442 0.271052063
vt 0.961257875 0.306440324
vt 0.968280733 0.324134439
vt 0.961257875 0.306440324
vt 0.968280733 0.324134439
vt 0.968280733 0.324134439
vt 0.961257875 0.306440324
vt 0.968280733 0.324134439
vt 0.983186185 0.370700836
vt 0.968280733 0.324134439
vt 0.968280733 0.324134439
vt 0.983186185 0.370700836
vt 0.983186185 0.370700836
vt 0.983186185 0.370700836
vt 0.996125221 0.437205225
vt 0.983186185 0.370700836
vt 0.983186185 0.370700836
vt 0.996125221 0.437205225
vt 0.996125221 0.437205225
vt 0.996125221 0.437205225
vt 0.999976933 0.49476546
vt 0.996125221 0.437205225
vt 0.996125221 0.437205225
vt 0.999976933 0.49476546
vt 0.999976933 0.49476546
vt 0.999976933 0.49476546
vt 1 0.499838948
vt 0.999976933 0.49476546
vt 1 0.499838948
vt 1 0.499838948
vt 0.999976933 0.49476546
vt 1 0.499838948
vt 0.99602592 0.562772989
vt 1 0.499838948
vt 0.99602592 0.562772989
vt 0.99602592 0.562772989
vt 1 0.499838948
vt 0.99602592 0.562772989
vt 0.987680078 0.610268533
vt 0.99602592 0.562772989
vt 0.987680078 0.610268533
vt 0.987680078 0.610268533
vt 0.99602592 0.562772989
vt 0.987680078 0.610268533
vt 0.982892692 0.629621029
vt 0.987680078 0.610268533
vt 0.982892692 0.629621029
vt 0.982892692 0.629621029
vt 0.987680078 0.610268533
vt 0.982892692 0.629621029
vt 0.971541107 0.66618526
vt 0.982892692 0.629621029
vt 0.971541107 0.66618526
vt 0.971541107 0.66618526
vt 0.982892692 0.629621029
vt 0.971541107 0.66618526
vt 0.960930645 0.693644881
vt 0.971541107 0.66618526
vt 0.960930645 0.693644881
vt 0.960930645 0.693644881
vt 0.971541107 0.66618526
vt 0.960930645 0.693644881
vt 0.948999345 0.719878614
vt 0.960930645 0.693644881
vt 0.948999345 0.719878614
vt 0.948999345 0.719878614
vt 0.960930645 0.693644881
vt 0.948999345 0.719878614
vt 0.930441558 0.754287004
vt 0.948999345 0.719878614
vt 0.930441558 0.754287004
vt 0.930441558 0.754287004
vt 0.948999345 0.719878614
vt 0.930441558 0.754287004
vt 0.920364082 0.770623803
vt 0.930441558 0.754287004
vt 0.920364082 0.770623803
vt 0.920364082 0.770623803
vt 0.930441558 0.754287004
vt 0.920364082 0.770623803
vt 0.891964674 0.810349107
vt 0.920364082 0.770623803
vt 0.920364082 0.770623803
vt 0.891964674 0.810349107
vt 0.891964674 0.810349107
vt 0.891964674 0.810349107
vt 0.846311092 0.86056602
vt 0.891964674 0.810349107
vt 0.891964674 0.810349107
vt 0.846311092 0.86056602
vt 0.846311092 0.86056602
vt 0.846311092 0.86056602
vt 0.802013695 0.898403049
vt 0.846311092 0.86056602
vt 0.846311092 0.86056602
vt 0.802013695 0.898403049
vt 0.802013695 0.898403049
vt 0.615304053 0.0134382164
vt 0.676552176 0.0715190694
vt 0.680175722 0.0335012525
vt 0.798163116 0.0983260721
vt 0.796978772 0.0976645276
vt 0.801067472 0.100496352
vt 0.107223175 0.262370408
vt 0.144043893 0.311210841
vt 0.16102843 0.253203601
vt 0.144043893 0.311210841
vt 0.271473706 0.238697067
vt 0.16102843 0.253203601
vt 0.177530676 0.79476887
vt 0.268606126 0.755684674
vt 0.157187998 0.739173234
vt 0.00583542045 0.575752914
vt 0.122946747 0.558359265
vt 0.00273190695 0.551777184
vt 0.0207243245 0.641946793
vt 0.129691854 0.620281994
vt 0.0120083755 0.608486176
vt 0.548332453 0.891803384
vt 0.588924587 0.943274677
vt 0.598801672 0.888287961
vt 0.588924587 0.943274677
vt 0.648860574 0.882306933
vt 0.598801672 0.888287961
vt 0.920364082 0.770623803
vt 0.840980649 0.83509022
vt 0.891964674 0.810349107
vt 0.876473367 0.559348464
vt 1 0.499838948
vt 0.878538489 0.496216089
vt 0.895556092 0.731530666
vt 0.960930645 0.693644881
vt 0.915086389 0.675073802
vt 1 0.499838948
vt 0.876473367 0.559348464
vt 0.99602592 0.562772989
vt 0.876473367 0.559348464
vt 0.987680078 0.610268533
vt 0.99602592 0.562772989
vt 0.876473367 0.559348464
vt 0.929068327 0.616436303
vt 0.987680078 0.610268533
vt 0.929068327 0.616436303
vt 0.982892692 0.629621029
vt 0.987680078 0.610268533
vt 0.929068327 0.616436303
vt 0.915086389 0.675073802
vt 0.982892692 0.629621029
vt 0.915086389 0.675073802
vt 0.971541107 0.66618526
vt 0.982892692 0.629621029
vt 0.915086389 0.675073802
vt 0.960930645 0.693644881
vt 0.971541107 0.66618526
vt 0.920364082 0.770623803
vt 0.930441558 0.754287004
vt 0.870744765 0.785097659
vt 0.930441558 0.754287004
vt 0.895556092 0.731530666
vt 0.870744765 0.785097659
vt 0.930441558 0.754287004
vt 0.948999345 0.719878614
vt 0.895556092 0.731530666
vt 0.948999345 0.719878614
vt 0.960930645 0.693644881
vt 0.895556092 0.731530666
vt 0.870744765 0.785097659
vt 0.895556092 0.731530666
vt 0.819874585 0.797742844
vt 0.895556092 0.731530666
vt 0.84097749 0.74170208
vt 0.819874585 0.797742844
vt 0.895556092 0.731530666
vt 0.915086389 0.675073802
vt 0.84097749 0.74170208
vt 0.915086389 0.675073802
vt 0.857587337 0.682822704
vt 0.84097749 0.74170208
vt 0.915086389 0.675073802
vt 0.929068327 0.616436303
vt 0.857587337 0.682822704
vt 0.929068327 0.616436303
vt 0.869477272 0.621800601
vt 0.857587337 0.682822704
vt 0.929068327 0.616436303
vt 0.876473367 0.559348464
vt 0.869477272 0.621800601
vt 0.794557691 0.85027504
vt 0.765342891 0.898660481
vt 0.840980649 0.83509022
vt 0.765342891 0.898660481
vt 0.806635499 0.880856335
vt 0.840980649 0.83509022
vt 0.765342891 0.898660481
vt 0.745883226 0.93517518
vt 0.806635499 0.880856335
vt 0.745883226 0.93517518
vt 0.802013695 0.898403049
vt 0.806635499 0.880856335
vt 0.840980649 0.83509022
vt 0.806635499 0.880856335
vt 0.891964674 0.810349107
vt 0.806635499 0.880856335
vt 0.846311092 0.86056602
vt 0.891964674 0.810349107
vt 0.806635499 0.880856335
vt 0.802013695 0.898403049
vt 0.846311092 0.86056602
vt 0.626343489 0.428818136
vt 0.499431938 0.497921914
vt 0.627245188 0.497766316
vt 0.499431938 0.497921914
vt 0.626511276 0.566786408
vt 0.627245188 0.497766316
vt 0.634277761 0.936249793
vt 0.678946197 0.926422119
vt 0.698304832 0.873934507
vt 0.678946197 0.926422119
vt 0.746936381 0.863237202
vt 0.698304832 0.873934507
vt 0.678946197 0.926422119
vt 0.722708404 0.913868368
vt 0.746936381 0.863237202
vt 0.553395808 0.997129738
vt 0.620612204 0.985062122
vt 0.634277761 0.936249793
vt 0.620612204 0.985062122
vt 0.678946197 0.926422119
vt 0.634277761 0.936249793
vt 0.620612204 0.985062122
vt 0.685360193 0.964115441
vt 0.678946197 0.926422119
vt 0.685360193 0.964115441
vt 0.722708404 0.913868368
vt 0.678946197 0.926422119
vt 0.648860574 0.882306933
vt 0.715079725 0.817428887
vt 0.607360005 0.829368174
vt 0.556621671 0.769456327
vt 0.607360005 0.829368174
vt 0.614493489 0.767113805
vt 0.648860574 0.882306933
vt 0.607360005 0.829368174
vt 0.598801672 0.888287961
vt 0.607360005 0.829368174
vt 0.548332453 0.891803384
vt 0.598801672 0.888287961
vt 0.607360005 0.829368174
vt 0.556621671 0.769456327
vt 0.548332453 0.891803384
vt 0.556621671 0.769456327
vt 0.498593241 0.770084739
vt 0.548332453 0.891803384
vt 0.556621671 0.769456327
vt 0.499170482 0.636698842
vt 0.498593241 0.770084739
vt 0.614493489 0.767113805
vt 0.620109081 0.702156126
vt 0.556621671 0.769456327
vt 0.620109081 0.702156126
vt 0.499170482 0.636698842
vt 0.556621671 0.769456327
vt 0.620109081 0.702156126
vt 0.624132812 0.635154605
vt 0.499170482 0.636698842
vt 0.246437505 0.563165486
vt 0.372248054 0.566341102
vt 0.37169975 0.497499496
vt 0.372248054 0.566341102
vt 0.499431938 0.497921914
vt 0.37169975 0.497499496
vt 0.372248054 0.566341102
vt 0.499170482 0.636698842
vt 0.499431938 0.497921914
vt 0.499170482 0.636698842
vt 0.626511276 0.566786408
vt 0.499431938 0.497921914
vt 0.499170482 0.636698842
vt 0.624132812 0.635154605
vt 0.626511276 0.566786408
vt 0.129691854 0.620281994
vt 0.250793397 0.628949702
vt 0.246437505 0.563165486
vt 0.250793397 0.628949702
vt 0.372248054 0.566341102
vt 0.246437505 0.563165486
vt 0.250793397 0.628949702
vt 0.374313772 0.634529233
vt 0.372248054 0.566341102
vt 0.374313772 0.634529233
vt 0.499170482 0.636698842
vt 0.372248054 0.566341102
vt 0.0207243245 0.641946793
vt 0.0277621374 0.663727522
vt 0.129691854 0.620281994
vt 0.377859801 0.701354086
vt 0.258223444 0.693349421
vt 0.268606126 0.755684674
vt 0.258223444 0.693349421
vt 0.157187998 0.739173234
vt 0.268606126 0.755684674
vt 0.258223444 0.693349421
vt 0.141166478 0.680785358
vt 0.157187998 0.739173234
vt 0.496443868 1
vt 0.447052091 0.891167521
vt 0.430179745 0.994853437
vt 0.396699637 0.88703537
vt 0.346822321 0.88046813
vt 0.405429751 0.941924989
vt 0.346822321 0.88046813
vt 0.360272616 0.934268057
vt 0.405429751 0.941924989
vt 0.396699637 0.88703537
vt 0.405429751 0.941924989
vt 0.447052091 0.891167521
vt 0.405429751 0.941924989
vt 0.430179745 0.994853437
vt 0.447052091 0.891167521
vt 0.405429751 0.941924989
vt 0.360272616 0.934268057
vt 0.430179745 0.994853437
vt 0.360272616 0.934268057
vt 0.365023524 0.980833888
vt 0.430179745 0.994853437
vt 0.553395808 0.997129738
vt 0.497672349 0.892778277
vt 0.496443868 1
vt 0.497672349 0.892778277
vt 0.447052091 0.891167521
vt 0.496443868 1
vt 0.497672349 0.892778277
vt 0.440597653 0.768962681
vt 0.447052091 0.891167521
vt 0.440597653 0.768962681
vt 0.396699637 0.88703537
vt 0.447052091 0.891167521
vt 0.440597653 0.768962681
vt 0.389132351 0.828245103
vt 0.396699637 0.88703537
vt 0.389132351 0.828245103
vt 0.346822321 0.88046813
vt 0.396699637 0.88703537
vt 0.281793565 0.81529367
vt 0.249242142 0.860341549
vt 0.297608286 0.871546745
vt 0.249242142 0.860341549
vt 0.315851867 0.923847854
vt 0.297608286 0.871546745
vt 0.249242142 0.860341549
vt 0.272374094 0.910745323
vt 0.315851867 0.923847854
vt 0.377859801 0.701354086
vt 0.268606126 0.755684674
vt 0.382823676 0.766143858
vt 0.268606126 0.755684674
vt 0.281793565 0.81529367
vt 0.382823676 0.766143858
vt 0.268606126 0.755684674
vt 0.177530676 0.79476887
vt 0.281793565 0.81529367
vt 0.177530676 0.79476887
vt 0.249242142 0.860341549
vt 0.281793565 0.81529367
vt 0.177530676 0.79476887
vt 0.201922536 0.846928716
vt 0.249242142 0.860341549
vt 0.201922536 0.846928716
vt 0.272374094 0.910745323
vt 0.249242142 0.860341549
vt 0.201922536 0.846928716
vt 0.230058327 0.895042956
vt 0.272374094 0.910745323
vt 0.1928837 0.893759966
vt 0.193391964 0.894154549
vt 0.192529947 0.893484652
vt 0.193391964 0.894154549
vt 0.192176431 0.89320904
vt 0.192529947 0.893484652
vt 0.193391964 0.894154549
vt 0.193900704 0.894548595
vt 0.192176431 0.89320904
vt 0.193900704 0.894548595
vt 0.191470191 0.892656982
vt 0.192176431 0.89320904
vt 0.193900704 0.894548595
vt 0.194919661 0.895334482
vt 0.191470191 0.892656982
vt 0.194919661 0.895334482
vt 0.192121267 0.893110394
vt 0.191470191 0.892656982
vt 0.194919661 0.895334482
vt 0.196963504 0.896898091
vt 0.192121267 0.893110394
vt 0.190267697 0.890822828
vt 0.191431478 0.892404199
vt 0.195640132 0.895447612
vt 0.195640132 0.895447612
vt 0.198966801 0.896680772
vt 0.190267697 0.890822828
vt 0.198966801 0.896680772
vt 0.188789204 0.886997819
vt 0.190267697 0.890822828
vt 0.198966801 0.896680772
vt 0.207271531 0.897820294
vt 0.188789204 0.886997819
vt 0.207271531 0.897820294
vt 0.189113006 0.876794159
vt 0.188789204 0.886997819
vt 0.207271531 0.897820294
vt 0.230058327 0.895042956
vt 0.189113006 0.876794159
vt 0.230058327 0.895042956
vt 0.155831248 0.831333935
vt 0.189113006 0.876794159
vt 0.230058327 0.895042956
vt 0.201922536 0.846928716
vt 0.155831248 0.831333935
vt 0.201922536 0.846928716
vt 0.126977041 0.781766593
vt 0.155831248 0.831333935
vt 0.201922536 0.846928716
vt 0.177530676 0.79476887
vt 0.126977041 0.781766593
vt 0.177530676 0.79476887
vt 0.102911085 0.728711426
vt 0.126977041 0.781766593
vt 0.177530676 0.79476887
vt 0.157187998 0.739173234
vt 0.102911085 0.728711426
vt 0.157187998 0.739173234
vt 0.0839545652 0.672820985
vt 0.102911085 0.728711426
vt 0.157187998 0.739173234
vt 0.141166478 0.680785358
vt 0.0839545652 0.672820985
vt 0.163201183 0.868777812
vt 0.170751572 0.875511289
vt 0.189113006 0.876794159
vt 0.170751572 0.875511289
vt 0.188789204 0.886997819
vt 0.189113006 0.876794159
vt 0.170751572 0.875511289
vt 0.181687266 0.884794593
vt 0.188789204 0.886997819
vt 0.181687266 0.884794593
vt 0.190267697 0.890822828
vt 0.188789204 0.886997819
vt 0.181687266 0.884794593
vt 0.187253475 0.889317453
vt 0.190267697 0.890822828
vt 0.187253475 0.889317453
vt 0.191431478 0.892404199
vt 0.190267697 0.890822828
vt 0.187253475 0.889317453
vt 0.190060645 0.891548872
vt 0.191431478 0.892404199
vt 0.191470191 0.892656982
vt 0.192121267 0.893110394
vt 0.190060645 0.891548872
vt 0.192121267 0.893110394
vt 0.191431478 0.892404199
vt 0.190060645 0.891548872
vt 0.192121267 0.893110394
vt 0.196963504 0.896898091
vt 0.191431478 0.892404199
vt 0.196963504 0.896898091
vt 0.195640132 0.895447612
vt 0.191431478 0.892404199
vt 0.196963504 0.896898091
vt 0.201074377 0.899992406
vt 0.195640132 0.895447612
vt 0.201074377 0.899992406
vt 0.198966801 0.896680772
vt 0.195640132 0.895447612
vt 0.201074377 0.899992406
vt 0.209387064 0.906049013
vt 0.198966801 0.896680772
vt 0.209387064 0.906049013
vt 0.207271531 0.897820294
vt 0.198966801 0.896680772
vt 0.209387064 0.906049013
vt 0.226360321 0.917628407
vt 0.207271531 0.897820294
vt 0.226360321 0.917628407
vt 0.230058327 0.895042956
vt 0.207271531 0.897820294
vt 0.377859801 0.701354086
vt 0.382823676 0.766143858
vt 0.440597653 0.768962681
vt 0.382823676 0.766143858
vt 0.389132351 0.828245103
vt 0.440597653 0.768962681
vt 0.382823676 0.766143858
vt 0.281793565 0.81529367
vt 0.389132351 0.828245103
vt 0.281793565 0.81529367
vt 0.346822321 0.88046813
vt 0.389132351 0.828245103
vt 0.281793565 0.81529367
vt 0.297608286 0.871546745
vt 0.346822321 0.88046813
vt 0.297608286 0.871546745
vt 0.360272616 0.934268057
vt 0.346822321 0.88046813
vt 0.297608286 0.871546745
vt 0.315851867 0.923847854
vt 0.360272616 0.934268057
vt 0.315851867 0.923847854
vt 0.365023524 0.980833888
vt 0.360272616 0.934268057
vt 0.315851867 0.923847854
vt 0.272374094 0.910745323
vt 0.365023524 0.980833888
vt 0.272374094 0.910745323
vt 0.301050901 0.95787853
vt 0.365023524 0.980833888
vt 0.272374094 0.910745323
vt 0.230058327 0.895042956
vt 0.301050901 0.95787853
vt 0.230058327 0.895042956
vt 0.240334049 0.926423073
vt 0.301050901 0.95787853
vt 0.230058327 0.895042956
vt 0.226360321 0.917628407
vt 0.240334049 0.926423073
vt 0.399668992 0.110247873
vt 0.350541174 0.11602132
vt 0.391514152 0.168351218
vt 0.350541174 0.11602132
vt 0.285421401 0.179624602
vt 0.391514152 0.168351218
vt 0.207740664 0.146553859
vt 0.285421401 0.179624602
vt 0.254361987 0.134195954
vt 0.285421401 0.179624602
vt 0.302039236 0.124019518
vt 0.254361987 0.134195954
vt 0.285421401 0.179624602
vt 0.350541174 0.11602132
vt 0.302039236 0.124019518
vt 0.264986396 0.0587006323
vt 0.22588788 0.0818310007
vt 0.236872286 0.099139601
vt 0.22588788 0.0818310007
vt 0.196676284 0.116032772
vt 0.236872286 0.099139601
vt 0.22588788 0.0818310007
vt 0.218444005 0.0868002847
vt 0.196676284 0.116032772
vt 0.218444005 0.0868002847
vt 0.197293356 0.105434068
vt 0.196676284 0.116032772
vt 0.218444005 0.0868002847
vt 0.210339978 0.092433624
vt 0.197293356 0.105434068
vt 0.210339978 0.092433624
vt 0.1992535 0.101391315
vt 0.197293356 0.105434068
vt 0.210339978 0.092433624
vt 0.206332341 0.0953084677
vt 0.1992535 0.101391315
vt 0.206332341 0.0953084677
vt 0.200659618 0.0996956825
vt 0.1992535 0.101391315
vt 0.206332341 0.0953084677
vt 0.204339728 0.0967602134
vt 0.200659618 0.0996956825
vt 0.204339728 0.0967602134
vt 0.199460894 0.100379162
vt 0.200659618 0.0996956825
vt 0.204339728 0.0967602134
vt 0.203346267 0.0974897817
vt 0.199460894 0.100379162
vt 0.203346267 0.0974897817
vt 0.200905845 0.0992977247
vt 0.199460894 0.100379162
vt 0.203346267 0.0974897817
vt 0.202850223 0.097855337
vt 0.200905845 0.0992977247
vt 0.202850223 0.097855337
vt 0.201629758 0.0987590998
vt 0.200905845 0.0992977247
vt 0.202850223 0.097855337
vt 0.202602386 0.0980384648
vt 0.201629758 0.0987590998
vt 0.202602386 0.0980384648
vt 0.20235467 0.0982215926
vt 0.201629758 0.0987590998
vt 0.132364705 0.209793404
vt 0.105555385 0.192606464
vt 0.0836267769 0.223010629
vt 0.285421401 0.179624602
vt 0.207740664 0.146553859
vt 0.18234469 0.198106125
vt 0.207740664 0.146553859
vt 0.132364705 0.209793404
vt 0.18234469 0.198106125
vt 0.207740664 0.146553859
vt 0.162318498 0.160812572
vt 0.132364705 0.209793404
vt 0.162318498 0.160812572
vt 0.105555385 0.192606464
vt 0.132364705 0.209793404
vt 0.162318498 0.160812572
vt 0.118280448 0.176952288
vt 0.105555385 0.192606464
vt 0.118280448 0.176952288
vt 0.162318498 0.160812572
vt 0.150723532 0.142147362
vt 0.162318498 0.160812572
vt 0.158027336 0.135166913
vt 0.150723532 0.142147362
vt 0.162318498 0.160812572
vt 0.17714408 0.125330731
vt 0.158027336 0.135166913
vt 0.17714408 0.125330731
vt 0.179653838 0.1160568
vt 0.158027336 0.135166913
vt 0.17714408 0.125330731
vt 0.18841739 0.110673778
vt 0.179653838 0.1160568
vt 0.18841739 0.110673778
vt 0.190874666 0.106976047
vt 0.179653838 0.1160568
vt 0.391514152 0.168351218
vt 0.271473706 0.238697067
vt 0.384671926 0.2298792
vt 0.271473706 0.238697067
vt 0.260356963 0.300618261
vt 0.384671926 0.2298792
vt 0.271473706 0.238697067
vt 0.144043893 0.311210841
vt 0.260356963 0.300618261
vt 0.144043893 0.311210841
vt 0.131605595 0.371443808
vt 0.260356963 0.300618261
vt 0.144043893 0.311210841
vt 0.0160968527 0.373791754
vt 0.131605595 0.371443808
vt 0.0160968527 0.373791754
vt 0.00351894135 0.440369338
vt 0.131605595 0.371443808
vt 0.0160968527 0.373791754
vt 0.144043893 0.311210841
vt 0.0313706435 0.325434506
vt 0.144043893 0.311210841
vt 0.0376337245 0.309466869
vt 0.0313706435 0.325434506
vt 0.144043893 0.311210841
vt 0.107223175 0.262370408
vt 0.0376337245 0.309466869
vt 0.107223175 0.262370408
vt 0.0545407794 0.272724241
vt 0.0376337245 0.309466869
vt 0.107223175 0.262370408
vt 0.06760481 0.2487524
vt 0.0545407794 0.272724241
vt 0.391514152 0.168351218
vt 0.285421401 0.179624602
vt 0.271473706 0.238697067
vt 0.285421401 0.179624602
vt 0.16102843 0.253203601
vt 0.271473706 0.238697067
vt 0.285421401 0.179624602
vt 0.18234469 0.198106125
vt 0.16102843 0.253203601
vt 0.18234469 0.198106125
vt 0.107223175 0.262370408
vt 0.16102843 0.253203601
vt 0.18234469 0.198106125
vt 0.132364705 0.209793404
vt 0.107223175 0.262370408
vt 0.132364705 0.209793404
vt 0.06760481 0.2487524
vt 0.107223175 0.262370408
vt 0.132364705 0.209793404
vt 0.0836267769 0.223010629
vt 0.06760481 0.2487524
vt 0.00273190695 0.551777184
vt 0.122946747 0.558359265
vt 7.35595386e-05 0.508154809
vt 0.122946747 0.558359265
vt 0.121005714 0.495751619
vt 7.35595386e-05 0.508154809
vt 0.122946747 0.558359265
vt 0.245211199 0.496715873
vt 0.121005714 0.495751619
vt 0.245211199 0.496715873
vt 0.247141123 0.430326581
vt 0.121005714 0.495751619
vt 0.245211199 0.496715873
vt 0.372689575 0.428722322
vt 0.247141123 0.430326581
vt 0.372689575 0.428722322
vt 0.375204027 0.360727489
vt 0.247141123 0.430326581
vt 0.372689575 0.428722322
vt 0.499476969 0.359419197
vt 0.375204027 0.360727489
vt 0.796978772 0.0976645276
vt 0.798425913 0.0993763655
vt 0.801067472 0.100496352
vt 0.798425913 0.0993763655
vt 0.806828737 0.104899772
vt 0.801067472 0.100496352
vt 0.798425913 0.0993763655
vt 0.800469339 0.103458926
vt 0.806828737 0.104899772
vt 0.800469339 0.103458926
vt 0.818157315 0.113955945
vt 0.806828737 0.104899772
vt 0.800469339 0.103458926
vt 0.801252127 0.114169657
vt 0.818157315 0.113955945
vt 0.801252127 0.114169657
vt 0.840004563 0.133038118
vt 0.818157315 0.113955945
vt 0.801252127 0.114169657
vt 0.836043537 0.158994451
vt 0.840004563 0.133038118
vt 0.760914564 0.09757597
vt 0.741440237 0.0619960688
vt 0.735037923 0.0585349649
vt 0.741440237 0.0619960688
vt 0.760914564 0.09757597
vt 0.756104946 0.0703866407
vt 0.760914564 0.09757597
vt 0.762515247 0.0742005929
vt 0.756104946 0.0703866407
vt 0.760914564 0.09757597
vt 0.782344818 0.0935470462
vt 0.762515247 0.0742005929
vt 0.782344818 0.0935470462
vt 0.779109776 0.0848730505
vt 0.762515247 0.0742005929
vt 0.782344818 0.0935470462
vt 0.789909303 0.0940011591
vt 0.779109776 0.0848730505
vt 0.789909303 0.0940011591
vt 0.787234902 0.0904481411
vt 0.779109776 0.0848730505
vt 0.789909303 0.0940011591
vt 0.792860806 0.0948704183
vt 0.787234902 0.0904481411
vt 0.792860806 0.0948704183
vt 0.791253924 0.0932933763
vt 0.787234902 0.0904481411
vt 0.792860806 0.0948704183
vt 0.794124007 0.0954684094
vt 0.791253924 0.0932933763
vt 0.794124007 0.0954684094
vt 0.79325223 0.0947304517
vt 0.791253924 0.0932933763
vt 0.840004563 0.133038118
vt 0.836043537 0.158994451
vt 0.847121239 0.139759734
vt 0.836043537 0.158994451
vt 0.880201995 0.174856752
vt 0.847121239 0.139759734
vt 0.836043537 0.158994451
vt 0.866419494 0.208123326
vt 0.880201995 0.174856752
vt 0.880201995 0.174856752
vt 0.866419494 0.208123326
vt 0.892612517 0.18995358
vt 0.866419494 0.208123326
vt 0.915294528 0.221068457
vt 0.892612517 0.18995358
vt 0.866419494 0.208123326
vt 0.891942739 0.260949254
vt 0.915294528 0.221068457
vt 0.680175722 0.0335012525
vt 0.676552176 0.0715190694
vt 0.71928823 0.0833083093
vt 0.676552176 0.0715190694
vt 0.743730664 0.133037418
vt 0.71928823 0.0833083093
vt 0.676552176 0.0715190694
vt 0.69600147 0.123123161
vt 0.743730664 0.133037418
vt 0.69600147 0.123123161
vt 0.712991238 0.178826585
vt 0.743730664 0.133037418
vt 0.615304053 0.0134382164
vt 0.632916749 0.0622895472
vt 0.676552176 0.0715190694
vt 0.632916749 0.0622895472
vt 0.69600147 0.123123161
vt 0.676552176 0.0715190694
vt 0.632916749 0.0622895472
vt 0.647464812 0.115367457
vt 0.69600147 0.123123161
vt 0.647464812 0.115367457
vt 0.712991238 0.178826585
vt 0.69600147 0.123123161
vt 0.647464812 0.115367457
vt 0.606812179 0.167978823
vt 0.712991238 0.178826585
vt 0.606812179 0.167978823
vt 0.61395669 0.229587406
vt 0.712991238 0.178826585
vt 0.606812179 0.167978823
vt 0.499298543 0.226855174
vt 0.61395669 0.229587406
vt 0.588600576 0.0556824654
vt 0.548229396 0.00232057995
vt 0.598316371 0.1098224
vt 0.548229396 0.00232057995
vt 0.548757017 0.106526263
vt 0.598316371 0.1098224
vt 0.548229396 0.00232057995
vt 0.499744445 0
vt 0.548757017 0.106526263
vt 0.499744445 0
vt 0.49898988 0.105496362
vt 0.548757017 0.106526263
vt 0.499744445 0
vt 0.480343014 0.000387624721
vt 0.49898988 0.105496362
vt 0.915294528 0.221068457
vt 0.891942739 0.260949254
vt 0.93092525 0.245904803
vt 0.891942739 0.260949254
vt 0.944778442 0.271052063
vt 0.93092525 0.245904803
vt 0.891942739 0.260949254
vt 0.85523665 0.310352892
vt 0.944778442 0.271052063
vt 0.944778442 0.271052063
vt 0.85523665 0.310352892
vt 0.961257875 0.306440324
vt 0.85523665 0.310352892
vt 0.968280733 0.324134439
vt 0.961257875 0.306440324
vt 0.85523665 0.310352892
vt 0.867880881 0.370957971
vt 0.968280733 0.324134439
vt 0.867880881 0.370957971
vt 0.983186185 0.370700836
vt 0.968280733 0.324134439
vt 0.867880881 0.370957971
vt 0.87566936 0.433163434
vt 0.983186185 0.370700836
vt 0.87566936 0.433163434
vt 0.996125221 0.437205225
vt 0.983186185 0.370700836
vt 0.87566936 0.433163434
vt 0.878538489 0.496216089
vt 0.996125221 0.437205225
vt 0.878538489 0.496216089
vt 0.999976933 0.49476546
vt 0.996125221 0.437205225
vt 0.878538489 0.496216089
vt 1 0.499838948
vt 0.999976933 0.49476546
vt 0.816267192 0.196729258
vt 0.727271557 0.238052994
vt 0.837950349 0.252048969
vt 0.727271557 0.238052994
vt 0.738656461 0.300176591
vt 0.837950349 0.252048969
vt 0.727271557 0.238052994
vt 0.619651556 0.294035345
vt 0.738656461 0.300176591
vt 0.619651556 0.294035345
vt 0.623806536 0.360669374
vt 0.738656461 0.300176591
vt 0.619651556 0.294035345
vt 0.499476969 0.359419197
vt 0.623806536 0.360669374
vt 0.715079725 0.817428887
vt 0.729061604 0.757519722
vt 0.607360005 0.829368174
vt 0.729061604 0.757519722
vt 0.614493489 0.767113805
vt 0.607360005 0.829368174
vt 0.729061604 0.757519722
vt 0.74006623 0.69485414
vt 0.614493489 0.767113805
vt 0.74006623 0.69485414
vt 0.620109081 0.702156126
vt 0.614493489 0.767113805
vt 0.74006623 0.69485414
vt 0.747944713 0.630106151
vt 0.620109081 0.702156126
vt 0.747944713 0.630106151
vt 0.624132812 0.635154605
vt 0.620109081 0.702156126
vt 0.747944713 0.630106151
vt 0.752584279 0.56396687
vt 0.624132812 0.635154605
vt 0.752584279 0.56396687
vt 0.626511276 0.566786408
vt 0.624132812 0.635154605
vt 0.752584279 0.56396687
vt 0.753967285 0.497165233
vt 0.626511276 0.566786408
vt 0.753967285 0.497165233
vt 0.627245188 0.497766316
vt 0.626511276 0.566786408
vt 0.753967285 0.497165233
vt 0.752096593 0.430439323
vt 0.627245188 0.497766316
vt 0.752096593 0.430439323
vt 0.626343489 0.428818136
vt 0.627245188 0.497766316
vt 0.752096593 0.430439323
vt 0.746979654 0.364532918
vt 0.626343489 0.428818136
vt 7.35595386e-05 0.508154809
vt 0.121005714 0.495751619
vt 0 0.499373376
vt 0.121005714 0.495751619
vt 0.123901412 0.433200449
vt 0 0.499373376
vt 0.121005714 0.495751619
vt 0.247141123 0.430326581
vt 0.123901412 0.433200449
vt 0.247141123 0.430326581
vt 0.252206564 0.364722461
vt 0.123901412 0.433200449
vt 0.247141123 0.430326581
vt 0.375204027 0.360727489
vt 0.252206564 0.364722461
vt 0.375204027 0.360727489
vt 0.379215509 0.294222534
vt 0.252206564 0.364722461
vt 0.375204027 0.360727489
vt 0.499476969 0.359419197
vt 0.379215509 0.294222534
vt 0.499476969 0.359419197
vt 0.499298543 0.226855174
vt 0.379215509 0.294222534
vt 0.499476969 0.359419197
vt 0.619651556 0.294035345
vt 0.499298543 0.226855174
vt 0.619651556 0.294035345
vt 0.61395669 0.229587406
vt 0.499298543 0.226855174
vt 0.619651556 0.294035345
vt 0.727271557 0.238052994
vt 0.61395669 0.229587406
vt 0.727271557 0.238052994
vt 0.712991238 0.178826585
vt 0.61395669 0.229587406
vt 0.727271557 0.238052994
vt 0.816267192 0.196729258
vt 0.712991238 0.178826585
vt 0.816267192 0.196729258
vt 0.743730664 0.133037418
vt 0.712991238 0.178826585
vt 0.816267192 0.196729258
vt 0.790464222 0.145039812
vt 0.743730664 0.133037418
vt 0.790464222 0.145039812
vt 0.71928823 0.0833083093
vt 0.743730664 0.133037418
vt 0.790464222 0.145039812
vt 0.760914564 0.09757597
vt 0.71928823 0.0833083093
vt 0.760914564 0.09757597
vt 0.680175722 0.0335012525
vt 0.71928823 0.0833083093
vt 0.760914564 0.09757597
vt 0.735037923 0.0585349649
vt 0.680175722 0.0335012525
vt 0.920364082 0.770623803
vt 0.870744765 0.785097659
vt 0.840980649 0.83509022
vt 0.870744765 0.785097659
vt 0.794557691 0.85027504
vt 0.840980649 0.83509022
vt 0.870744765 0.785097659
vt 0.819874585 0.797742844
vt 0.794557691 0.85027504
vt 0.819874585 0.797742844
vt 0.715079725 0.817428887
vt 0.794557691 0.85027504
vt 0.819874585 0.797742844
vt 0.84097749 0.74170208
vt 0.715079725 0.817428887
vt 0.84097749 0.74170208
vt 0.729061604 0.757519722
vt 0.715079725 0.817428887
vt 0.84097749 0.74170208
vt 0.857587337 0.682822704
vt 0.729061604 0.757519722
vt 0.857587337 0.682822704
vt 0.74006623 0.69485414
vt 0.729061604 0.757519722
vt 0.857587337 0.682822704
vt 0.869477272 0.621800601
vt 0.74006623 0.69485414
vt 0.869477272 0.621800601
vt 0.747944713 0.630106151
vt 0.74006623 0.69485414
vt 0.869477272 0.621800601
vt 0.876473367 0.559348464
vt 0.747944713 0.630106151
vt 0.876473367 0.559348464
vt 0.752584279 0.56396687
vt 0.747944713 0.630106151
vt 0.876473367 0.559348464
vt 0.878538489 0.496216089
vt 0.752584279 0.56396687
vt 0.878538489 0.496216089
vt 0.753967285 0.497165233
vt 0.752584279 0.56396687
vt 0.878538489 0.496216089
vt 0.87566936 0.433163434
vt 0.753967285 0.497165233
vt 0.87566936 0.433163434
vt 0.752096593 0.430439323
vt 0.753967285 0.497165233
vt 0.87566936 0.433163434
vt 0.867880881 0.370957971
vt 0.752096593 0.430439323
vt 0.867880881 0.370957971
vt 0.746979654 0.364532918
vt 0.752096593 0.430439323
vt 0.867880881 0.370957971
vt 0.85523665 0.310352892
vt 0.746979654 0.364532918
vt 0.264986396 0.0587006323
vt 0.236872286 0.099139601
vt 0.270799547 0.0556581616
vt 0.236872286 0.099139601
vt 0.283868909 0.04910025
vt 0.270799547 0.0556581616
vt 0.236872286 0.099139601
vt 0.278403372 0.0845116898
vt 0.283868909 0.04910025
vt 0.278403372 0.0845116898
vt 0.346912086 0.0239813291
vt 0.283868909 0.04910025
vt 0.278403372 0.0845116898
vt 0.321106553 0.072456494
vt 0.346912086 0.0239813291
vt 0.321106553 0.072456494
vt 0.380559444 0.0144607071
vt 0.346912086 0.0239813291
vt 0.321106553 0.072456494
vt 0.364724755 0.0629780516
vt 0.380559444 0.0144607071
vt 0.364724755 0.0629780516
vt 0.412782043 0.00765974401
vt 0.380559444 0.0144607071
vt 0.364724755 0.0629780516
vt 0.409034669 0.0561330877
vt 0.412782043 0.00765974401
vt 0.409034669 0.0561330877
vt 0.480343014 0.000387624721
vt 0.412782043 0.00765974401
vt 0.409034669 0.0561330877
vt 0.44922179 0.106735088
vt 0.480343014 0.000387624721
vt 0.44922179 0.106735088
vt 0.49898988 0.105496362
vt 0.480343014 0.000387624721
vt 0.44922179 0.106735088
vt 0.499298543 0.226855174
vt 0.49898988 0.105496362
vt 0.499298543 0.226855174
vt 0.548757017 0.106526263
vt 0.49898988 0.105496362
vt 0.499298543 0.226855174
vt 0.606812179 0.167978823
vt 0.548757017 0.106526263
vt 0.606812179 0.167978823
vt 0.598316371 0.1098224
vt 0.548757017 0.106526263
vt 0.606812179 0.167978823
vt 0.647464812 0.115367457
vt 0.598316371 0.1098224
vt 0.647464812 0.115367457
vt 0.588600576 0.0556824654
vt 0.598316371 0.1098224
vt 0.647464812 0.115367457
vt 0.632916749 0.0622895472
vt 0.588600576 0.0556824654
vt 0.632916749 0.0622895472
vt 0.548229396 0.00232057995
vt 0.588600576 0.0556824654
vt 0.632916749 0.0622895472
vt 0.615304053 0.0134382164
vt 0.548229396 0.00232057995
vt 0.745883226 0.93517518
vt 0.765342891 0.898660481
vt 0.685360193 0.964115441
vt 0.765342891 0.898660481
vt 0.722708404 0.913868368
vt 0.685360193 0.964115441
vt 0.765342891 0.898660481
vt 0.794557691 0.85027504
vt 0.722708404 0.913868368
vt 0.794557691 0.85027504
vt 0.746936381 0.863237202
vt 0.722708404 0.913868368
vt 0.794557691 0.85027504
vt 0.715079725 0.817428887
vt 0.746936381 0.863237202
vt 0.715079725 0.817428887
vt 0.698304832 0.873934507
vt 0.746936381 0.863237202
vt 0.715079725 0.817428887
vt 0.648860574 0.882306933
vt 0.698304832 0.873934507
vt 0.648860574 0.882306933
vt 0.634277761 0.936249793
vt 0.698304832 0.873934507
vt 0.648860574 0.882306933
vt 0.588924587 0.943274677
vt 0.634277761 0.936249793
vt 0.588924587 0.943274677
vt 0.553395808 0.997129738
vt 0.634277761 0.936249793
vt 0.588924587 0.943274677
vt 0.548332453 0.891803384
vt 0.553395808 0.997129738
vt 0.548332453 0.891803384
vt 0.497672349 0.892778277
vt 0.553395808 0.997129738
vt 0.548332453 0.891803384
vt 0.498593241 0.770084739
vt 0.497672349 0.892778277
vt 0.498593241 0.770084739
vt 0.440597653 0.768962681
vt 0.497672349 0.892778277
vt 0.498593241 0.770084739
vt 0.499170482 0.636698842
vt 0.440597653 0.768962681
vt 0.499170482 0.636698842
vt 0.377859801 0.701354086
vt 0.440597653 0.768962681
vt 0.499170482 0.636698842
vt 0.374313772 0.634529233
vt 0.377859801 0.701354086
vt 0.374313772 0.634529233
vt 0.258223444 0.693349421
vt 0.377859801 0.701354086
vt 0.374313772 0.634529233
vt 0.250793397 0.628949702
vt 0.258223444 0.693349421
vt 0.250793397 0.628949702
vt 0.141166478 0.680785358
vt 0.258223444 0.693349421
vt 0.250793397 0.628949702
vt 0.129691854 0.620281994
vt 0.141166478 0.680785358
vt 0.129691854 0.620281994
vt 0.0839545652 0.672820985
vt 0.141166478 0.680785358
vt 0.129691854 0.620281994
vt 0.0277621374 0.663727522
vt 0.0839545652 0.672820985
vt 0.0277621374 0.663727522
vt 0.102911085 0.728711426
vt 0.0839545652 0.672820985
vt 0.0277621374 0.663727522
vt 0.0443781018 0.705308259
vt 0.102911085 0.728711426
vt 0.0443781018 0.705308259
vt 0.126977041 0.781766593
vt 0.102911085 0.728711426
vt 0.0443781018 0.705308259
vt 0.0764679536 0.765076935
vt 0.126977041 0.781766593
vt 0.0764679536 0.765076935
vt 0.155831248 0.831333935
vt 0.126977041 0.781766593
vt 0.0764679536 0.765076935
vt 0.116363466 0.819964051
vt 0.155831248 0.831333935
vt 0.116363466 0.819964051
vt 0.189113006 0.876794159
vt 0.155831248 0.831333935
vt 0.116363466 0.819964051
vt 0.149697751 0.856022656
vt 0.189113006 0.876794159
vt 0.149697751 0.856022656
vt 0.163201183 0.868777812
vt 0.189113006 0.876794159
vt 0 0.499373376
vt 0.123901412 0.433200449
vt 0.00351894135 0.440369338
vt 0.123901412 0.433200449
vt 0.131605595 0.371443808
vt 0.00351894135 0.440369338
vt 0.123901412 0.433200449
vt 0.252206564 0.364722461
vt 0.131605595 0.371443808
vt 0.252206564 0.364722461
vt 0.260356963 0.300618261
vt 0.131605595 0.371443808
vt 0.252206564 0.364722461
vt 0.379215509 0.294222534
vt 0.260356963 0.300618261
vt 0.379215509 0.294222534
vt 0.384671926 0.2298792
vt 0.260356963 0.300618261
vt 0.379215509 0.294222534
vt 0.499298543 0.226855174
vt 0.384671926 0.2298792
vt 0.499298543 0.226855174
vt 0.391514152 0.168351218
vt 0.384671926 0.2298792
vt 0.499298543 0.226855174
vt 0.44922179 0.106735088
vt 0.391514152 0.168351218
vt 0.44922179 0.106735088
vt 0.399668992 0.110247873
vt 0.391514152 0.168351218
vt 0.44922179 0.106735088
vt 0.409034669 0.0561330877
vt 0.399668992 0.110247873
vt 0.409034669 0.0561330877
vt 0.350541174 0.11602132
vt 0.399668992 0.110247873
vt 0.409034669 0.0561330877
vt 0.364724755 0.0629780516
vt 0.350541174 0.11602132
vt 0.364724755 0.0629780516
vt 0.302039236 0.124019518
vt 0.350541174 0.11602132
vt 0.364724755 0.0629780516
vt 0.321106553 0.072456494
vt 0.302039236 0.124019518
vt 0.321106553 0.072456494
vt 0.254361987 0.134195954
vt 0.302039236 0.124019518
vt 0.321106553 0.072456494
vt 0.278403372 0.0845116898
vt 0.254361987 0.134195954
vt 0.278403372 0.0845116898
vt 0.207740664 0.146553859
vt 0.254361987 0.134195954
vt 0.278403372 0.0845116898
vt 0.236872286 0.099139601
vt 0.207740664 0.146553859
vt 0.236872286 0.099139601
vt 0.162318498 0.160812572
vt 0.207740664 0.146553859
vt 0.236872286 0.099139601
vt 0.196676284 0.116032772
vt 0.162318498 0.160812572
vt 0.196676284 0.116032772
vt 0.17714408 0.125330731
vt 0.162318498 0.160812572
vt 0.196676284 0.116032772
vt 0.197293356 0.105434068
vt 0.17714408 0.125330731
vt 0.197293356 0.105434068
vt 0.18841739 0.110673778
vt 0.17714408 0.125330731
vt 0.197293356 0.105434068
vt 0.1992535 0.101391315
vt 0.18841739 0.110673778
vt 0.1992535 0.101391315
vt 0.190874666 0.106976047
vt 0.18841739 0.110673778
vt 0.1992535 0.101391315
vt 0.200659618 0.0996956825
vt 0.190874666 0.106976047
vt 0.200659618 0.0996956825
vt 0.196582884 0.10255754
vt 0.190874666 0.106976047
vt 0.200659618 0.0996956825
vt 0.199460894 0.100379162
vt 0.196582884 0.10255754
vt 0.795243084 0.0961770266
vt 0.794746041 0.0958145484
vt 0.795608878 0.0964445248
vt 0.794746041 0.0958145484
vt 0.795974553 0.0967122987
vt 0.795608878 0.0964445248
vt 0.794746041 0.0958145484
vt 0.794248581 0.0954524875
vt 0.795974553 0.0967122987
vt 0.794248581 0.0954524875
vt 0.796705067 0.0972489715
vt 0.795974553 0.0967122987
vt 0.794248581 0.0954524875
vt 0.79325223 0.0947304517
vt 0.796705067 0.0972489715
vt 0.79325223 0.0947304517
vt 0.798163116 0.0983260721
vt 0.796705067 0.0972489715
vt 0.79325223 0.0947304517
vt 0.794124007 0.0954684094
vt 0.798163116 0.0983260721
vt 0.794124007 0.0954684094
vt 0.796978772 0.0976645276
vt 0.798163116 0.0983260721
vt 0.794124007 0.0954684094
vt 0.792860806 0.0948704183
vt 0.796978772 0.0976645276
vt 0.792860806 0.0948704183
vt 0.798425913 0.0993763655
vt 0.796978772 0.0976645276
vt 0.792860806 0.0948704183
vt 0.789909303 0.0940011591
vt 0.798425913 0.0993763655
vt 0.789909303 0.0940011591
vt 0.800469339 0.103458926
vt 0.798425913 0.0993763655
vt 0.789909303 0.0940011591
vt 0.782344818 0.0935470462
vt 0.800469339 0.103458926
vt 0.782344818 0.0935470462
vt 0.801252127 0.114169657
vt 0.800469339 0.103458926
vt 0.782344818 0.0935470462
vt 0.760914564 0.09757597
vt 0.801252127 0.114169657
vt 0.760914564 0.09757597
vt 0.836043537 0.158994451
vt 0.801252127 0.114169657
vt 0.760914564 0.09757597
vt 0.790464222 0.145039812
vt 0.836043537 0.158994451
vt 0.790464222 0.145039812
vt 0.866419494 0.208123326
vt 0.836043537 0.158994451
vt 0.790464222 0.145039812
vt 0.816267192 0.196729258
vt 0.866419494 0.208123326
vt 0.816267192 0.196729258
vt 0.891942739 0.260949254
vt 0.866419494 0.208123326
vt 0.816267192 0.196729258
vt 0.837950349 0.252048969
vt 0.891942739 0.260949254
vt 0.837950349 0.252048969
vt 0.85523665 0.310352892
vt 0.891942739 0.260949254
vt 0.837950349 0.252048969
vt 0.738656461 0.300176591
vt 0.85523665 0.310352892
vt 0.738656461 0.300176591
vt 0.746979654 0.364532918
vt 0.85523665 0.310352892
vt 0.738656461 0.300176591
vt 0.623806536 0.360669374
vt 0.746979654 0.364532918
vt 0.623806536 0.360669374
vt 0.626343489 0.428818136
vt 0.746979654 0.364532918
vt 0.623806536 0.360669374
vt 0.499476969 0.359419197
vt 0.626343489 0.428818136
vt 0.499476969 0.359419197
vt 0.499431938 0.497921914
vt 0.626343489 0.428818136
vt 0.499476969 0.359419197
vt 0.372689575 0.428722322
vt 0.499431938 0.497921914
vt 0.372689575 0.428722322
vt 0.37169975 0.497499496
vt 0.499431938 0.497921914
vt 0.372689575 0.428722322
vt 0.245211199 0.496715873
vt 0.37169975 0.497499496
vt 0.245211199 0.496715873
vt 0.246437505 0.563165486
vt 0.37169975 0.497499496
vt 0.245211199 0.496715873
vt 0.122946747 0.558359265
vt 0.246437505 0.563165486
vt 0.122946747 0.558359265
vt 0.129691854 0.620281994
vt 0.246437505 0.563165486
vt 0.122946747 0.558359265
vt 0.00583542045 0.575752914
vt 0.129691854 0.620281994
vt 0.00583542045 0.575752914
vt 0.0120083755 0.608486176
vt 0.129691854 0.620281994
vt 0.00351894135 0.440369338
vt 0.121005714 0.495751619
vt 0 0.499373376
vt 0.647464812 0.115367457
vt 0.676552176 0.0715190694
vt 0.69600147 0.123123161
vt 0.676552176 0.0715190694
vt 0.71928823 0.0833083093
vt 0.69600147 0.123123161
vt 0.795608878 0.0964445248
vt 0.794746041 0.0958145484
vt 0.795243084 0.0961770266
vt 0.196582884 0.10255754
vt 0.200659618 0.0996956825
vt 0.190874666 0.106976047
vt 0.202602386 0.0980384648
vt 0.201629758 0.0987590998
vt 0.20235467 0.0982215926
vt 0.196963504 0.896898091
vt 0.194919661 0.895334482
vt 0.192121267 0.893110394
vt 0.194919661 0.895334482
vt 0.191470191 0.892656982
vt 0.192121267 0.893110394
vt 0.194919661 0.895334482
vt 0.193900704 0.894548595
vt 0.191470191 0.892656982
vt 0.193900704 0.894548595
vt 0.192176431 0.89320904
vt 0.191470191 0.892656982
vt 0.193900704 0.894548595
vt 0.193391964 0.894154549
vt 0.192176431 0.89320904
vt 0.193391964 0.894154549
vt 0.192529947 0.893484652
vt 0.192176431 0.89320904
vt 0.193391964 0.894154549
vt 0.1928837 0.893759966
vt 0.192529947 0.893484652
vt 0.155831248 0.831333935
vt 0.177530676 0.79476887
vt 0.201922536 0.846928716
vt 0.365023524 0.980833888
vt 0.405429751 0.941924989
vt 0.430179745 0.994853437
vt 0.447052091 0.891167521
vt 0.498593241 0.770084739
vt 0.497672349 0.892778277
vt 0.122946747 0.558359265
vt 0.250793397 0.628949702
vt 0.129691854 0.620281994
vt 0.588924587 0.943274677
vt 0.620612204 0.985062122
vt 0.553395808 0.997129738
vt 0.498593241 0.770084739
vt 0.556621671 0.769456327
vt 0.497672349 0.892778277
vt 0.819874585 0.797742844
vt 0.840980649 0.83509022
vt 0.794557691 0.85027504
vt 0.840980649 0.83509022
vt 0.806635499 0.880856335
vt 0.794557691 0.85027504
vt 0.960930645 0.693644881
vt 0.915086389 0.675073802
vt 0.971541107 0.66618526
vt 1 0.499838948
vt 0.878538489 0.496216089
vt 0.999976933 0.49476546
vt 0.960930645 0.693644881
vt 0.948999345 0.719878614
vt 0.915086389 0.675073802
vt 0.982892692 0.629621029
vt 0.929068327 0.616436303
vt 0.987680078 0.610268533
vt 0.929068327 0.616436303
vt 0.99602592 0.562772989
vt 0.987680078 0.610268533
vt 0.929068327 0.616436303
vt 0.876473367 0.559348464
vt 0.99602592 0.562772989
vt 0.920364082 0.770623803
vt 0.895556092 0.731530666
vt 0.930441558 0.754287004
vt 0.745883226 0.93517518
vt 0.806635499 0.880856335
vt 0.802013695 0.898403049
vt 0.806635499 0.880856335
vt 0.846311092 0.86056602
vt 0.802013695 0.898403049
vt 0.806635499 0.880856335
vt 0.840980649 0.83509022
vt 0.846311092 0.86056602
vt 0.648860574 0.882306933
vt 0.698304832 0.873934507
vt 0.678946197 0.926422119
vt 0.698304832 0.873934507
vt 0.722708404 0.913868368
vt 0.678946197 0.926422119
vt 0.626511276 0.566786408
vt 0.747944713 0.630106151
vt 0.624132812 0.635154605
vt 0.747944713 0.630106151
vt 0.74006623 0.69485414
vt 0.624132812 0.635154605
vt 0.747944713 0.630106151
vt 0.857587337 0.682822704
vt 0.74006623 0.69485414
vt 0.857587337 0.682822704
vt 0.84097749 0.74170208
vt 0.74006623 0.69485414
vt 0.857587337 0.682822704
vt 0.895556092 0.731530666
vt 0.84097749 0.74170208
vt 0.895556092 0.731530666
vt 0.870744765 0.785097659
vt 0.84097749 0.74170208
vt 0.895556092 0.731530666
vt 0.920364082 0.770623803
vt 0.870744765 0.785097659
vt 0.920364082 0.770623803
vt 0.891964674 0.810349107
vt 0.870744765 0.785097659
vt 0.627245188 0.497766316
vt 0.752584279 0.56396687
vt 0.626511276 0.566786408
vt 0.752584279 0.56396687
vt 0.747944713 0.630106151
vt 0.626511276 0.566786408
vt 0.752584279 0.56396687
vt 0.869477272 0.621800601
vt 0.747944713 0.630106151
vt 0.869477272 0.621800601
vt 0.857587337 0.682822704
vt 0.747944713 0.630106151
vt 0.869477272 0.621800601
vt 0.915086389 0.675073802
vt 0.857587337 0.682822704
vt 0.915086389 0.675073802
vt 0.895556092 0.731530666
vt 0.857587337 0.682822704
vt 0.915086389 0.675073802
vt 0.948999345 0.719878614
vt 0.895556092 0.731530666
vt 0.948999345 0.719878614
vt 0.930441558 0.754287004
vt 0.895556092 0.731530666
vt 0.627245188 0.497766316
vt 0.626511276 0.566786408
vt 0.499431938 0.497921914
vt 0.626511276 0.566786408
vt 0.499170482 0.636698842
vt 0.499431938 0.497921914
vt 0.626511276 0.566786408
vt 0.624132812 0.635154605
vt 0.499170482 0.636698842
vt 0.624132812 0.635154605
vt 0.620109081 0.702156126
vt 0.499170482 0.636698842
vt 0.624132812 0.635154605
vt 0.74006623 0.69485414
vt 0.620109081 0.702156126
vt 0.74006623 0.69485414
vt 0.729061604 0.757519722
vt 0.620109081 0.702156126
vt 0.74006623 0.69485414
vt 0.84097749 0.74170208
vt 0.729061604 0.757519722
vt 0.84097749 0.74170208
vt 0.819874585 0.797742844
vt 0.729061604 0.757519722
vt 0.84097749 0.74170208
vt 0.870744765 0.785097659
vt 0.819874585 0.797742844
vt 0.870744765 0.785097659
vt 0.840980649 0.83509022
vt 0.819874585 0.797742844
vt 0.870744765 0.785097659
vt 0.891964674 0.810349107
vt 0.840980649 0.83509022
vt 0.891964674 0.810349107
vt 0.846311092 0.86056602
vt 0.840980649 0.83509022
vt 0.556621671 0.769456327
vt 0.614493489 0.767113805
vt 0.607360005 0.829368174
vt 0.614493489 0.767113805
vt 0.715079725 0.817428887
vt 0.607360005 0.829368174
vt 0.745883226 0.93517518
vt 0.685360193 0.964115441
vt 0.722708404 0.913868368
vt 0.685360193 0.964115441
vt 0.678946197 0.926422119
vt 0.722708404 0.913868368
vt 0.685360193 0.964115441
vt 0.634277761 0.936249793
vt 0.678946197 0.926422119
vt 0.634277761 0.936249793
vt 0.648860574 0.882306933
vt 0.678946197 0.926422119
vt 0.634277761 0.936249793
vt 0.598801672 0.888287961
vt 0.648860574 0.882306933
vt 0.745883226 0.93517518
vt 0.722708404 0.913868368
vt 0.765342891 0.898660481
vt 0.722708404 0.913868368
vt 0.746936381 0.863237202
vt 0.765342891 0.898660481
vt 0.722708404 0.913868368
vt 0.698304832 0.873934507
vt 0.746936381 0.863237202
vt 0.698304832 0.873934507
vt 0.715079725 0.817428887
vt 0.746936381 0.863237202
vt 0.698304832 0.873934507
vt 0.648860574 0.882306933
vt 0.715079725 0.817428887
vt 0.648860574 0.882306933
vt 0.607360005 0.829368174
vt 0.715079725 0.817428887
vt 0.648860574 0.882306933
vt 0.598801672 0.888287961
vt 0.607360005 0.829368174
vt 0.598801672 0.888287961
vt 0.556621671 0.769456327
vt 0.607360005 0.829368174
vt 0.598801672 0.888287961
vt 0.548332453 0.891803384
vt 0.556621671 0.769456327
vt 0.548332453 0.891803384
vt 0.497672349 0.892778277
vt 0.556621671 0.769456327
vt 0 0.499373376
vt 0.121005714 0.495751619
vt 7.35595386e-05 0.508154809
vt 0.121005714 0.495751619
vt 0.122946747 0.558359265
vt 7.35595386e-05 0.508154809
vt 0.121005714 0.495751619
vt 0.246437505 0.563165486
vt 0.122946747 0.558359265
vt 0.246437505 0.563165486
vt 0.250793397 0.628949702
vt 0.122946747 0.558359265
vt 0.246437505 0.563165486
vt 0.374313772 0.634529233
vt 0.250793397 0.628949702
vt 0.374313772 0.634529233
vt 0.377859801 0.701354086
vt 0.250793397 0.628949702
vt 0.129691854 0.620281994
vt 0.0839545652 0.672820985
vt 0.0207243245 0.641946793
vt 0.0839545652 0.672820985
vt 0.0277621374 0.663727522
vt 0.0207243245 0.641946793
vt 0.0839545652 0.672820985
vt 0.0443781018 0.705308259
vt 0.0277621374 0.663727522
vt 7.35595386e-05 0.508154809
vt 0.122946747 0.558359265
vt 0.00273190695 0.551777184
vt 0.122946747 0.558359265
vt 0.00583542045 0.575752914
vt 0.00273190695 0.551777184
vt 0.122946747 0.558359265
vt 0.129691854 0.620281994
vt 0.00583542045 0.575752914
vt 0.129691854 0.620281994
vt 0.0120083755 0.608486176
vt 0.00583542045 0.575752914
vt 0.129691854 0.620281994
vt 0.0207243245 0.641946793
vt 0.0120083755 0.608486176
vt 0.382823676 0.766143858
vt 0.258223444 0.693349421
vt 0.377859801 0.701354086
vt 0.745883226 0.93517518
vt 0.765342891 0.898660481
vt 0.806635499 0.880856335
vt 0.765342891 0.898660481
vt 0.794557691 0.85027504
vt 0.806635499 0.880856335
vt 0.765342891 0.898660481
vt 0.746936381 0.863237202
vt 0.794557691 0.85027504
vt 0.746936381 0.863237202
vt 0.819874585 0.797742844
vt 0.794557691 0.85027504
vt 0.746936381 0.863237202
vt 0.715079725 0.817428887
vt 0.819874585 0.797742844
vt 0.715079725 0.817428887
vt 0.729061604 0.757519722
vt 0.819874585 0.797742844
vt 0.715079725 0.817428887
vt 0.614493489 0.767113805
vt 0.729061604 0.757519722
vt 0.614493489 0.767113805
vt 0.620109081 0.702156126
vt 0.729061604 0.757519722
vt 0.614493489 0.767113805
vt 0.556621671 0.769456327
vt 0.620109081 0.702156126
vt 0.556621671 0.769456327
vt 0.499170482 0.636698842
vt 0.620109081 0.702156126
vt 0.556621671 0.769456327
vt 0.498593241 0.770084739
vt 0.499170482 0.636698842
vt 0.498593241 0.770084739
vt 0.440597653 0.768962681
vt 0.499170482 0.636698842
vt 0.498593241 0.770084739
vt 0.447052091 0.891167521
vt 0.440597653 0.768962681
vt 0.447052091 0.891167521
vt 0.389132351 0.828245103
vt 0.440597653 0.768962681
vt 0.447052091 0.891167521
vt 0.396699637 0.88703537
vt 0.389132351 0.828245103
vt 0.396699637 0.88703537
vt 0.346822321 0.88046813
vt 0.389132351 0.828245103
vt 0.346822321 0.88046813
vt 0.281793565 0.81529367
vt 0.389132351 0.828245103
vt 0.346822321 0.88046813
vt 0.297608286 0.871546745
vt 0.281793565 0.81529367
vt 0.382823676 0.766143858
vt 0.268606126 0.755684674
vt 0.258223444 0.693349421
vt 0.268606126 0.755684674
vt 0.141166478 0.680785358
vt 0.258223444 0.693349421
vt 0.268606126 0.755684674
vt 0.157187998 0.739173234
vt 0.141166478 0.680785358
vt 0.157187998 0.739173234
vt 0.102911085 0.728711426
vt 0.141166478 0.680785358
vt 0.157187998 0.739173234
vt 0.126977041 0.781766593
vt 0.102911085 0.728711426
vt 0.126977041 0.781766593
vt 0.0764679536 0.765076935
vt 0.102911085 0.728711426
vt 0.126977041 0.781766593
vt 0.116363466 0.819964051
vt 0.0764679536 0.765076935
vt 0.177530676 0.79476887
vt 0.281793565 0.81529367
vt 0.201922536 0.846928716
vt 0.281793565 0.81529367
vt 0.249242142 0.860341549
vt 0.201922536 0.846928716
vt 0.281793565 0.81529367
vt 0.297608286 0.871546745
vt 0.249242142 0.860341549
vt 0.190060645 0.891548872
vt 0.187253475 0.889317453
vt 0.191431478 0.892404199
vt 0.187253475 0.889317453
vt 0.190267697 0.890822828
vt 0.191431478 0.892404199
vt 0.187253475 0.889317453
vt 0.181687266 0.884794593
vt 0.190267697 0.890822828
vt 0.181687266 0.884794593
vt 0.188789204 0.886997819
vt 0.190267697 0.890822828
vt 0.181687266 0.884794593
vt 0.170751572 0.875511289
vt 0.188789204 0.886997819
vt 0.170751572 0.875511289
vt 0.189113006 0.876794159
vt 0.188789204 0.886997819
vt 0.191431478 0.892404199
vt 0.190267697 0.890822828
vt 0.195640132 0.895447612
vt 0.190267697 0.890822828
vt 0.198966801 0.896680772
vt 0.195640132 0.895447612
vt 0.190267697 0.890822828
vt 0.188789204 0.886997819
vt 0.198966801 0.896680772
vt 0.188789204 0.886997819
vt 0.207271531 0.897820294
vt 0.198966801 0.896680772
vt 0.188789204 0.886997819
vt 0.189113006 0.876794159
vt 0.207271531 0.897820294
vt 0.189113006 0.876794159
vt 0.230058327 0.895042956
vt 0.207271531 0.897820294
vt 0.155831248 0.831333935
vt 0.189113006 0.876794159
vt 0.149697751 0.856022656
vt 0.189113006 0.876794159
vt 0.163201183 0.868777812
vt 0.149697751 0.856022656
vt 0.189113006 0.876794159
vt 0.170751572 0.875511289
vt 0.163201183 0.868777812
vt 0.405429751 0.941924989
vt 0.365023524 0.980833888
vt 0.360272616 0.934268057
vt 0.365023524 0.980833888
vt 0.315851867 0.923847854
vt 0.360272616 0.934268057
vt 0.365023524 0.980833888
vt 0.301050901 0.95787853
vt 0.315851867 0.923847854
vt 0.301050901 0.95787853
vt 0.272374094 0.910745323
vt 0.315851867 0.923847854
vt 0.301050901 0.95787853
vt 0.240334049 0.926423073
vt 0.272374094 0.910745323
vt 0.240334049 0.926423073
vt 0.230058327 0.895042956
vt 0.272374094 0.910745323
vt 0.240334049 0.926423073
vt 0.226360321 0.917628407
vt 0.230058327 0.895042956
vt 0.226360321 0.917628407
vt 0.207271531 0.897820294
vt 0.230058327 0.895042956
vt 0.226360321 0.917628407
vt 0.209387064 0.906049013
vt 0.207271531 0.897820294
vt 0.209387064 0.906049013
vt 0.198966801 0.896680772
vt 0.207271531 0.897820294
vt 0.209387064 0.906049013
vt 0.201074377 0.899992406
vt 0.198966801 0.896680772
vt 0.201074377 0.899992406
vt 0.195640132 0.895447612
vt 0.198966801 0.896680772
vt 0.201074377 0.899992406
vt 0.196963504 0.896898091
vt 0.195640132 0.895447612
vt 0.196963504 0.896898091
vt 0.191431478 0.892404199
vt 0.195640132 0.895447612
vt 0.196963504 0.896898091
vt 0.192121267 0.893110394
vt 0.191431478 0.892404199
vt 0.192121267 0.893110394
vt 0.190060645 0.891548872
vt 0.191431478 0.892404199
vt 0.192121267 0.893110394
vt 0.191470191 0.892656982
vt 0.190060645 0.891548872
vt 0.377859801 0.701354086
vt 0.258223444 0.693349421
vt 0.250793397 0.628949702
vt 0.258223444 0.693349421
vt 0.129691854 0.620281994
vt 0.250793397 0.628949702
vt 0.258223444 0.693349421
vt 0.141166478 0.680785358
vt 0.129691854 0.620281994
vt 0.141166478 0.680785358
vt 0.0839545652 0.672820985
vt 0.129691854 0.620281994
vt 0.141166478 0.680785358
vt 0.102911085 0.728711426
vt 0.0839545652 0.672820985
vt 0.102911085 0.728711426
vt 0.0443781018 0.705308259
vt 0.0839545652 0.672820985
vt 0.102911085 0.728711426
vt 0.0764679536 0.765076935
vt 0.0443781018 0.705308259
vt 0.44922179 0.106735088
vt 0.412782043 0.00765974401
vt 0.480343014 0.000387624721
vt 0.285421401 0.179624602
vt 0.391514152 0.168351218
vt 0.384671926 0.2298792
vt 0.391514152 0.168351218
vt 0.499298543 0.226855174
vt 0.384671926 0.2298792
vt 0.391514152 0.168351218
vt 0.44922179 0.106735088
vt 0.499298543 0.226855174
vt 0.270799547 0.0556581616
vt 0.283868909 0.04910025
vt 0.278403372 0.0845116898
vt 0.283868909 0.04910025
vt 0.321106553 0.072456494
vt 0.278403372 0.0845116898
vt 0.283868909 0.04910025
vt 0.346912086 0.0239813291
vt 0.321106553 0.072456494
vt 0.346912086 0.0239813291
vt 0.364724755 0.0629780516
vt 0.321106553 0.072456494
vt 0.346912086 0.0239813291
vt 0.380559444 0.0144607071
vt 0.364724755 0.0629780516
vt 0.380559444 0.0144607071
vt 0.409034669 0.0561330877
vt 0.364724755 0.0629780516
vt 0.380559444 0.0144607071
vt 0.412782043 0.00765974401
vt 0.409034669 0.0561330877
vt 0.278403372 0.0845116898
vt 0.321106553 0.072456494
vt 0.302039236 0.124019518
vt 0.321106553 0.072456494
vt 0.350541174 0.11602132
vt 0.302039236 0.124019518
vt 0.321106553 0.072456494
vt 0.364724755 0.0629780516
vt 0.350541174 0.11602132
vt 0.364724755 0.0629780516
vt 0.399668992 0.110247873
vt 0.350541174 0.11602132
vt 0.364724755 0.0629780516
vt 0.409034669 0.0561330877
vt 0.399668992 0.110247873
vt 0.412782043 0.00765974401
vt 0.44922179 0.106735088
vt 0.409034669 0.0561330877
vt 0.44922179 0.106735088
vt 0.399668992 0.110247873
vt 0.409034669 0.0561330877
vt 0.44922179 0.106735088
vt 0.391514152 0.168351218
vt 0.399668992 0.110247873
vt 0.391514152 0.168351218
vt 0.350541174 0.11602132
vt 0.399668992 0.110247873
vt 0.391514152 0.168351218
vt 0.285421401 0.179624602
vt 0.350541174 0.11602132
vt 0.285421401 0.179624602
vt 0.302039236 0.124019518
vt 0.350541174 0.11602132
vt 0.285421401 0.179624602
vt 0.254361987 0.134195954
vt 0.302039236 0.124019518
vt 0.254361987 0.134195954
vt 0.278403372 0.0845116898
vt 0.302039236 0.124019518
vt 0.254361987 0.134195954
vt 0.236872286 0.099139601
vt 0.278403372 0.0845116898
vt 0.236872286 0.099139601
vt 0.270799547 0.0556581616
vt 0.278403372 0.0845116898
vt 0.236872286 0.099139601
vt 0.264986396 0.0587006323
vt 0.270799547 0.0556581616
vt 0.202850223 0.097855337
vt 0.203346267 0.0974897817
vt 0.20262444 0.0980288237
vt 0.203346267 0.0974897817
vt 0.202903345 0.0978429094
vt 0.20262444 0.0980288237
vt 0.203346267 0.0974897817
vt 0.204339728 0.0967602134
vt 0.202903345 0.0978429094
vt 0.204339728 0.0967602134
vt 0.200659618 0.0996956825
vt 0.202903345 0.0978429094
vt 0.196582884 0.10255754
vt 0.199460894 0.100379162
vt 0.200659618 0.0996956825
vt 0.199460894 0.100379162
vt 0.202903345 0.0978429094
vt 0.200659618 0.0996956825
vt 0.199460894 0.100379162
vt 0.200905845 0.0992977247
vt 0.202903345 0.0978429094
vt 0.200905845 0.0992977247
vt 0.20262444 0.0980288237
vt 0.202903345 0.0978429094
vt 0.200905845 0.0992977247
vt 0.201629758 0.0987590998
vt 0.20262444 0.0980288237
vt 0.201629758 0.0987590998
vt 0.202850223 0.097855337
vt 0.20262444 0.0980288237
vt 0.201629758 0.0987590998
vt 0.202602386 0.0980384648
vt 0.202850223 0.097855337
vt 0.206332341 0.0953084677
vt 0.210339978 0.092433624
vt 0.1992535 0.101391315
vt 0.210339978 0.092433624
vt 0.197293356 0.105434068
vt 0.1992535 0.101391315
vt 0.210339978 0.092433624
vt 0.218444005 0.0868002847
vt 0.197293356 0.105434068
vt 0.218444005 0.0868002847
vt 0.196676284 0.116032772
vt 0.197293356 0.105434068
vt 0.218444005 0.0868002847
vt 0.22588788 0.0818310007
vt 0.196676284 0.116032772
vt 0.118280448 0.176952288
vt 0.132364705 0.209793404
vt 0.105555385 0.192606464
vt 0.150723532 0.142147362
vt 0.162318498 0.160812572
vt 0.118280448 0.176952288
vt 0.162318498 0.160812572
vt 0.132364705 0.209793404
vt 0.118280448 0.176952288
vt 0.162318498 0.160812572
vt 0.18234469 0.198106125
vt 0.132364705 0.209793404
vt 0.18234469 0.198106125
vt 0.16102843 0.253203601
vt 0.132364705 0.209793404
vt 0.18234469 0.198106125
vt 0.271473706 0.238697067
vt 0.16102843 0.253203601
vt 0.271473706 0.238697067
vt 0.260356963 0.300618261
vt 0.16102843 0.253203601
vt 0.271473706 0.238697067
vt 0.379215509 0.294222534
vt 0.260356963 0.300618261
vt 0.379215509 0.294222534
vt 0.375204027 0.360727489
vt 0.260356963 0.300618261
vt 0.379215509 0.294222534
vt 0.499476969 0.359419197
vt 0.375204027 0.360727489
vt 0.1992535 0.101391315
vt 0.197293356 0.105434068
vt 0.18841739 0.110673778
vt 0.197293356 0.105434068
vt 0.17714408 0.125330731
vt 0.18841739 0.110673778
vt 0.197293356 0.105434068
vt 0.196676284 0.116032772
vt 0.17714408 0.125330731
vt 0.196676284 0.116032772
vt 0.162318498 0.160812572
vt 0.17714408 0.125330731
vt 0.196676284 0.116032772
vt 0.207740664 0.146553859
vt 0.162318498 0.160812572
vt 0.207740664 0.146553859
vt 0.18234469 0.198106125
vt 0.162318498 0.160812572
vt 0.150723532 0.142147362
vt 0.158027336 0.135166913
vt 0.162318498 0.160812572
vt 0.158027336 0.135166913
vt 0.17714408 0.125330731
vt 0.162318498 0.160812572
vt 0.158027336 0.135166913
vt 0.179653838 0.1160568
vt 0.17714408 0.125330731
vt 0.179653838 0.1160568
vt 0.18841739 0.110673778
vt 0.17714408 0.125330731
vt 0.179653838 0.1160568
vt 0.190874666 0.106976047
vt 0.18841739 0.110673778
vt 0.190874666 0.106976047
vt 0.1992535 0.101391315
vt 0.18841739 0.110673778
vt 0.190874666 0.106976047
vt 0.200659618 0.0996956825
vt 0.1992535 0.101391315
vt 0.200659618 0.0996956825
vt 0.206332341 0.0953084677
vt 0.1992535 0.101391315
vt 0.200659618 0.0996956825
vt 0.204339728 0.0967602134
vt 0.206332341 0.0953084677
vt 0.499476969 0.359419197
vt 0.379215509 0.294222534
vt 0.499298543 0.226855174
vt 0.379215509 0.294222534
vt 0.384671926 0.2298792
vt 0.499298543 0.226855174
vt 0.379215509 0.294222534
vt 0.271473706 0.238697067
vt 0.384671926 0.2298792
vt 0.271473706 0.238697067
vt 0.285421401 0.179624602
vt 0.384671926 0.2298792
vt 0.271473706 0.238697067
vt 0.18234469 0.198106125
vt 0.285421401 0.179624602
vt 0.18234469 0.198106125
vt 0.254361987 0.134195954
vt 0.285421401 0.179624602
vt 0.18234469 0.198106125
vt 0.207740664 0.146553859
vt 0.254361987 0.134195954
vt 0.207740664 0.146553859
vt 0.236872286 0.099139601
vt 0.254361987 0.134195954
vt 0.207740664 0.146553859
vt 0.196676284 0.116032772
vt 0.236872286 0.099139601
vt 0.196676284 0.116032772
vt 0.264986396 0.0587006323
vt 0.236872286 0.099139601
vt 0.196676284 0.116032772
vt 0.22588788 0.0818310007
vt 0.264986396 0.0587006323
vt 0.0313706435 0.325434506
vt 0.131605595 0.371443808
vt 0.0160968527 0.373791754
vt 0.131605595 0.371443808
vt 0.123901412 0.433200449
vt 0.0160968527 0.373791754
vt 0.131605595 0.371443808
vt 0.247141123 0.430326581
vt 0.123901412 0.433200449
vt 0.247141123 0.430326581
vt 0.245211199 0.496715873
vt 0.123901412 0.433200449
vt 0.247141123 0.430326581
vt 0.37169975 0.497499496
vt 0.245211199 0.496715873
vt 0.37169975 0.497499496
vt 0.372248054 0.566341102
vt 0.245211199 0.496715873
vt 0.0376337245 0.309466869
vt 0.0545407794 0.272724241
vt 0.144043893 0.311210841
vt 0.0545407794 0.272724241
vt 0.107223175 0.262370408
vt 0.144043893 0.311210841
vt 0.0545407794 0.272724241
vt 0.06760481 0.2487524
vt 0.107223175 0.262370408
vt 0.06760481 0.2487524
vt 0.0836267769 0.223010629
vt 0.107223175 0.262370408
vt 0.0376337245 0.309466869
vt 0.144043893 0.311210841
vt 0.0313706435 0.325434506
vt 0.144043893 0.311210841
vt 0.131605595 0.371443808
vt 0.0313706435 0.325434506
vt 0.144043893 0.311210841
vt 0.252206564 0.364722461
vt 0.131605595 0.371443808
vt 0.252206564 0.364722461
vt 0.247141123 0.430326581
vt 0.131605595 0.371443808
vt 0.252206564 0.364722461
vt 0.372689575 0.428722322
vt 0.247141123 0.430326581
vt 0.372689575 0.428722322
vt 0.37169975 0.497499496
vt 0.247141123 0.430326581
vt 0.372689575 0.428722322
vt 0.499431938 0.497921914
vt 0.37169975 0.497499496
vt 0.499431938 0.497921914
vt 0.372248054 0.566341102
vt 0.37169975 0.497499496
vt 0.499431938 0.497921914
vt 0.499170482 0.636698842
vt 0.372248054 0.566341102
vt 0.798163116 0.0983260721
vt 0.801067472 0.100496352
vt 0.796978772 0.0976645276
vt 0.801067472 0.100496352
vt 0.798425913 0.0993763655
vt 0.796978772 0.0976645276
vt 0.801067472 0.100496352
vt 0.806828737 0.104899772
vt 0.798425913 0.0993763655
vt 0.806828737 0.104899772
vt 0.800469339 0.103458926
vt 0.798425913 0.0993763655
vt 0.806828737 0.104899772
vt 0.818157315 0.113955945
vt 0.800469339 0.103458926
vt 0.818157315 0.113955945
vt 0.801252127 0.114169657
vt 0.800469339 0.103458926
vt 0.880201995 0.174856752
vt 0.836043537 0.158994451
vt 0.847121239 0.139759734
vt 0.836043537 0.158994451
vt 0.840004563 0.133038118
vt 0.847121239 0.139759734
vt 0.756104946 0.0703866407
vt 0.762515247 0.0742005929
vt 0.760914564 0.09757597
vt 0.762515247 0.0742005929
vt 0.782344818 0.0935470462
vt 0.760914564 0.09757597
vt 0.762515247 0.0742005929
vt 0.779109776 0.0848730505
vt 0.782344818 0.0935470462
vt 0.779109776 0.0848730505
vt 0.789909303 0.0940011591
vt 0.782344818 0.0935470462
vt 0.779109776 0.0848730505
vt 0.787234902 0.0904481411
vt 0.789909303 0.0940011591
vt 0.787234902 0.0904481411
vt 0.792860806 0.0948704183
vt 0.789909303 0.0940011591
vt 0.787234902 0.0904481411
vt 0.791253924 0.0932933763
vt 0.792860806 0.0948704183
vt 0.791253924 0.0932933763
vt 0.794124007 0.0954684094
vt 0.792860806 0.0948704183
vt 0.791253924 0.0932933763
vt 0.79325223 0.0947304517
vt 0.794124007 0.0954684094
vt 0.93092525 0.245904803
vt 0.866419494 0.208123326
vt 0.915294528 0.221068457
vt 0.866419494 0.208123326
vt 0.892612517 0.18995358
vt 0.915294528 0.221068457
vt 0.712991238 0.178826585
vt 0.790464222 0.145039812
vt 0.816267192 0.196729258
vt 0.790464222 0.145039812
vt 0.836043537 0.158994451
vt 0.816267192 0.196729258
vt 0.790464222 0.145039812
vt 0.801252127 0.114169657
vt 0.836043537 0.158994451
vt 0.801252127 0.114169657
vt 0.840004563 0.133038118
vt 0.836043537 0.158994451
vt 0.801252127 0.114169657
vt 0.818157315 0.113955945
vt 0.840004563 0.133038118
vt 0.795608878 0.0964445248
vt 0.795974553 0.0967122987
vt 0.794746041 0.0958145484
vt 0.795974553 0.0967122987
vt 0.794248581 0.0954524875
vt 0.794746041 0.0958145484
vt 0.795974553 0.0967122987
vt 0.796705067 0.0972489715
vt 0.794248581 0.0954524875
vt 0.796705067 0.0972489715
vt 0.79325223 0.0947304517
vt 0.794248581 0.0954524875
vt 0.796705067 0.0972489715
vt 0.798163116 0.0983260721
vt 0.79325223 0.0947304517
vt 0.798163116 0.0983260721
vt 0.794124007 0.0954684094
vt 0.79325223 0.0947304517
vt 0.798163116 0.0983260721
vt 0.796978772 0.0976645276
vt 0.794124007 0.0954684094
vt 0.796978772 0.0976645276
vt 0.792860806 0.0948704183
vt 0.794124007 0.0954684094
vt 0.796978772 0.0976645276
vt 0.798425913 0.0993763655
vt 0.792860806 0.0948704183
vt 0.798425913 0.0993763655
vt 0.789909303 0.0940011591
vt 0.792860806 0.0948704183
vt 0.798425913 0.0993763655
vt 0.800469339 0.103458926
vt 0.789909303 0.0940011591
vt 0.800469339 0.103458926
vt 0.782344818 0.0935470462
vt 0.789909303 0.0940011591
vt 0.800469339 0.103458926
vt 0.801252127 0.114169657
vt 0.782344818 0.0935470462
vt 0.801252127 0.114169657
vt 0.760914564 0.09757597
vt 0.782344818 0.0935470462
vt 0.801252127 0.114169657
vt 0.790464222 0.145039812
vt 0.760914564 0.09757597
vt 0.790464222 0.145039812
vt 0.743730664 0.133037418
vt 0.760914564 0.09757597
vt 0.790464222 0.145039812
vt 0.712991238 0.178826585
vt 0.743730664 0.133037418
vt 0.93092525 0.245904803
vt 0.891942739 0.260949254
vt 0.866419494 0.208123326
vt 0.891942739 0.260949254
vt 0.837950349 0.252048969
vt 0.866419494 0.208123326
vt 0.891942739 0.260949254
vt 0.85523665 0.310352892
vt 0.837950349 0.252048969
vt 0.548229396 0.00232057995
vt 0.615304053 0.0134382164
vt 0.588600576 0.0556824654
vt 0.615304053 0.0134382164
vt 0.632916749 0.0622895472
vt 0.588600576 0.0556824654
vt 0.615304053 0.0134382164
vt 0.680175722 0.0335012525
vt 0.632916749 0.0622895472
vt 0.760914564 0.09757597
vt 0.743730664 0.133037418
vt 0.71928823 0.0833083093
vt 0.743730664 0.133037418
vt 0.69600147 0.123123161
vt 0.71928823 0.0833083093
vt 0.743730664 0.133037418
vt 0.712991238 0.178826585
vt 0.69600147 0.123123161
vt 0.712991238 0.178826585
vt 0.647464812 0.115367457
vt 0.69600147 0.123123161
vt 0.712991238 0.178826585
vt 0.606812179 0.167978823
vt 0.647464812 0.115367457
vt 0.499744445 0
vt 0.548229396 0.00232057995
vt 0.49898988 0.105496362
vt 0.548229396 0.00232057995
vt 0.548757017 0.106526263
vt 0.49898988 0.105496362
vt 0.548229396 0.00232057995
vt 0.588600576 0.0556824654
vt 0.548757017 0.106526263
vt 0.588600576 0.0556824654
vt 0.598316371 0.1098224
vt 0.548757017 0.106526263
vt 0.588600576 0.0556824654
vt 0.632916749 0.0622895472
vt 0.598316371 0.1098224
vt 0.85523665 0.310352892
vt 0.891942739 0.260949254
vt 0.961257875 0.306440324
vt 0.891942739 0.260949254
vt 0.944778442 0.271052063
vt 0.961257875 0.306440324
vt 0.891942739 0.260949254
vt 0.93092525 0.245904803
vt 0.944778442 0.271052063
vt 0.878538489 0.496216089
vt 0.87566936 0.433163434
vt 0.999976933 0.49476546
vt 0.87566936 0.433163434
vt 0.996125221 0.437205225
vt 0.999976933 0.49476546
vt 0.87566936 0.433163434
vt 0.867880881 0.370957971
vt 0.996125221 0.437205225
vt 0.867880881 0.370957971
vt 0.983186185 0.370700836
vt 0.996125221 0.437205225
vt 0.867880881 0.370957971
vt 0.85523665 0.310352892
vt 0.983186185 0.370700836
vt 0.85523665 0.310352892
vt 0.968280733 0.324134439
vt 0.983186185 0.370700836
vt 0.85523665 0.310352892
vt 0.961257875 0.306440324
vt 0.968280733 0.324134439
vt 0.727271557 0.238052994
vt 0.738656461 0.300176591
vt 0.61395669 0.229587406
vt 0.738656461 0.300176591
vt 0.619651556 0.294035345
vt 0.61395669 0.229587406
vt 0.738656461 0.300176591
vt 0.746979654 0.364532918
vt 0.619651556 0.294035345
vt 0.746979654 0.364532918
vt 0.623806536 0.360669374
vt 0.619651556 0.294035345
vt 0.746979654 0.364532918
vt 0.752096593 0.430439323
vt 0.623806536 0.360669374
vt 0.837950349 0.252048969
vt 0.85523665 0.310352892
vt 0.727271557 0.238052994
vt 0.85523665 0.310352892
vt 0.738656461 0.300176591
vt 0.727271557 0.238052994
vt 0.85523665 0.310352892
vt 0.867880881 0.370957971
vt 0.738656461 0.300176591
vt 0.867880881 0.370957971
vt 0.746979654 0.364532918
vt 0.738656461 0.300176591
vt 0.867880881 0.370957971
vt 0.87566936 0.433163434
vt 0.746979654 0.364532918
vt 0.87566936 0.433163434
vt 0.752096593 0.430439323
vt 0.746979654 0.364532918
vt 0.87566936 0.433163434
vt 0.878538489 0.496216089
vt 0.752096593 0.430439323
vt 0.99602592 0.562772989
vt 0.876473367 0.559348464
vt 1 0.499838948
vt 0.876473367 0.559348464
vt 0.878538489 0.496216089
vt 1 0.499838948
vt 0.876473367 0.559348464
vt 0.753967285 0.497165233
vt 0.878538489 0.496216089
vt 0.753967285 0.497165233
vt 0.752096593 0.430439323
vt 0.878538489 0.496216089
vt 0.753967285 0.497165233
vt 0.626343489 0.428818136
vt 0.752096593 0.430439323
vt 0.626343489 0.428818136
vt 0.623806536 0.360669374
vt 0.752096593 0.430439323
vt 0.626343489 0.428818136
vt 0.499476969 0.359419197
vt 0.623806536 0.360669374
vt 0.499476969 0.359419197
vt 0.619651556 0.294035345
vt 0.623806536 0.360669374
vt 0.499476969 0.359419197
vt 0.499298543 0.226855174
vt 0.619651556 0.294035345
vt 0.499298543 0.226855174
vt 0.61395669 0.229587406
vt 0.619651556 0.294035345
vt 0.499298543 0.226855174
vt 0.606812179 0.167978823
vt 0.61395669 0.229587406
vt 0.606812179 0.167978823
vt 0.727271557 0.238052994
vt 0.61395669 0.229587406
vt 0.606812179 0.167978823
vt 0.712991238 0.178826585
vt 0.727271557 0.238052994
vt 0.712991238 0.178826585
vt 0.837950349 0.252048969
vt 0.727271557 0.238052994
vt 0.712991238 0.178826585
vt 0.816267192 0.196729258
vt 0.837950349 0.252048969
vt 0.816267192 0.196729258
vt 0.866419494 0.208123326
vt 0.837950349 0.252048969
vt 0.816267192 0.196729258
vt 0.836043537 0.158994451
vt 0.866419494 0.208123326
vt 0.836043537 0.158994451
vt 0.892612517 0.18995358
vt 0.866419494 0.208123326
vt 0.836043537 0.158994451
vt 0.880201995 0.174856752
vt 0.892612517 0.18995358
vt 0.756104946 0.0703866407
vt 0.760914564 0.09757597
vt 0.741440237 0.0619960688
vt 0.760914564 0.09757597
vt 0.735037923 0.0585349649
vt 0.741440237 0.0619960688
vt 0.760914564 0.09757597
vt 0.71928823 0.0833083093
vt 0.735037923 0.0585349649
vt 0.71928823 0.0833083093
vt 0.680175722 0.0335012525
vt 0.735037923 0.0585349649
vt 0.71928823 0.0833083093
vt 0.676552176 0.0715190694
vt 0.680175722 0.0335012525
vt 0.676552176 0.0715190694
vt 0.632916749 0.0622895472
vt 0.680175722 0.0335012525
vt 0.676552176 0.0715190694
vt 0.647464812 0.115367457
vt 0.632916749 0.0622895472
vt 0.647464812 0.115367457
vt 0.598316371 0.1098224
vt 0.632916749 0.0622895472
vt 0.647464812 0.115367457
vt 0.606812179 0.167978823
vt 0.598316371 0.1098224
vt 0.606812179 0.167978823
vt 0.548757017 0.106526263
vt 0.598316371 0.1098224
vt 0.606812179 0.167978823
vt 0.499298543 0.226855174
vt 0.548757017 0.106526263
vt 0.499298543 0.226855174
vt 0.49898988 0.105496362
vt 0.548757017 0.106526263
vt 0.499298543 0.226855174
vt 0.44922179 0.106735088
vt 0.49898988 0.105496362
vt 0.44922179 0.106735088
vt 0.499744445 0
vt 0.49898988 0.105496362
vt 0.44922179 0.106735088
vt 0.480343014 0.000387624721
vt 0.499744445 0
vt 0.155831248 0.831333935
vt 0.201922536 0.846928716
vt 0.189113006 0.876794159
vt 0.201922536 0.846928716
vt 0.230058327 0.895042956
vt 0.189113006 0.876794159
vt 0.201922536 0.846928716
vt 0.249242142 0.860341549
vt 0.230058327 0.895042956
vt 0.249242142 0.860341549
vt 0.272374094 0.910745323
vt 0.230058327 0.895042956
vt 0.249242142 0.860341549
vt 0.297608286 0.871546745
vt 0.272374094 0.910745323
vt 0.297608286 0.871546745
vt 0.315851867 0.923847854
vt 0.272374094 0.910745323
vt 0.297608286 0.871546745
vt 0.346822321 0.88046813
vt 0.315851867 0.923847854
vt 0.346822321 0.88046813
vt 0.360272616 0.934268057
vt 0.315851867 0.923847854
vt 0.346822321 0.88046813
vt 0.396699637 0.88703537
vt 0.360272616 0.934268057
vt 0.396699637 0.88703537
vt 0.405429751 0.941924989
vt 0.360272616 0.934268057
vt 0.396699637 0.88703537
vt 0.447052091 0.891167521
vt 0.405429751 0.941924989
vt 0.447052091 0.891167521
vt 0.430179745 0.994853437
vt 0.405429751 0.941924989
vt 0.447052091 0.891167521
vt 0.497672349 0.892778277
vt 0.430179745 0.994853437
vt 0.497672349 0.892778277
vt 0.496443868 1
vt 0.430179745 0.994853437
vt 0.497672349 0.892778277
vt 0.548332453 0.891803384
vt 0.496443868 1
vt 0.548332453 0.891803384
vt 0.553395808 0.997129738
vt 0.496443868 1
vt 0.548332453 0.891803384
vt 0.598801672 0.888287961
vt 0.553395808 0.997129738
vt 0.598801672 0.888287961
vt 0.588924587 0.943274677
vt 0.553395808 0.997129738
vt 0.598801672 0.888287961
vt 0.634277761 0.936249793
vt 0.588924587 0.943274677
vt 0.634277761 0.936249793
vt 0.620612204 0.985062122
vt 0.588924587 0.943274677
vt 0.634277761 0.936249793
vt 0.685360193 0.964115441
vt 0.620612204 0.985062122
vt 0.0160968527 0.373791754
vt 0.123901412 0.433200449
vt 0.00351894135 0.440369338
vt 0.123901412 0.433200449
vt 0.121005714 0.495751619
vt 0.00351894135 0.440369338
vt 0.123901412 0.433200449
vt 0.245211199 0.496715873
vt 0.121005714 0.495751619
vt 0.245211199 0.496715873
vt 0.246437505 0.563165486
vt 0.121005714 0.495751619
vt 0.245211199 0.496715873
vt 0.372248054 0.566341102
vt 0.246437505 0.563165486
vt 0.372248054 0.566341102
vt 0.374313772 0.634529233
vt 0.246437505 0.563165486
vt 0.372248054 0.566341102
vt 0.499170482 0.636698842
vt 0.374313772 0.634529233
vt 0.499170482 0.636698842
vt 0.377859801 0.701354086
vt 0.374313772 0.634529233
vt 0.499170482 0.636698842
vt 0.440597653 0.768962681
vt 0.377859801 0.701354086
vt 0.440597653 0.768962681
vt 0.382823676 0.766143858
vt 0.377859801 0.701354086
vt 0.440597653 0.768962681
vt 0.389132351 0.828245103
vt 0.382823676 0.766143858
vt 0.389132351 0.828245103
vt 0.268606126 0.755684674
vt 0.382823676 0.766143858
vt 0.389132351 0.828245103
vt 0.281793565 0.81529367
vt 0.268606126 0.755684674
vt 0.281793565 0.81529367
vt 0.157187998 0.739173234
vt 0.268606126 0.755684674
vt 0.281793565 0.81529367
vt 0.177530676 0.79476887
vt 0.157187998 0.739173234
vt 0.177530676 0.79476887
vt 0.126977041 0.781766593
vt 0.157187998 0.739173234
vt 0.177530676 0.79476887
vt 0.155831248 0.831333935
vt 0.126977041 0.781766593
vt 0.155831248 0.831333935
vt 0.116363466 0.819964051
vt 0.126977041 0.781766593
vt 0.155831248 0.831333935
vt 0.149697751 0.856022656
vt 0.116363466 0.819964051
vt 0.971541107 0.66618526
vt 0.915086389 0.675073802
vt 0.982892692 0.629621029
vt 0.915086389 0.675073802
vt 0.929068327 0.616436303
vt 0.982892692 0.629621029
vt 0.915086389 0.675073802
vt 0.869477272 0.621800601
vt 0.929068327 0.616436303
vt 0.869477272 0.621800601
vt 0.876473367 0.559348464
vt 0.929068327 0.616436303
vt 0.869477272 0.621800601
vt 0.752584279 0.56396687
vt 0.876473367 0.559348464
vt 0.752584279 0.56396687
vt 0.753967285 0.497165233
vt 0.876473367 0.559348464
vt 0.752584279 0.56396687
vt 0.627245188 0.497766316
vt 0.753967285 0.497165233
vt 0.627245188 0.497766316
vt 0.626343489 0.428818136
vt 0.753967285 0.497165233
vt 0.627245188 0.497766316
vt 0.499431938 0.497921914
vt 0.626343489 0.428818136
vt 0.499431938 0.497921914
vt 0.499476969 0.359419197
vt 0.626343489 0.428818136
vt 0.499431938 0.497921914
vt 0.372689575 0.428722322
vt 0.499476969 0.359419197
vt 0.372689575 0.428722322
vt 0.375204027 0.360727489
vt 0.499476969 0.359419197
vt 0.372689575 0.428722322
vt 0.252206564 0.364722461
vt 0.375204027 0.360727489
vt 0.252206564 0.364722461
vt 0.260356963 0.300618261
vt 0.375204027 0.360727489
vt 0.252206564 0.364722461
vt 0.144043893 0.311210841
vt 0.260356963 0.300618261
vt 0.144043893 0.311210841
vt 0.16102843 0.253203601
vt 0.260356963 0.300618261
vt 0.144043893 0.311210841
vt 0.107223175 0.262370408
vt 0.16102843 0.253203601
vt 0.107223175 0.262370408
vt 0.132364705 0.209793404
vt 0.16102843 0.253203601
vt 0.107223175 0.262370408
vt 0.0836267769 0.223010629
vt 0.132364705 0.209793404
vt 0.0836267769 0.223010629
vt 0.105555385 0.192606464
vt 0.132364705 0.209793404
vn 0 0.10709247 -0.994249046
vn 0 0.10709247 -0.994249046
vn 0 0.10709247 -0.994249046
vn 0 0.370360583 -0.928888083
vn 0 0.370360583 -0.928888083
vn 0 0.370360583 -0.928888083
vn -8.68395182e-06 0.594706595 -0.8039428
vn -8.68395182e-06 0.594706595 -0.8039428
vn -8.68395182e-06 0.594706595 -0.8039428
vn 0 0.594706714 -0.80394274
vn 0 0.594706714 -0.80394274
vn 0 0.594706714 -0.80394274
vn 5.53712198e-07 0.594544053 -0.804063022
vn 5.53712198e-07 0.594544053 -0.804063022
vn 5.53712198e-07 0.594544053 -0.804063022
vn 7.5765206e-06 0.593512356 -0.804824889
vn 7.5765206e-06 0.593512356 -0.804824889
vn 7.5765206e-06 0.593512356 -0.804824889
vn -7.02256648e-06 0.594543993 -0.804063082
vn -7.02256648e-06 0.594543993 -0.804063082
vn -7.02256648e-06 0.594543993 -0.804063082
vn 9.08822858e-06 0.592175722 -0.805808902
vn 9.08822858e-06 0.592175722 -0.805808902
vn 9.08822858e-06 0.592175722 -0.805808902
vn -1.81791656e-05 0.593512118 -0.804825068
vn -1.81791656e-05 0.593512118 -0.804825068
vn -1.81791656e-05 0.593512118 -0.804825068
vn 0 0.592175603 -0.805808961
vn 0 0.592175603 -0.805808961
vn 0 0.592175603 -0.805808961
vn 0 0.589118361 -0.808046758
vn 0 0.589118361 -0.808046758
vn 0 0.589118361 -0.808046758
vn 0 0.589118361 -0.808046758
vn 0 0.589118361 -0.808046758
vn 0 0.589118361 -0.808046758
vn 0 0.583144963 -0.812368155
vn 0 0.583144963 -0.812368155
vn 0 0.583144963 -0.812368155
vn 0 0.583144963 -0.812368155
vn 0 0.583144963 -0.812368155
vn 0 0.583144963 -0.812368155
vn 0 0.5710392 -0.820922792
vn 0 0.5710392 -0.820922792
vn 0 0.5710392 -0.820922792
vn 0 0.5710392 -0.820922792
vn 0 0.5710392 -0.820922792
vn 0 0.5710392 -0.820922792
vn 0 0.555481851 -0.831528664
vn 0 0.555481851 -0.831528664
vn 0 0.555481851 -0.831528664
vn 0 0.555481851 -0.831528664
vn 0 0.555481851 -0.831528664
vn 0 0.555481851 -0.831528664
vn 0 0.509424031 -0.860515654
vn 0 0.509424031 -0.860515654
vn 0 0.509424031 -0.860515654
vn 0 0.509424031 -0.860515654
vn 0 0.509424031 -0.860515654
vn 0 0.509424031 -0.860515654
vn 0 0.463956952 -0.885857761
vn 0 0.463956952 -0.885857761
vn 0 0.463956952 -0.885857761
vn 0 0.463956952 -0.885857761
vn 0 0.463956952 -0.885857761
vn 0 0.463956952 -0.885857761
vn 0 0.44873029 -0.893667221
vn 0 0.44873029 -0.893667221
vn 0 0.44873029 -0.893667221
vn 0 0.44873029 -0.893667221
vn 0 0.44873029 -0.893667221
vn 0 0.44873029 -0.893667221
vn 0 0.370360583 -0.928888083
vn 0 0.370360583 -0.928888083
vn 0 0.370360583 -0.928888083
vn 0 0.272436947 -0.962173641
vn 0 0.272436947 -0.962173641
vn 0 0.272436947 -0.962173641
vn 0 0.272436947 -0.962173641
vn 0 0.272436947 -0.962173641
vn 0 0.272436947 -0.962173641
vn 0 0.206648037 -0.97841537
vn 0 0.206648037 -0.97841537
vn 0 0.206648037 -0.97841537
vn 0 0.206648037 -0.97841537
vn 0 0.206648037 -0.97841537
vn 0 0.206648037 -0.97841537
vn 0 0.10709247 -0.994249046
vn 0 0.10709247 -0.994249046
vn 0 0.10709247 -0.994249046
vn 0 0.0199889001 -0.999800205
vn 0 0.0199889001 -0.999800205
vn 0 0.0199889001 -0.999800205
vn 0 0.0199889001 -0.999800205
vn 0 0.0199889001 -0.999800205
vn 0 0.0199889001 -0.999800205
vn 0 -0.0478399023 -0.998854995
vn 0 -0.0478399023 -0.998854995
vn 0 -0.0478399023 -0.998854995
vn -0 -0.0478399023 -0.998854995
vn -0 -0.0478399023 -0.998854995
vn -0 -0.0478399023 -0.998854995
vn 0 -0.163628593 -0.986522019
vn 0 -0.163628593 -0.986522019
vn 0 -0.163628593 -0.986522019
vn -0 -0.163628593 -0.986522019
vn -0 -0.163628593 -0.986522019
vn -0 -0.163628593 -0.986522019
vn 0 -0.295650095 -0.955296278
vn 0 -0.295650095 -0.955296278
vn 0 -0.295650095 -0.955296278
vn -0 -0.295650095 -0.955296278
vn -0 -0.295650095 -0.955296278
vn -0 -0.295650095 -0.955296278
vn 0 -0.415362835 -0.909655809
vn 0 -0.415362835 -0.909655809
vn 0 -0.415362835 -0.909655809
vn -0 -0.415362835 -0.909655809
vn -0 -0.415362835 -0.909655809
vn -0 -0.415362835 -0.909655809
vn 0 -0.475812614 -0.879546702
vn 0 -0.475812614 -0.879546702
vn 0 -0.475812614 -0.879546702
vn -0 -0.475812614 -0.879546702
vn -0 -0.475812614 -0.879546702
vn -0 -0.475812614 -0.879546702
vn 0 -0.496874571 -0.867822349
vn 0 -0.496874571 -0.867822349
vn 0 -0.496874571 -0.867822349
vn -0 -0.496874571 -0.867822349
vn -0 -0.496874571 -0.867822349
vn -0 -0.496874571 -0.867822349
vn 0 -0.511576235 -0.859237909
vn 0 -0.511576235 -0.859237909
vn 0 -0.511576235 -0.859237909
vn -0 -0.511576235 -0.859237909
vn -0 -0.511576235 -0.859237909
vn -0 -0.511576235 -0.859237909
vn 0 -0.541182578 -0.84090513
vn 0 -0.541182578 -0.84090513
vn 0 -0.541182578 -0.84090513
vn -0 -0.541182578 -0.84090513
vn -0 -0.541182578 -0.84090513
vn -0 -0.541182578 -0.84090513
vn 0 -0.566040039 -0.824377716
vn 0 -0.566040039 -0.824377716
vn 0 -0.566040039 -0.824377716
vn -0 -0.566040039 -0.824377716
vn -0 -0.566040039 -0.824377716
vn -0 -0.566040039 -0.824377716
vn 0 -0.578075707 -0.815983117
vn 0 -0.578075707 -0.815983117
vn 0 -0.578075707 -0.815983117
vn -0 -0.578075707 -0.815983117
vn -0 -0.578075707 -0.815983117
vn -0 -0.578075707 -0.815983117
vn 0 -0.584099829 -0.811681867
vn 0 -0.584099829 -0.811681867
vn 0 -0.584099829 -0.811681867
vn -0 -0.584099829 -0.811681867
vn -0 -0.584099829 -0.811681867
vn -0 -0.584099829 -0.811681867
vn 0 -0.587056875 -0.809545696
vn 0 -0.587056875 -0.809545696
vn 0 -0.587056875 -0.809545696
vn -0 -0.587056875 -0.809545696
vn -0 -0.587056875 -0.809545696
vn -0 -0.587056875 -0.809545696
vn 0 -0.588711739 -0.808343053
vn 0 -0.588711739 -0.808343053
vn 0 -0.588711739 -0.808343053
vn -0 -0.588711739 -0.808343053
vn -0 -0.588711739 -0.808343053
vn -0 -0.588711739 -0.808343053
vn 0 -0.589508116 -0.807762444
vn 0 -0.589508116 -0.807762444
vn 0 -0.589508116 -0.807762444
vn -0 -0.589508116 -0.807762444
vn -0 -0.589508116 -0.807762444
vn -0 -0.589508116 -0.807762444
vn 0 0.982641578 -0.185514241
vn 0 0.982641578 -0.185514241
vn 0 0.982641578 -0.185514241
vn 0 0.616102278 0.787666142
vn 0 0.616102278 0.787666142
vn 0 0.616102278 0.787666142
vn -0 0.616102278 0.787666142
vn -0 0.616102278 0.787666142
vn -0 0.616102278 0.787666142
vn 0 0.61510545 0.788444877
vn 0 0.61510545 0.788444877
vn 0 0.61510545 0.788444877
vn -0 0.61510545 0.788444877
vn -0 0.61510545 0.788444877
vn -0 0.61510545 0.788444877
vn 0 0.614453077 0.788953364
vn 0 0.614453077 0.788953364
vn 0 0.614453077 0.788953364
vn -0 0.614453077 0.788953364
vn -0 0.614453077 0.788953364
vn -0 0.614453077 0.788953364
vn 0 0.618296444 0.785944998
vn 0 0.618296444 0.785944998
vn 0 0.618296444 0.785944998
vn 0 0.618296444 0.785944998
vn 0 0.618296444 0.785944998
vn 0 0.618296444 0.785944998
vn 0 0.622525573 0.782599449
vn 0 0.622525573 0.782599449
vn 0 0.622525573 0.782599449
vn 0 0.622525573 0.782599449
vn 0 0.622525573 0.782599449
vn 0 0.622525573 0.782599449
vn 0 0.630879402 0.775880933
vn 0 0.630879402 0.775880933
vn 0 0.630879402 0.775880933
vn 0 0.630879402 0.775880933
vn 0 0.630879402 0.775880933
vn 0 0.630879402 0.775880933
vn 0 0.647419155 0.762134135
vn 0 0.647419155 0.762134135
vn 0 0.647419155 0.762134135
vn 0 0.647419155 0.762134135
vn 0 0.647419155 0.762134135
vn 0 0.647419155 0.762134135
vn 0 0.665834606 0.746099412
vn 0 0.665834606 0.746099412
vn 0 0.665834606 0.746099412
vn 0 0.665834606 0.746099412
vn 0 0.665834606 0.746099412
vn 0 0.665834606 0.746099412
vn 0 0.686927319 0.726726115
vn 0 0.686927319 0.726726115
vn 0 0.686927319 0.726726115
vn 0 0.686927319 0.726726115
vn 0 0.686927319 0.726726115
vn 0 0.686927319 0.726726115
vn 0 0.734534085 0.67857182
vn 0 0.734534085 0.67857182
vn 0 0.734534085 0.67857182
vn 0 0.734534085 0.67857182
vn 0 0.734534085 0.67857182
vn 0 0.734534085 0.67857182
vn 0 0.809085011 0.587691605
vn 0 0.809085011 0.587691605
vn 0 0.809085011 0.587691605
vn 0 0.809085011 0.587691605
vn 0 0.809085011 0.587691605
vn 0 0.809085011 0.587691605
vn 0 0.88117981 0.47278133
vn 0 0.88117981 0.47278133
vn 0 0.88117981 0.47278133
vn 0 0.88117981 0.47278133
vn 0 0.88117981 0.47278133
vn 0 0.88117981 0.47278133
vn 0 0.928690255 0.370856345
vn 0 0.928690255 0.370856345
vn 0 0.928690255 0.370856345
vn 0 0.928690255 0.370856345
vn 0 0.928690255 0.370856345
vn 0 0.928690255 0.370856345
vn 0 0.951620042 0.307277203
vn 0 0.951620042 0.307277203
vn 0 0.951620042 0.307277203
vn 0 0.951620042 0.307277203
vn 0 0.951620042 0.307277203
vn 0 0.951620042 0.307277203
vn 0 0.967750609 0.251910299
vn 0 0.967750609 0.251910299
vn 0 0.967750609 0.251910299
vn 0 0.967750609 0.251910299
vn 0 0.967750609 0.251910299
vn 0 0.967750609 0.251910299
vn 0 0.982701957 0.185194135
vn 0 0.982701957 0.185194135
vn 0 0.982701957 0.185194135
vn 0 0.982701957 0.185194135
vn 0 0.982701957 0.185194135
vn 0 0.982701957 0.185194135
vn 0 0.991737187 0.128286153
vn 0 0.991737187 0.128286153
vn 0 0.991737187 0.128286153
vn 0 0.991737187 0.128286153
vn 0 0.991737187 0.128286153
vn 0 0.991737187 0.128286153
vn 0 0.998150826 0.0607855245
vn 0 0.998150826 0.0607855245
vn 0 0.998150826 0.0607855245
vn 0 0.998150826 0.0607855245
vn 0 0.998150826 0.0607855245
vn 0 0.998150826 0.0607855245
vn 0 0.999964952 0.00837068632
vn 0 0.999964952 0.00837068632
vn 0 0.999964952 0.00837068632
vn 0 0.999964952 0.00837068632
vn 0 0.999964952 0.00837068632
vn 0 0.999964952 0.00837068632
vn 0 0.998228729 -0.05949248
vn 0 0.998228729 -0.05949248
vn 0 0.998228729 -0.05949248
vn 0 0.998228729 -0.05949248
vn 0 0.998228729 -0.05949248
vn 0 0.998228729 -0.05949248
vn 0 0.982641578 -0.185514241
vn 0 0.982641578 -0.185514241
vn 0 0.982641578 -0.185514241
vn 0 0.953624666 -0.30099839
vn 0 0.953624666 -0.30099839
vn 0 0.953624666 -0.30099839
vn 0 0.953624666 -0.30099839
vn 0 0.953624666 -0.30099839
vn 0 0.953624666 -0.30099839
vn 0 0.931033373 -0.364934087
vn 0 0.931033373 -0.364934087
vn 0 0.931033373 -0.364934087
vn 0 0.931033373 -0.364934087
vn 0 0.931033373 -0.364934087
vn 0 0.931033373 -0.364934087
vn 0 0.908548355 -0.417779744
vn 0 0.908548355 -0.417779744
vn 0 0.908548355 -0.417779744
vn 0 0.908548355 -0.417779744
vn 0 0.908548355 -0.417779744
vn 0 0.908548355 -0.417779744
vn 0 0.878210843 -0.47827369
vn 0 0.878210843 -0.47827369
vn 0 0.878210843 -0.47827369
vn 0 0.878210843 -0.47827369
vn 0 0.878210843 -0.47827369
vn 0 0.878210843 -0.47827369
vn 0 0.849147499 -0.528155804
vn 0 0.849147499 -0.528155804
vn 0 0.849147499 -0.528155804
vn 0 0.849147499 -0.528155804
vn 0 0.849147499 -0.528155804
vn 0 0.849147499 -0.528155804
vn 0 0.811249018 -0.584700823
vn 0 0.811249018 -0.584700823
vn 0 0.811249018 -0.584700823
vn 0 0.811249018 -0.584700823
vn 0 0.811249018 -0.584700823
vn 0 0.811249018 -0.584700823
vn 0 0.776179254 -0.630512297
vn 0 0.776179254 -0.630512297
vn 0 0.776179254 -0.630512297
vn 0 0.776179254 -0.630512297
vn 0 0.776179254 -0.630512297
vn 0 0.776179254 -0.630512297
vn 0 0.731724083 -0.681600988
vn 0 0.731724083 -0.681600988
vn 0 0.731724083 -0.681600988
vn 0 0.731724083 -0.681600988
vn 0 0.731724083 -0.681600988
vn 0 0.731724083 -0.681600988
vn 0 0.691170812 -0.722691417
vn 0 0.691170812 -0.722691417
vn 0 0.691170812 -0.722691417
vn 0 0.691170812 -0.722691417
vn 0 0.691170812 -0.722691417
vn 0 0.691170812 -0.722691417
vn 0 0.662420452 -0.749132276
vn 0 0.662420452 -0.749132276
vn 0 0.662420452 -0.749132276
vn 0 0.662420452 -0.749132276
vn 0 0.662420452 -0.749132276
vn 0 0.662420452 -0.749132276
vn 0 0.629343748 -0.777127087
vn 0 0.629343748 -0.777127087
vn 0 0.629343748 -0.777127087
vn 0 0.629343748 -0.777127087
vn 0 0.629343748 -0.777127087
vn 0 0.629343748 -0.777127087
vn 0 0.612369955 -0.790571332
vn 0 0.612369955 -0.790571332
vn 0 0.612369955 -0.790571332
vn 0 0.612369955 -0.790571332
vn 0 0.612369955 -0.790571332
vn 0 0.612369955 -0.790571332
vn 0 0.603781283 -0.797150016
vn 0 0.603781283 -0.797150016
vn 0 0.603781283 -0.797150016
vn 0 0.603781283 -0.797150016
vn 0 0.603781283 -0.797150016
vn 0 0.603781283 -0.797150016
vn 0 0.59945786 -0.800406337
vn 0 0.59945786 -0.800406337
vn 0 0.59945786 -0.800406337
vn 0 0.59945786 -0.800406337
vn 0 0.59945786 -0.800406337
vn 0 0.59945786 -0.800406337
vn 0 0.597196221 -0.802095175
vn 0 0.597196221 -0.802095175
vn 0 0.597196221 -0.802095175
vn 0 0.597196221 -0.802095175
vn 0 0.597196221 -0.802095175
vn 0 0.597196221 -0.802095175
vn 0 0.595879138 -0.803074121
vn 0 0.595879138 -0.803074121
vn 0 0.595879138 -0.803074121
vn 0 0.595879138 -0.803074121
vn 0 0.595879138 -0.803074121
vn 0 0.595879138 -0.803074121
vn 0 -0.548258007 0.836309254
vn 0 -0.548258007 0.836309254
vn 0 -0.548258007 0.836309254
vn 0 -0.548258007 0.836309254
vn 0 -0.548258007 0.836309254
vn 0 -0.548258007 0.836309254
vn 0 -0.431629777 0.902050853
vn 0 -0.431629777 0.902050853
vn 0 -0.431629777 0.902050853
vn 0 -0.431629777 0.902050853
vn 0 -0.431629777 0.902050853
vn 0 -0.431629777 0.902050853
vn 0 -0.307995647 0.951387763
vn 0 -0.307995647 0.951387763
vn 0 -0.307995647 0.951387763
vn 0 -0.307995647 0.951387763
vn 0 -0.307995647 0.951387763
vn 0 -0.307995647 0.951387763
vn 0 -0.176826596 0.984242022
vn 0 -0.176826596 0.984242022
vn 0 -0.176826596 0.984242022
vn 0 -0.176826596 0.984242022
vn 0 -0.176826596 0.984242022
vn 0 -0.176826596 0.984242022
vn 0 -0.05036816 0.998730719
vn 0 -0.05036816 0.998730719
vn 0 -0.05036816 0.998730719
vn 0 -0.05036816 0.998730719
vn 0 -0.05036816 0.998730719
vn 0 -0.05036816 0.998730719
vn 0 0.0774867311 0.996993363
vn 0 0.0774867311 0.996993363
vn 0 0.0774867311 0.996993363
vn 0 0.0774867311 0.996993363
vn 0 0.0774867311 0.996993363
vn 0 0.0774867311 0.996993363
vn 0 0.210492656 0.977595448
vn 0 0.210492656 0.977595448
vn 0 0.210492656 0.977595448
vn 0 0.210492656 0.977595448
vn 0 0.210492656 0.977595448
vn 0 0.210492656 0.977595448
vn 0 0.337950706 0.941163838
vn 0 0.337950706 0.941163838
vn 0 0.337950706 0.941163838
vn 0 0.337950706 0.941163838
vn 0 0.337950706 0.941163838
vn 0 0.337950706 0.941163838
vn 0 0.460250616 0.887789011
vn 0 0.460250616 0.887789011
vn 0 0.460250616 0.887789011
vn 0 0.460250616 0.887789011
vn 0 0.460250616 0.887789011
vn 0 0.460250616 0.887789011
vn 0 0.607883871 0.794025958
vn 0 0.607883871 0.794025958
vn 0 0.607883871 0.794025958
vn 0 0.610972166 0.791652083
vn 0 0.610972166 0.791652083
vn 0 0.610972166 0.791652083
vn 0 0.610972166 0.791652083
vn 0 0.610972166 0.791652083
vn 0 0.610972166 0.791652083
vn 0 0.612624228 0.790374279
vn 0 0.612624228 0.790374279
vn 0 0.612624228 0.790374279
vn 0 0.612624228 0.790374279
vn 0 0.612624228 0.790374279
vn 0 0.612624228 0.790374279
vn 0 0.613508284 0.789688289
vn 0 0.613508284 0.789688289
vn 0 0.613508284 0.789688289
vn 0 0.613508284 0.789688289
vn 0 0.613508284 0.789688289
vn 0 0.613508284 0.789688289
vn 0 0.532919705 0.846165836
vn 0 0.532919705 0.846165836
vn 0 0.532919705 0.846165836
vn 0 0.532919705 0.846165836
vn 0 0.532919705 0.846165836
vn 0 0.532919705 0.846165836
vn 0 0.563825488 0.825893939
vn 0 0.563825488 0.825893939
vn 0 0.563825488 0.825893939
vn 0 0.563825488 0.825893939
vn 0 0.563825488 0.825893939
vn 0 0.563825488 0.825893939
vn 0 0.58913511 0.808034539
vn 0 0.58913511 0.808034539
vn 0 0.58913511 0.808034539
vn 0 0.58913511 0.808034539
vn 0 0.58913511 0.808034539
vn 0 0.58913511 0.808034539
vn 0 0.601647854 0.798761427
vn 0 0.601647854 0.798761427
vn 0 0.601647854 0.798761427
vn 0 0.601647854 0.798761427
vn 0 0.601647854 0.798761427
vn 0 0.601647854 0.798761427
vn 0 0.607883871 0.794025958
vn 0 0.607883871 0.794025958
vn 0 0.607883871 0.794025958
vn 0 -0.590497732 -0.807039261
vn 0 -0.590497732 -0.807039261
vn 0 -0.590497732 -0.807039261
vn -0 -0.590497732 -0.807039261
vn -0 -0.590497732 -0.807039261
vn -0 -0.590497732 -0.807039261
vn 0 -0.591156423 -0.80655694
vn 0 -0.591156423 -0.80655694
vn 0 -0.591156423 -0.80655694
vn -0 -0.591156423 -0.80655694
vn -0 -0.591156423 -0.80655694
vn -0 -0.591156423 -0.80655694
vn 0 -0.592325687 -0.805698633
vn 0 -0.592325687 -0.805698633
vn 0 -0.592325687 -0.805698633
vn -0 -0.592325687 -0.805698633
vn -0 -0.592325687 -0.805698633
vn -0 -0.592325687 -0.805698633
vn 0 -0.594447434 -0.804134488
vn 0 -0.594447434 -0.804134488
vn 0 -0.594447434 -0.804134488
vn -0 -0.594447434 -0.804134488
vn -0 -0.594447434 -0.804134488
vn -0 -0.594447434 -0.804134488
vn 0 -0.598852336 -0.800859451
vn 0 -0.598852336 -0.800859451
vn 0 -0.598852336 -0.800859451
vn -0 -0.598852336 -0.800859451
vn -0 -0.598852336 -0.800859451
vn -0 -0.598852336 -0.800859451
vn 0 -0.607514679 -0.794308484
vn 0 -0.607514679 -0.794308484
vn 0 -0.607514679 -0.794308484
vn -0 -0.607514679 -0.794308484
vn -0 -0.607514679 -0.794308484
vn -0 -0.607514679 -0.794308484
vn 0 -0.624673903 -0.780885756
vn 0 -0.624673903 -0.780885756
vn 0 -0.624673903 -0.780885756
vn -0 -0.624673903 -0.780885756
vn -0 -0.624673903 -0.780885756
vn -0 -0.624673903 -0.780885756
vn 0 -0.658094645 -0.752935231
vn 0 -0.658094645 -0.752935231
vn 0 -0.658094645 -0.752935231
vn -0 -0.658094645 -0.752935231
vn -0 -0.658094645 -0.752935231
vn -0 -0.658094645 -0.752935231
vn 0 -0.686885953 -0.726765215
vn 0 -0.686885953 -0.726765215
vn 0 -0.686885953 -0.726765215
vn -0 -0.686885953 -0.726765215
vn -0 -0.686885953 -0.726765215
vn -0 -0.686885953 -0.726765215
vn 0 -0.727935791 -0.685645342
vn 0 -0.727935791 -0.685645342
vn 0 -0.727935791 -0.685645342
vn -0 -0.727935791 -0.685645342
vn -0 -0.727935791 -0.685645342
vn -0 -0.727935791 -0.685645342
vn 0 -0.772701204 -0.634769917
vn 0 -0.772701204 -0.634769917
vn 0 -0.772701204 -0.634769917
vn -0 -0.772701204 -0.634769917
vn -0 -0.772701204 -0.634769917
vn -0 -0.772701204 -0.634769917
vn 0 -0.808273673 -0.588807046
vn 0 -0.808273673 -0.588807046
vn 0 -0.808273673 -0.588807046
vn -0 -0.808273673 -0.588807046
vn -0 -0.808273673 -0.588807046
vn -0 -0.808273673 -0.588807046
vn 0 -0.846504331 -0.532381773
vn 0 -0.846504331 -0.532381773
vn 0 -0.846504331 -0.532381773
vn -0 -0.846504331 -0.532381773
vn -0 -0.846504331 -0.532381773
vn -0 -0.846504331 -0.532381773
vn 0 -0.876030326 -0.482256055
vn 0 -0.876030326 -0.482256055
vn 0 -0.876030326 -0.482256055
vn -0 -0.876030326 -0.482256055
vn -0 -0.876030326 -0.482256055
vn -0 -0.876030326 -0.482256055
vn 0 -0.90663749 -0.421910465
vn 0 -0.90663749 -0.421910465
vn 0 -0.90663749 -0.421910465
vn -0 -0.90663749 -0.421910465
vn -0 -0.90663749 -0.421910465
vn -0 -0.90663749 -0.421910465
vn 0 -0.929552734 -0.36868912
vn 0 -0.929552734 -0.36868912
vn 0 -0.929552734 -0.36868912
vn -0 -0.929552734 -0.36868912
vn -0 -0.929552734 -0.36868912
vn -0 -0.929552734 -0.36868912
vn 0 -0.952459991 -0.304663599
vn 0 -0.952459991 -0.304663599
vn 0 -0.952459991 -0.304663599
vn -0 -0.952459991 -0.304663599
vn -0 -0.952459991 -0.304663599
vn -0 -0.952459991 -0.304663599
vn 0 -0.981618881 -0.190851718
vn 0 -0.981618881 -0.190851718
vn 0 -0.981618881 -0.190851718
vn -0 -0.981618881 -0.190851718
vn -0 -0.981618881 -0.190851718
vn -0 -0.981618881 -0.190851718
vn 0 -0.997771621 -0.0667214245
vn 0 -0.997771621 -0.0667214245
vn 0 -0.997771621 -0.0667214245
vn -0 -0.997771621 -0.0667214245
vn -0 -0.997771621 -0.0667214245
vn -0 -0.997771621 -0.0667214245
vn 0 -0.999989688 -0.0045358967
vn 0 -0.999989688 -0.0045358967
vn 0 -0.999989688 -0.0045358967
vn -0 -0.999989688 -0.0045358967
vn -0 -0.999989688 -0.0045358967
vn -0 -0.999989688 -0.0045358967
vn 0 -0.998014867 0.0629784465
vn 0 -0.998014867 0.0629784465
vn 0 -0.998014867 0.0629784465
vn 0 -0.998014867 0.0629784465
vn 0 -0.998014867 0.0629784465
vn 0 -0.998014867 0.0629784465
vn 0 -0.984930575 0.172950149
vn 0 -0.984930575 0.172950149
vn 0 -0.984930575 0.172950149
vn 0 -0.984930575 0.172950149
vn 0 -0.984930575 0.172950149
vn 0 -0.984930575 0.172950149
vn 0 -0.970776796 0.239984244
vn 0 -0.970776796 0.239984244
vn 0 -0.970776796 0.239984244
vn 0 -0.970776796 0.239984244
vn 0 -0.970776796 0.239984244
vn 0 -0.970776796 0.239984244
vn 0 -0.955091298 0.296311706
vn 0 -0.955091298 0.296311706
vn 0 -0.955091298 0.296311706
vn 0 -0.955091298 0.296311706
vn 0 -0.955091298 0.296311706
vn 0 -0.955091298 0.296311706
vn 0 -0.932869136 0.360215425
vn 0 -0.932869136 0.360215425
vn 0 -0.932869136 0.360215425
vn 0 -0.932869136 0.360215425
vn 0 -0.932869136 0.360215425
vn 0 -0.932869136 0.360215425
vn 0 -0.910384834 0.41376251
vn 0 -0.910384834 0.41376251
vn 0 -0.910384834 0.41376251
vn 0 -0.910384834 0.41376251
vn 0 -0.910384834 0.41376251
vn 0 -0.910384834 0.41376251
vn 0 -0.880283713 0.474447638
vn 0 -0.880283713 0.474447638
vn 0 -0.880283713 0.474447638
vn 0 -0.880283713 0.474447638
vn 0 -0.880283713 0.474447638
vn 0 -0.880283713 0.474447638
vn 0 -0.85125947 0.524744987
vn 0 -0.85125947 0.524744987
vn 0 -0.85125947 0.524744987
vn 0 -0.85125947 0.524744987
vn 0 -0.85125947 0.524744987
vn 0 -0.85125947 0.524744987
vn 0 -0.813688636 0.581300974
vn 0 -0.813688636 0.581300974
vn 0 -0.813688636 0.581300974
vn 0 -0.813688636 0.581300974
vn 0 -0.813688636 0.581300974
vn 0 -0.813688636 0.581300974
vn 0 -0.740156531 0.672434628
vn 0 -0.740156531 0.672434628
vn 0 -0.740156531 0.672434628
vn 0 -0.740156531 0.672434628
vn 0 -0.740156531 0.672434628
vn 0 -0.740156531 0.672434628
vn 0 -0.649741054 0.760155618
vn 0 -0.649741054 0.760155618
vn 0 -0.649741054 0.760155618
vn 0 -0.649741054 0.760155618
vn 0 -0.649741054 0.760155618
vn 0 -0.649741054 0.760155618
vn 0.999764562 0.0189181864 0.0106249433
vn 0.999764562 0.0189181864 0.0106249433
vn 0.999764562 0.0189181864 0.0106249433
vn 0.999391437 0.0247243997 0.0246060099
vn 0.999391437 0.0247243997 0.0246060099
vn 0.999391437 0.0247243997 0.0246060099
vn 0.99962306 0.00287241442 0.0273026917
vn 0.99962306 0.00287241442 0.0273026917
vn 0.99962306 0.00287241442 0.0273026917
vn 0.999633729 0.00597701082 0.0263945889
vn 0.999633729 0.00597701082 0.0263945889
vn 0.999633729 0.00597701082 0.0263945889
vn 0.999473214 0.0182993319 0.026803324
vn 0.999473214 0.0182993319 0.026803324
vn 0.999473214 0.0182993319 0.026803324
vn 0.99970752 0.00615023309 0.0233883169
vn 0.99970752 0.00615023309 0.0233883169
vn 0.99970752 0.00615023309 0.0233883169
vn 0.999708951 0.00684149796 0.0231339931
vn 0.999708951 0.00684149796 0.0231339931
vn 0.999708951 0.00684149796 0.0231339931
vn 0.999853611 0.0125299767 0.0116507746
vn 0.999853611 0.0125299767 0.0116507746
vn 0.999853611 0.0125299767 0.0116507746
vn 0.999889493 0.00813816302 0.0124396179
vn 0.999889493 0.00813816302 0.0124396179
vn 0.999889493 0.00813816302 0.0124396179
vn 0.999869883 0.0136419144 0.00861195289
vn 0.999869883 0.0136419144 0.00861195289
vn 0.999869883 0.0136419144 0.00861195289
vn 0.999783933 0.0106854131 0.0178296454
vn 0.999783933 0.0106854131 0.0178296454
vn 0.999783933 0.0106854131 0.0178296454
vn 0.999873877 0.0108587034 0.0115878964
vn 0.999873877 0.0108587034 0.0115878964
vn 0.999873877 0.0108587034 0.0115878964
vn 0.999776483 0.0104091009 0.0184025075
vn 0.999776483 0.0104091009 0.0184025075
vn 0.999776483 0.0104091009 0.0184025075
vn 0.999822497 0.0103336209 0.0157533605
vn 0.999822497 0.0103336209 0.0157533605
vn 0.999822497 0.0103336209 0.0157533605
vn 0.999829113 0.0101844044 0.0154276583
vn 0.999829113 0.0101844044 0.0154276583
vn 0.999829113 0.0101844044 0.0154276583
vn 0.99984777 0.0103282752 0.0140635017
vn 0.99984777 0.0103282752 0.0140635017
vn 0.99984777 0.0103282752 0.0140635017
vn 0.99985832 0.0101687862 0.0134125678
vn 0.99985832 0.0101687862 0.0134125678
vn 0.99985832 0.0101687862 0.0134125678
vn 0.999862552 0.0106358593 0.0127163893
vn 0.999862552 0.0106358593 0.0127163893
vn 0.999862552 0.0106358593 0.0127163893
vn 0.999875188 0.0108263828 0.0115081463
vn 0.999875188 0.0108263828 0.0115081463
vn 0.999875188 0.0108263828 0.0115081463
vn 0.999878347 0.0124216443 0.00943284482
vn 0.999878347 0.0124216443 0.00943284482
vn 0.999878347 0.0124216443 0.00943284482
vn 0.999874115 0.0118339341 0.0105706304
vn 0.999874115 0.0118339341 0.0105706304
vn 0.999874115 0.0118339341 0.0105706304
vn 0.999882221 0.0115400171 0.0101203034
vn 0.999882221 0.0115400171 0.0101203034
vn 0.999882221 0.0115400171 0.0101203034
vn 0.999878526 0.0114374934 0.0105899805
vn 0.999878526 0.0114374934 0.0105899805
vn 0.999878526 0.0114374934 0.0105899805
vn 0.999874771 0.0117352167 0.0106163342
vn 0.999874771 0.0117352167 0.0106163342
vn 0.999874771 0.0117352167 0.0106163342
vn 0.999874175 0.0111516612 0.0112828743
vn 0.999874175 0.0111516612 0.0112828743
vn 0.999874175 0.0111516612 0.0112828743
vn 0.999872148 0.011111022 0.0115006436
vn 0.999872148 0.011111022 0.0115006436
vn 0.999872148 0.011111022 0.0115006436
vn 0.999871492 0.0107916491 0.0118556134
vn 0.999871492 0.0107916491 0.0118556134
vn 0.999871492 0.0107916491 0.0118556134
vn 0.99985528 0.0105951903 0.0133109139
vn 0.99985528 0.0105951903 0.0133109139
vn 0.99985528 0.0105951903 0.0133109139
vn 0.999855161 0.0105657512 0.0133425873
vn 0.999855161 0.0105657512 0.0133425873
vn 0.999855161 0.0105657512 0.0133425873
vn 0.999824762 0.0103627779 0.0155918552
vn 0.999824762 0.0103627779 0.0155918552
vn 0.999824762 0.0103627779 0.0155918552
vn 0.999859929 0.0118894558 0.0117804082
vn 0.999859929 0.0118894558 0.0117804082
vn 0.999859929 0.0118894558 0.0117804082
vn 0.999860823 0.0126644429 0.0108589632
vn 0.999860823 0.0126644429 0.0108589632
vn 0.999860823 0.0126644429 0.0108589632
vn 0.999845088 0.0116611635 0.0131835993
vn 0.999845088 0.0116611635 0.0131835993
vn 0.999845088 0.0116611635 0.0131835993
vn 0.999846637 0.0137335369 0.0108674131
vn 0.999846637 0.0137335369 0.0108674131
vn 0.999846637 0.0137335369 0.0108674131
vn 0.999861598 0.012485398 0.0109932516
vn 0.999861598 0.012485398 0.0109932516
vn 0.999861598 0.012485398 0.0109932516
vn 0.999855757 0.0150230946 0.00792403612
vn 0.999855757 0.0150230946 0.00792403612
vn 0.999855757 0.0150230946 0.00792403612
vn 0.999849319 0.0134829003 0.0109334234
vn 0.999849319 0.0134829003 0.0109334234
vn 0.999849319 0.0134829003 0.0109334234
vn 0.999779761 0.0119280787 0.0172682423
vn 0.999779761 0.0119280787 0.0172682423
vn 0.999779761 0.0119280787 0.0172682423
vn 0.999804974 0.011930245 0.0157379359
vn 0.999804974 0.011930245 0.0157379359
vn 0.999804974 0.011930245 0.0157379359
vn 0.999883294 0.00629154546 0.0139237307
vn 0.999883294 0.00629154546 0.0139237307
vn 0.999883294 0.00629154546 0.0139237307
vn 0.999878585 0.00832418166 0.0131744873
vn 0.999878585 0.00832418166 0.0131744873
vn 0.999878585 0.00832418166 0.0131744873
vn 0.999873698 0.00759377424 0.0139597952
vn 0.999873698 0.00759377424 0.0139597952
vn 0.999873698 0.00759377424 0.0139597952
vn 0.999879718 0.00840723235 0.0130346641
vn 0.999879718 0.00840723235 0.0130346641
vn 0.999879718 0.00840723235 0.0130346641
vn 0.999887168 0.00636127638 0.0136071742
vn 0.999887168 0.00636127638 0.0136071742
vn 0.999887168 0.00636127638 0.0136071742
vn 0.999876499 0.0050922716 0.0148684774
vn 0.999876499 0.0050922716 0.0148684774
vn 0.999876499 0.0050922716 0.0148684774
vn 0.999857843 0.00722854119 0.0152314818
vn 0.999857843 0.00722854119 0.0152314818
vn 0.999857843 0.00722854119 0.0152314818
vn 0.999895334 0.00799530372 0.0120599009
vn 0.999895334 0.00799530372 0.0120599009
vn 0.999895334 0.00799530372 0.0120599009
vn 0.999867082 0.0114517044 0.0116055058
vn 0.999867082 0.0114517044 0.0116055058
vn 0.999867082 0.0114517044 0.0116055058
vn 0.999892294 0.00816746615 0.0121947546
vn 0.999892294 0.00816746615 0.0121947546
vn 0.999892294 0.00816746615 0.0121947546
vn 0.999854565 0.0125363106 0.0115600899
vn 0.999854565 0.0125363106 0.0115600899
vn 0.999854565 0.0125363106 0.0115600899
vn 0.999855161 0.0119984867 0.012068226
vn 0.999855161 0.0119984867 0.012068226
vn 0.999855161 0.0119984867 0.012068226
vn 0.999808133 0.0156177785 0.0118225729
vn 0.999808133 0.0156177785 0.0118225729
vn 0.999808133 0.0156177785 0.0118225729
vn 0.999792099 0.0156033905 0.0131268641
vn 0.999792099 0.0156033905 0.0131268641
vn 0.999792099 0.0156033905 0.0131268641
vn 0.999865532 0.011446028 0.011745166
vn 0.999865532 0.011446028 0.011745166
vn 0.999865532 0.011446028 0.011745166
vn 0.999865294 0.0117483269 0.011460186
vn 0.999865294 0.0117483269 0.011460186
vn 0.999865294 0.0117483269 0.011460186
vn 0.999844611 0.0123527553 0.0125763696
vn 0.999844611 0.0123527553 0.0125763696
vn 0.999844611 0.0123527553 0.0125763696
vn 0.999683499 0.0178261865 0.0177506879
vn 0.999683499 0.0178261865 0.0177506879
vn 0.999683499 0.0178261865 0.0177506879
vn 0.999721348 0.015581198 0.0177334864
vn 0.999721348 0.015581198 0.0177334864
vn 0.999721348 0.015581198 0.0177334864
vn 0.999740362 0.0169001576 0.0152842551
vn 0.999740362 0.0169001576 0.0152842551
vn 0.999740362 0.0169001576 0.0152842551
vn 0.999814689 0.0116901956 0.0152952019
vn 0.999814689 0.0116901956 0.0152952019
vn 0.999814689 0.0116901956 0.0152952019
vn 0.999824166 0.0123333503 0.0141248889
vn 0.999824166 0.0123333503 0.0141248889
vn 0.999824166 0.0123333503 0.0141248889
vn 0.9997105 0.0135119641 0.0199087188
vn 0.9997105 0.0135119641 0.0199087188
vn 0.9997105 0.0135119641 0.0199087188
vn 0.999635994 0.0178871471 0.0201968066
vn 0.999635994 0.0178871471 0.0201968066
vn 0.999635994 0.0178871471 0.0201968066
vn 0.999665022 0.0195704605 0.0169351753
vn 0.999665022 0.0195704605 0.0169351753
vn 0.999665022 0.0195704605 0.0169351753
vn 0.999699295 0.0177859496 0.0168817136
vn 0.999699295 0.0177859496 0.0168817136
vn 0.999699295 0.0177859496 0.0168817136
vn 0.99970752 0.00682857307 0.0231988747
vn 0.99970752 0.00682857307 0.0231988747
vn 0.99970752 0.00682857307 0.0231988747
vn 0.999533236 0.0220021103 0.0211943574
vn 0.999533236 0.0220021103 0.0211943574
vn 0.999533236 0.0220021103 0.0211943574
vn 0.999640763 0.017355537 0.0204228312
vn 0.999640763 0.017355537 0.0204228312
vn 0.999640763 0.017355537 0.0204228312
vn 0.999585688 0.0156628415 0.0241492037
vn 0.999585688 0.0156628415 0.0241492037
vn 0.999585688 0.0156628415 0.0241492037
vn 0.999308348 0.0331945419 0.0167628583
vn 0.999308348 0.0331945419 0.0167628583
vn 0.999308348 0.0331945419 0.0167628583
vn 0.999288857 0.0321357735 0.0197249297
vn 0.999288857 0.0321357735 0.0197249297
vn 0.999288857 0.0321357735 0.0197249297
vn 0.998951077 0.0380947031 0.0254073571
vn 0.998951077 0.0380947031 0.0254073571
vn 0.998951077 0.0380947031 0.0254073571
vn 0.999390244 0.0291314088 0.0192488991
vn 0.999390244 0.0291314088 0.0192488991
vn 0.999390244 0.0291314088 0.0192488991
vn 0.999346733 0.0319061689 0.0169732179
vn 0.999346733 0.0319061689 0.0169732179
vn 0.999346733 0.0319061689 0.0169732179
vn 0.999124169 0.0370795801 0.019390244
vn 0.999124169 0.0370795801 0.019390244
vn 0.999124169 0.0370795801 0.019390244
vn 0.998590529 0.0448560715 0.0283695459
vn 0.998590529 0.0448560715 0.0283695459
vn 0.998590529 0.0448560715 0.0283695459
vn 0.999711514 0.0204208847 0.0126422551
vn 0.999711514 0.0204208847 0.0126422551
vn 0.999711514 0.0204208847 0.0126422551
vn 0.99963218 0.0240145512 0.0126000885
vn 0.99963218 0.0240145512 0.0126000885
vn 0.99963218 0.0240145512 0.0126000885
vn 0.999596715 0.0240912437 0.0150350006
vn 0.999596715 0.0240912437 0.0150350006
vn 0.999596715 0.0240912437 0.0150350006
vn 0.999468148 0.0288078059 0.0152821718
vn 0.999468148 0.0288078059 0.0152821718
vn 0.999468148 0.0288078059 0.0152821718
vn 0.999596596 0.0221706107 0.0177514479
vn 0.999596596 0.0221706107 0.0177514479
vn 0.999596596 0.0221706107 0.0177514479
vn 0.999305546 0.0320429876 0.0190169681
vn 0.999305546 0.0320429876 0.0190169681
vn 0.999305546 0.0320429876 0.0190169681
vn 0.999278545 0.0279974844 0.0256619547
vn 0.999278545 0.0279974844 0.0256619547
vn 0.999278545 0.0279974844 0.0256619547
vn 0.999228477 0.0283483732 0.0271802526
vn 0.999228477 0.0283483732 0.0271802526
vn 0.999228477 0.0283483732 0.0271802526
vn 0.998760402 0.0356036685 0.0347860567
vn 0.998760402 0.0356036685 0.0347860567
vn 0.998760402 0.0356036685 0.0347860567
vn 0.99956733 0.024312187 0.016554432
vn 0.99956733 0.024312187 0.016554432
vn 0.99956733 0.024312187 0.016554432
vn 0.999419272 0.0249213018 0.0232384428
vn 0.999419272 0.0249213018 0.0232384428
vn 0.999419272 0.0249213018 0.0232384428
vn 0.99954772 0.0202727895 0.0222130269
vn 0.99954772 0.0202727895 0.0222130269
vn 0.99954772 0.0202727895 0.0222130269
vn 0.99930799 0.0218264684 0.0301193967
vn 0.99930799 0.0218264684 0.0301193967
vn 0.99930799 0.0218264684 0.0301193967
vn 0.999293089 0.02209628 0.0304141715
vn 0.999293089 0.02209628 0.0304141715
vn 0.999293089 0.02209628 0.0304141715
vn 0.999367177 0.0215067249 0.0283321608
vn 0.999367177 0.0215067249 0.0283321608
vn 0.999367177 0.0215067249 0.0283321608
vn 0.998965383 0.0281809606 0.0356934033
vn 0.998965383 0.0281809606 0.0356934033
vn 0.998965383 0.0281809606 0.0356934033
vn 0.999869168 0.00359115913 0.0157714095
vn 0.999869168 0.00359115913 0.0157714095
vn 0.999869168 0.00359115913 0.0157714095
vn 0.999952316 -0.00113255205 0.00969829038
vn 0.999952316 -0.00113255205 0.00969829038
vn 0.999952316 -0.00113255205 0.00969829038
vn 0.993907094 0.062200442 0.0909935087
vn 0.993907094 0.062200442 0.0909935087
vn 0.993907094 0.062200442 0.0909935087
vn 0.998636305 0.0264229085 0.0450255722
vn 0.998636305 0.0264229085 0.0450255722
vn 0.998636305 0.0264229085 0.0450255722
vn 0.998255491 0.0306573678 0.0504584089
vn 0.998255491 0.0306573678 0.0504584089
vn 0.998255491 0.0306573678 0.0504584089
vn 0.99930352 0.0171839539 0.0331236646
vn 0.99930352 0.0171839539 0.0331236646
vn 0.99930352 0.0171839539 0.0331236646
vn 0.99878937 0.0246848445 0.0425492041
vn 0.99878937 0.0246848445 0.0425492041
vn 0.99878937 0.0246848445 0.0425492041
vn 0.999224246 0.0185868088 0.0347199105
vn 0.999224246 0.0185868088 0.0347199105
vn 0.999224246 0.0185868088 0.0347199105
vn 0.999186695 0.0192165207 0.0354504213
vn 0.999186695 0.0192165207 0.0354504213
vn 0.999186695 0.0192165207 0.0354504213
vn 0.999260306 0.0181672536 0.0338938311
vn 0.999260306 0.0181672536 0.0338938311
vn 0.999260306 0.0181672536 0.0338938311
vn 0.999187708 0.0194835551 0.0352753513
vn 0.999187708 0.0194835551 0.0352753513
vn 0.999187708 0.0194835551 0.0352753513
vn 0.999301851 0.0179979336 0.0327402204
vn 0.999301851 0.0179979336 0.0327402204
vn 0.999301851 0.0179979336 0.0327402204
vn 0.999108434 0.02189284 0.0360982828
vn 0.999108434 0.02189284 0.0360982828
vn 0.999108434 0.02189284 0.0360982828
vn 0.999149621 0.0214876793 0.0351893045
vn 0.999149621 0.0214876793 0.0351893045
vn 0.999149621 0.0214876793 0.0351893045
vn 0.999475539 0.0156235695 0.0283650681
vn 0.999475539 0.0156235695 0.0283650681
vn 0.999475539 0.0156235695 0.0283650681
vn 0.999417067 0.0161951389 0.0300542507
vn 0.999417067 0.0161951389 0.0300542507
vn 0.999417067 0.0161951389 0.0300542507
vn 0.99958086 0.0126852505 0.0260220431
vn 0.99958086 0.0126852505 0.0260220431
vn 0.99958086 0.0126852505 0.0260220431
vn 0.99956429 0.0128292469 0.0265819076
vn 0.99956429 0.0128292469 0.0265819076
vn 0.99956429 0.0128292469 0.0265819076
vn 0.999657869 0.0105019622 0.0239559058
vn 0.999657869 0.0105019622 0.0239559058
vn 0.999657869 0.0105019622 0.0239559058
vn 0.999654651 0.0105257649 0.0240794104
vn 0.999654651 0.0105257649 0.0240794104
vn 0.999654651 0.0105257649 0.0240794104
vn 0.999711573 0.00891241059 0.0223006736
vn 0.999711573 0.00891241059 0.0223006736
vn 0.999711573 0.00891241059 0.0223006736
vn 0.999295712 0.0163697395 0.0337662846
vn 0.999295712 0.0163697395 0.0337662846
vn 0.999295712 0.0163697395 0.0337662846
vn 0.99932915 0.0163022932 0.032794904
vn 0.99932915 0.0163022932 0.032794904
vn 0.99932915 0.0163022932 0.032794904
vn 0.999250889 0.0174240004 0.0345545784
vn 0.999250889 0.0174240004 0.0345545784
vn 0.999250889 0.0174240004 0.0345545784
vn 0.999293327 0.0170902908 0.0334787183
vn 0.999293327 0.0170902908 0.0334787183
vn 0.999293327 0.0170902908 0.0334787183
vn 0.999226928 0.0180923641 0.0349034593
vn 0.999226928 0.0180923641 0.0349034593
vn 0.999226928 0.0180923641 0.0349034593
vn 0.999264419 0.0176606942 0.0340396687
vn 0.999264419 0.0176606942 0.0340396687
vn 0.999264419 0.0176606942 0.0340396687
vn 0.999211252 0.0184803307 0.0351477712
vn 0.999211252 0.0184803307 0.0351477712
vn 0.999211252 0.0184803307 0.0351477712
vn 0.999229491 0.0182983428 0.0347220935
vn 0.999229491 0.0182983428 0.0347220935
vn 0.999229491 0.0182983428 0.0347220935
vn 0.999259531 0.0178242922 0.0340972841
vn 0.999259531 0.0178242922 0.0340972841
vn 0.999259531 0.0178242922 0.0340972841
vn 0.999206483 0.0188431777 0.0350908451
vn 0.999206483 0.0188431777 0.0350908451
vn 0.999206483 0.0188431777 0.0350908451
vn 0.999199569 0.0189538747 0.0352269411
vn 0.999199569 0.0189538747 0.0352269411
vn 0.999199569 0.0189538747 0.0352269411
vn 0.999125242 0.0203733668 0.0365198106
vn 0.999125242 0.0203733668 0.0365198106
vn 0.999125242 0.0203733668 0.0365198106
vn 0.999210358 0.0190089978 0.0348905735
vn 0.999210358 0.0190089978 0.0348905735
vn 0.999210358 0.0190089978 0.0348905735
vn 0.999154091 0.0203445628 0.0357386768
vn 0.999154091 0.0203445628 0.0357386768
vn 0.999154091 0.0203445628 0.0357386768
vn 0.999209583 0.01940405 0.0346939974
vn 0.999209583 0.01940405 0.0346939974
vn 0.999209583 0.01940405 0.0346939974
vn 0.999153197 0.0213262849 0.0351861715
vn 0.999153197 0.0213262849 0.0351861715
vn 0.999153197 0.0213262849 0.0351861715
vn 0.999119341 0.0219331551 0.0357701033
vn 0.999119341 0.0219331551 0.0357701033
vn 0.999119341 0.0219331551 0.0357701033
vn 0.99960351 0.0228557494 0.0164434556
vn 0.99960351 0.0228557494 0.0164434556
vn 0.99960351 0.0228557494 0.0164434556
vn 0.999591291 0.0228889063 0.0171281006
vn 0.999591291 0.0228889063 0.0171281006
vn 0.999591291 0.0228889063 0.0171281006
vn 0.999462187 0.0276625175 0.0176107902
vn 0.999462187 0.0276625175 0.0176107902
vn 0.999462187 0.0276625175 0.0176107902
vn 0.999357224 0.0282050781 0.0221265517
vn 0.999357224 0.0282050781 0.0221265517
vn 0.999357224 0.0282050781 0.0221265517
vn 0.999080062 0.0332160294 0.0271245316
vn 0.999080062 0.0332160294 0.0271245316
vn 0.999080062 0.0332160294 0.0271245316
vn 0.999176979 0.0326617025 0.0240535997
vn 0.999176979 0.0326617025 0.0240535997
vn 0.999176979 0.0326617025 0.0240535997
vn 0.998723209 0.0397675261 0.0311519802
vn 0.998723209 0.0397675261 0.0311519802
vn 0.998723209 0.0397675261 0.0311519802
vn 0.998853862 0.0389794484 0.0277766678
vn 0.998853862 0.0389794484 0.0277766678
vn 0.998853862 0.0389794484 0.0277766678
vn 0.999272406 0.0315771028 0.0213913266
vn 0.999272406 0.0315771028 0.0213913266
vn 0.999272406 0.0315771028 0.0213913266
vn 0.997853339 0.0485948026 0.0439002775
vn 0.997853339 0.0485948026 0.0439002775
vn 0.997853339 0.0485948026 0.0439002775
vn 0.999198258 0.0261780582 0.030290179
vn 0.999198258 0.0261780582 0.030290179
vn 0.999198258 0.0261780582 0.030290179
vn 0.998698831 0.033446677 0.0384963714
vn 0.998698831 0.033446677 0.0384963714
vn 0.998698831 0.033446677 0.0384963714
vn 0.99908334 0.0240301676 0.0354255736
vn 0.99908334 0.0240301676 0.0354255736
vn 0.99908334 0.0240301676 0.0354255736
vn 0.999799669 0.00922578108 0.0177629106
vn 0.999799669 0.00922578108 0.0177629106
vn 0.999799669 0.00922578108 0.0177629106
vn 0.99977994 0.0100542475 0.0184109267
vn 0.99977994 0.0100542475 0.0184109267
vn 0.99977994 0.0100542475 0.0184109267
vn 0.999781251 0.00207845331 0.0208117347
vn 0.999781251 0.00207845331 0.0208117347
vn 0.999781251 0.00207845331 0.0208117347
vn 0.999739468 0.00439926097 0.0223965645
vn 0.999739468 0.00439926097 0.0223965645
vn 0.999739468 0.00439926097 0.0223965645
vn 0.999741793 0.00688245567 0.0216550175
vn 0.999741793 0.00688245567 0.0216550175
vn 0.999741793 0.00688245567 0.0216550175
vn 0.999736905 -0.00370167312 0.0226353891
vn 0.999736905 -0.00370167312 0.0226353891
vn 0.999736905 -0.00370167312 0.0226353891
vn 0.999710858 -0.00155799172 0.0239942297
vn 0.999710858 -0.00155799172 0.0239942297
vn 0.999710858 -0.00155799172 0.0239942297
vn 0.999593198 -0.00609272206 0.0278619956
vn 0.999593198 -0.00609272206 0.0278619956
vn 0.999593198 -0.00609272206 0.0278619956
vn 0.999626458 -0.00480592065 0.0269052237
vn 0.999626458 -0.00480592065 0.0269052237
vn 0.999626458 -0.00480592065 0.0269052237
vn 0.999563336 -0.0064996602 0.0288250633
vn 0.999563336 -0.0064996602 0.0288250633
vn 0.999563336 -0.0064996602 0.0288250633
vn 0.999627829 -0.00457204785 0.0268933699
vn 0.999627829 -0.00457204785 0.0268933699
vn 0.999627829 -0.00457204785 0.0268933699
vn 0.999497235 -0.00769898435 0.0307579897
vn 0.999497235 -0.00769898435 0.0307579897
vn 0.999497235 -0.00769898435 0.0307579897
vn 0.999602377 -0.00509519083 0.0277322307
vn 0.999602377 -0.00509519083 0.0277322307
vn 0.999602377 -0.00509519083 0.0277322307
vn 0.999328494 -0.0107466495 0.0350288153
vn 0.999328494 -0.0107466495 0.0350288153
vn 0.999328494 -0.0107466495 0.0350288153
vn 0.999525011 -0.00677996967 0.0300635714
vn 0.999525011 -0.00677996967 0.0300635714
vn 0.999525011 -0.00677996967 0.0300635714
vn 0.997274458 -0.0333511196 0.0658133477
vn 0.997274458 -0.0333511196 0.0658133477
vn 0.997274458 -0.0333511196 0.0658133477
vn 0.997658253 -0.0300805438 0.0614264682
vn 0.997658253 -0.0300805438 0.0614264682
vn 0.997658253 -0.0300805438 0.0614264682
vn 0.996796727 -0.0370862968 0.0708586201
vn 0.996796727 -0.0370862968 0.0708586201
vn 0.996796727 -0.0370862968 0.0708586201
vn 0.996094763 -0.0421047769 0.077604346
vn 0.996094763 -0.0421047769 0.077604346
vn 0.996094763 -0.0421047769 0.077604346
vn 0.930419981 -0.208805263 0.30119592
vn 0.930419981 -0.208805263 0.30119592
vn 0.930419981 -0.208805263 0.30119592
vn 0.968830407 -0.137614772 0.205984905
vn 0.968830407 -0.137614772 0.205984905
vn 0.968830407 -0.137614772 0.205984905
vn 0.999484658 -9.77592299e-06 0.0320997685
vn 0.999484658 -9.77592299e-06 0.0320997685
vn 0.999484658 -9.77592299e-06 0.0320997685
vn 0.999650598 0.0043224534 0.0260770246
vn 0.999650598 0.0043224534 0.0260770246
vn 0.999650598 0.0043224534 0.0260770246
vn 0.999620795 0.00143384223 0.0274982117
vn 0.999620795 0.00143384223 0.0274982117
vn 0.999620795 0.00143384223 0.0274982117
vn 0.99951601 -0.00156745594 0.0310699735
vn 0.99951601 -0.00156745594 0.0310699735
vn 0.99951601 -0.00156745594 0.0310699735
vn 0.999528944 -0.000923524844 0.0306768436
vn 0.999528944 -0.000923524844 0.0306768436
vn 0.999528944 -0.000923524844 0.0306768436
vn 0.999434412 -0.00252574449 0.033532653
vn 0.999434412 -0.00252574449 0.033532653
vn 0.999434412 -0.00252574449 0.033532653
vn 0.999498546 -0.00182106381 0.0316129252
vn 0.999498546 -0.00182106381 0.0316129252
vn 0.999498546 -0.00182106381 0.0316129252
vn 0.9995206 -0.00312800286 0.0308023244
vn 0.9995206 -0.00312800286 0.0308023244
vn 0.9995206 -0.00312800286 0.0308023244
vn 0.999521911 -0.00395601662 0.0306639131
vn 0.999521911 -0.00395601662 0.0306639131
vn 0.999521911 -0.00395601662 0.0306639131
vn 0.999584973 -0.00292283879 0.0286587439
vn 0.999584973 -0.00292283879 0.0286587439
vn 0.999584973 -0.00292283879 0.0286587439
vn 0.99956584 -0.00457792822 0.0291058123
vn 0.99956584 -0.00457792822 0.0291058123
vn 0.99956584 -0.00457792822 0.0291058123
vn 0.999614656 -0.00360505539 0.0275241248
vn 0.999614656 -0.00360505539 0.0275241248
vn 0.999614656 -0.00360505539 0.0275241248
vn 0.999738514 0.0113894176 0.0198297333
vn 0.999738514 0.0113894176 0.0198297333
vn 0.999738514 0.0113894176 0.0198297333
vn 0.999675572 0.0111492174 0.0229007043
vn 0.999675572 0.0111492174 0.0229007043
vn 0.999675572 0.0111492174 0.0229007043
vn 0.999694049 0.00760554662 0.0235369243
vn 0.999694049 0.00760554662 0.0235369243
vn 0.999694049 0.00760554662 0.0235369243
vn 0.999653757 0.00745029235 0.0252362341
vn 0.999653757 0.00745029235 0.0252362341
vn 0.999653757 0.00745029235 0.0252362341
vn 0.999655664 0.00430141483 0.0258860905
vn 0.999655664 0.00430141483 0.0258860905
vn 0.999655664 0.00430141483 0.0258860905
vn 0.999650836 0.00429760292 0.0260723494
vn 0.999650836 0.00429760292 0.0260723494
vn 0.999650836 0.00429760292 0.0260723494
vn 0.999615014 0.00349932001 0.0275234431
vn 0.999615014 0.00349932001 0.0275234431
vn 0.999615014 0.00349932001 0.0275234431
vn 0.999590814 0.00338804233 0.0284029879
vn 0.999590814 0.00338804233 0.0284029879
vn 0.999590814 0.00338804233 0.0284029879
vn 0.99961108 0.00337627716 0.0276819896
vn 0.99961108 0.00337627716 0.0276819896
vn 0.99961108 0.00337627716 0.0276819896
vn 0.999551237 0.00187489856 0.0298969373
vn 0.999551237 0.00187489856 0.0298969373
vn 0.999551237 0.00187489856 0.0298969373
vn 0.999516726 0.00164949731 0.0310416762
vn 0.999516726 0.00164949731 0.0310416762
vn 0.999516726 0.00164949731 0.0310416762
vn 0.999691367 0.00957318582 0.0229250286
vn 0.999691367 0.00957318582 0.0229250286
vn 0.999691367 0.00957318582 0.0229250286
vn 0.999699295 0.00633314857 0.0236897152
vn 0.999699295 0.00633314857 0.0236897152
vn 0.999699295 0.00633314857 0.0236897152
vn 0.999612927 0.00406278204 0.0275224
vn 0.999612927 0.00406278204 0.0275224
vn 0.999612927 0.00406278204 0.0275224
vn 0.999603271 0.00274820789 0.0280303564
vn 0.999603271 0.00274820789 0.0280303564
vn 0.999603271 0.00274820789 0.0280303564
vn 0.999539316 0.0007678158 0.0303417388
vn 0.999539316 0.0007678158 0.0303417388
vn 0.999539316 0.0007678158 0.0303417388
vn 0.999546647 0.00131810224 0.0300790071
vn 0.999546647 0.00131810224 0.0300790071
vn 0.999546647 0.00131810224 0.0300790071
vn 0.999473929 -0.000100196659 0.0324326158
vn 0.999473929 -0.000100196659 0.0324326158
vn 0.999473929 -0.000100196659 0.0324326158
vn 0.999697804 0.00617250148 0.0237956066
vn 0.999697804 0.00617250148 0.0237956066
vn 0.999697804 0.00617250148 0.0237956066
vn 0.999726176 0.00572067918 0.0226907991
vn 0.999726176 0.00572067918 0.0226907991
vn 0.999726176 0.00572067918 0.0226907991
vn 0.99967891 0.0109480638 0.0228516888
vn 0.99967891 0.0109480638 0.0228516888
vn 0.99967891 0.0109480638 0.0228516888
vn 0.999713182 0.0109364204 0.0213054512
vn 0.999713182 0.0109364204 0.0213054512
vn 0.999713182 0.0109364204 0.0213054512
vn 0.999663293 0.014982542 0.0211868342
vn 0.999663293 0.014982542 0.0211868342
vn 0.999663293 0.014982542 0.0211868342
vn 0.999697745 0.0150049645 0.0194744077
vn 0.999697745 0.0150049645 0.0194744077
vn 0.999697745 0.0150049645 0.0194744077
vn 0.999710321 0.0140953809 0.0195082743
vn 0.999710321 0.0140953809 0.0195082743
vn 0.999710321 0.0140953809 0.0195082743
vn 0.999527097 0.0223263036 0.0211444627
vn 0.999527097 0.0223263036 0.0211444627
vn 0.999527097 0.0223263036 0.0211444627
vn 0.999474764 0.0230284445 0.0228010006
vn 0.999474764 0.0230284445 0.0228010006
vn 0.999474764 0.0230284445 0.0228010006
vn 0.999549866 0.0216750484 0.0207425542
vn 0.999549866 0.0216750484 0.0207425542
vn 0.999549866 0.0216750484 0.0207425542
vn 0.999503255 0.0220718458 0.0224961583
vn 0.999503255 0.0220718458 0.0224961583
vn 0.999503255 0.0220718458 0.0224961583
vn 0.999546885 0.0213270653 0.0212413911
vn 0.999546885 0.0213270653 0.0212413911
vn 0.999546885 0.0213270653 0.0212413911
vn 0.999493957 0.0212957114 0.0236294158
vn 0.999493957 0.0212957114 0.0236294158
vn 0.999493957 0.0212957114 0.0236294158
vn 0.999437869 0.0220755003 0.0252309851
vn 0.999437869 0.0220755003 0.0252309851
vn 0.999437869 0.0220755003 0.0252309851
vn 0.999586999 0.0227601938 0.017544793
vn 0.999586999 0.0227601938 0.017544793
vn 0.999586999 0.0227601938 0.017544793
vn 0.999584496 0.022836443 0.0175864864
vn 0.999584496 0.022836443 0.0175864864
vn 0.999584496 0.022836443 0.0175864864
vn 0.999674201 0.0191031415 0.0169277526
vn 0.999674201 0.0191031415 0.0169277526
vn 0.999674201 0.0191031415 0.0169277526
vn 0.999649167 0.0204493385 0.0168351792
vn 0.999649167 0.0204493385 0.0168351792
vn 0.999649167 0.0204493385 0.0168351792
vn 0.999563277 0.0226007011 0.0190391056
vn 0.999563277 0.0226007011 0.0190391056
vn 0.999563277 0.0226007011 0.0190391056
vn 0.999600589 0.0213131905 0.0185596477
vn 0.999600589 0.0213131905 0.0185596477
vn 0.999600589 0.0213131905 0.0185596477
vn 0.999518991 0.0231084153 0.0206826646
vn 0.999518991 0.0231084153 0.0206826646
vn 0.999518991 0.0231084153 0.0206826646
vn 0.99956578 0.021867957 0.0197497606
vn 0.99956578 0.021867957 0.0197497606
vn 0.99956578 0.021867957 0.0197497606
vn 0.999462545 0.0239438508 0.0223896876
vn 0.999462545 0.0239438508 0.0223896876
vn 0.999462545 0.0239438508 0.0223896876
vn 0.999521613 0.0226446968 0.0210666675
vn 0.999521613 0.0226446968 0.0210666675
vn 0.999521613 0.0226446968 0.0210666675
vn 0.999337792 0.0259844325 0.0254722927
vn 0.999337792 0.0259844325 0.0254722927
vn 0.999337792 0.0259844325 0.0254722927
vn 0.999454379 0.0211445466 0.0253734272
vn 0.999454379 0.0211445466 0.0253734272
vn 0.999454379 0.0211445466 0.0253734272
vn 0.999463081 0.0195573214 0.0262872502
vn 0.999463081 0.0195573214 0.0262872502
vn 0.999463081 0.0195573214 0.0262872502
vn 0.999437749 0.0198270455 0.0270383209
vn 0.999437749 0.0198270455 0.0270383209
vn 0.999437749 0.0198270455 0.0270383209
vn 0.999448478 0.0184541661 0.0276070982
vn 0.999448478 0.0184541661 0.0276070982
vn 0.999448478 0.0184541661 0.0276070982
vn 0.999435246 0.0178576019 0.0284657795
vn 0.999435246 0.0178576019 0.0284657795
vn 0.999435246 0.0178576019 0.0284657795
vn 0.999468744 0.0175861232 0.0274401959
vn 0.999468744 0.0175861232 0.0274401959
vn 0.999468744 0.0175861232 0.0274401959
vn 0.999793828 0.0172016136 0.0107888067
vn 0.999793828 0.0172016136 0.0107888067
vn 0.999793828 0.0172016136 0.0107888067
vn 0.999635637 0.0194014888 0.0187660437
vn 0.999635637 0.0194014888 0.0187660437
vn 0.999635637 0.0194014888 0.0187660437
vn 0.999739528 0.0165793616 0.0156861264
vn 0.999739528 0.0165793616 0.0156861264
vn 0.999739528 0.0165793616 0.0156861264
vn 0.999643564 0.0175072048 0.0201560352
vn 0.999643564 0.0175072048 0.0201560352
vn 0.999643564 0.0175072048 0.0201560352
vn 0.999848843 0.0157748386 0.00731167523
vn 0.999848843 0.0157748386 0.00731167523
vn 0.999848843 0.0157748386 0.00731167523
vn 0.999715269 0.0176291093 0.0160812698
vn 0.999715269 0.0176291093 0.0160812698
vn 0.999715269 0.0176291093 0.0160812698
vn 0.999786913 0.0153886974 0.0137593923
vn 0.999786913 0.0153886974 0.0137593923
vn 0.999786913 0.0153886974 0.0137593923
vn 0.999670088 0.0163538344 0.0198048875
vn 0.999670088 0.0163538344 0.0198048875
vn 0.999670088 0.0163538344 0.0198048875
vn 0.999750137 0.0140272621 0.0174044073
vn 0.999750137 0.0140272621 0.0174044073
vn 0.999750137 0.0140272621 0.0174044073
vn 0.99971509 0.0142083811 0.019180201
vn 0.99971509 0.0142083811 0.019180201
vn 0.99971509 0.0142083811 0.019180201
vn 0.999737024 0.0128126238 0.0190188363
vn 0.999737024 0.0128126238 0.0190188363
vn 0.999737024 0.0128126238 0.0190188363
vn 0.999544561 0.0264697634 0.0144912656
vn 0.999544561 0.0264697634 0.0144912656
vn 0.999544561 0.0264697634 0.0144912656
vn 0.999875367 0.0133703789 0.00839294307
vn 0.999875367 0.0133703789 0.00839294307
vn 0.999875367 0.0133703789 0.00839294307
vn 0.99987632 0.0133002046 0.00839259569
vn 0.99987632 0.0133002046 0.00839259569
vn 0.99987632 0.0133002046 0.00839259569
vn 0.999883294 0.0128889643 0.00820352975
vn 0.999883294 0.0128889643 0.00820352975
vn 0.999883294 0.0128889643 0.00820352975
vn 0.999900758 0.0114449142 0.00821399689
vn 0.999900758 0.0114449142 0.00821399689
vn 0.999900758 0.0114449142 0.00821399689
vn 0.999469519 0.0160927158 0.0283140726
vn 0.999469519 0.0160927158 0.0283140726
vn 0.999469519 0.0160927158 0.0283140726
vn 0.99946028 0.0159322415 0.0287289508
vn 0.99946028 0.0159322415 0.0287289508
vn 0.99946028 0.0159322415 0.0287289508
vn 0.999553502 0.0153421499 0.0256399326
vn 0.999553502 0.0153421499 0.0256399326
vn 0.999553502 0.0153421499 0.0256399326
vn 0.999504209 0.0142767951 0.0280625485
vn 0.999504209 0.0142767951 0.0280625485
vn 0.999504209 0.0142767951 0.0280625485
vn 0.999509633 0.0142841535 0.0278655477
vn 0.999509633 0.0142841535 0.0278655477
vn 0.999509633 0.0142841535 0.0278655477
vn 0.999613345 0.0138287237 0.0241231695
vn 0.999613345 0.0138287237 0.0241231695
vn 0.999613345 0.0138287237 0.0241231695
vn 0.999566734 0.0126918675 0.0265566595
vn 0.999566734 0.0126918675 0.0265566595
vn 0.999566734 0.0126918675 0.0265566595
vn 0.999673069 0.0127029726 0.0221888218
vn 0.999673069 0.0127029726 0.0221888218
vn 0.999673069 0.0127029726 0.0221888218
vn 0.999641299 0.0115558682 0.0241605733
vn 0.999641299 0.0115558682 0.0241605733
vn 0.999641299 0.0115558682 0.0241605733
vn 0.999734163 0.0114181833 0.0200302787
vn 0.999734163 0.0114181833 0.0200302787
vn 0.999734163 0.0114181833 0.0200302787
vn 0.99971348 0.0107323928 0.0213949829
vn 0.99971348 0.0107323928 0.0213949829
vn 0.99971348 0.0107323928 0.0213949829
vn 0.999742389 0.0107494956 0.019990759
vn 0.999742389 0.0107494956 0.019990759
vn 0.999742389 0.0107494956 0.019990759
vn 0.999580562 0.0151513536 0.024680268
vn 0.999580562 0.0151513536 0.024680268
vn 0.999580562 0.0151513536 0.024680268
vn 0.99963963 0.0148581937 0.0223579723
vn 0.99963963 0.0148581937 0.0223579723
vn 0.99963963 0.0148581937 0.0223579723
vn 0.999689341 0.0120144477 0.0218381546
vn 0.999689341 0.0120144477 0.0218381546
vn 0.999689341 0.0120144477 0.0218381546
vn 0.999737859 0.0118973907 0.0195611473
vn 0.999737859 0.0118973907 0.0195611473
vn 0.999737859 0.0118973907 0.0195611473
vn 0.999734402 0.0121605983 0.0195774827
vn 0.999734402 0.0121605983 0.0195774827
vn 0.999734402 0.0121605983 0.0195774827
vn 0.999892712 0.00796946418 0.0122926543
vn 0.999892712 0.00796946418 0.0122926543
vn 0.999892712 0.00796946418 0.0122926543
vn 0.999894977 0.00815201923 0.011983702
vn 0.999894977 0.00815201923 0.011983702
vn 0.999894977 0.00815201923 0.011983702
vn 0.999890625 0.00812015217 0.0123635018
vn 0.999890625 0.00812015217 0.0123635018
vn 0.999890625 0.00812015217 0.0123635018
vn 0.999893188 0.00832056627 0.0120155299
vn 0.999893188 0.00832056627 0.0120155299
vn 0.999893188 0.00832056627 0.0120155299
vn 0.999877214 0.00824056752 0.0133264782
vn 0.999877214 0.00824056752 0.0133264782
vn 0.999877214 0.00824056752 0.0133264782
vn 0.999881566 0.00853417069 0.0128060281
vn 0.999881566 0.00853417069 0.0128060281
vn 0.999881566 0.00853417069 0.0128060281
vn 0.999851644 0.00844379328 0.0150143253
vn 0.999851644 0.00844379328 0.0150143253
vn 0.999851644 0.00844379328 0.0150143253
vn 0.999859154 0.00887012947 0.0142457988
vn 0.999859154 0.00887012947 0.0142457988
vn 0.999859154 0.00887012947 0.0142457988
vn 0.999820411 0.00881314743 0.0167760551
vn 0.999820411 0.00881314743 0.0167760551
vn 0.999820411 0.00881314743 0.0167760551
vn 0.999831855 0.00936567318 0.0157656111
vn 0.999831855 0.00936567318 0.0157656111
vn 0.999831855 0.00936567318 0.0157656111
vn 0.999785244 0.00935228355 0.0184937771
vn 0.999785244 0.00935228355 0.0184937771
vn 0.999785244 0.00935228355 0.0184937771
vn 0.99980104 0.0100271311 0.0172437634
vn 0.99980104 0.0100271311 0.0172437634
vn 0.99980104 0.0100271311 0.0172437634
vn 0.99974817 0.0100629386 0.0200596061
vn 0.99974817 0.0100629386 0.0200596061
vn 0.99974817 0.0100629386 0.0200596061
vn 0.99969238 0.00556860352 0.0241698809
vn 0.99969238 0.00556860352 0.0241698809
vn 0.99969238 0.00556860352 0.0241698809
vn 0.999703407 0.00558256358 0.0237061102
vn 0.999703407 0.00558256358 0.0237061102
vn 0.999703407 0.00558256358 0.0237061102
vn 0.999675632 0.00979093928 0.0235107597
vn 0.999675632 0.00979093928 0.0235107597
vn 0.999675632 0.00979093928 0.0235107597
vn 0.999706924 0.00982359238 0.0221253224
vn 0.999706924 0.00982359238 0.0221253224
vn 0.999706924 0.00982359238 0.0221253224
vn 0.999667585 0.0137267727 0.0218232572
vn 0.999667585 0.0137267727 0.0218232572
vn 0.999667585 0.0137267727 0.0218232572
vn 0.999702811 0.0137830731 0.020106744
vn 0.999702811 0.0137830731 0.020106744
vn 0.999702811 0.0137830731 0.020106744
vn 0.999698937 0.0140891084 0.0200882144
vn 0.999698937 0.0140891084 0.0200882144
vn 0.999698937 0.0140891084 0.0200882144
vn 0.999725461 0.013558791 0.0191105101
vn 0.999725461 0.013558791 0.0191105101
vn 0.999725461 0.013558791 0.0191105101
vn 0.999740303 0.0124156578 0.0191092566
vn 0.999740303 0.0124156578 0.0191092566
vn 0.999740303 0.0124156578 0.0191092566
vn 0.999720514 0.0128323659 0.0198553372
vn 0.999720514 0.0128323659 0.0198553372
vn 0.999720514 0.0128323659 0.0198553372
vn 0.999717474 0.0130378334 0.0198734235
vn 0.999717474 0.0130378334 0.0198734235
vn 0.999717474 0.0130378334 0.0198734235
vn 0.999687612 0.0131411264 0.0212597009
vn 0.999687612 0.0131411264 0.0212597009
vn 0.999687612 0.0131411264 0.0212597009
vn 0.999622941 0.0163798071 0.0220388882
vn 0.999622941 0.0163798071 0.0220388882
vn 0.999622941 0.0163798071 0.0220388882
vn 0.999647498 0.0162050594 0.0210297238
vn 0.999647498 0.0162050594 0.0210297238
vn 0.999647498 0.0162050594 0.0210297238
vn 0.999510586 0.0193350948 0.0245916173
vn 0.999510586 0.0193350948 0.0245916173
vn 0.999510586 0.0193350948 0.0245916173
vn 0.999684811 0.0176147483 0.017888898
vn 0.999684811 0.0176147483 0.017888898
vn 0.999684811 0.0176147483 0.017888898
vn 0.999534428 0.0211637933 0.0219784714
vn 0.999534428 0.0211637933 0.0219784714
vn 0.999534428 0.0211637933 0.0219784714
vn 0.999789298 0.0173763502 0.0109259412
vn 0.999789298 0.0173763502 0.0109259412
vn 0.999789298 0.0173763502 0.0109259412
vn 0.999596298 0.0224877298 0.0173643492
vn 0.999596298 0.0224877298 0.0173643492
vn 0.999596298 0.0224877298 0.0173643492
vn 0.999871552 0.01211139 0.0104953777
vn 0.999871552 0.01211139 0.0104953777
vn 0.999871552 0.01211139 0.0104953777
vn 0.999870062 0.0123583348 0.010348428
vn 0.999870062 0.0123583348 0.010348428
vn 0.999870062 0.0123583348 0.010348428
vn 0.999869585 0.0115738362 0.0112648001
vn 0.999869585 0.0115738362 0.0112648001
vn 0.999869585 0.0115738362 0.0112648001
vn 0.999879599 0.00952542201 0.012251487
vn 0.999879599 0.00952542201 0.012251487
vn 0.999879599 0.00952542201 0.012251487
vn 0.999883533 0.00959759019 0.011867824
vn 0.999883533 0.00959759019 0.011867824
vn 0.999883533 0.00959759019 0.011867824
vn 0.999883175 0.009566091 0.0119201476
vn 0.999883175 0.009566091 0.0119201476
vn 0.999883175 0.009566091 0.0119201476
vn 0.999880075 0.00952464901 0.0122129163
vn 0.999880075 0.00952464901 0.0122129163
vn 0.999880075 0.00952464901 0.0122129163
vn 0.999880791 0.00958685484 0.0121059762
vn 0.999880791 0.00958685484 0.0121059762
vn 0.999880791 0.00958685484 0.0121059762
vn 0.999863505 0.00943746045 0.0135624083
vn 0.999863505 0.00943746045 0.0135624083
vn 0.999863505 0.00943746045 0.0135624083
vn 0.999866724 0.00966899283 0.0131526385
vn 0.999866724 0.00966899283 0.0131526385
vn 0.999866724 0.00966899283 0.0131526385
vn 0.999831855 0.00949516427 0.0156891011
vn 0.999831855 0.00949516427 0.0156891011
vn 0.999831855 0.00949516427 0.0156891011
vn 0.999839604 0.00992431678 0.0149103496
vn 0.999839604 0.00992431678 0.0149103496
vn 0.999839604 0.00992431678 0.0149103496
vn 0.999792337 0.00981385168 0.0178582892
vn 0.999792337 0.00981385168 0.0178582892
vn 0.999792337 0.00981385168 0.0178582892
vn 0.99980557 0.0104146125 0.0167426709
vn 0.99980557 0.0104146125 0.0167426709
vn 0.99980557 0.0104146125 0.0167426709
vn 0.999746323 0.0103892758 0.0199837293
vn 0.999746323 0.0103892758 0.0199837293
vn 0.999746323 0.0103892758 0.0199837293
vn 0.999765933 0.0111474926 0.0185437184
vn 0.999765933 0.0111474926 0.0185437184
vn 0.999765933 0.0111474926 0.0185437184
vn 0.999694884 0.0112230647 0.0220041033
vn 0.999694884 0.0112230647 0.0220041033
vn 0.999694884 0.0112230647 0.0220041033
vn 0.999721825 0.0121406857 0.0202203039
vn 0.999721825 0.0121406857 0.0202203039
vn 0.999721825 0.0121406857 0.0202203039
vn 0.999640405 0.0123307602 0.0238114372
vn 0.999640405 0.0123307602 0.0238114372
vn 0.999640405 0.0123307602 0.0238114372
vn 0.999719739 -0.00455816509 0.0232300889
vn 0.999719739 -0.00455816509 0.0232300889
vn 0.999719739 -0.00455816509 0.0232300889
vn 0.999678969 -0.00625552423 0.0245527755
vn 0.999678969 -0.00625552423 0.0245527755
vn 0.999678969 -0.00625552423 0.0245527755
vn 0.999836802 0.000671363261 0.0180545058
vn 0.999836802 0.000671363261 0.0180545058
vn 0.999836802 0.000671363261 0.0180545058
vn 0.999832928 -0.000695225142 0.0182652157
vn 0.999832928 -0.000695225142 0.0182652157
vn 0.999832928 -0.000695225142 0.0182652157
vn 0.999914467 0.0046451618 0.0122265033
vn 0.999914467 0.0046451618 0.0122265033
vn 0.999914467 0.0046451618 0.0122265033
vn 0.999911606 0.00352685084 0.0128213791
vn 0.999911606 0.00352685084 0.0128213791
vn 0.999911606 0.00352685084 0.0128213791
vn 0.999932528 0.00698712235 0.00927695166
vn 0.999932528 0.00698712235 0.00927695166
vn 0.999932528 0.00698712235 0.00927695166
vn 0.999935985 0.00597154303 0.00960822124
vn 0.999935985 0.00597154303 0.00960822124
vn 0.999935985 0.00597154303 0.00960822124
vn 0.999935687 0.0088062901 0.00714724464
vn 0.999935687 0.0088062901 0.00714724464
vn 0.999935687 0.0088062901 0.00714724464
vn 0.999933362 0.00908209663 0.00712591922
vn 0.999933362 0.00908209663 0.00712591922
vn 0.999933362 0.00908209663 0.00712591922
vn 0.999926984 0.00689429464 0.00992246345
vn 0.999926984 0.00689429464 0.00992246345
vn 0.999926984 0.00689429464 0.00992246345
vn 0.999890089 0.0122482181 0.00835634302
vn 0.999890089 0.0122482181 0.00835634302
vn 0.999890089 0.0122482181 0.00835634302
vn 0.999780118 0.0120271863 0.0171756204
vn 0.999780118 0.0120271863 0.0171756204
vn 0.999780118 0.0120271863 0.0171756204
vn 0.999766946 0.0130733335 0.0171780549
vn 0.999766946 0.0130733335 0.0171780549
vn 0.999766946 0.0130733335 0.0171780549
vn 0.999760628 0.0140394457 0.0167810842
vn 0.999760628 0.0140394457 0.0167810842
vn 0.999760628 0.0140394457 0.0167810842
vn 0.999764204 0.0139197009 0.0166680496
vn 0.999764204 0.0139197009 0.0166680496
vn 0.999764204 0.0139197009 0.0166680496
vn 0.999749184 0.0148123689 0.0167981461
vn 0.999749184 0.0148123689 0.0167981461
vn 0.999749184 0.0148123689 0.0167981461
vn 0.999821842 0.0143069066 0.0123127559
vn 0.999821842 0.0143069066 0.0123127559
vn 0.999821842 0.0143069066 0.0123127559
vn 0.999776542 0.0159230381 0.0139056491
vn 0.999776542 0.0159230381 0.0139056491
vn 0.999776542 0.0159230381 0.0139056491
vn 0.999876678 0.0146819176 0.00557740917
vn 0.999876678 0.0146819176 0.00557740917
vn 0.999876678 0.0146819176 0.00557740917
vn 0.999845445 0.0159570016 0.00737730134
vn 0.999845445 0.0159570016 0.00737730134
vn 0.999845445 0.0159570016 0.00737730134
vn 0.999853134 0.00879247952 0.0147115029
vn 0.999853134 0.00879247952 0.0147115029
vn 0.999853134 0.00879247952 0.0147115029
vn 0.999863207 0.0101343039 0.0130732432
vn 0.999863207 0.0101343039 0.0130732432
vn 0.999863207 0.0101343039 0.0130732432
vn 0.999865949 0.010240674 0.0127753615
vn 0.999865949 0.010240674 0.0127753615
vn 0.999865949 0.010240674 0.0127753615
vn 0.999866486 0.0103657776 0.0126341255
vn 0.999866486 0.0103657776 0.0126341255
vn 0.999866486 0.0103657776 0.0126341255
vn 0.999856174 0.0100947898 0.0136284949
vn 0.999856174 0.0100947898 0.0136284949
vn 0.999856174 0.0100947898 0.0136284949
vn 0.999885976 0.00847245846 0.0125012407
vn 0.999885976 0.00847245846 0.0125012407
vn 0.999885976 0.00847245846 0.0125012407
vn 0.999891162 0.00718919979 0.0128820194
vn 0.999891162 0.00718919979 0.0128820194
vn 0.999891162 0.00718919979 0.0128820194
vn 0.999889493 0.00716453139 0.0130275069
vn 0.999889493 0.00716453139 0.0130275069
vn 0.999889493 0.00716453139 0.0130275069
vn 0.999887466 0.00768204266 0.0128876688
vn 0.999887466 0.00768204266 0.0128876688
vn 0.999887466 0.00768204266 0.0128876688
vn 0.999870121 0.00746529223 0.0142849833
vn 0.999870121 0.00746529223 0.0142849833
vn 0.999870121 0.00746529223 0.0142849833
vn 0.999863982 0.0120429816 0.0112669943
vn 0.999863982 0.0120429816 0.0112669943
vn 0.999863982 0.0120429816 0.0112669943
vn 0.999763429 0.018415194 0.0115720462
vn 0.999763429 0.018415194 0.0115720462
vn 0.999763429 0.018415194 0.0115720462
vn 0.999746978 0.0183882844 0.0129536027
vn 0.999746978 0.0183882844 0.0129536027
vn 0.999746978 0.0183882844 0.0129536027
vn 0.999725044 0.0195521619 0.0129445847
vn 0.999725044 0.0195521619 0.0129445847
vn 0.999725044 0.0195521619 0.0129445847
vn 0.999722838 0.0195553005 0.0131088607
vn 0.999722838 0.0195553005 0.0131088607
vn 0.999722838 0.0195553005 0.0131088607
vn 0.99972558 0.0193557292 0.0131972395
vn 0.99972558 0.0193557292 0.0131972395
vn 0.99972558 0.0193557292 0.0131972395
vn 0.999711394 0.0177736618 0.0161628835
vn 0.999711394 0.0177736618 0.0161628835
vn 0.999711394 0.0177736618 0.0161628835
vn 0.999630928 0.0216810349 0.0163688604
vn 0.999630928 0.0216810349 0.0163688604
vn 0.999630928 0.0216810349 0.0163688604
vn 0.999600708 0.0197185315 0.0202377047
vn 0.999600708 0.0197185315 0.0202377047
vn 0.999600708 0.0197185315 0.0202377047
vn 0.999690235 0.0151881585 0.0197169855
vn 0.999690235 0.0151881585 0.0197169855
vn 0.999690235 0.0151881585 0.0197169855
vn 0.999645472 0.0137195801 0.0228184182
vn 0.999645472 0.0137195801 0.0228184182
vn 0.999645472 0.0137195801 0.0228184182
vn 0.999720991 0.0088564083 0.0218982659
vn 0.999720991 0.0088564083 0.0218982659
vn 0.999720991 0.0088564083 0.0218982659
vn 0.999692321 0.00651442772 0.0239348039
vn 0.999692321 0.00651442772 0.0239348039
vn 0.999692321 0.00651442772 0.0239348039
vn 0.999723554 0.00630657608 0.0226507727
vn 0.999723554 0.00630657608 0.0226507727
vn 0.999723554 0.00630657608 0.0226507727
vn 0.999692261 0.00723854778 0.0237273052
vn 0.999692261 0.00723854778 0.0237273052
vn 0.999692261 0.00723854778 0.0237273052
vn 0.999681652 0.0073963562 0.0241216645
vn 0.999681652 0.0073963562 0.0241216645
vn 0.999681652 0.0073963562 0.0241216645
vn 0.999624074 0.00903291069 0.0258875117
vn 0.999624074 0.00903291069 0.0258875117
vn 0.999624074 0.00903291069 0.0258875117
vn 0.999623895 0.00903478824 0.0258931909
vn 0.999623895 0.00903478824 0.0258931909
vn 0.999623895 0.00903478824 0.0258931909
vn 0.999494851 0.0119924843 0.0294315685
vn 0.999494851 0.0119924843 0.0294315685
vn 0.999494851 0.0119924843 0.0294315685
vn 0.999542892 0.0115611237 0.0279346518
vn 0.999542892 0.0115611237 0.0279346518
vn 0.999542892 0.0115611237 0.0279346518
vn 0.999274433 0.0165447537 0.0343063995
vn 0.999274433 0.0165447537 0.0343063995
vn 0.999274433 0.0165447537 0.0343063995
vn 0.999275982 0.0165255759 0.0342700407
vn 0.999275982 0.0165255759 0.0342700407
vn 0.999275982 0.0165255759 0.0342700407
vn 0.999680102 0.00500136567 0.024792796
vn 0.999680102 0.00500136567 0.024792796
vn 0.999680102 0.00500136567 0.024792796
vn 0.999680817 0.00500313658 0.0247631557
vn 0.999680817 0.00500313658 0.0247631557
vn 0.999680817 0.00500313658 0.0247631557
vn 0.999667048 0.00865741074 0.0243072454
vn 0.999667048 0.00865741074 0.0243072454
vn 0.999667048 0.00865741074 0.0243072454
vn 0.999699533 0.00873609632 0.0229021944
vn 0.999699533 0.00873609632 0.0229021944
vn 0.999699533 0.00873609632 0.0229021944
vn 0.999670446 0.012495188 0.022423882
vn 0.999670446 0.012495188 0.022423882
vn 0.999670446 0.012495188 0.022423882
vn 0.9997136 0.012607961 0.0203405246
vn 0.9997136 0.012607961 0.0203405246
vn 0.9997136 0.012607961 0.0203405246
vn 0.999710619 0.0128809325 0.0203173272
vn 0.999710619 0.0128809325 0.0203173272
vn 0.999710619 0.0128809325 0.0203173272
vn 0.999723494 0.0128984125 0.0196617227
vn 0.999723494 0.0128984125 0.0196617227
vn 0.999723494 0.0128984125 0.0196617227
vn 0.999791801 0.0114082322 0.0169179048
vn 0.999791801 0.0114082322 0.0169179048
vn 0.999791801 0.0114082322 0.0169179048
vn 0.999788344 0.0107310805 0.017551573
vn 0.999788344 0.0107310805 0.017551573
vn 0.999788344 0.0107310805 0.017551573
vn 0.999851763 0.0110396789 0.0132120512
vn 0.999851763 0.0110396789 0.0132120512
vn 0.999851763 0.0110396789 0.0132120512
vn 0.999862313 0.00973511767 0.0134378383
vn 0.999862313 0.00973511767 0.0134378383
vn 0.999862313 0.00973511767 0.0134378383
vn 0.999849856 0.00749506755 0.0156239308
vn 0.999849856 0.00749506755 0.0156239308
vn 0.999849856 0.00749506755 0.0156239308
vn 0.999848425 0.00789651461 0.0155166341
vn 0.999848425 0.00789651461 0.0155166341
vn 0.999848425 0.00789651461 0.0155166341
vn 0.999816239 0.00497813802 0.0185107943
vn 0.999816239 0.00497813802 0.0185107943
vn 0.999816239 0.00497813802 0.0185107943
vn 0.999816716 0.00525151193 0.018409783
vn 0.999816716 0.00525151193 0.018409783
vn 0.999816716 0.00525151193 0.018409783
vn 0.999754727 0.00186358369 0.0220683552
vn 0.999754727 0.00186358369 0.0220683552
vn 0.999754727 0.00186358369 0.0220683552
vn 0.999753535 0.00172747136 0.0221341439
vn 0.999753535 0.00172747136 0.0221341439
vn 0.999753535 0.00172747136 0.0221341439
vn 0.999635875 -0.00243792031 0.0268722083
vn 0.999635875 -0.00243792031 0.0268722083
vn 0.999635875 -0.00243792031 0.0268722083
vn 0.999682188 0.000275535567 0.0252073649
vn 0.999682188 0.000275535567 0.0252073649
vn 0.999682188 0.000275535567 0.0252073649
vn 0.999510586 -0.00448830333 0.0309578236
vn 0.999510586 -0.00448830333 0.0309578236
vn 0.999510586 -0.00448830333 0.0309578236
vn 0.999516368 -0.00428218348 0.0307999421
vn 0.999516368 -0.00428218348 0.0307999421
vn 0.999516368 -0.00428218348 0.0307999421
vn 0.999639034 -0.002357936 0.0267631337
vn 0.999639034 -0.002357936 0.0267631337
vn 0.999639034 -0.002357936 0.0267631337
vn 0.999554873 -0.00497983256 0.0294144414
vn 0.999554873 -0.00497983256 0.0294144414
vn 0.999554873 -0.00497983256 0.0294144414
vn 0.999653101 -0.00305569381 0.0261592884
vn 0.999653101 -0.00305569381 0.0261592884
vn 0.999653101 -0.00305569381 0.0261592884
vn 0.999581575 -0.00504736369 0.0284810998
vn 0.999581575 -0.00504736369 0.0284810998
vn 0.999581575 -0.00504736369 0.0284810998
vn 0.999635518 -0.00387100549 0.0267185364
vn 0.999635518 -0.00387100549 0.0267185364
vn 0.999635518 -0.00387100549 0.0267185364
vn 0.999354303 -0.00973370206 0.0345866568
vn 0.999354303 -0.00973370206 0.0345866568
vn 0.999354303 -0.00973370206 0.0345866568
vn 0.999464929 -0.00775755849 0.0317758545
vn 0.999464929 -0.00775755849 0.0317758545
vn 0.999464929 -0.00775755849 0.0317758545
vn 0.98668772 0.100515552 0.127843648
vn 0.98668772 0.100515552 0.127843648
vn 0.98668772 0.100515552 0.127843648
vn 0.984610796 0.107668974 0.137655303
vn 0.984610796 0.107668974 0.137655303
vn 0.984610796 0.107668974 0.137655303
vn 0.996457994 0.0541413687 0.0643446073
vn 0.996457994 0.0541413687 0.0643446073
vn 0.996457994 0.0541413687 0.0643446073
vn 0.994813323 0.0645504221 0.0786112994
vn 0.994813323 0.0645504221 0.0786112994
vn 0.994813323 0.0645504221 0.0786112994
vn 0.996164143 0.0561468787 0.0671155304
vn 0.996164143 0.0561468787 0.0671155304
vn 0.996164143 0.0561468787 0.0671155304
vn 0.997279942 0.0479961969 0.0559379309
vn 0.997279942 0.0479961969 0.0559379309
vn 0.997279942 0.0479961969 0.0559379309
vn 0.999454558 0.0238000844 0.0228930954
vn 0.999454558 0.0238000844 0.0228930954
vn 0.999454558 0.0238000844 0.0228930954
vn 0.999463201 0.0236459319 0.0226752702
vn 0.999463201 0.0236459319 0.0226752702
vn 0.999463201 0.0236459319 0.0226752702
vn 0.999495804 0.0230228622 0.0218656138
vn 0.999495804 0.0230228622 0.0218656138
vn 0.999495804 0.0230228622 0.0218656138
vn 0.999507368 0.0228116848 0.0215544589
vn 0.999507368 0.0228116848 0.0215544589
vn 0.999507368 0.0228116848 0.0215544589
vn 0.999538898 0.022163596 0.0207543764
vn 0.999538898 0.022163596 0.0207543764
vn 0.999538898 0.022163596 0.0207543764
vn 0.999527037 0.0223779269 0.021093905
vn 0.999527037 0.0223779269 0.021093905
vn 0.999527037 0.0223779269 0.021093905
vn 0.999570906 0.0213992223 0.0200017095
vn 0.999570906 0.0213992223 0.0200017095
vn 0.999570906 0.0213992223 0.0200017095
vn 0.999528706 0.0221082214 0.0212980825
vn 0.999528706 0.0221082214 0.0212980825
vn 0.999528706 0.0221082214 0.0212980825
vn 0.999613285 0.0199763291 0.0193449371
vn 0.999613285 0.0199763291 0.0193449371
vn 0.999613285 0.0199763291 0.0193449371
vn 0.99941802 0.0225476958 0.0255970731
vn 0.99941802 0.0225476958 0.0255970731
vn 0.99941802 0.0225476958 0.0255970731
vn 0.999639034 0.0179558173 0.0199835747
vn 0.999639034 0.0179558173 0.0199835747
vn 0.999639034 0.0179558173 0.0199835747
vn 0.999424696 0.0201817416 0.0272572823
vn 0.999424696 0.0201817416 0.0272572823
vn 0.999424696 0.0201817416 0.0272572823
vn 0.999581039 0.0169977061 0.023426665
vn 0.999581039 0.0169977061 0.023426665
vn 0.999581039 0.0169977061 0.023426665
vn 0.999457479 0.0179484449 0.0276149213
vn 0.999457479 0.0179484449 0.0276149213
vn 0.999457479 0.0179484449 0.0276149213
vn 0.999569118 0.0156071251 0.0248585753
vn 0.999569118 0.0156071251 0.0248585753
vn 0.999569118 0.0156071251 0.0248585753
vn 0.999554694 0.015692899 0.0253795572
vn 0.999554694 0.015692899 0.0253795572
vn 0.999554694 0.015692899 0.0253795572
vn 0.999599218 0.0136803575 0.024784198
vn 0.999599218 0.0136803575 0.024784198
vn 0.999599218 0.0136803575 0.024784198
vn 0.999675453 0.0134084485 0.0216612834
vn 0.999675453 0.0134084485 0.0216612834
vn 0.999675453 0.0134084485 0.0216612834
vn 0.99971211 0.0109565295 0.0213451292
vn 0.99971211 0.0109565295 0.0213451292
vn 0.99971211 0.0109565295 0.0213451292
vn 0.999768913 0.0108693233 0.0185482092
vn 0.999768913 0.0108693233 0.0185482092
vn 0.999768913 0.0108693233 0.0185482092
vn 0.999753237 0.0121509442 0.0185956042
vn 0.999753237 0.0121509442 0.0185956042
vn 0.999753237 0.0121509442 0.0185956042
vn 0.999774635 0.0116767613 0.0177292805
vn 0.999774635 0.0116767613 0.0177292805
vn 0.999774635 0.0116767613 0.0177292805
vn 0.999729276 0.0150699755 0.0177273732
vn 0.999729276 0.0150699755 0.0177273732
vn 0.999729276 0.0150699755 0.0177273732
vn 0.999704242 0.0155840274 0.0186684821
vn 0.999704242 0.0155840274 0.0186684821
vn 0.999704242 0.0155840274 0.0186684821
vn 0.9996925 0.0163333267 0.0186574832
vn 0.9996925 0.0163333267 0.0186574832
vn 0.9996925 0.0163333267 0.0186574832
vn 0.99965471 0.016344592 0.0205734987
vn 0.99965471 0.016344592 0.0205734987
vn 0.99965471 0.016344592 0.0205734987
vn 0.999716222 0.0121368328 0.020497147
vn 0.999716222 0.0121368328 0.020497147
vn 0.999716222 0.0121368328 0.020497147
vn 0.999670982 0.0122163948 0.0225531589
vn 0.999670982 0.0122163948 0.0225531589
vn 0.999670982 0.0122163948 0.0225531589
vn 0.999739468 0.00636904966 0.0219181124
vn 0.999739468 0.00636904966 0.0219181124
vn 0.999739468 0.00636904966 0.0219181124
vn 0.999705732 0.00685499283 0.0232686792
vn 0.999705732 0.00685499283 0.0232686792
vn 0.999705732 0.00685499283 0.0232686792
vn -0.999678016 -0.00555083901 -0.0247599967
vn -0.999678016 -0.00555083901 -0.0247599967
vn -0.999678016 -0.00555083901 -0.0247599967
vn -0.999760151 -0.0156398807 -0.015332479
vn -0.999760151 -0.0156398807 -0.015332479
vn -0.999760151 -0.0156398807 -0.015332479
vn -0.999687195 -0.0187807512 -0.0165147539
vn -0.999687195 -0.0187807512 -0.0165147539
vn -0.999687195 -0.0187807512 -0.0165147539
vn -0.960284233 -0.169034183 -0.221994564
vn -0.960284233 -0.169034183 -0.221994564
vn -0.960284233 -0.169034183 -0.221994564
vn -0.999354303 0.00973370206 -0.0345866568
vn -0.999354303 0.00973370206 -0.0345866568
vn -0.999354303 0.00973370206 -0.0345866568
vn -0.968830407 0.137614772 -0.205984905
vn -0.968830407 0.137614772 -0.205984905
vn -0.968830407 0.137614772 -0.205984905
vn -0.99871695 -0.0255965572 -0.0436947383
vn -0.99871695 -0.0255965572 -0.0436947383
vn -0.99871695 -0.0255965572 -0.0436947383
vn -0.99930352 -0.0171839539 -0.0331236646
vn -0.99930352 -0.0171839539 -0.0331236646
vn -0.99930352 -0.0171839539 -0.0331236646
vn -0.998255491 -0.0306573678 -0.0504584089
vn -0.998255491 -0.0306573678 -0.0504584089
vn -0.998255491 -0.0306573678 -0.0504584089
vn -0.998636305 -0.0264229085 -0.0450255722
vn -0.998636305 -0.0264229085 -0.0450255722
vn -0.998636305 -0.0264229085 -0.0450255722
vn -0.993907094 -0.062200442 -0.0909935087
vn -0.993907094 -0.062200442 -0.0909935087
vn -0.993907094 -0.062200442 -0.0909935087
vn -0.999952316 0.00113255205 -0.00969829038
vn -0.999952316 0.00113255205 -0.00969829038
vn -0.999952316 0.00113255205 -0.00969829038
vn -0.999869168 -0.00359115913 -0.0157714095
vn -0.999869168 -0.00359115913 -0.0157714095
vn -0.999869168 -0.00359115913 -0.0157714095
vn -0.999513626 -0.0152331842 -0.0272113774
vn -0.999513626 -0.0152331842 -0.0272113774
vn -0.999513626 -0.0152331842 -0.0272113774
vn -0.998797894 -0.0435851365 -0.0224295557
vn -0.998797894 -0.0435851365 -0.0224295557
vn -0.998797894 -0.0435851365 -0.0224295557
vn -0.999628067 -0.024022935 -0.0129097803
vn -0.999628067 -0.024022935 -0.0129097803
vn -0.999628067 -0.024022935 -0.0129097803
vn -0.999647915 -0.0137123186 -0.0227166321
vn -0.999647915 -0.0137123186 -0.0227166321
vn -0.999647915 -0.0137123186 -0.0227166321
vn -0.999871194 -0.00827886816 -0.0137486495
vn -0.999871194 -0.00827886816 -0.0137486495
vn -0.999871194 -0.00827886816 -0.0137486495
vn -0.999794066 -0.015605066 -0.0129750948
vn -0.999794066 -0.015605066 -0.0129750948
vn -0.999794066 -0.015605066 -0.0129750948
vn -0.99986583 -0.0121490089 -0.0109877335
vn -0.99986583 -0.0121490089 -0.0109877335
vn -0.99986583 -0.0121490089 -0.0109877335
vn -0.999863327 -0.0120364493 -0.0113314949
vn -0.999863327 -0.0120364493 -0.0113314949
vn -0.999863327 -0.0120364493 -0.0113314949
vn -0.999875128 -0.0108259553 -0.0115108537
vn -0.999875128 -0.0108259553 -0.0115108537
vn -0.999875128 -0.0108259553 -0.0115108537
vn -0.999742389 -0.01074892 -0.0199907552
vn -0.999742389 -0.01074892 -0.0199907552
vn -0.999742389 -0.01074892 -0.0199907552
vn -0.999883592 -0.010605948 -0.0109679913
vn -0.999883592 -0.010605948 -0.0109679913
vn -0.999883592 -0.010605948 -0.0109679913
vn -0.99984777 -0.0103282752 -0.0140635017
vn -0.99984777 -0.0103282752 -0.0140635017
vn -0.99984777 -0.0103282752 -0.0140635017
vn -0.999823928 -0.0101465844 -0.0157862287
vn -0.999823928 -0.0101465844 -0.0157862287
vn -0.999823928 -0.0101465844 -0.0157862287
vn -0.999825597 -0.0103281075 -0.0155599397
vn -0.999825597 -0.0103281075 -0.0155599397
vn -0.999825597 -0.0103281075 -0.0155599397
vn -0.999884009 -0.0114730438 -0.0100176902
vn -0.999884009 -0.0114730438 -0.0100176902
vn -0.999884009 -0.0114730438 -0.0100176902
vn -0.999846637 -0.0137335369 -0.0108674131
vn -0.999846637 -0.0137335369 -0.0108674131
vn -0.999846637 -0.0137335369 -0.0108674131
vn -0.999849319 -0.0134849353 -0.0109328879
vn -0.999849319 -0.0134849353 -0.0109328879
vn -0.999849319 -0.0134849353 -0.0109328879
vn -0.999853015 -0.0140563156 -0.00981651712
vn -0.999853015 -0.0140563156 -0.00981651712
vn -0.999853015 -0.0140563156 -0.00981651712
vn -0.999882042 -0.00706087518 -0.0136388298
vn -0.999882042 -0.00706087518 -0.0136388298
vn -0.999882042 -0.00706087518 -0.0136388298
vn -0.999880373 -0.00775817363 -0.0133817988
vn -0.999880373 -0.00775817363 -0.0133817988
vn -0.999880373 -0.00775817363 -0.0133817988
vn -0.999862432 -0.00847416371 -0.0142585915
vn -0.999862432 -0.00847416371 -0.0142585915
vn -0.999862432 -0.00847416371 -0.0142585915
vn -0.999875367 -0.00851367041 -0.0132932439
vn -0.999875367 -0.00851367041 -0.0132932439
vn -0.999875367 -0.00851367041 -0.0132932439
vn -0.999868274 -0.0094770994 -0.0131759942
vn -0.999868274 -0.0094770994 -0.0131759942
vn -0.999868274 -0.0094770994 -0.0131759942
vn -0.999879718 -0.00957753789 -0.0121968156
vn -0.999879718 -0.00957753789 -0.0121968156
vn -0.999879718 -0.00957753789 -0.0121968156
vn -0.999869466 -0.0110577224 -0.0117793903
vn -0.999869466 -0.0110577224 -0.0117793903
vn -0.999869466 -0.0110577224 -0.0117793903
vn -0.999878049 -0.0112312213 -0.0108496686
vn -0.999878049 -0.0112312213 -0.0108496686
vn -0.999878049 -0.0112312213 -0.0108496686
vn -0.999871969 -0.0121293543 -0.0104338564
vn -0.999871969 -0.0121293543 -0.0104338564
vn -0.999871969 -0.0121293543 -0.0104338564
vn -0.999877989 -0.0124034686 -0.00949509256
vn -0.999877989 -0.0124034686 -0.00949509256
vn -0.999877989 -0.0124034686 -0.00949509256
vn -0.999836564 -0.00883578137 -0.0157713182
vn -0.999836564 -0.00883578137 -0.0157713182
vn -0.999836564 -0.00883578137 -0.0157713182
vn -0.999848485 -0.00885347556 -0.0149855567
vn -0.999848485 -0.00885347556 -0.0149855567
vn -0.999848485 -0.00885347556 -0.0149855567
vn -0.999842882 -0.00954672322 -0.0149368709
vn -0.999842882 -0.00954672322 -0.0149368709
vn -0.999842882 -0.00954672322 -0.0149368709
vn -0.999862075 -0.00964366831 -0.0135222347
vn -0.999862075 -0.00964366831 -0.0135222347
vn -0.999862075 -0.00964366831 -0.0135222347
vn -0.999854922 -0.0105928415 -0.0133373095
vn -0.999854922 -0.0105928415 -0.0133373095
vn -0.999854922 -0.0105928415 -0.0133373095
vn -0.999874115 -0.0108273728 -0.0115999673
vn -0.999874115 -0.0108273728 -0.0115999673
vn -0.999874115 -0.0108273728 -0.0115999673
vn -0.999871135 -0.0112488344 -0.0114542237
vn -0.999871135 -0.0112488344 -0.0114542237
vn -0.999871135 -0.0112488344 -0.0114542237
vn -0.999882221 -0.0115400171 -0.0101203034
vn -0.999882221 -0.0115400171 -0.0101203034
vn -0.999882221 -0.0115400171 -0.0101203034
vn -0.999804974 -0.011930245 -0.0157379359
vn -0.999804974 -0.011930245 -0.0157379359
vn -0.999804974 -0.011930245 -0.0157379359
vn -0.999814689 -0.0116901956 -0.0152952019
vn -0.999814689 -0.0116901956 -0.0152952019
vn -0.999814689 -0.0116901956 -0.0152952019
vn -0.999824166 -0.012333923 -0.0141238477
vn -0.999824166 -0.012333923 -0.0141238477
vn -0.999824166 -0.012333923 -0.0141238477
vn -0.999844611 -0.012353315 -0.012576336
vn -0.999844611 -0.012353315 -0.012576336
vn -0.999844611 -0.012353315 -0.012576336
vn -0.999883592 -0.00827078056 -0.0128218615
vn -0.999883592 -0.00827078056 -0.0128218615
vn -0.999883592 -0.00827078056 -0.0128218615
vn -0.999889493 -0.00830068532 -0.0123318052
vn -0.999889493 -0.00830068532 -0.0123318052
vn -0.999889493 -0.00830068532 -0.0123318052
vn -0.999881089 -0.009539227 -0.0121143395
vn -0.999881089 -0.009539227 -0.0121143395
vn -0.999881089 -0.009539227 -0.0121143395
vn -0.999883652 -0.00957280118 -0.011877154
vn -0.999883652 -0.00957280118 -0.011877154
vn -0.999883652 -0.00957280118 -0.011877154
vn -0.999870896 -0.0116109941 -0.0111099733
vn -0.999870896 -0.0116109941 -0.0111099733
vn -0.999870896 -0.0116109941 -0.0111099733
vn -0.999873877 -0.0117039569 -0.0107364282
vn -0.999873877 -0.0117039569 -0.0107364282
vn -0.999873877 -0.0117039569 -0.0107364282
vn -0.999866009 -0.0129784923 -0.0099779889
vn -0.999866009 -0.0129784923 -0.0099779889
vn -0.999866009 -0.0129784923 -0.0099779889
vn -0.999867201 -0.0131490026 -0.00962690264
vn -0.999867201 -0.0131490026 -0.00962690264
vn -0.999867201 -0.0131490026 -0.00962690264
vn -0.999867082 -0.0114517044 -0.0116055058
vn -0.999867082 -0.0114517044 -0.0116055058
vn -0.999867082 -0.0114517044 -0.0116055058
vn -0.99989599 -0.00800185278 -0.01200091
vn -0.99989599 -0.00800185278 -0.01200091
vn -0.99989599 -0.00800185278 -0.01200091
vn -0.999862969 -0.00926823448 -0.0137151498
vn -0.999862969 -0.00926823448 -0.0137151498
vn -0.999862969 -0.00926823448 -0.0137151498
vn -0.999857903 -0.00722701894 -0.0152312228
vn -0.999857903 -0.00722701894 -0.0152312228
vn -0.999857903 -0.00722701894 -0.0152312228
vn -0.999868751 -0.00604917342 -0.0150310863
vn -0.999868751 -0.00604917342 -0.0150310863
vn -0.999868751 -0.00604917342 -0.0150310863
vn -0.999891818 -0.00644787354 -0.0132211484
vn -0.999891818 -0.00644787354 -0.0132211484
vn -0.999891818 -0.00644787354 -0.0132211484
vn -0.999885619 -0.00809799414 -0.0127752712
vn -0.999885619 -0.00809799414 -0.0127752712
vn -0.999885619 -0.00809799414 -0.0127752712
vn -0.999851644 -0.00972820166 -0.0142150577
vn -0.999851644 -0.00972820166 -0.0142150577
vn -0.999851644 -0.00972820166 -0.0142150577
vn -0.999866843 -0.0102777043 -0.0126762483
vn -0.999866843 -0.0102777043 -0.0126762483
vn -0.999866843 -0.0102777043 -0.0126762483
vn -0.999872923 -0.00821684394 -0.0136618363
vn -0.999872923 -0.00821684394 -0.0136618363
vn -0.999872923 -0.00821684394 -0.0136618363
vn -0.999885976 -0.00847245846 -0.0125012407
vn -0.999885976 -0.00847245846 -0.0125012407
vn -0.999885976 -0.00847245846 -0.0125012407
vn -0.999891162 -0.00718919979 -0.0128820194
vn -0.999891162 -0.00718919979 -0.0128820194
vn -0.999891162 -0.00718919979 -0.0128820194
vn -0.999895334 -0.00799530372 -0.0120599009
vn -0.999895334 -0.00799530372 -0.0120599009
vn -0.999895334 -0.00799530372 -0.0120599009
vn -0.999892294 -0.00816746615 -0.0121947546
vn -0.999892294 -0.00816746615 -0.0121947546
vn -0.999892294 -0.00816746615 -0.0121947546
vn -0.999864638 -0.0115648303 -0.0117012402
vn -0.999864638 -0.0115648303 -0.0117012402
vn -0.999864638 -0.0115648303 -0.0117012402
vn -0.999849439 -0.0125032105 -0.0120339785
vn -0.999849439 -0.0125032105 -0.0120339785
vn -0.999849439 -0.0125032105 -0.0120339785
vn -0.999762774 -0.018414015 -0.0116326669
vn -0.999762774 -0.018414015 -0.0116326669
vn -0.999762774 -0.018414015 -0.0116326669
vn -0.99969238 -0.00556860352 -0.0241698809
vn -0.99969238 -0.00556860352 -0.0241698809
vn -0.99969238 -0.00556860352 -0.0241698809
vn -0.999726176 -0.00572079327 -0.0226896871
vn -0.999726176 -0.00572079327 -0.0226896871
vn -0.999726176 -0.00572079327 -0.0226896871
vn -0.999663174 -0.0122288549 -0.022889901
vn -0.999663174 -0.0122288549 -0.022889901
vn -0.999663174 -0.0122288549 -0.022889901
vn -0.999730289 -0.0121099101 -0.0198163223
vn -0.999730289 -0.0121099101 -0.0198163223
vn -0.999730289 -0.0121099101 -0.0198163223
vn -0.99959904 -0.0197221078 -0.0203175209
vn -0.99959904 -0.0197221078 -0.0203175209
vn -0.99959904 -0.0197221078 -0.0203175209
vn -0.999676943 -0.0195399839 -0.0162560232
vn -0.999676943 -0.0195399839 -0.0162560232
vn -0.999676943 -0.0195399839 -0.0162560232
vn -0.999695182 -0.00671739085 -0.0237569939
vn -0.999695182 -0.00671739085 -0.0237569939
vn -0.999695182 -0.00671739085 -0.0237569939
vn -0.999713957 -0.00637273956 -0.0230518207
vn -0.999713957 -0.00637273956 -0.0230518207
vn -0.999713957 -0.00637273956 -0.0230518207
vn -0.999705374 -0.00642985199 -0.0234046411
vn -0.999705374 -0.00642985199 -0.0234046411
vn -0.999705374 -0.00642985199 -0.0234046411
vn -0.999697804 -0.00617308449 -0.023795642
vn -0.999697804 -0.00617308449 -0.023795642
vn -0.999697804 -0.00617308449 -0.023795642
vn -0.99970752 -0.00615081843 -0.0233883932
vn -0.99970752 -0.00615081843 -0.0233883932
vn -0.99970752 -0.00615081843 -0.0233883932
vn -0.999739468 -0.00636947155 -0.021919284
vn -0.999739468 -0.00636947155 -0.021919284
vn -0.999739468 -0.00636947155 -0.021919284
vn -0.999705791 -0.00685417 -0.0232663937
vn -0.999705791 -0.00685417 -0.0232663937
vn -0.999705791 -0.00685417 -0.0232663937
vn -0.999708891 -0.00684110308 -0.023135975
vn -0.999708891 -0.00684110308 -0.023135975
vn -0.999708891 -0.00684110308 -0.023135975
vn -0.999631226 -0.0216794498 -0.0163538028
vn -0.999631226 -0.0216794498 -0.0163538028
vn -0.999631226 -0.0216794498 -0.0163538028
vn -0.999845088 -0.0116578955 -0.013187252
vn -0.999845088 -0.0116578955 -0.013187252
vn -0.999845088 -0.0116578955 -0.013187252
vn -0.999857306 -0.0123973656 -0.0114738978
vn -0.999857306 -0.0123973656 -0.0114738978
vn -0.999857306 -0.0123973656 -0.0114738978
vn -0.999865651 -0.0103460914 -0.0127117494
vn -0.999865651 -0.0103460914 -0.0127117494
vn -0.999865651 -0.0103460914 -0.0127117494
vn -0.99987489 -0.0106144659 -0.0117269233
vn -0.99987489 -0.0106144659 -0.0117269233
vn -0.99987489 -0.0106144659 -0.0117269233
vn -0.999870121 -0.00936274137 -0.0131198447
vn -0.999870121 -0.00936274137 -0.0131198447
vn -0.999870121 -0.00936274137 -0.0131198447
vn -0.999883056 -0.00958944019 -0.0119146993
vn -0.999883056 -0.00958944019 -0.0119146993
vn -0.999883056 -0.00958944019 -0.0119146993
vn -0.999891877 -0.00812922418 -0.0122553818
vn -0.999891877 -0.00812922418 -0.0122553818
vn -0.999891877 -0.00812922418 -0.0122553818
vn -0.99989444 -0.00814800616 -0.0120315282
vn -0.99989444 -0.00814800616 -0.0120315282
vn -0.99989444 -0.00814800616 -0.0120315282
vn -0.999865472 -0.0114459842 -0.0117462454
vn -0.999865472 -0.0114459842 -0.0117462454
vn -0.999865472 -0.0114459842 -0.0117462454
vn -0.999865294 -0.0117490813 -0.0114605119
vn -0.999865294 -0.0117490813 -0.0114605119
vn -0.999865294 -0.0117490813 -0.0114605119
vn -0.999792099 -0.0156033905 -0.0131268641
vn -0.999792099 -0.0156033905 -0.0131268641
vn -0.999792099 -0.0156033905 -0.0131268641
vn -0.999722838 -0.0195553005 -0.0131088607
vn -0.999722838 -0.0195553005 -0.0131088607
vn -0.999722838 -0.0195553005 -0.0131088607
vn -0.999698639 -0.0195875391 -0.0147981262
vn -0.999698639 -0.0195875391 -0.0147981262
vn -0.999698639 -0.0195875391 -0.0147981262
vn -0.999567628 -0.0252322778 -0.0150942532
vn -0.999567628 -0.0252322778 -0.0150942532
vn -0.999567628 -0.0252322778 -0.0150942532
vn -0.999403238 -0.0290829614 -0.0186376832
vn -0.999403238 -0.0290829614 -0.0186376832
vn -0.999403238 -0.0290829614 -0.0186376832
vn -0.999305546 -0.0320429876 -0.0190169681
vn -0.999305546 -0.0320429876 -0.0190169681
vn -0.999305546 -0.0320429876 -0.0190169681
vn -0.999357224 -0.0282050781 -0.0221265517
vn -0.999357224 -0.0282050781 -0.0221265517
vn -0.999357224 -0.0282050781 -0.0221265517
vn -0.999080062 -0.0332160294 -0.0271245316
vn -0.999080062 -0.0332160294 -0.0271245316
vn -0.999080062 -0.0332160294 -0.0271245316
vn -0.999458432 -0.0247771926 -0.0216560699
vn -0.999458432 -0.0247771926 -0.0216560699
vn -0.999458432 -0.0247771926 -0.0216560699
vn -0.999682605 -0.0152259991 -0.0200702287
vn -0.999682605 -0.0152259991 -0.0200702287
vn -0.999682605 -0.0152259991 -0.0200702287
vn -0.999530554 -0.0180016812 -0.0247906372
vn -0.999530554 -0.0180016812 -0.0247906372
vn -0.999530554 -0.0180016812 -0.0247906372
vn -0.999690413 -0.0102539966 -0.0226693247
vn -0.999690413 -0.0102539966 -0.0226693247
vn -0.999690413 -0.0102539966 -0.0226693247
vn -0.999611557 -0.010833933 -0.0256784316
vn -0.999611557 -0.010833933 -0.0256784316
vn -0.999611557 -0.010833933 -0.0256784316
vn -0.999658048 -0.00863444619 -0.0246823896
vn -0.999658048 -0.00863444619 -0.0246823896
vn -0.999658048 -0.00863444619 -0.0246823896
vn -0.999569178 -0.00963976793 -0.0277229045
vn -0.999569178 -0.00963976793 -0.0277229045
vn -0.999569178 -0.00963976793 -0.0277229045
vn -0.999301553 -0.0218629912 -0.0303053223
vn -0.999301553 -0.0218629912 -0.0303053223
vn -0.999301553 -0.0218629912 -0.0303053223
vn -0.99930793 -0.0219811797 -0.0300076772
vn -0.99930793 -0.0219811797 -0.0300076772
vn -0.99930793 -0.0219811797 -0.0300076772
vn -0.999278545 -0.0279974844 -0.0256619547
vn -0.999278545 -0.0279974844 -0.0256619547
vn -0.999278545 -0.0279974844 -0.0256619547
vn -0.999232709 -0.018153118 -0.0347053967
vn -0.999232709 -0.018153118 -0.0347053967
vn -0.999232709 -0.018153118 -0.0347053967
vn -0.999264419 -0.0176606942 -0.0340396687
vn -0.999264419 -0.0176606942 -0.0340396687
vn -0.999264419 -0.0176606942 -0.0340396687
vn -0.999226928 -0.0180923641 -0.0349034593
vn -0.999226928 -0.0180923641 -0.0349034593
vn -0.999226928 -0.0180923641 -0.0349034593
vn -0.999292135 -0.0171078816 -0.0335037299
vn -0.999292135 -0.0171078816 -0.0335037299
vn -0.999292135 -0.0171078816 -0.0335037299
vn -0.999249995 -0.0174394827 -0.0345727913
vn -0.999249995 -0.0174394827 -0.0345727913
vn -0.999249995 -0.0174394827 -0.0345727913
vn -0.999329388 -0.0163018201 -0.0327880867
vn -0.999329388 -0.0163018201 -0.0327880867
vn -0.999329388 -0.0163018201 -0.0327880867
vn -0.999224246 -0.0185868088 -0.0347199105
vn -0.999224246 -0.0185868088 -0.0347199105
vn -0.999224246 -0.0185868088 -0.0347199105
vn -0.999186695 -0.0192165207 -0.0354504213
vn -0.999186695 -0.0192165207 -0.0354504213
vn -0.999186695 -0.0192165207 -0.0354504213
vn -0.999259174 -0.0181838553 -0.033918459
vn -0.999259174 -0.0181838553 -0.033918459
vn -0.999259174 -0.0181838553 -0.033918459
vn -0.999186814 -0.0194945205 -0.0352940634
vn -0.999186814 -0.0194945205 -0.0352940634
vn -0.999186814 -0.0194945205 -0.0352940634
vn -0.999302149 -0.0179940034 -0.0327335149
vn -0.999302149 -0.0179940034 -0.0327335149
vn -0.999302149 -0.0179940034 -0.0327335149
vn -0.999108672 -0.0218904391 -0.0360928997
vn -0.999108672 -0.0218904391 -0.0360928997
vn -0.999108672 -0.0218904391 -0.0360928997
vn -0.999453008 -0.0142024495 -0.0298653077
vn -0.999453008 -0.0142024495 -0.0298653077
vn -0.999453008 -0.0142024495 -0.0298653077
vn -0.999275982 -0.0165255759 -0.0342700407
vn -0.999275982 -0.0165255759 -0.0342700407
vn -0.999275982 -0.0165255759 -0.0342700407
vn -0.999295712 -0.0163697395 -0.0337662846
vn -0.999295712 -0.0163697395 -0.0337662846
vn -0.999295712 -0.0163697395 -0.0337662846
vn -0.998874426 -0.0384856723 -0.0277268123
vn -0.998874426 -0.0384856723 -0.0277268123
vn -0.998874426 -0.0384856723 -0.0277268123
vn -0.998853862 -0.0389794484 -0.0277766678
vn -0.998853862 -0.0389794484 -0.0277766678
vn -0.998853862 -0.0389794484 -0.0277766678
vn -0.998475552 -0.0445517749 -0.0325837806
vn -0.998475552 -0.0445517749 -0.0325837806
vn -0.998475552 -0.0445517749 -0.0325837806
vn -0.998690784 -0.0360548571 -0.0362880006
vn -0.998690784 -0.0360548571 -0.0362880006
vn -0.998690784 -0.0360548571 -0.0362880006
vn -0.99898845 -0.0305832829 -0.0329655521
vn -0.99898845 -0.0305832829 -0.0329655521
vn -0.99898845 -0.0305832829 -0.0329655521
vn -0.998907447 -0.0286388509 -0.03692884
vn -0.998907447 -0.0286388509 -0.03692884
vn -0.998907447 -0.0286388509 -0.03692884
vn -0.99908334 -0.0240301676 -0.0354255736
vn -0.99908334 -0.0240301676 -0.0354255736
vn -0.99908334 -0.0240301676 -0.0354255736
vn -0.999119401 -0.0219300296 -0.0357706174
vn -0.999119401 -0.0219300296 -0.0357706174
vn -0.999119401 -0.0219300296 -0.0357706174
vn -0.99915272 -0.021333294 -0.0351964384
vn -0.99915272 -0.021333294 -0.0351964384
vn -0.99915272 -0.021333294 -0.0351964384
vn -0.999209046 -0.019413963 -0.0347050056
vn -0.999209046 -0.019413963 -0.0347050056
vn -0.999209046 -0.019413963 -0.0347050056
vn -0.999154091 -0.0203445628 -0.0357386768
vn -0.999154091 -0.0203445628 -0.0357386768
vn -0.999154091 -0.0203445628 -0.0357386768
vn -0.999210358 -0.0190089978 -0.0348905735
vn -0.999210358 -0.0190089978 -0.0348905735
vn -0.999210358 -0.0190089978 -0.0348905735
vn -0.99913609 -0.0202036817 -0.0363171846
vn -0.99913609 -0.0202036817 -0.0363171846
vn -0.99913609 -0.0202036817 -0.0363171846
vn -0.999206483 -0.0188516751 -0.0350857712
vn -0.999206483 -0.0188516751 -0.0350857712
vn -0.999206483 -0.0188516751 -0.0350857712
vn -0.999203205 -0.0189042222 -0.0351503715
vn -0.999203205 -0.0189042222 -0.0351503715
vn -0.999203205 -0.0189042222 -0.0351503715
vn -0.999266207 -0.0176939871 -0.0339702144
vn -0.999266207 -0.0176939871 -0.0339702144
vn -0.999266207 -0.0176939871 -0.0339702144
vn -0.999203086 -0.0186823998 -0.0352729596
vn -0.999203086 -0.0186823998 -0.0352729596
vn -0.999203086 -0.0186823998 -0.0352729596
vn -0.999548912 -0.0219549257 -0.0204935316
vn -0.999548912 -0.0219549257 -0.0204935316
vn -0.999548912 -0.0219549257 -0.0204935316
vn -0.999718547 -0.0134842172 -0.0195199549
vn -0.999718547 -0.0134842172 -0.0195199549
vn -0.999718547 -0.0134842172 -0.0195199549
vn -0.999610603 -0.0155574437 -0.0231648739
vn -0.999610603 -0.0155574437 -0.0231648739
vn -0.999610603 -0.0155574437 -0.0231648739
vn -0.999720991 -0.00885624345 -0.0218970813
vn -0.999720991 -0.00885624345 -0.0218970813
vn -0.999720991 -0.00885624345 -0.0218970813
vn -0.999680221 -0.00909259357 -0.0235954262
vn -0.999680221 -0.00909259357 -0.0235954262
vn -0.999680221 -0.00909259357 -0.0235954262
vn -0.999715209 -0.00688690133 -0.0228485465
vn -0.999715209 -0.00688690133 -0.0228485465
vn -0.999715209 -0.00688690133 -0.0228485465
vn -0.9996503 -0.0078490274 -0.0252528731
vn -0.9996503 -0.0078490274 -0.0252528731
vn -0.9996503 -0.0078490274 -0.0252528731
vn -0.99991715 -0.00884101354 -0.00935305562
vn -0.99991715 -0.00884101354 -0.00935305562
vn -0.99991715 -0.00884101354 -0.00935305562
vn -0.999751151 -0.00988523383 -0.0199971572
vn -0.999751151 -0.00988523383 -0.0199971572
vn -0.999751151 -0.00988523383 -0.0199971572
vn -0.999723494 -0.0128984125 -0.0196617227
vn -0.999723494 -0.0128984125 -0.0196617227
vn -0.999723494 -0.0128984125 -0.0196617227
vn -0.999791801 -0.0114082322 -0.0169179048
vn -0.999791801 -0.0114082322 -0.0169179048
vn -0.999791801 -0.0114082322 -0.0169179048
vn -0.999820292 0.00330015877 -0.0186687373
vn -0.999820292 0.00330015877 -0.0186687373
vn -0.999820292 0.00330015877 -0.0186687373
vn -0.999838829 -0.00310356915 -0.017681377
vn -0.999838829 -0.00310356915 -0.017681377
vn -0.999838829 -0.00310356915 -0.017681377
vn -0.999898672 -0.000922253646 -0.0142067811
vn -0.999898672 -0.000922253646 -0.0142067811
vn -0.999898672 -0.000922253646 -0.0142067811
vn -0.999915659 -0.00656801183 -0.0112036048
vn -0.999915659 -0.00656801183 -0.0112036048
vn -0.999915659 -0.00656801183 -0.0112036048
vn -0.999939203 -0.00428068871 -0.0101597263
vn -0.999939203 -0.00428068871 -0.0101597263
vn -0.999939203 -0.00428068871 -0.0101597263
vn -0.999924958 -0.00855773967 -0.00876461063
vn -0.999924958 -0.00855773967 -0.00876461063
vn -0.999924958 -0.00855773967 -0.00876461063
vn -0.999952316 -0.0064552282 -0.00732900668
vn -0.999952316 -0.0064552282 -0.00732900668
vn -0.999952316 -0.0064552282 -0.00732900668
vn -0.999808788 -0.0026236556 -0.0193793476
vn -0.999808788 -0.0026236556 -0.0193793476
vn -0.999808788 -0.0026236556 -0.0193793476
vn -0.999817312 -0.00755974418 -0.0175554715
vn -0.999817312 -0.00755974418 -0.0175554715
vn -0.999817312 -0.00755974418 -0.0175554715
vn -0.999854386 -0.00549000362 -0.0161584727
vn -0.999854386 -0.00549000362 -0.0161584727
vn -0.999854386 -0.00549000362 -0.0161584727
vn -0.999840796 -0.00954229664 -0.0150754098
vn -0.999840796 -0.00954229664 -0.0150754098
vn -0.999840796 -0.00954229664 -0.0150754098
vn -0.99987483 -0.00778259849 -0.0137757193
vn -0.99987483 -0.00778259849 -0.0137757193
vn -0.99987483 -0.00778259849 -0.0137757193
vn -0.999964178 -0.00387573871 -0.0075283777
vn -0.999964178 -0.00387573871 -0.0075283777
vn -0.999964178 -0.00387573871 -0.0075283777
vn -0.999851763 -0.0110382512 -0.013212299
vn -0.999851763 -0.0110382512 -0.013212299
vn -0.999851763 -0.0110382512 -0.013212299
vn -0.999788344 -0.0107295699 -0.0175529849
vn -0.999788344 -0.0107295699 -0.0175529849
vn -0.999788344 -0.0107295699 -0.0175529849
vn -0.999799669 -0.00922563765 -0.0177641325
vn -0.999799669 -0.00922563765 -0.0177641325
vn -0.999799669 -0.00922563765 -0.0177641325
vn -0.99977994 -0.0100541161 -0.0184121579
vn -0.99977994 -0.0100541161 -0.0184121579
vn -0.99977994 -0.0100541161 -0.0184121579
vn -0.999741793 -0.00688223774 -0.0216563381
vn -0.999741793 -0.00688223774 -0.0216563381
vn -0.999741793 -0.00688223774 -0.0216563381
vn -0.999739468 -0.00440053968 -0.0223974381
vn -0.999739468 -0.00440053968 -0.0223974381
vn -0.999739468 -0.00440053968 -0.0223974381
vn -0.999775112 -0.00477137975 -0.0206627566
vn -0.999775112 -0.00477137975 -0.0206627566
vn -0.999775112 -0.00477137975 -0.0206627566
vn -0.999720931 0.00127958611 -0.0235874616
vn -0.999720931 0.00127958611 -0.0235874616
vn -0.999720931 0.00127958611 -0.0235874616
vn -0.999808431 -0.000135826122 -0.0195733737
vn -0.999808431 -0.000135826122 -0.0195733737
vn -0.999808431 -0.000135826122 -0.0195733737
vn -0.999720156 0.00453927275 -0.0232169721
vn -0.999720156 0.00453927275 -0.0232169721
vn -0.999720156 0.00453927275 -0.0232169721
vn -0.997622728 0.0305222217 -0.0617839321
vn -0.997622728 0.0305222217 -0.0617839321
vn -0.997622728 0.0305222217 -0.0617839321
vn -0.999132991 0.0137056708 -0.0393122211
vn -0.999132991 0.0137056708 -0.0393122211
vn -0.999132991 0.0137056708 -0.0393122211
vn -0.999015331 0.0155076021 -0.0415682644
vn -0.999015331 0.0155076021 -0.0415682644
vn -0.999015331 0.0155076021 -0.0415682644
vn -0.999490559 0.00753868418 -0.0310133509
vn -0.999490559 0.00753868418 -0.0310133509
vn -0.999490559 0.00753868418 -0.0310133509
vn -0.999464929 0.00775755849 -0.0317758545
vn -0.999464929 0.00775755849 -0.0317758545
vn -0.999464929 0.00775755849 -0.0317758545
vn -0.999521434 0.00683959294 -0.0301680043
vn -0.999521434 0.00683959294 -0.0301680043
vn -0.999521434 0.00683959294 -0.0301680043
vn -0.998695672 0.0194239002 -0.0472196452
vn -0.998695672 0.0194239002 -0.0472196452
vn -0.998695672 0.0194239002 -0.0472196452
vn -0.999092162 0.0142606553 -0.0401434079
vn -0.999092162 0.0142606553 -0.0401434079
vn -0.999092162 0.0142606553 -0.0401434079
vn -0.998045087 0.0264527928 -0.056623362
vn -0.998045087 0.0264527928 -0.056623362
vn -0.998045087 0.0264527928 -0.056623362
vn -0.99824816 0.0244371612 -0.0538840145
vn -0.99824816 0.0244371612 -0.0538840145
vn -0.99824816 0.0244371612 -0.0538840145
vn -0.976992011 0.116983309 -0.178329661
vn -0.976992011 0.116983309 -0.178329661
vn -0.976992011 0.116983309 -0.178329661
vn -0.999497235 0.00769898435 -0.0307579897
vn -0.999497235 0.00769898435 -0.0307579897
vn -0.999497235 0.00769898435 -0.0307579897
vn -0.999627829 0.00457204785 -0.0268933699
vn -0.999627829 0.00457204785 -0.0268933699
vn -0.999627829 0.00457204785 -0.0268933699
vn -0.999563336 0.0064996602 -0.0288250633
vn -0.999563336 0.0064996602 -0.0288250633
vn -0.999563336 0.0064996602 -0.0288250633
vn -0.999626458 0.00480592065 -0.0269052237
vn -0.999626458 0.00480592065 -0.0269052237
vn -0.999626458 0.00480592065 -0.0269052237
vn -0.999593198 0.00609272206 -0.0278619956
vn -0.999593198 0.00609272206 -0.0278619956
vn -0.999593198 0.00609272206 -0.0278619956
vn -0.999497473 0.000270351127 -0.0316980593
vn -0.999497473 0.000270351127 -0.0316980593
vn -0.999497473 0.000270351127 -0.0316980593
vn -0.999498546 0.00182106381 -0.0316129252
vn -0.999498546 0.00182106381 -0.0316129252
vn -0.999498546 0.00182106381 -0.0316129252
vn -0.99951452 0.00163745461 -0.0311127082
vn -0.99951452 0.00163745461 -0.0311127082
vn -0.99951452 0.00163745461 -0.0311127082
vn -0.999563515 -0.000958478951 -0.0295277517
vn -0.999563515 -0.000958478951 -0.0295277517
vn -0.999563515 -0.000958478951 -0.0295277517
vn -0.999589086 -0.00116603053 -0.0286416393
vn -0.999589086 -0.00116603053 -0.0286416393
vn -0.999589086 -0.00116603053 -0.0286416393
vn -0.999623179 -0.00592384022 -0.0268031806
vn -0.999623179 -0.00592384022 -0.0268031806
vn -0.999623179 -0.00592384022 -0.0268031806
vn -0.999697506 -0.00632345444 -0.023768153
vn -0.999697506 -0.00632345444 -0.023768153
vn -0.999697506 -0.00632345444 -0.023768153
vn -0.99966526 -0.0124822715 -0.0226624142
vn -0.99966526 -0.0124822715 -0.0226624142
vn -0.99966526 -0.0124822715 -0.0226624142
vn -0.999716818 -0.0126167918 -0.0201773364
vn -0.999716818 -0.0126167918 -0.0201773364
vn -0.999716818 -0.0126167918 -0.0201773364
vn -0.999698937 -0.0140891084 -0.0200882144
vn -0.999698937 -0.0140891084 -0.0200882144
vn -0.999698937 -0.0140891084 -0.0200882144
vn -0.999653101 0.00305569381 -0.0261592884
vn -0.999653101 0.00305569381 -0.0261592884
vn -0.999653101 0.00305569381 -0.0261592884
vn -0.999554873 0.00497983256 -0.0294144414
vn -0.999554873 0.00497983256 -0.0294144414
vn -0.999554873 0.00497983256 -0.0294144414
vn -0.999639034 0.002357936 -0.0267631337
vn -0.999639034 0.002357936 -0.0267631337
vn -0.999639034 0.002357936 -0.0267631337
vn -0.999516368 0.00428218348 -0.0307999421
vn -0.999516368 0.00428218348 -0.0307999421
vn -0.999516368 0.00428218348 -0.0307999421
vn -0.999608457 0.000594462676 -0.0279749762
vn -0.999608457 0.000594462676 -0.0279749762
vn -0.999608457 0.000594462676 -0.0279749762
vn -0.999590874 0.000788196572 -0.0285912473
vn -0.999590874 0.000788196572 -0.0285912473
vn -0.999590874 0.000788196572 -0.0285912473
vn -0.9995206 0.00312800286 -0.0308023244
vn -0.9995206 0.00312800286 -0.0308023244
vn -0.9995206 0.00312800286 -0.0308023244
vn -0.999521911 0.00395601662 -0.0306639131
vn -0.999521911 0.00395601662 -0.0306639131
vn -0.999521911 0.00395601662 -0.0306639131
vn -0.999584973 0.00292283879 -0.0286587439
vn -0.999584973 0.00292283879 -0.0286587439
vn -0.999584973 0.00292283879 -0.0286587439
vn -0.99956584 0.00457792822 -0.0291058123
vn -0.99956584 0.00457792822 -0.0291058123
vn -0.99956584 0.00457792822 -0.0291058123
vn -0.999614656 0.00360505539 -0.0275241248
vn -0.999614656 0.00360505539 -0.0275241248
vn -0.999614656 0.00360505539 -0.0275241248
vn -0.999581575 0.00504736369 -0.0284810998
vn -0.999581575 0.00504736369 -0.0284810998
vn -0.999581575 0.00504736369 -0.0284810998
vn -0.999635518 0.00387100549 -0.0267185364
vn -0.999635518 0.00387100549 -0.0267185364
vn -0.999635518 0.00387100549 -0.0267185364
vn -0.999602377 0.00509519083 -0.0277322307
vn -0.999602377 0.00509519083 -0.0277322307
vn -0.999602377 0.00509519083 -0.0277322307
vn -0.999328494 0.0107466495 -0.0350288153
vn -0.999328494 0.0107466495 -0.0350288153
vn -0.999328494 0.0107466495 -0.0350288153
vn -0.999725461 -0.013558791 -0.0191105101
vn -0.999725461 -0.013558791 -0.0191105101
vn -0.999725461 -0.013558791 -0.0191105101
vn -0.999710619 -0.0128809325 -0.0203173272
vn -0.999710619 -0.0128809325 -0.0203173272
vn -0.999710619 -0.0128809325 -0.0203173272
vn -0.999726593 -0.0113404347 -0.0204482172
vn -0.999726593 -0.0113404347 -0.0204482172
vn -0.999726593 -0.0113404347 -0.0204482172
vn -0.999683321 -0.0111763999 -0.0225453675
vn -0.999683321 -0.0111763999 -0.0225453675
vn -0.999683321 -0.0111763999 -0.0225453675
vn -0.999699116 -0.00468151784 -0.0240782294
vn -0.999699116 -0.00468151784 -0.0240782294
vn -0.999699116 -0.00468151784 -0.0240782294
vn -0.999729037 -0.00491974689 -0.0227519721
vn -0.999729037 -0.00491974689 -0.0227519721
vn -0.999729037 -0.00491974689 -0.0227519721
vn -0.999604046 -0.000133884547 -0.0281376895
vn -0.999604046 -0.000133884547 -0.0281376895
vn -0.999604046 -0.000133884547 -0.0281376895
vn -0.999693334 -0.00103553606 -0.0247410201
vn -0.999693334 -0.00103553606 -0.0247410201
vn -0.999693334 -0.00103553606 -0.0247410201
vn -0.999627292 0.00288421428 -0.0271460079
vn -0.999627292 0.00288421428 -0.0271460079
vn -0.999627292 0.00288421428 -0.0271460079
vn -0.999800563 -0.000134596892 -0.0199714322
vn -0.999800563 -0.000134596892 -0.0199714322
vn -0.999800563 -0.000134596892 -0.0199714322
vn -0.999548912 0.0075163939 -0.0290761087
vn -0.999548912 0.0075163939 -0.0290761087
vn -0.999548912 0.0075163939 -0.0290761087
vn -0.999618709 -0.0042728954 -0.0272793807
vn -0.999618709 -0.0042728954 -0.0272793807
vn -0.999618709 -0.0042728954 -0.0272793807
vn -0.99968189 -0.00432265736 -0.0248480141
vn -0.99968189 -0.00432265736 -0.0248480141
vn -0.99968189 -0.00432265736 -0.0248480141
vn -0.999660134 -0.00977544859 -0.0241676886
vn -0.999660134 -0.00977544859 -0.0241676886
vn -0.999660134 -0.00977544859 -0.0241676886
vn -0.999723911 -0.00984215271 -0.0213374719
vn -0.999723911 -0.00984215271 -0.0213374719
vn -0.999723911 -0.00984215271 -0.0213374719
vn -0.99964273 -0.0163479503 -0.021146724
vn -0.99964273 -0.0163479503 -0.021146724
vn -0.99964273 -0.0163479503 -0.021146724
vn -0.999709308 -0.0163279064 -0.0177392177
vn -0.999709308 -0.0163279064 -0.0177392177
vn -0.999709308 -0.0163279064 -0.0177392177
vn -0.999567926 -0.00340097654 -0.029195711
vn -0.999567926 -0.00340097654 -0.029195711
vn -0.999567926 -0.00340097654 -0.029195711
vn -0.999632835 -0.00244940934 -0.0269856825
vn -0.999632835 -0.00244940934 -0.0269856825
vn -0.999632835 -0.00244940934 -0.0269856825
vn -0.999516666 -0.00165034086 -0.0310441256
vn -0.999516666 -0.00165034086 -0.0310441256
vn -0.999516666 -0.00165034086 -0.0310441256
vn -0.999508798 -0.00173563417 -0.0312918909
vn -0.999508798 -0.00173563417 -0.0312918909
vn -0.999508798 -0.00173563417 -0.0312918909
vn -0.999590814 -0.00338804233 -0.0284029879
vn -0.999590814 -0.00338804233 -0.0284029879
vn -0.999590814 -0.00338804233 -0.0284029879
vn -0.99965483 -0.00369051332 -0.0260121357
vn -0.99965483 -0.00369051332 -0.0260121357
vn -0.99965483 -0.00369051332 -0.0260121357
vn -0.999650419 -0.00861888845 -0.0249949917
vn -0.999650419 -0.00861888845 -0.0249949917
vn -0.999650419 -0.00861888845 -0.0249949917
vn -0.999714911 -0.00877505448 -0.0222064089
vn -0.999714911 -0.00877505448 -0.0222064089
vn -0.999714911 -0.00877505448 -0.0222064089
vn -0.99965179 -0.0149754658 -0.0217265468
vn -0.99965179 -0.0149754658 -0.0217265468
vn -0.99965179 -0.0149754658 -0.0217265468
vn -0.999712825 -0.0150153935 -0.0186768211
vn -0.999712825 -0.0150153935 -0.0186768211
vn -0.999712825 -0.0150153935 -0.0186768211
vn -0.999704242 -0.0155840274 -0.0186684821
vn -0.999704242 -0.0155840274 -0.0186684821
vn -0.999704242 -0.0155840274 -0.0186684821
vn -0.999721348 -0.015581198 -0.0177334864
vn -0.999721348 -0.015581198 -0.0177334864
vn -0.999721348 -0.015581198 -0.0177334864
vn -0.999740362 -0.0169001576 -0.0152842551
vn -0.999740362 -0.0169001576 -0.0152842551
vn -0.999740362 -0.0169001576 -0.0152842551
vn -0.999372959 -0.0250287671 -0.025045367
vn -0.999372959 -0.0250287671 -0.025045367
vn -0.999372959 -0.0250287671 -0.025045367
vn -0.999530733 -0.0222581942 -0.0210461542
vn -0.999530733 -0.0222581942 -0.0210461542
vn -0.999530733 -0.0222581942 -0.0210461542
vn -0.999477923 -0.0229691267 -0.0227234196
vn -0.999477923 -0.0229691267 -0.0227234196
vn -0.999477923 -0.0229691267 -0.0227234196
vn -0.999550283 -0.0216626655 -0.0207363646
vn -0.999550283 -0.0216626655 -0.0207363646
vn -0.999550283 -0.0216626655 -0.0207363646
vn -0.99950403 -0.022056533 -0.022477014
vn -0.99950403 -0.022056533 -0.022477014
vn -0.99950403 -0.022056533 -0.022477014
vn -0.999546766 -0.0213269796 -0.0212478992
vn -0.999546766 -0.0213269796 -0.0212478992
vn -0.999546766 -0.0213269796 -0.0212478992
vn -0.999463081 -0.0195573214 -0.0262872502
vn -0.999463081 -0.0195573214 -0.0262872502
vn -0.999463081 -0.0195573214 -0.0262872502
vn -0.999454439 -0.0211381894 -0.0253770854
vn -0.999454439 -0.0211381894 -0.0253770854
vn -0.999454439 -0.0211381894 -0.0253770854
vn -0.999674201 -0.0191031415 -0.0169277526
vn -0.999674201 -0.0191031415 -0.0169277526
vn -0.999674201 -0.0191031415 -0.0169277526
vn -0.999649048 -0.020452641 -0.0168349519
vn -0.999649048 -0.020452641 -0.0168349519
vn -0.999649048 -0.020452641 -0.0168349519
vn -0.999563634 -0.022593895 -0.0190285239
vn -0.999563634 -0.022593895 -0.0190285239
vn -0.999563634 -0.022593895 -0.0190285239
vn -0.999600708 -0.0213127006 -0.0185514167
vn -0.999600708 -0.0213127006 -0.0185514167
vn -0.999600708 -0.0213127006 -0.0185514167
vn -0.999520481 -0.0230805501 -0.0206420608
vn -0.999520481 -0.0230805501 -0.0206420608
vn -0.999520481 -0.0230805501 -0.0206420608
vn -0.999567568 -0.0218301453 -0.0197016783
vn -0.999567568 -0.0218301453 -0.0197016783
vn -0.999567568 -0.0218301453 -0.0197016783
vn -0.999462545 -0.0239438508 -0.0223896876
vn -0.999462545 -0.0239438508 -0.0223896876
vn -0.999462545 -0.0239438508 -0.0223896876
vn -0.999521613 -0.0226446968 -0.0210666675
vn -0.999521613 -0.0226446968 -0.0210666675
vn -0.999521613 -0.0226446968 -0.0210666675
vn -0.999296367 -0.0266677774 -0.0263737626
vn -0.999296367 -0.0266677774 -0.0263737626
vn -0.999296367 -0.0266677774 -0.0263737626
vn -0.999396205 -0.0181640908 -0.0296182726
vn -0.999396205 -0.0181640908 -0.0296182726
vn -0.999396205 -0.0181640908 -0.0296182726
vn -0.999435246 -0.0178586375 -0.0284642894
vn -0.999435246 -0.0178586375 -0.0284642894
vn -0.999435246 -0.0178586375 -0.0284642894
vn -0.999592841 -0.0165841747 -0.0232191999
vn -0.999592841 -0.0165841747 -0.0232191999
vn -0.999592841 -0.0165841747 -0.0232191999
vn -0.999509454 -0.0193711501 -0.0246082358
vn -0.999509454 -0.0193711501 -0.0246082358
vn -0.999509454 -0.0193711501 -0.0246082358
vn -0.999566495 -0.0187797677 -0.0226757582
vn -0.999566495 -0.0187797677 -0.0226757582
vn -0.999566495 -0.0187797677 -0.0226757582
vn -0.999437749 -0.0220783949 -0.0252332278
vn -0.999437749 -0.0220783949 -0.0252332278
vn -0.999437749 -0.0220783949 -0.0252332278
vn -0.999494016 -0.0212957598 -0.0236258116
vn -0.999494016 -0.0212957598 -0.0236258116
vn -0.999494016 -0.0212957598 -0.0236258116
vn -0.991068721 -0.0832018703 -0.104212441
vn -0.991068721 -0.0832018703 -0.104212441
vn -0.991068721 -0.0832018703 -0.104212441
vn -0.986546159 -0.100980699 -0.128567442
vn -0.986546159 -0.100980699 -0.128567442
vn -0.986546159 -0.100980699 -0.128567442
vn -0.997025669 -0.0499913171 -0.0586573891
vn -0.997025669 -0.0499913171 -0.0586573891
vn -0.997025669 -0.0499913171 -0.0586573891
vn -0.997586966 -0.0454668514 -0.0524696484
vn -0.997586966 -0.0454668514 -0.0524696484
vn -0.997586966 -0.0454668514 -0.0524696484
vn -0.997279942 -0.0479961969 -0.0559379309
vn -0.997279942 -0.0479961969 -0.0559379309
vn -0.997279942 -0.0479961969 -0.0559379309
vn -0.999426007 -0.0243124645 -0.02359269
vn -0.999426007 -0.0243124645 -0.02359269
vn -0.999426007 -0.0243124645 -0.02359269
vn -0.999451697 -0.0238610357 -0.0229547899
vn -0.999451697 -0.0238610357 -0.0229547899
vn -0.999451697 -0.0238610357 -0.0229547899
vn -0.999495804 -0.0230228622 -0.0218656138
vn -0.999495804 -0.0230228622 -0.0218656138
vn -0.999495804 -0.0230228622 -0.0218656138
vn -0.999510944 -0.0227468312 -0.0214588996
vn -0.999510944 -0.0227468312 -0.0214588996
vn -0.999510944 -0.0227468312 -0.0214588996
vn -0.999541342 -0.0221192744 -0.0206841659
vn -0.999541342 -0.0221192744 -0.0206841659
vn -0.999541342 -0.0221192744 -0.0206841659
vn -0.999527037 -0.0223779269 -0.021093905
vn -0.999527037 -0.0223779269 -0.021093905
vn -0.999527037 -0.0223779269 -0.021093905
vn -0.999570906 -0.0213992223 -0.0200017095
vn -0.999570906 -0.0213992223 -0.0200017095
vn -0.999570906 -0.0213992223 -0.0200017095
vn -0.999528468 -0.0221119318 -0.0213048663
vn -0.999528468 -0.0221119318 -0.0213048663
vn -0.999528468 -0.0221119318 -0.0213048663
vn -0.999613106 -0.0199785624 -0.0193503704
vn -0.999613106 -0.0199785624 -0.0193503704
vn -0.999613106 -0.0199785624 -0.0193503704
vn -0.999539256 -0.0210236758 -0.0218913425
vn -0.999539256 -0.0210236758 -0.0218913425
vn -0.999539256 -0.0210236758 -0.0218913425
vn -0.999631882 -0.0181897916 -0.0201290771
vn -0.999631882 -0.0181897916 -0.0201290771
vn -0.999631882 -0.0181897916 -0.0201290771
vn -0.999641001 -0.0180950686 -0.0197600517
vn -0.999641001 -0.0180950686 -0.0197600517
vn -0.999641001 -0.0180950686 -0.0197600517
vn -0.999498248 -0.0166112576 -0.0269687437
vn -0.999498248 -0.0166112576 -0.0269687437
vn -0.999498248 -0.0166112576 -0.0269687437
vn -0.99951905 -0.0158992875 -0.0266253799
vn -0.99951905 -0.0158992875 -0.0266253799
vn -0.99951905 -0.0158992875 -0.0266253799
vn -0.999554694 -0.015694052 -0.0253787003
vn -0.999554694 -0.015694052 -0.0253787003
vn -0.999554694 -0.015694052 -0.0253787003
vn -0.999854565 -0.0157986563 -0.00642182492
vn -0.999854565 -0.0157986563 -0.00642182492
vn -0.999854565 -0.0157986563 -0.00642182492
vn -0.999864638 -0.0148945386 -0.00699310889
vn -0.999864638 -0.0148945386 -0.00699310889
vn -0.999864638 -0.0148945386 -0.00699310889
vn -0.999801755 -0.0181587059 -0.00816905126
vn -0.999801755 -0.0181587059 -0.00816905126
vn -0.999801755 -0.0181587059 -0.00816905126
vn -0.999612451 -0.0201969612 -0.0191565454
vn -0.999612451 -0.0201969612 -0.0191565454
vn -0.999612451 -0.0201969612 -0.0191565454
vn -0.99970156 -0.0169710387 -0.0175728798
vn -0.99970156 -0.0169710387 -0.0175728798
vn -0.99970156 -0.0169710387 -0.0175728798
vn -0.999643564 -0.0175069273 -0.0201546978
vn -0.999643564 -0.0175069273 -0.0201546978
vn -0.999643564 -0.0175069273 -0.0201546978
vn -0.999670148 -0.0163536239 -0.0198035706
vn -0.999670148 -0.0163536239 -0.0198035706
vn -0.999670148 -0.0163536239 -0.0198035706
vn -0.999750137 -0.0140278721 -0.017403936
vn -0.999750137 -0.0140278721 -0.017403936
vn -0.999750137 -0.0140278721 -0.017403936
vn -0.999878049 -0.0132910321 -0.00820061285
vn -0.999878049 -0.0132910321 -0.00820061285
vn -0.999878049 -0.0132910321 -0.00820061285
vn -0.999881685 -0.0128942076 -0.00838991534
vn -0.999881685 -0.0128942076 -0.00838991534
vn -0.999881685 -0.0128942076 -0.00838991534
vn -0.999794602 -0.0184375327 -0.00841723848
vn -0.999794602 -0.0184375327 -0.00841723848
vn -0.999794602 -0.0184375327 -0.00841723848
vn -0.999832928 -0.0136224693 -0.0121888313
vn -0.999832928 -0.0136224693 -0.0121888313
vn -0.999832928 -0.0136224693 -0.0121888313
vn -0.999797404 -0.01572497 -0.0125655346
vn -0.999797404 -0.01572497 -0.0125655346
vn -0.999797404 -0.01572497 -0.0125655346
vn -0.999549031 -0.0143394601 -0.0263842382
vn -0.999549031 -0.0143394601 -0.0263842382
vn -0.999549031 -0.0143394601 -0.0263842382
vn -0.999456763 -0.0159519613 -0.0288391095
vn -0.999456763 -0.0159519613 -0.0288391095
vn -0.999456763 -0.0159519613 -0.0288391095
vn -0.99946028 -0.0159307644 -0.0287281387
vn -0.99946028 -0.0159307644 -0.0287281387
vn -0.99946028 -0.0159307644 -0.0287281387
vn -0.99974221 -0.0107488213 -0.0199988913
vn -0.99974221 -0.0107488213 -0.0199988913
vn -0.99974221 -0.0107488213 -0.0199988913
vn -0.999704301 -0.0114653241 -0.0214438047
vn -0.999704301 -0.0114653241 -0.0214438047
vn -0.999704301 -0.0114653241 -0.0214438047
vn -0.999691188 -0.0114851324 -0.0220379401
vn -0.999691188 -0.0114851324 -0.0220379401
vn -0.999691188 -0.0114851324 -0.0220379401
vn -0.999622107 -0.0126968212 -0.0243819822
vn -0.999622107 -0.0126968212 -0.0243819822
vn -0.999622107 -0.0126968212 -0.0243819822
vn -0.999633968 -0.0126980757 -0.0238878801
vn -0.999633968 -0.0126980757 -0.0238878801
vn -0.999633968 -0.0126980757 -0.0238878801
vn -0.999533951 -0.0141821867 -0.0270326287
vn -0.999533951 -0.0141821867 -0.0270326287
vn -0.999533951 -0.0141821867 -0.0270326287
vn -0.999509513 -0.0142840082 -0.0278694332
vn -0.999509513 -0.0142840082 -0.0278694332
vn -0.999509513 -0.0142840082 -0.0278694332
vn -0.999669611 -0.0132003706 -0.0220549535
vn -0.999669611 -0.0132003706 -0.0220549535
vn -0.999669611 -0.0132003706 -0.0220549535
vn -0.999733567 -0.0119083347 -0.0197739862
vn -0.999733567 -0.0119083347 -0.0197739862
vn -0.999733567 -0.0119083347 -0.0197739862
vn -0.999697328 -0.0119959963 -0.0214791745
vn -0.999697328 -0.0119959963 -0.0214791745
vn -0.999697328 -0.0119959963 -0.0214791745
vn -0.999750495 -0.0108989831 -0.0194991715
vn -0.999750495 -0.0108989831 -0.0194991715
vn -0.999750495 -0.0108989831 -0.0194991715
vn -0.999737859 -0.0109184878 -0.0201247279
vn -0.999737859 -0.0109184878 -0.0201247279
vn -0.999737859 -0.0109184878 -0.0201247279
vn -0.999565542 -0.0152218798 -0.025239028
vn -0.999565542 -0.0152218798 -0.025239028
vn -0.999565542 -0.0152218798 -0.025239028
vn -0.99966532 -0.0134472605 -0.0221000835
vn -0.99966532 -0.0134472605 -0.0221000835
vn -0.99966532 -0.0134472605 -0.0221000835
vn -0.999617279 -0.0136196231 -0.0240796581
vn -0.999617279 -0.0136196231 -0.0240796581
vn -0.999617279 -0.0136196231 -0.0240796581
vn -0.999694169 -0.012209367 -0.0215066876
vn -0.999694169 -0.012209367 -0.0215066876
vn -0.999694169 -0.012209367 -0.0215066876
vn -0.999680102 -0.0122424904 -0.0221324731
vn -0.999680102 -0.0122424904 -0.0221324731
vn -0.999680102 -0.0122424904 -0.0221324731
vn -0.999734521 -0.0111819161 -0.0201451015
vn -0.999734521 -0.0111819161 -0.0201451015
vn -0.999734521 -0.0111819161 -0.0201451015
vn -0.999737084 -0.0111791482 -0.0200183596
vn -0.999737084 -0.0111791482 -0.0200183596
vn -0.999737084 -0.0111791482 -0.0200183596
vn -0.999776483 -0.0104091009 -0.0184025075
vn -0.999776483 -0.0104091009 -0.0184025075
vn -0.999776483 -0.0104091009 -0.0184025075
vn -0.999783933 -0.0106848711 -0.0178307686
vn -0.999783933 -0.0106848711 -0.0178307686
vn -0.999783933 -0.0106848711 -0.0178307686
vn -0.999786675 -0.0104066087 -0.0178399161
vn -0.999786675 -0.0104066087 -0.0178399161
vn -0.999786675 -0.0104066087 -0.0178399161
vn -0.999774337 -0.010401262 -0.0185240116
vn -0.999774337 -0.010401262 -0.0185240116
vn -0.999774337 -0.010401262 -0.0185240116
vn -0.999778152 -0.0100432942 -0.0185140539
vn -0.999778152 -0.0100432942 -0.0185140539
vn -0.999778152 -0.0100432942 -0.0185140539
vn -0.999778092 -0.0100433268 -0.0185166243
vn -0.999778092 -0.0100433268 -0.0185166243
vn -0.999778092 -0.0100433268 -0.0185166243
vn -0.999753296 -0.012150934 -0.0185945798
vn -0.999753296 -0.012150934 -0.0185945798
vn -0.999753296 -0.012150934 -0.0185945798
vn -0.999734402 -0.0121605983 -0.0195774827
vn -0.999734402 -0.0121605983 -0.0195774827
vn -0.999734402 -0.0121605983 -0.0195774827
vn -0.999740303 -0.0124156578 -0.0191092566
vn -0.999740303 -0.0124156578 -0.0191092566
vn -0.999740303 -0.0124156578 -0.0191092566
vn -0.999720514 -0.0128323659 -0.0198553372
vn -0.999720514 -0.0128323659 -0.0198553372
vn -0.999720514 -0.0128323659 -0.0198553372
vn -0.999737024 -0.0128126238 -0.0190188363
vn -0.999737024 -0.0128126238 -0.0190188363
vn -0.999737024 -0.0128126238 -0.0190188363
vn -0.999734581 -0.0129755503 -0.0190376732
vn -0.999734581 -0.0129755503 -0.0190376732
vn -0.999734581 -0.0129755503 -0.0190376732
vn -0.999662697 -0.0144533953 -0.0215766206
vn -0.999662697 -0.0144533953 -0.0215766206
vn -0.999662697 -0.0144533953 -0.0215766206
vn -0.999656439 -0.014769135 -0.021652583
vn -0.999656439 -0.014769135 -0.021652583
vn -0.999656439 -0.014769135 -0.021652583
vn -0.999533772 -0.0169598237 -0.0253890138
vn -0.999533772 -0.0169598237 -0.0253890138
vn -0.999533772 -0.0169598237 -0.0253890138
vn -0.999519408 -0.0174887646 -0.0255959257
vn -0.999519408 -0.0174887646 -0.0255959257
vn -0.999519408 -0.0174887646 -0.0255959257
vn -0.999519408 -0.0174884629 -0.0255945958
vn -0.999519408 -0.0174884629 -0.0255945958
vn -0.999519408 -0.0174884629 -0.0255945958
vn -0.999462426 -0.0191427562 -0.026615886
vn -0.999462426 -0.0191427562 -0.026615886
vn -0.999462426 -0.0191427562 -0.026615886
vn -0.999352276 -0.0206906125 -0.0294431299
vn -0.999352276 -0.0206906125 -0.0294431299
vn -0.999352276 -0.0206906125 -0.0294431299
vn -0.999584496 -0.022836443 -0.0175864864
vn -0.999584496 -0.022836443 -0.0175864864
vn -0.999584496 -0.022836443 -0.0175864864
vn -0.999587476 -0.0227447078 -0.0175363254
vn -0.999587476 -0.0227447078 -0.0175363254
vn -0.999587476 -0.0227447078 -0.0175363254
vn -0.999713838 -0.0187308602 -0.0148780541
vn -0.999713838 -0.0187308602 -0.0148780541
vn -0.999713838 -0.0187308602 -0.0148780541
vn -0.999692082 -0.0207648128 -0.0135852704
vn -0.999692082 -0.0207648128 -0.0135852704
vn -0.999692082 -0.0207648128 -0.0135852704
vn -0.999793828 -0.0172016136 -0.0107888067
vn -0.999793828 -0.0172016136 -0.0107888067
vn -0.999793828 -0.0172016136 -0.0107888067
vn -0.999804616 -0.0165222995 -0.0108536426
vn -0.999804616 -0.0165222995 -0.0108536426
vn -0.999804616 -0.0165222995 -0.0108536426
vn -0.999749482 -0.0172443278 -0.0142686088
vn -0.999749482 -0.0172443278 -0.0142686088
vn -0.999749482 -0.0172443278 -0.0142686088
vn -0.999804616 -0.0144393994 -0.0135008637
vn -0.999804616 -0.0144393994 -0.0135008637
vn -0.999804616 -0.0144393994 -0.0135008637
vn -0.999749184 -0.0148110613 -0.0167991556
vn -0.999749184 -0.0148110613 -0.0167991556
vn -0.999749184 -0.0148110613 -0.0167991556
vn -0.999764144 -0.013919781 -0.0166692622
vn -0.999764144 -0.013919781 -0.0166692622
vn -0.999764144 -0.013919781 -0.0166692622
vn -0.999760628 -0.0140390359 -0.016781833
vn -0.999760628 -0.0140390359 -0.016781833
vn -0.999760628 -0.0140390359 -0.016781833
vn -0.999766946 -0.013074737 -0.0171780568
vn -0.999766946 -0.013074737 -0.0171780568
vn -0.999766946 -0.013074737 -0.0171780568
vn -0.999780118 -0.0120271863 -0.0171756204
vn -0.999780118 -0.0120271863 -0.0171756204
vn -0.999780118 -0.0120271863 -0.0171756204
vn -0.999891281 -0.0122519238 -0.00820814911
vn -0.999891281 -0.0122519238 -0.00820814911
vn -0.999891281 -0.0122519238 -0.00820814911
vn -0.999897659 -0.0114372894 -0.00859357882
vn -0.999897659 -0.0114372894 -0.00859357882
vn -0.999897659 -0.0114372894 -0.00859357882
vn -0.999355614 -0.016764883 -0.0317380987
vn -0.999355614 -0.016764883 -0.0317380987
vn -0.999355614 -0.016764883 -0.0317380987
vn -0.999342918 -0.0194383133 -0.0305917338
vn -0.999342918 -0.0194383133 -0.0305917338
vn -0.999342918 -0.0194383133 -0.0305917338
vn -0.999214768 -0.0226826519 -0.032485161
vn -0.999214768 -0.0226826519 -0.032485161
vn -0.999214768 -0.0226826519 -0.032485161
vn -0.999189556 -0.0262589306 -0.0305083226
vn -0.999189556 -0.0262589306 -0.0305083226
vn -0.999189556 -0.0262589306 -0.0305083226
vn -0.99905467 -0.0294553768 -0.0319717787
vn -0.99905467 -0.0294553768 -0.0319717787
vn -0.99905467 -0.0294553768 -0.0319717787
vn -0.999001205 -0.0338982716 -0.0291108936
vn -0.999001205 -0.0338982716 -0.0291108936
vn -0.999001205 -0.0338982716 -0.0291108936
vn -0.999016404 -0.0335527547 -0.0289907176
vn -0.999016404 -0.0335527547 -0.0289907176
vn -0.999016404 -0.0335527547 -0.0289907176
vn -0.998935342 -0.0384464972 -0.0254949983
vn -0.998935342 -0.0384464972 -0.0254949983
vn -0.998935342 -0.0384464972 -0.0254949983
vn -0.99917531 -0.0327041522 -0.0240641776
vn -0.99917531 -0.0327041522 -0.0240641776
vn -0.99917531 -0.0327041522 -0.0240641776
vn -0.999094009 -0.0372734219 -0.0205386598
vn -0.999094009 -0.0372734219 -0.0205386598
vn -0.999094009 -0.0372734219 -0.0205386598
vn -0.999390185 -0.0291328132 -0.0192491207
vn -0.999390185 -0.0291328132 -0.0192491207
vn -0.999390185 -0.0291328132 -0.0192491207
vn -0.999346673 -0.0319072343 -0.0169737153
vn -0.999346673 -0.0319072343 -0.0169737153
vn -0.999346673 -0.0319072343 -0.0169737153
vn -0.999541104 -0.0241903756 -0.0182328951
vn -0.999541104 -0.0241903756 -0.0182328951
vn -0.999541104 -0.0241903756 -0.0182328951
vn -0.999381661 -0.0328652225 -0.0124955298
vn -0.999381661 -0.0328652225 -0.0124955298
vn -0.999381661 -0.0328652225 -0.0124955298
vn -0.999750614 -0.0183938909 -0.0126659656
vn -0.999750614 -0.0183938909 -0.0126659656
vn -0.999750614 -0.0183938909 -0.0126659656
vn -0.999722362 -0.0204701293 -0.0116703277
vn -0.999722362 -0.0204701293 -0.0116703277
vn -0.999722362 -0.0204701293 -0.0116703277
vn -0.999857426 -0.0125550684 -0.0112915253
vn -0.999857426 -0.0125550684 -0.0112915253
vn -0.999857426 -0.0125550684 -0.0112915253
vn -0.999867857 -0.0110605573 -0.0119147375
vn -0.999867857 -0.0110605573 -0.0119147375
vn -0.999867857 -0.0110605573 -0.0119147375
vn -0.999891758 -0.0077404622 -0.0125110373
vn -0.999891758 -0.0077404622 -0.0125110373
vn -0.999891758 -0.0077404622 -0.0125110373
vn -0.999883115 -0.0076253009 -0.0132534765
vn -0.999883115 -0.0076253009 -0.0132534765
vn -0.999883115 -0.0076253009 -0.0132534765
vn -0.999889135 -0.00541619491 -0.0138716092
vn -0.999889135 -0.00541619491 -0.0138716092
vn -0.999889135 -0.00541619491 -0.0138716092
vn -0.999651015 -0.00493206363 -0.0259525739
vn -0.999651015 -0.00493206363 -0.0259525739
vn -0.999651015 -0.00493206363 -0.0259525739
vn -0.999705553 -0.00506485812 -0.0237301122
vn -0.999705553 -0.00506485812 -0.0237301122
vn -0.999705553 -0.00506485812 -0.0237301122
vn -0.999664843 -0.0109526124 -0.0234567616
vn -0.999664843 -0.0109526124 -0.0234567616
vn -0.999664843 -0.0109526124 -0.0234567616
vn -0.999730587 -0.0109301582 -0.0204751864
vn -0.999730587 -0.0109301582 -0.0204751864
vn -0.999730587 -0.0109301582 -0.0204751864
vn -0.99962759 -0.0178972241 -0.0206015818
vn -0.99962759 -0.0178972241 -0.0206015818
vn -0.99962759 -0.0178972241 -0.0206015818
vn -0.999698937 -0.0178045202 -0.0168822687
vn -0.999698937 -0.0178045202 -0.0168822687
vn -0.999698937 -0.0178045202 -0.0168822687
vn -0.999699295 -0.0177859496 -0.0168817136
vn -0.999699295 -0.0177859496 -0.0168817136
vn -0.999699295 -0.0177859496 -0.0168817136
vn -0.999711394 -0.0177736618 -0.0161628835
vn -0.999711394 -0.0177736618 -0.0161628835
vn -0.999711394 -0.0177736618 -0.0161628835
vn -0.99972558 -0.0193557292 -0.0131972395
vn -0.99972558 -0.0193557292 -0.0131972395
vn -0.99972558 -0.0193557292 -0.0131972395
vn -0.99960351 -0.0228557494 -0.0164434556
vn -0.99960351 -0.0228557494 -0.0164434556
vn -0.99960351 -0.0228557494 -0.0164434556
vn -0.999591291 -0.0228889063 -0.0171281006
vn -0.999591291 -0.0228889063 -0.0171281006
vn -0.999591291 -0.0228889063 -0.0171281006
vn -0.999553502 -0.024378242 -0.0172787327
vn -0.999553502 -0.024378242 -0.0172787327
vn -0.999553502 -0.024378242 -0.0172787327
vn -0.999307275 -0.0284315143 -0.0240124948
vn -0.999307275 -0.0284315143 -0.0240124948
vn -0.999307275 -0.0284315143 -0.0240124948
vn -0.999612808 -0.017530892 -0.0216080025
vn -0.999612808 -0.017530892 -0.0216080025
vn -0.999612808 -0.017530892 -0.0216080025
vn -0.999380708 -0.0213971585 -0.0279341936
vn -0.999380708 -0.0213971585 -0.0279341936
vn -0.999380708 -0.0213971585 -0.0279341936
vn -0.999620855 -0.0123251043 -0.0246217977
vn -0.999620855 -0.0123251043 -0.0246217977
vn -0.999620855 -0.0123251043 -0.0246217977
vn -0.999509335 -0.0132878134 -0.0283649024
vn -0.999509335 -0.0132878134 -0.0283649024
vn -0.999509335 -0.0132878134 -0.0283649024
vn -0.99956423 -0.0113605969 -0.0272449329
vn -0.99956423 -0.0113605969 -0.0272449329
vn -0.99956423 -0.0113605969 -0.0272449329
vn -0.999464214 -0.0122551201 -0.0303491317
vn -0.999464214 -0.0122551201 -0.0303491317
vn -0.999464214 -0.0122551201 -0.0303491317
vn -0.999862611 -0.010636176 -0.0127143823
vn -0.999862611 -0.010636176 -0.0127143823
vn -0.999862611 -0.010636176 -0.0127143823
vn -0.999858379 -0.0101685105 -0.0134114427
vn -0.999858379 -0.0101685105 -0.0134114427
vn -0.999858379 -0.0101685105 -0.0134114427
vn -0.999855459 -0.0105681345 -0.0133161731
vn -0.999855459 -0.0105681345 -0.0133161731
vn -0.999855459 -0.0105681345 -0.0133161731
vn -0.999824762 -0.0103627779 -0.0155918552
vn -0.999824762 -0.0103627779 -0.0155918552
vn -0.999824762 -0.0103627779 -0.0155918552
vn -0.999828637 -0.00989683066 -0.0156440809
vn -0.999828637 -0.00989683066 -0.0156440809
vn -0.999828637 -0.00989683066 -0.0156440809
vn -0.999811053 -0.00985522941 -0.0167543367
vn -0.999811053 -0.00985522941 -0.0167543367
vn -0.999811053 -0.00985522941 -0.0167543367
vn -0.999815643 -0.00936077815 -0.0167646445
vn -0.999815643 -0.00936077815 -0.0167646445
vn -0.999815643 -0.00936077815 -0.0167646445
vn -0.999807656 -0.00935846474 -0.0172361489
vn -0.999807656 -0.00935846474 -0.0172361489
vn -0.999807656 -0.00935846474 -0.0172361489
vn -0.999779701 -0.0119280778 -0.0172692556
vn -0.999779701 -0.0119280778 -0.0172692556
vn -0.999779701 -0.0119280778 -0.0172692556
vn -0.999774635 -0.0116773117 -0.0177292805
vn -0.999774635 -0.0116773117 -0.0177292805
vn -0.999774635 -0.0116773117 -0.0177292805
vn -0.999729276 -0.0150699755 -0.0177273732
vn -0.999729276 -0.0150699755 -0.0177273732
vn -0.999729276 -0.0150699755 -0.0177273732
vn -0.999710321 -0.0140953809 -0.0195082743
vn -0.999710321 -0.0140953809 -0.0195082743
vn -0.999710321 -0.0140953809 -0.0195082743
vn -0.999714196 -0.0138023347 -0.0195191801
vn -0.999714196 -0.0138023347 -0.0195191801
vn -0.999714196 -0.0138023347 -0.0195191801
vn -0.999657989 -0.0137121473 -0.0222689603
vn -0.999657989 -0.0137121473 -0.0222689603
vn -0.999657989 -0.0137121473 -0.0222689603
vn -0.999705255 -0.00765092252 -0.0230402108
vn -0.999705255 -0.00765092252 -0.0230402108
vn -0.999705255 -0.00765092252 -0.0230402108
vn -0.9996351 -0.00738200825 -0.0259835273
vn -0.9996351 -0.00738200825 -0.0259835273
vn -0.9996351 -0.00738200825 -0.0259835273
vn -0.99962306 -0.00287104771 -0.0273030903
vn -0.99962306 -0.00287104771 -0.0273030903
vn -0.99962306 -0.00287104771 -0.0273030903
vn -0.999561191 -0.00249320804 -0.0295165926
vn -0.999561191 -0.00249320804 -0.0295165926
vn -0.999561191 -0.00249320804 -0.0295165926
vn -0.999534488 -0.000421847828 -0.0305055864
vn -0.999534488 -0.000421847828 -0.0305055864
vn -0.999534488 -0.000421847828 -0.0305055864
vn -0.999484599 1.1557684e-05 -0.03210105
vn -0.999484599 1.1557684e-05 -0.03210105
vn -0.999484599 1.1557684e-05 -0.03210105
f 1/1/1 2/2/2 3/3/3
f 4/4/4 5/5/5 6/6/6
f 7/7/7 8/8/8 9/9/9
f 10/10/10 11/11/11 12/12/12
f 13/13/13 14/14/14 15/15/15
f 16/16/16 17/17/17 18/18/18
f 19/19/19 20/20/20 21/21/21
f 22/22/22 23/23/23 24/24/24
f 25/25/25 26/26/26 27/27/27
f 28/28/28 29/29/29 30/30/30
f 31/31/31 32/32/32 33/33/33
f 34/34/34 35/35/35 36/36/36
f 37/37/37 38/38/38 39/39/39
f 40/40/40 41/41/41 42/42/42
f 43/43/43 44/44/44 45/45/45
f 46/46/46 47/47/47 48/48/48
f 49/49/49 50/50/50 51/51/51
f 52/52/52 53/53/53 54/54/54
f 55/55/55 56/56/56 57/57/57
f 58/58/58 59/59/59 60/60/60
f 61/61/61 62/62/62 63/63/63
f 64/64/64 65/65/65 66/66/66
f 67/67/67 68/68/68 69/69/69
f 70/70/70 71/71/71 72/72/72
f 73/73/73 74/74/74 75/75/75
f 76/76/76 77/77/77 78/78/78
f 79/79/79 80/80/80 81/81/81
f 82/82/82 83/83/83 84/84/84
f 85/85/85 86/86/86 87/87/87
f 88/88/88 89/89/89 90/90/90
f 91/91/91 92/92/92 93/93/93
f 94/94/94 95/95/95 96/96/96
f 97/97/97 98/98/98 99/99/99
f 100/100/100 101/101/101 102/102/102
f 103/103/103 104/104/104 105/105/105
f 106/106/106 107/107/107 108/108/108
f 109/109/109 110/110/110 111/111/111
f 112/112/112 113/113/113 114/114/114
f 115/115/115 116/116/116 117/117/117
f 118/118/118 119/119/119 120/120/120
f 121/121/121 122/122/122 123/123/123
f 124/124/124 125/125/125 126/126/126
f 127/127/127 128/128/128 129/129/129
f 130/130/130 131/131/131 132/132/132
f 133/133/133 134/134/134 135/135/135
f 136/136/136 137/137/137 138/138/138
f 139/139/139 140/140/140 141/141/141
f 142/142/142 143/143/143 144/144/144
f 145/145/145 146/146/146 147/147/147
f 148/148/148 149/149/149 150/150/150
f 151/151/151 152/152/152 153/153/153
f 154/154/154 155/155/155 156/156/156
f 157/157/157 158/158/158 159/159/159
f 160/160/160 161/161/161 162/162/162
f 163/163/163 164/164/164 165/165/165
f 166/166/166 167/167/167 168/168/168
f 169/169/169 170/170/170 171/171/171
f 172/172/172 173/173/173 174/174/174
f 175/175/175 176/176/176 177/177/177
f 178/178/178 179/179/179 180/180/180
f 181/181/181 182/182/182 183/183/183
f 184/184/184 185/185/185 186/186/186
f 187/187/187 188/188/188 189/189/189
f 190/190/190 191/191/191 192/192/192
f 193/193/193 194/194/194 195/195/195
f 196/196/196 197/197/197 198/198/198
f 199/199/199 200/200/200 201/201/201
f 202/202/202 203/203/203 204/204/204
f 205/205/205 206/206/206 207/207/207
f 208/208/208 209/209/209 210/210/210
f 211/211/211 212/212/212 213/213/213
f 214/214/214 215/215/215 216/216/216
f 217/217/217 218/218/218 219/219/219
f 220/220/220 221/221/221 222/222/222
f 223/223/223 224/224/224 225/225/225
f 226/226/226 227/227/227 228/228/228
f 229/229/229 230/230/230 231/231/231
f 232/232/232 233/233/233 234/234/234
f 235/235/235 236/236/236 237/237/237
f 238/238/238 239/239/239 240/240/240
f 241/241/241 242/242/242 243/243/243
f 244/244/244 245/245/245 246/246/246
f 247/247/247 248/248/248 249/249/249
f 250/250/250 251/251/251 252/252/252
f 253/253/253 254/254/254 255/255/255
f 256/256/256 257/257/257 258/258/258
f 259/259/259 260/260/260 261/261/261
f 262/262/262 263/263/263 264/264/264
f 265/265/265 266/266/266 267/267/267
f 268/268/268 269/269/269 270/270/270
f 271/271/271 272/272/272 273/273/273
f 274/274/274 275/275/275 276/276/276
f 277/277/277 278/278/278 279/279/279
f 280/280/280 281/281/281 282/282/282
f 283/283/283 284/284/284 285/285/285
f 286/286/286 287/287/287 288/288/288
f 289/289/289 290/290/290 291/291/291
f 292/292/292 293/293/293 294/294/294
f 295/295/295 296/296/296 297/297/297
f 298/298/298 299/299/299 300/300/300
f 301/301/301 302/302/302 303/303/303
f 304/304/304 305/305/305 306/306/306
f 307/307/307 308/308/308 309/309/309
f 310/310/310 311/311/311 312/312/312
f 313/313/313 314/314/314 315/315/315
f 316/316/316 317/317/317 318/318/318
f 319/319/319 320/320/320 321/321/321
f 322/322/322 323/323/323 324/324/324
f 325/325/325 326/326/326 327/327/327
f 328/328/328 329/329/329 330/330/330
f 331/331/331 332/332/332 333/333/333
f 334/334/334 335/335/335 336/336/336
f 337/337/337 338/338/338 339/339/339
f 340/340/340 341/341/341 342/342/342
f 343/343/343 344/344/344 345/345/345
f 346/346/346 347/347/347 348/348/348
f 349/349/349 350/350/350 351/351/351
f 352/352/352 353/353/353 354/354/354
f 355/355/355 356/356/356 357/357/357
f 358/358/358 359/359/359 360/360/360
f 361/361/361 362/362/362 363/363/363
f 364/364/364 365/365/365 366/366/366
f 367/367/367 368/368/368 369/369/369
f 370/370/370 371/371/371 372/372/372
f 373/373/373 374/374/374 375/375/375
f 376/376/376 377/377/377 378/378/378
f 379/379/379 380/380/380 381/381/381
f 382/382/382 383/383/383 384/384/384
f 385/385/385 386/386/386 387/387/387
f 388/388/388 389/389/389 390/390/390
f 391/391/391 392/392/392 393/393/393
f 394/394/394 395/395/395 396/396/396
f 397/397/397 398/398/398 399/399/399
f 400/400/400 401/401/401 402/402/402
f 403/403/403 404/404/404 405/405/405
f 406/406/406 407/407/407 408/408/408
f 409/409/409 410/410/410 411/411/411
f 412/412/412 413/413/413 414/414/414
f 415/415/415 416/416/416 417/417/417
f 418/418/418 419/419/419 420/420/420
f 421/421/421 422/422/422 423/423/423
f 424/424/424 425/425/425 426/426/426
f 427/427/427 428/428/428 429/429/429
f 430/430/430 431/431/431 432/432/432
f 433/433/433 434/434/434 435/435/435
f 436/436/436 437/437/437 438/438/438
f 439/439/439 440/440/440 441/441/441
f 442/442/442 443/443/443 444/444/444
f 445/445/445 446/446/446 447/447/447
f 448/448/448 449/449/449 450/450/450
f 451/451/451 452/452/452 453/453/453
f 454/454/454 455/455/455 456/456/456
f 457/457/457 458/458/458 459/459/459
f 460/460/460 461/461/461 462/462/462
f 463/463/463 464/464/464 465/465/465
f 466/466/466 467/467/467 468/468/468
f 469/469/469 470/470/470 471/471/471
f 472/472/472 473/473/473 474/474/474
f 475/475/475 476/476/476 477/477/477
f 478/478/478 479/479/479 480/480/480
f 481/481/481 482/482/482 483/483/483
f 484/484/484 485/485/485 486/486/486
f 487/487/487 488/488/488 489/489/489
f 490/490/490 491/491/491 492/492/492
f 493/493/493 494/494/494 495/495/495
f 496/496/496 497/497/497 498/498/498
f 499/499/499 500/500/500 501/501/501
f 502/502/502 503/503/503 504/504/504
f 505/505/505 506/506/506 507/507/507
f 508/508/508 509/509/509 510/510/510
f 511/511/511 512/512/512 513/513/513
f 514/514/514 515/515/515 516/516/516
f 517/517/517 518/518/518 519/519/519
f 520/520/520 521/521/521 522/522/522
f 523/523/523 524/524/524 525/525/525
f 526/526/526 527/527/527 528/528/528
f 529/529/529 530/530/530 531/531/531
f 532/532/532 533/533/533 534/534/534
f 535/535/535 536/536/536 537/537/537
f 538/538/538 539/539/539 540/540/540
f 541/541/541 542/542/542 543/543/543
f 544/544/544 545/545/545 546/546/546
f 547/547/547 548/548/548 549/549/549
f 550/550/550 551/551/551 552/552/552
f 553/553/553 554/554/554 555/555/555
f 556/556/556 557/557/557 558/558/558
f 559/559/559 560/560/560 561/561/561
f 562/562/562 563/563/563 564/564/564
f 565/565/565 566/566/566 567/567/567
f 568/568/568 569/569/569 570/570/570
f 571/571/571 572/572/572 573/573/573
f 574/574/574 575/575/575 576/576/576
f 577/577/577 578/578/578 579/579/579
f 580/580/580 581/581/581 582/582/582
f 583/583/583 584/584/584 585/585/585
f 586/586/586 587/587/587 588/588/588
f 589/589/589 590/590/590 591/591/591
f 592/592/592 593/593/593 594/594/594
f 595/595/595 596/596/596 597/597/597
f 598/598/598 599/599/599 600/600/600
f 601/601/601 602/602/602 603/603/603
f 604/604/604 605/605/605 606/606/606
f 607/607/607 608/608/608 609/609/609
f 610/610/610 611/611/611 612/612/612
f 613/613/613 614/614/614 615/615/615
f 616/616/616 617/617/617 618/618/618
f 619/619/619 620/620/620 621/621/621
f 622/622/622 623/623/623 624/624/624
f 625/625/625 626/626/626 627/627/627
f 628/628/628 629/629/629 630/630/630
f 631/631/631 632/632/632 633/633/633
f 634/634/634 635/635/635 636/636/636
f 637/637/637 638/638/638 639/639/639
f 640/640/640 641/641/641 642/642/642
f 643/643/643 644/644/644 645/645/645
f 646/646/646 647/647/647 648/648/648
f 649/649/649 650/650/650 651/651/651
f 652/652/652 653/653/653 654/654/654
f 655/655/655 656/656/656 657/657/657
f 658/658/658 659/659/659 660/660/660
f 661/661/661 662/662/662 663/663/663
f 664/664/664 665/665/665 666/666/666
f 667/667/667 668/668/668 669/669/669
f 670/670/670 671/671/671 672/672/672
f 673/673/673 674/674/674 675/675/675
f 676/676/676 677/677/677 678/678/678
f 679/679/679 680/680/680 681/681/681
f 682/682/682 683/683/683 684/684/684
f 685/685/685 686/686/686 687/687/687
f 688/688/688 689/689/689 690/690/690
f 691/691/691 692/692/692 693/693/693
f 694/694/694 695/695/695 696/696/696
f 697/697/697 698/698/698 699/699/699
f 700/700/700 701/701/701 702/702/702
f 703/703/703 704/704/704 705/705/705
f 706/706/706 707/707/707 708/708/708
f 709/709/709 710/710/710 711/711/711
f 712/712/712 713/713/713 714/714/714
f 715/715/715 716/716/716 717/717/717
f 718/718/718 719/719/719 720/720/720
f 721/721/721 722/722/722 723/723/723
f 724/724/724 725/725/725 726/726/726
f 727/727/727 728/728/728 729/729/729
f 730/730/730 731/731/731 732/732/732
f 733/733/733 734/734/734 735/735/735
f 736/736/736 737/737/737 738/738/738
f 739/739/739 740/740/740 741/741/741
f 742/742/742 743/743/743 744/744/744
f 745/745/745 746/746/746 747/747/747
f 748/748/748 749/749/749 750/750/750
f 751/751/751 752/752/752 753/753/753
f 754/754/754 755/755/755 756/756/756
f 757/757/757 758/758/758 759/759/759
f 760/760/760 761/761/761 762/762/762
f 763/763/763 764/764/764 765/765/765
f 766/766/766 767/767/767 768/768/768
f 769/769/769 770/770/770 771/771/771
f 772/772/772 773/773/773 774/774/774
f 775/775/775 776/776/776 777/777/777
f 778/778/778 779/779/779 780/780/780
f 781/781/781 782/782/782 783/783/783
f 784/784/784 785/785/785 786/786/786
f 787/787/787 788/788/788 789/789/789
f 790/790/790 791/791/791 792/792/792
f 793/793/793 794/794/794 795/795/795
f 796/796/796 797/797/797 798/798/798
f 799/799/799 800/800/800 801/801/801
f 802/802/802 803/803/803 804/804/804
f 805/805/805 806/806/806 807/807/807
f 808/808/808 809/809/809 810/810/810
f 811/811/811 812/812/812 813/813/813
f 814/814/814 815/815/815 816/816/816
f 817/817/817 818/818/818 819/819/819
f 820/820/820 821/821/821 822/822/822
f 823/823/823 824/824/824 825/825/825
f 826/826/826 827/827/827 828/828/828
f 829/829/829 830/830/830 831/831/831
f 832/832/832 833/833/833 834/834/834
f 835/835/835 836/836/836 837/837/837
f 838/838/838 839/839/839 840/840/840
f 841/841/841 842/842/842 843/843/843
f 844/844/844 845/845/845 846/846/846
f 847/847/847 848/848/848 849/849/849
f 850/850/850 851/851/851 852/852/852
f 853/853/853 854/854/854 855/855/855
f 856/856/856 857/857/857 858/858/858
f 859/859/859 860/860/860 861/861/861
f 862/862/862 863/863/863 864/864/864
f 865/865/865 866/866/866 867/867/867
f 868/868/868 869/869/869 870/870/870
f 871/871/871 872/872/872 873/873/873
f 874/874/874 875/875/875 876/876/876
f 877/877/877 878/878/878 879/879/879
f 880/880/880 881/881/881 882/882/882
f 883/883/883 884/884/884 885/885/885
f 886/886/886 887/887/887 888/888/888
f 889/889/889 890/890/890 891/891/891
f 892/892/892 893/893/893 894/894/894
f 895/895/895 896/896/896 897/897/897
f 898/898/898 899/899/899 900/900/900
f 901/901/901 902/902/902 903/903/903
f 904/904/904 905/905/905 906/906/906
f 907/907/907 908/908/908 909/909/909
f 910/910/910 911/911/911 912/912/912
f 913/913/913 914/914/914 915/915/915
f 916/916/916 917/917/917 918/918/918
f 919/919/919 920/920/920 921/921/921
f 922/922/922 923/923/923 924/924/924
f 925/925/925 926/926/926 927/927/927
f 928/928/928 929/929/929 930/930/930
f 931/931/931 932/932/932 933/933/933
f 934/934/934 935/935/935 936/936/936
f 937/937/937 938/938/938 939/939/939
f 940/940/940 941/941/941 942/942/942
f 943/943/943 944/944/944 945/945/945
f 946/946/946 947/947/947 948/948/948
f 949/949/949 950/950/950 951/951/951
f 952/952/952 953/953/953 954/954/954
f 955/955/955 956/956/956 957/957/957
f 958/958/958 959/959/959 960/960/960
f 961/961/961 962/962/962 963/963/963
f 964/964/964 965/965/965 966/966/966
f 967/967/967 968/968/968 969/969/969
f 970/970/970 971/971/971 972/972/972
f 973/973/973 974/974/974 975/975/975
f 976/976/976 977/977/977 978/978/978
f 979/979/979 980/980/980 981/981/981
f 982/982/982 983/983/983 984/984/984
f 985/985/985 986/986/986 987/987/987
f 988/988/988 989/989/989 990/990/990
f 991/991/991 992/992/992 993/993/993
f 994/994/994 995/995/995 996/996/996
f 997/997/997 998/998/998 999/999/999
f 1000/1000/1000 1001/1001/1001 1002/1002/1002
f 1003/1003/1003 1004/1004/1004 1005/1005/1005
f 1006/1006/1006 1007/1007/1007 1008/1008/1008
f 1009/1009/1009 1010/1010/1010 1011/1011/1011
f 1012/1012/1012 1013/1013/1013 1014/1014/1014
f 1015/1015/1015 1016/1016/1016 1017/1017/1017
f 1018/1018/1018 1019/1019/1019 1020/1020/1020
f 1021/1021/1021 1022/1022/1022 1023/1023/1023
f 1024/1024/1024 1025/1025/1025 1026/1026/1026
f 1027/1027/1027 1028/1028/1028 1029/1029/1029
f 1030/1030/1030 1031/1031/1031 1032/1032/1032
f 1033/1033/1033 1034/1034/1034 1035/1035/1035
f 1036/1036/1036 1037/1037/1037 1038/1038/1038
f 1039/1039/1039 1040/1040/1040 1041/1041/1041
f 1042/1042/1042 1043/1043/1043 1044/1044/1044
f 1045/1045/1045 1046/1046/1046 1047/1047/1047
f 1048/1048/1048 1049/1049/1049 1050/1050/1050
f 1051/1051/1051 1052/1052/1052 1053/1053/1053
f 1054/1054/1054 1055/1055/1055 1056/1056/1056
f 1057/1057/1057 1058/1058/1058 1059/1059/1059
f 1060/1060/1060 1061/1061/1061 1062/1062/1062
f 1063/1063/1063 1064/1064/1064 1065/1065/1065
f 1066/1066/1066 1067/1067/1067 1068/1068/1068
f 1069/1069/1069 1070/1070/1070 1071/1071/1071
f 1072/1072/1072 1073/1073/1073 1074/1074/1074
f 1075/1075/1075 1076/1076/1076 1077/1077/1077
f 1078/1078/1078 1079/1079/1079 1080/1080/1080
f 1081/1081/1081 1082/1082/1082 1083/1083/1083
f 1084/1084/1084 1085/1085/1085 1086/1086/1086
f 1087/1087/1087 1088/1088/1088 1089/1089/1089
f 1090/1090/1090 1091/1091/1091 1092/1092/1092
f 1093/1093/1093 1094/1094/1094 1095/1095/1095
f 1096/1096/1096 1097/1097/1097 1098/1098/1098
f 1099/1099/1099 1100/1100/1100 1101/1101/1101
f 1102/1102/1102 1103/1103/1103 1104/1104/1104
f 1105/1105/1105 1106/1106/1106 1107/1107/1107
f 1108/1108/1108 1109/1109/1109 1110/1110/1110
f 1111/1111/1111 1112/1112/1112 1113/1113/1113
f 1114/1114/1114 1115/1115/1115 1116/1116/1116
f 1117/1117/1117 1118/1118/1118 1119/1119/1119
f 1120/1120/1120 1121/1121/1121 1122/1122/1122
f 1123/1123/1123 1124/1124/1124 1125/1125/1125
f 1126/1126/1126 1127/1127/1127 1128/1128/1128
f 1129/1129/1129 1130/1130/1130 1131/1131/1131
f 1132/1132/1132 1133/1133/1133 1134/1134/1134
f 1135/1135/1135 1136/1136/1136 1137/1137/1137
f 1138/1138/1138 1139/1139/1139 1140/1140/1140
f 1141/1141/1141 1142/1142/1142 1143/1143/1143
f 1144/1144/1144 1145/1145/1145 1146/1146/1146
f 1147/1147/1147 1148/1148/1148 1149/1149/1149
f 1150/1150/1150 1151/1151/1151 1152/1152/1152
f 1153/1153/1153 1154/1154/1154 1155/1155/1155
f 1156/1156/1156 1157/1157/1157 1158/1158/1158
f 1159/1159/1159 1160/1160/1160 1161/1161/1161
f 1162/1162/1162 1163/1163/1163 1164/1164/1164
f 1165/1165/1165 1166/1166/1166 1167/1167/1167
f 1168/1168/1168 1169/1169/1169 1170/1170/1170
f 1171/1171/1171 1172/1172/1172 1173/1173/1173
f 1174/1174/1174 1175/1175/1175 1176/1176/1176
f 1177/1177/1177 1178/1178/1178 1179/1179/1179
f 1180/1180/1180 1181/1181/1181 1182/1182/1182
f 1183/1183/1183 1184/1184/1184 1185/1185/1185
f 1186/1186/1186 1187/1187/1187 1188/1188/1188
f 1189/1189/1189 1190/1190/1190 1191/1191/1191
f 1192/1192/1192 1193/1193/1193 1194/1194/1194
f 1195/1195/1195 1196/1196/1196 1197/1197/1197
f 1198/1198/1198 1199/1199/1199 1200/1200/1200
f 1201/1201/1201 1202/1202/1202 1203/1203/1203
f 1204/1204/1204 1205/1205/1205 1206/1206/1206
f 1207/1207/1207 1208/1208/1208 1209/1209/1209
f 1210/1210/1210 1211/1211/1211 1212/1212/1212
f 1213/1213/1213 1214/1214/1214 1215/1215/1215
f 1216/1216/1216 1217/1217/1217 1218/1218/1218
f 1219/1219/1219 1220/1220/1220 1221/1221/1221
f 1222/1222/1222 1223/1223/1223 1224/1224/1224
f 1225/1225/1225 1226/1226/1226 1227/1227/1227
f 1228/1228/1228 1229/1229/1229 1230/1230/1230
f 1231/1231/1231 1232/1232/1232 1233/1233/1233
f 1234/1234/1234 1235/1235/1235 1236/1236/1236
f 1237/1237/1237 1238/1238/1238 1239/1239/1239
f 1240/1240/1240 1241/1241/1241 1242/1242/1242
f 1243/1243/1243 1244/1244/1244 1245/1245/1245
f 1246/1246/1246 1247/1247/1247 1248/1248/1248
f 1249/1249/1249 1250/1250/1250 1251/1251/1251
f 1252/1252/1252 1253/1253/1253 1254/1254/1254
f 1255/1255/1255 1256/1256/1256 1257/1257/1257
f 1258/1258/1258 1259/1259/1259 1260/1260/1260
f 1261/1261/1261 1262/1262/1262 1263/1263/1263
f 1264/1264/1264 1265/1265/1265 1266/1266/1266
f 1267/1267/1267 1268/1268/1268 1269/1269/1269
f 1270/1270/1270 1271/1271/1271 1272/1272/1272
f 1273/1273/1273 1274/1274/1274 1275/1275/1275
f 1276/1276/1276 1277/1277/1277 1278/1278/1278
f 1279/1279/1279 1280/1280/1280 1281/1281/1281
f 1282/1282/1282 1283/1283/1283 1284/1284/1284
f 1285/1285/1285 1286/1286/1286 1287/1287/1287
f 1288/1288/1288 1289/1289/1289 1290/1290/1290
f 1291/1291/1291 1292/1292/1292 1293/1293/1293
f 1294/1294/1294 1295/1295/1295 1296/1296/1296
f 1297/1297/1297 1298/1298/1298 1299/1299/1299
f 1300/1300/1300 1301/1301/1301 1302/1302/1302
f 1303/1303/1303 1304/1304/1304 1305/1305/1305
f 1306/1306/1306 1307/1307/1307 1308/1308/1308
f 1309/1309/1309 1310/1310/1310 1311/1311/1311
f 1312/1312/1312 1313/1313/1313 1314/1314/1314
f 1315/1315/1315 1316/1316/1316 1317/1317/1317
f 1318/1318/1318 1319/1319/1319 1320/1320/1320
f 1321/1321/1321 1322/1322/1322 1323/1323/1323
f 1324/1324/1324 1325/1325/1325 1326/1326/1326
f 1327/1327/1327 1328/1328/1328 1329/1329/1329
f 1330/1330/1330 1331/1331/1331 1332/1332/1332
f 1333/1333/1333 1334/1334/1334 1335/1335/1335
f 1336/1336/1336 1337/1337/1337 1338/1338/1338
f 1339/1339/1339 1340/1340/1340 1341/1341/1341
f 1342/1342/1342 1343/1343/1343 1344/1344/1344
f 1345/1345/1345 1346/1346/1346 1347/1347/1347
f 1348/1348/1348 1349/1349/1349 1350/1350/1350
f 1351/1351/1351 1352/1352/1352 1353/1353/1353
f 1354/1354/1354 1355/1355/1355 1356/1356/1356
f 1357/1357/1357 1358/1358/1358 1359/1359/1359
f 1360/1360/1360 1361/1361/1361 1362/1362/1362
f 1363/1363/1363 1364/1364/1364 1365/1365/1365
f 1366/1366/1366 1367/1367/1367 1368/1368/1368
f 1369/1369/1369 1370/1370/1370 1371/1371/1371
f 1372/1372/1372 1373/1373/1373 1374/1374/1374
f 1375/1375/1375 1376/1376/1376 1377/1377/1377
f 1378/1378/1378 1379/1379/1379 1380/1380/1380
f 1381/1381/1381 1382/1382/1382 1383/1383/1383
f 1384/1384/1384 1385/1385/1385 1386/1386/1386
f 1387/1387/1387 1388/1388/1388 1389/1389/1389
f 1390/1390/1390 1391/1391/1391 1392/1392/1392
f 1393/1393/1393 1394/1394/1394 1395/1395/1395
f 1396/1396/1396 1397/1397/1397 1398/1398/1398
f 1399/1399/1399 1400/1400/1400 1401/1401/1401
f 1402/1402/1402 1403/1403/1403 1404/1404/1404
f 1405/1405/1405 1406/1406/1406 1407/1407/1407
f 1408/1408/1408 1409/1409/1409 1410/1410/1410
f 1411/1411/1411 1412/1412/1412 1413/1413/1413
f 1414/1414/1414 1415/1415/1415 1416/1416/1416
f 1417/1417/1417 1418/1418/1418 1419/1419/1419
f 1420/1420/1420 1421/1421/1421 1422/1422/1422
f 1423/1423/1423 1424/1424/1424 1425/1425/1425
f 1426/1426/1426 1427/1427/1427 1428/1428/1428
f 1429/1429/1429 1430/1430/1430 1431/1431/1431
f 1432/1432/1432 1433/1433/1433 1434/1434/1434
f 1435/1435/1435 1436/1436/1436 1437/1437/1437
f 1438/1438/1438 1439/1439/1439 1440/1440/1440
f 1441/1441/1441 1442/1442/1442 1443/1443/1443
f 1444/1444/1444 1445/1445/1445 1446/1446/1446
f 1447/1447/1447 1448/1448/1448 1449/1449/1449
f 1450/1450/1450 1451/1451/1451 1452/1452/1452
f 1453/1453/1453 1454/1454/1454 1455/1455/1455
f 1456/1456/1456 1457/1457/1457 1458/1458/1458
f 1459/1459/1459 1460/1460/1460 1461/1461/1461
f 1462/1462/1462 1463/1463/1463 1464/1464/1464
f 1465/1465/1465 1466/1466/1466 1467/1467/1467
f 1468/1468/1468 1469/1469/1469 1470/1470/1470
f 1471/1471/1471 1472/1472/1472 1473/1473/1473
f 1474/1474/1474 1475/1475/1475 1476/1476/1476
f 1477/1477/1477 1478/1478/1478 1479/1479/1479
f 1480/1480/1480 1481/1481/1481 1482/1482/1482
f 1483/1483/1483 1484/1484/1484 1485/1485/1485
f 1486/1486/1486 1487/1487/1487 1488/1488/1488
f 1489/1489/1489 1490/1490/1490 1491/1491/1491
f 1492/1492/1492 1493/1493/1493 1494/1494/1494
f 1495/1495/1495 1496/1496/1496 1497/1497/1497
f 1498/1498/1498 1499/1499/1499 1500/1500/1500
f 1501/1501/1501 1502/1502/1502 1503/1503/1503
f 1504/1504/1504 1505/1505/1505 1506/1506/1506
f 1507/1507/1507 1508/1508/1508 1509/1509/1509
f 1510/1510/1510 1511/1511/1511 1512/1512/1512
f 1513/1513/1513 1514/1514/1514 1515/1515/1515
f 1516/1516/1516 1517/1517/1517 1518/1518/1518
f 1519/1519/1519 1520/1520/1520 1521/1521/1521
f 1522/1522/1522 1523/1523/1523 1524/1524/1524
f 1525/1525/1525 1526/1526/1526 1527/1527/1527
f 1528/1528/1528 1529/1529/1529 1530/1530/1530
f 1531/1531/1531 1532/1532/1532 1533/1533/1533
f 1534/1534/1534 1535/1535/1535 1536/1536/1536
f 1537/1537/1537 1538/1538/1538 1539/1539/1539
f 1540/1540/1540 1541/1541/1541 1542/1542/1542
f 1543/1543/1543 1544/1544/1544 1545/1545/1545
f 1546/1546/1546 1547/1547/1547 1548/1548/1548
f 1549/1549/1549 1550/1550/1550 1551/1551/1551
f 1552/1552/1552 1553/1553/1553 1554/1554/1554
f 1555/1555/1555 1556/1556/1556 1557/1557/1557
f 1558/1558/1558 1559/1559/1559 1560/1560/1560
f 1561/1561/1561 1562/1562/1562 1563/1563/1563
f 1564/1564/1564 1565/1565/1565 1566/1566/1566
f 1567/1567/1567 1568/1568/1568 1569/1569/1569
f 1570/1570/1570 1571/1571/1571 1572/1572/1572
f 1573/1573/1573 1574/1574/1574 1575/1575/1575
f 1576/1576/1576 1577/1577/1577 1578/1578/1578
f 1579/1579/1579 1580/1580/1580 1581/1581/1581
f 1582/1582/1582 1583/1583/1583 1584/1584/1584
f 1585/1585/1585 1586/1586/1586 1587/1587/1587
f 1588/1588/1588 1589/1589/1589 1590/1590/1590
f 1591/1591/1591 1592/1592/1592 1593/1593/1593
f 1594/1594/1594 1595/1595/1595 1596/1596/1596
f 1597/1597/1597 1598/1598/1598 1599/1599/1599
f 1600/1600/1600 1601/1601/1601 1602/1602/1602
f 1603/1603/1603 1604/1604/1604 1605/1605/1605
f 1606/1606/1606 1607/1607/1607 1608/1608/1608
f 1609/1609/1609 1610/1610/1610 1611/1611/1611
f 1612/1612/1612 1613/1613/1613 1614/1614/1614
f 1615/1615/1615 1616/1616/1616 1617/1617/1617
f 1618/1618/1618 1619/1619/1619 1620/1620/1620
f 1621/1621/1621 1622/1622/1622 1623/1623/1623
f 1624/1624/1624 1625/1625/1625 1626/1626/1626
f 1627/1627/1627 1628/1628/1628 1629/1629/1629
f 1630/1630/1630 1631/1631/1631 1632/1632/1632
f 1633/1633/1633 1634/1634/1634 1635/1635/1635
f 1636/1636/1636 1637/1637/1637 1638/1638/1638
f 1639/1639/1639 1640/1640/1640 1641/1641/1641
f 1642/1642/1642 1643/1643/1643 1644/1644/1644
f 1645/1645/1645 1646/1646/1646 1647/1647/1647
f 1648/1648/1648 1649/1649/1649 1650/1650/1650
f 1651/1651/1651 1652/1652/1652 1653/1653/1653
f 1654/1654/1654 1655/1655/1655 1656/1656/1656
f 1657/1657/1657 1658/1658/1658 1659/1659/1659
f 1660/1660/1660 1661/1661/1661 1662/1662/1662
f 1663/1663/1663 1664/1664/1664 1665/1665/1665
f 1666/1666/1666 1667/1667/1667 1668/1668/1668
f 1669/1669/1669 1670/1670/1670 1671/1671/1671
f 1672/1672/1672 1673/1673/1673 1674/1674/1674
f 1675/1675/1675 1676/1676/1676 1677/1677/1677
f 1678/1678/1678 1679/1679/1679 1680/1680/1680
f 1681/1681/1681 1682/1682/1682 1683/1683/1683
f 1684/1684/1684 1685/1685/1685 1686/1686/1686
f 1687/1687/1687 1688/1688/1688 1689/1689/1689
f 1690/1690/1690 1691/1691/1691 1692/1692/1692
f 1693/1693/1693 1694/1694/1694 1695/1695/1695
f 1696/1696/1696 1697/1697/1697 1698/1698/1698
f 1699/1699/1699 1700/1700/1700 1701/1701/1701
f 1702/1702/1702 1703/1703/1703 1704/1704/1704
f 1705/1705/1705 1706/1706/1706 1707/1707/1707
f 1708/1708/1708 1709/1709/1709 1710/1710/1710
f 1711/1711/1711 1712/1712/1712 1713/1713/1713
f 1714/1714/1714 1715/1715/1715 1716/1716/1716
f 1717/1717/1717 1718/1718/1718 1719/1719/1719
f 1720/1720/1720 1721/1721/1721 1722/1722/1722
f 1723/1723/1723 1724/1724/1724 1725/1725/1725
f 1726/1726/1726 1727/1727/1727 1728/1728/1728
f 1729/1729/1729 1730/1730/1730 1731/1731/1731
f 1732/1732/1732 1733/1733/1733 1734/1734/1734
f 1735/1735/1735 1736/1736/1736 1737/1737/1737
f 1738/1738/1738 1739/1739/1739 1740/1740/1740
f 1741/1741/1741 1742/1742/1742 1743/1743/1743
f 1744/1744/1744 1745/1745/1745 1746/1746/1746
f 1747/1747/1747 1748/1748/1748 1749/1749/1749
f 1750/1750/1750 1751/1751/1751 1752/1752/1752
f 1753/1753/1753 1754/1754/1754 1755/1755/1755
f 1756/1756/1756 1757/1757/1757 1758/1758/1758
f 1759/1759/1759 1760/1760/1760 1761/1761/1761
f 1762/1762/1762 1763/1763/1763 1764/1764/1764
f 1765/1765/1765 1766/1766/1766 1767/1767/1767
f 1768/1768/1768 1769/1769/1769 1770/1770/1770
f 1771/1771/1771 1772/1772/1772 1773/1773/1773
f 1774/1774/1774 1775/1775/1775 1776/1776/1776
f 1777/1777/1777 1778/1778/1778 1779/1779/1779
f 1780/1780/1780 1781/1781/1781 1782/1782/1782
f 1783/1783/1783 1784/1784/1784 1785/1785/1785
f 1786/1786/1786 1787/1787/1787 1788/1788/1788
f 1789/1789/1789 1790/1790/1790 1791/1791/1791
f 1792/1792/1792 1793/1793/1793 1794/1794/1794
f 1795/1795/1795 1796/1796/1796 1797/1797/1797
f 1798/1798/1798 1799/1799/1799 1800/1800/1800
f 1801/1801/1801 1802/1802/1802 1803/1803/1803
f 1804/1804/1804 1805/1805/1805 1806/1806/1806
f 1807/1807/1807 1808/1808/1808 1809/1809/1809
f 1810/1810/1810 1811/1811/1811 1812/1812/1812
f 1813/1813/1813 1814/1814/1814 1815/1815/1815
f 1816/1816/1816 1817/1817/1817 1818/1818/1818
f 1819/1819/1819 1820/1820/1820 1821/1821/1821
f 1822/1822/1822 1823/1823/1823 1824/1824/1824
f 1825/1825/1825 1826/1826/1826 1827/1827/1827
f 1828/1828/1828 1829/1829/1829 1830/1830/1830
f 1831/1831/1831 1832/1832/1832 1833/1833/1833
f 1834/1834/1834 1835/1835/1835 1836/1836/1836
f 1837/1837/1837 1838/1838/1838 1839/1839/1839
f 1840/1840/1840 1841/1841/1841 1842/1842/1842
f 1843/1843/1843 1844/1844/1844 1845/1845/1845
f 1846/1846/1846 1847/1847/1847 1848/1848/1848
f 1849/1849/1849 1850/1850/1850 1851/1851/1851
f 1852/1852/1852 1853/1853/1853 1854/1854/1854
f 1855/1855/1855 1856/1856/1856 1857/1857/1857
f 1858/1858/1858 1859/1859/1859 1860/1860/1860
f 1861/1861/1861 1862/1862/1862 1863/1863/1863
f 1864/1864/1864 1865/1865/1865 1866/1866/1866
f 1867/1867/1867 1868/1868/1868 1869/1869/1869
f 1870/1870/1870 1871/1871/1871 1872/1872/1872
f 1873/1873/1873 1874/1874/1874 1875/1875/1875
f 1876/1876/1876 1877/1877/1877 1878/1878/1878
f 1879/1879/1879 1880/1880/1880 1881/1881/1881
f 1882/1882/1882 1883/1883/1883 1884/1884/1884
f 1885/1885/1885 1886/1886/1886 1887/1887/1887
f 1888/1888/1888 1889/1889/1889 1890/1890/1890
f 1891/1891/1891 1892/1892/1892 1893/1893/1893
f 1894/1894/1894 1895/1895/1895 1896/1896/1896
f 1897/1897/1897 1898/1898/1898 1899/1899/1899
f 1900/1900/1900 1901/1901/1901 1902/1902/1902
f 1903/1903/1903 1904/1904/1904 1905/1905/1905
f 1906/1906/1906 1907/1907/1907 1908/1908/1908
f 1909/1909/1909 1910/1910/1910 1911/1911/1911
f 1912/1912/1912 1913/1913/1913 1914/1914/1914
f 1915/1915/1915 1916/1916/1916 1917/1917/1917
f 1918/1918/1918 1919/1919/1919 1920/1920/1920
f 1921/1921/1921 1922/1922/1922 1923/1923/1923
f 1924/1924/1924 1925/1925/1925 1926/1926/1926
f 1927/1927/1927 1928/1928/1928 1929/1929/1929
f 1930/1930/1930 1931/1931/1931 1932/1932/1932
f 1933/1933/1933 1934/1934/1934 1935/1935/1935
f 1936/1936/1936 1937/1937/1937 1938/1938/1938
f 1939/1939/1939 1940/1940/1940 1941/1941/1941
f 1942/1942/1942 1943/1943/1943 1944/1944/1944
f 1945/1945/1945 1946/1946/1946 1947/1947/1947
f 1948/1948/1948 1949/1949/1949 1950/1950/1950
f 1951/1951/1951 1952/1952/1952 1953/1953/1953
f 1954/1954/1954 1955/1955/1955 1956/1956/1956
f 1957/1957/1957 1958/1958/1958 1959/1959/1959
f 1960/1960/1960 1961/1961/1961 1962/1962/1962
f 1963/1963/1963 1964/1964/1964 1965/1965/1965
f 1966/1966/1966 1967/1967/1967 1968/1968/1968
f 1969/1969/1969 1970/1970/1970 1971/1971/1971
f 1972/1972/1972 1973/1973/1973 1974/1974/1974
f 1975/1975/1975 1976/1976/1976 1977/1977/1977
f 1978/1978/1978 1979/1979/1979 1980/1980/1980
f 1981/1981/1981 1982/1982/1982 1983/1983/1983
f 1984/1984/1984 1985/1985/1985 1986/1986/1986
f 1987/1987/1987 1988/1988/1988 1989/1989/1989
f 1990/1990/1990 1991/1991/1991 1992/1992/1992
f 1993/1993/1993 1994/1994/1994 1995/1995/1995
f 1996/1996/1996 1997/1997/1997 1998/1998/1998
f 1999/1999/1999 2000/2000/2000 2001/2001/2001
f 2002/2002/2002 2003/2003/2003 2004/2004/2004
f 2005/2005/2005 2006/2006/2006 2007/2007/2007
f 2008/2008/2008 2009/2009/2009 2010/2010/2010
f 2011/2011/2011 2012/2012/2012 2013/2013/2013
f 2014/2014/2014 2015/2015/2015 2016/2016/2016
f 2017/2017/2017 2018/2018/2018 2019/2019/2019
f 2020/2020/2020 2021/2021/2021 2022/2022/2022
f 2023/2023/2023 2024/2024/2024 2025/2025/2025
f 2026/2026/2026 2027/2027/2027 2028/2028/2028
f 2029/2029/2029 2030/2030/2030 2031/2031/2031
f 2032/2032/2032 2033/2033/2033 2034/2034/2034
f 2035/2035/2035 2036/2036/2036 2037/2037/2037
f 2038/2038/2038 2039/2039/2039 2040/2040/2040
f 2041/2041/2041 2042/2042/2042 2043/2043/2043
f 2044/2044/2044 2045/2045/2045 2046/2046/2046
f 2047/2047/2047 2048/2048/2048 2049/2049/2049
f 2050/2050/2050 2051/2051/2051 2052/2052/2052
f 2053/2053/2053 2054/2054/2054 2055/2055/2055
f 2056/2056/2056 2057/2057/2057 2058/2058/2058
f 2059/2059/2059 2060/2060/2060 2061/2061/2061
f 2062/2062/2062 2063/2063/2063 2064/2064/2064
f 2065/2065/2065 2066/2066/2066 2067/2067/2067
f 2068/2068/2068 2069/2069/2069 2070/2070/2070
f 2071/2071/2071 2072/2072/2072 2073/2073/2073
f 2074/2074/2074 2075/2075/2075 2076/2076/2076
f 2077/2077/2077 2078/2078/2078 2079/2079/2079
f 2080/2080/2080 2081/2081/2081 2082/2082/2082
f 2083/2083/2083 2084/2084/2084 2085/2085/2085
f 2086/2086/2086 2087/2087/2087 2088/2088/2088
f 2089/2089/2089 2090/2090/2090 2091/2091/2091
f 2092/2092/2092 2093/2093/2093 2094/2094/2094
f 2095/2095/2095 2096/2096/2096 2097/2097/2097
f 2098/2098/2098 2099/2099/2099 2100/2100/2100
f 2101/2101/2101 2102/2102/2102 2103/2103/2103
f 2104/2104/2104 2105/2105/2105 2106/2106/2106
f 2107/2107/2107 2108/2108/2108 2109/2109/2109
f 2110/2110/2110 2111/2111/2111 2112/2112/2112
f 2113/2113/2113 2114/2114/2114 2115/2115/2115
f 2116/2116/2116 2117/2117/2117 2118/2118/2118
f 2119/2119/2119 2120/2120/2120 2121/2121/2121
f 2122/2122/2122 2123/2123/2123 2124/2124/2124
f 2125/2125/2125 2126/2126/2126 2127/2127/2127
f 2128/2128/2128 2129/2129/2129 2130/2130/2130
f 2131/2131/2131 2132/2132/2132 2133/2133/2133
f 2134/2134/2134 2135/2135/2135 2136/2136/2136
f 2137/2137/2137 2138/2138/2138 2139/2139/2139
f 2140/2140/2140 2141/2141/2141 2142/2142/2142
f 2143/2143/2143 2144/2144/2144 2145/2145/2145
f 2146/2146/2146 2147/2147/2147 2148/2148/2148
f 2149/2149/2149 2150/2150/2150 2151/2151/2151
f 2152/2152/2152 2153/2153/2153 2154/2154/2154
f 2155/2155/2155 2156/2156/2156 2157/2157/2157
f 2158/2158/2158 2159/2159/2159 2160/2160/2160
f 2161/2161/2161 2162/2162/2162 2163/2163/2163
f 2164/2164/2164 2165/2165/2165 2166/2166/2166
f 2167/2167/2167 2168/2168/2168 2169/2169/2169
f 2170/2170/2170 2171/2171/2171 2172/2172/2172
f 2173/2173/2173 2174/2174/2174 2175/2175/2175
f 2176/2176/2176 2177/2177/2177 2178/2178/2178
f 2179/2179/2179 2180/2180/2180 2181/2181/2181
f 2182/2182/2182 2183/2183/2183 2184/2184/2184
f 2185/2185/2185 2186/2186/2186 2187/2187/2187
f 2188/2188/2188 2189/2189/2189 2190/2190/2190
f 2191/2191/2191 2192/2192/2192 2193/2193/2193
f 2194/2194/2194 2195/2195/2195 2196/2196/2196
f 2197/2197/2197 2198/2198/2198 2199/2199/2199
f 2200/2200/2200 2201/2201/2201 2202/2202/2202
f 2203/2203/2203 2204/2204/2204 2205/2205/2205
f 2206/2206/2206 2207/2207/2207 2208/2208/2208
f 2209/2209/2209 2210/2210/2210 2211/2211/2211
f 2212/2212/2212 2213/2213/2213 2214/2214/2214
f 2215/2215/2215 2216/2216/2216 2217/2217/2217
f 2218/2218/2218 2219/2219/2219 2220/2220/2220
f 2221/2221/2221 2222/2222/2222 2223/2223/2223
f 2224/2224/2224 2225/2225/2225 2226/2226/2226
f 2227/2227/2227 2228/2228/2228 2229/2229/2229
f 2230/2230/2230 2231/2231/2231 2232/2232/2232
f 2233/2233/2233 2234/2234/2234 2235/2235/2235
f 2236/2236/2236 2237/2237/2237 2238/2238/2238
f 2239/2239/2239 2240/2240/2240 2241/2241/2241
f 2242/2242/2242 2243/2243/2243 2244/2244/2244
f 2245/2245/2245 2246/2246/2246 2247/2247/2247
f 2248/2248/2248 2249/2249/2249 2250/2250/2250
f 2251/2251/2251 2252/2252/2252 2253/2253/2253
f 2254/2254/2254 2255/2255/2255 2256/2256/2256
f 2257/2257/2257 2258/2258/2258 2259/2259/2259
f 2260/2260/2260 2261/2261/2261 2262/2262/2262
f 2263/2263/2263 2264/2264/2264 2265/2265/2265
f 2266/2266/2266 2267/2267/2267 2268/2268/2268
f 2269/2269/2269 2270/2270/2270 2271/2271/2271
f 2272/2272/2272 2273/2273/2273 2274/2274/2274
f 2275/2275/2275 2276/2276/2276 2277/2277/2277
f 2278/2278/2278 2279/2279/2279 2280/2280/2280
f 2281/2281/2281 2282/2282/2282 2283/2283/2283
f 2284/2284/2284 2285/2285/2285 2286/2286/2286
f 2287/2287/2287 2288/2288/2288 2289/2289/2289
f 2290/2290/2290 2291/2291/2291 2292/2292/2292
f 2293/2293/2293 2294/2294/2294 2295/2295/2295
f 2296/2296/2296 2297/2297/2297 2298/2298/2298
f 2299/2299/2299 2300/2300/2300 2301/2301/2301
f 2302/2302/2302 2303/2303/2303 2304/2304/2304
f 2305/2305/2305 2306/2306/2306 2307/2307/2307
f 2308/2308/2308 2309/2309/2309 2310/2310/2310
f 2311/2311/2311 2312/2312/2312 2313/2313/2313
f 2314/2314/2314 2315/2315/2315 2316/2316/2316
f 2317/2317/2317 2318/2318/2318 2319/2319/2319
f 2320/2320/2320 2321/2321/2321 2322/2322/2322
f 2323/2323/2323 2324/2324/2324 2325/2325/2325
f 2326/2326/2326 2327/2327/2327 2328/2328/2328
f 2329/2329/2329 2330/2330/2330 2331/2331/2331
f 2332/2332/2332 2333/2333/2333 2334/2334/2334
f 2335/2335/2335 2336/2336/2336 2337/2337/2337
f 2338/2338/2338 2339/2339/2339 2340/2340/2340
f 2341/2341/2341 2342/2342/2342 2343/2343/2343
f 2344/2344/2344 2345/2345/2345 2346/2346/2346
f 2347/2347/2347 2348/2348/2348 2349/2349/2349
f 2350/2350/2350 2351/2351/2351 2352/2352/2352
f 2353/2353/2353 2354/2354/2354 2355/2355/2355
f 2356/2356/2356 2357/2357/2357 2358/2358/2358
f 2359/2359/2359 2360/2360/2360 2361/2361/2361
f 2362/2362/2362 2363/2363/2363 2364/2364/2364
f 2365/2365/2365 2366/2366/2366 2367/2367/2367
f 2368/2368/2368 2369/2369/2369 2370/2370/2370
f 2371/2371/2371 2372/2372/2372 2373/2373/2373
f 2374/2374/2374 2375/2375/2375 2376/2376/2376
f 2377/2377/2377 2378/2378/2378 2379/2379/2379
f 2380/2380/2380 2381/2381/2381 2382/2382/2382
f 2383/2383/2383 2384/2384/2384 2385/2385/2385
f 2386/2386/2386 2387/2387/2387 2388/2388/2388
f 2389/2389/2389 2390/2390/2390 2391/2391/2391
f 2392/2392/2392 2393/2393/2393 2394/2394/2394
f 2395/2395/2395 2396/2396/2396 2397/2397/2397
f 2398/2398/2398 2399/2399/2399 2400/2400/2400
f 2401/2401/2401 2402/2402/2402 2403/2403/2403
f 2404/2404/2404 2405/2405/2405 2406/2406/2406
f 2407/2407/2407 2408/2408/2408 2409/2409/2409
f 2410/2410/2410 2411/2411/2411 2412/2412/2412
f 2413/2413/2413 2414/2414/2414 2415/2415/2415
f 2416/2416/2416 2417/2417/2417 2418/2418/2418
f 2419/2419/2419 2420/2420/2420 2421/2421/2421
f 2422/2422/2422 2423/2423/2423 2424/2424/2424
f 2425/2425/2425 2426/2426/2426 2427/2427/2427
f 2428/2428/2428 2429/2429/2429 2430/2430/2430
f 2431/2431/2431 2432/2432/2432 2433/2433/2433
f 2434/2434/2434 2435/2435/2435 2436/2436/2436
f 2437/2437/2437 2438/2438/2438 2439/2439/2439
f 2440/2440/2440 2441/2441/2441 2442/2442/2442
f 2443/2443/2443 2444/2444/2444 2445/2445/2445
f 2446/2446/2446 2447/2447/2447 2448/2448/2448
f 2449/2449/2449 2450/2450/2450 2451/2451/2451
f 2452/2452/2452 2453/2453/2453 2454/2454/2454
f 2455/2455/2455 2456/2456/2456 2457/2457/2457
f 2458/2458/2458 2459/2459/2459 2460/2460/2460
f 2461/2461/2461 2462/2462/2462 2463/2463/2463
f 2464/2464/2464 2465/2465/2465 2466/2466/2466
f 2467/2467/2467 2468/2468/2468 2469/2469/2469
f 2470/2470/2470 2471/2471/2471 2472/2472/2472
f 2473/2473/2473 2474/2474/2474 2475/2475/2475
f 2476/2476/2476 2477/2477/2477 2478/2478/2478
f 2479/2479/2479 2480/2480/2480 2481/2481/2481
f 2482/2482/2482 2483/2483/2483 2484/2484/2484
f 2485/2485/2485 2486/2486/2486 2487/2487/2487
f 2488/2488/2488 2489/2489/2489 2490/2490/2490
f 2491/2491/2491 2492/2492/2492 2493/2493/2493
f 2494/2494/2494 2495/2495/2495 2496/2496/2496
f 2497/2497/2497 2498/2498/2498 2499/2499/2499
f 2500/2500/2500 2501/2501/2501 2502/2502/2502
f 2503/2503/2503 2504/2504/2504 2505/2505/2505
f 2506/2506/2506 2507/2507/2507 2508/2508/2508
f 2509/2509/2509 2510/2510/2510 2511/2511/2511
f 2512/2512/2512 2513/2513/2513 2514/2514/2514
f 2515/2515/2515 2516/2516/2516 2517/2517/2517
f 2518/2518/2518 2519/2519/2519 2520/2520/2520
f 2521/2521/2521 2522/2522/2522 2523/2523/2523
f 2524/2524/2524 2525/2525/2525 2526/2526/2526
f 2527/2527/2527 2528/2528/2528 2529/2529/2529
f 2530/2530/2530 2531/2531/2531 2532/2532/2532
f 2533/2533/2533 2534/2534/2534 2535/2535/2535
f 2536/2536/2536 2537/2537/2537 2538/2538/2538
f 2539/2539/2539 2540/2540/2540 2541/2541/2541
f 2542/2542/2542 2543/2543/2543 2544/2544/2544
f 2545/2545/2545 2546/2546/2546 2547/2547/2547
f 2548/2548/2548 2549/2549/2549 2550/2550/2550
f 2551/2551/2551 2552/2552/2552 2553/2553/2553
f 2554/2554/2554 2555/2555/2555 2556/2556/2556
f 2557/2557/2557 2558/2558/2558 2559/2559/2559
f 2560/2560/2560 2561/2561/2561 2562/2562/2562
f 2563/2563/2563 2564/2564/2564 2565/2565/2565
f 2566/2566/2566 2567/2567/2567 2568/2568/2568
f 2569/2569/2569 2570/2570/2570 2571/2571/2571
f 2572/2572/2572 2573/2573/2573 2574/2574/2574
f 2575/2575/2575 2576/2576/2576 2577/2577/2577
f 2578/2578/2578 2579/2579/2579 2580/2580/2580
f 2581/2581/2581 2582/2582/2582 2583/2583/2583
f 2584/2584/2584 2585/2585/2585 2586/2586/2586
f 2587/2587/2587 2588/2588/2588 2589/2589/2589
f 2590/2590/2590 2591/2591/2591 2592/2592/2592
f 2593/2593/2593 2594/2594/2594 2595/2595/2595
f 2596/2596/2596 2597/2597/2597 2598/2598/2598
f 2599/2599/2599 2600/2600/2600 2601/2601/2601
f 2602/2602/2602 2603/2603/2603 2604/2604/2604
f 2605/2605/2605 2606/2606/2606 2607/2607/2607
f 2608/2608/2608 2609/2609/2609 2610/2610/2610
f 2611/2611/2611 2612/2612/2612 2613/2613/2613
f 2614/2614/2614 2615/2615/2615 2616/2616/2616
f 2617/2617/2617 2618/2618/2618 2619/2619/2619
f 2620/2620/2620 2621/2621/2621 2622/2622/2622
f 2623/2623/2623 2624/2624/2624 2625/2625/2625
f 2626/2626/2626 2627/2627/2627 2628/2628/2628
f 2629/2629/2629 2630/2630/2630 2631/2631/2631
f 2632/2632/2632 2633/2633/2633 2634/2634/2634
f 2635/2635/2635 2636/2636/2636 2637/2637/2637
f 2638/2638/2638 2639/2639/2639 2640/2640/2640
f 2641/2641/2641 2642/2642/2642 2643/2643/2643
f 2644/2644/2644 2645/2645/2645 2646/2646/2646
f 2647/2647/2647 2648/2648/2648 2649/2649/2649
f 2650/2650/2650 2651/2651/2651 2652/2652/2652
f 2653/2653/2653 2654/2654/2654 2655/2655/2655
f 2656/2656/2656 2657/2657/2657 2658/2658/2658
f 2659/2659/2659 2660/2660/2660 2661/2661/2661
f 2662/2662/2662 2663/2663/2663 2664/2664/2664
f 2665/2665/2665 2666/2666/2666 2667/2667/2667
f 2668/2668/2668 2669/2669/2669 2670/2670/2670
f 2671/2671/2671 2672/2672/2672 2673/2673/2673
f 2674/2674/2674 2675/2675/2675 2676/2676/2676
f 2677/2677/2677 2678/2678/2678 2679/2679/2679
f 2680/2680/2680 2681/2681/2681 2682/2682/2682
f 2683/2683/2683 2684/2684/2684 2685/2685/2685
f 2686/2686/2686 2687/2687/2687 2688/2688/2688
f 2689/2689/2689 2690/2690/2690 2691/2691/2691
f 2692/2692/2692 2693/2693/2693 2694/2694/2694
f 2695/2695/2695 2696/2696/2696 2697/2697/2697
f 2698/2698/2698 2699/2699/2699 2700/2700/2700
f 2701/2701/2701 2702/2702/2702 2703/2703/2703
f 2704/2704/2704 2705/2705/2705 2706/2706/2706
f 2707/2707/2707 2708/2708/2708 2709/2709/2709
f 2710/2710/2710 2711/2711/2711 2712/2712/2712
f 2713/2713/2713 2714/2714/2714 2715/2715/2715
f 2716/2716/2716 2717/2717/2717 2718/2718/2718
f 2719/2719/2719 2720/2720/2720 2721/2721/2721
f 2722/2722/2722 2723/2723/2723 2724/2724/2724
f 2725/2725/2725 2726/2726/2726 2727/2727/2727
f 2728/2728/2728 2729/2729/2729 2730/2730/2730
f 2731/2731/2731 2732/2732/2732 2733/2733/2733
f 2734/2734/2734 2735/2735/2735 2736/2736/2736
f 2737/2737/2737 2738/2738/2738 2739/2739/2739
f 2740/2740/2740 2741/2741/2741 2742/2742/2742
f 2743/2743/2743 2744/2744/2744 2745/2745/2745
f 2746/2746/2746 2747/2747/2747 2748/2748/2748
f 2749/2749/2749 2750/2750/2750 2751/2751/2751
f 2752/2752/2752 2753/2753/2753 2754/2754/2754
f 2755/2755/2755 2756/2756/2756 2757/2757/2757
f 2758/2758/2758 2759/2759/2759 2760/2760/2760
f 2761/2761/2761 2762/2762/2762 2763/2763/2763
f 2764/2764/2764 2765/2765/2765 2766/2766/2766
f 2767/2767/2767 2768/2768/2768 2769/2769/2769
f 2770/2770/2770 2771/2771/2771 2772/2772/2772
f 2773/2773/2773 2774/2774/2774 2775/2775/2775
f 2776/2776/2776 2777/2777/2777 2778/2778/2778
f 2779/2779/2779 2780/2780/2780 2781/2781/2781
f 2782/2782/2782 2783/2783/2783 2784/2784/2784
f 2785/2785/2785 2786/2786/2786 2787/2787/2787
f 2788/2788/2788 2789/2789/2789 2790/2790/2790
f 2791/2791/2791 2792/2792/2792 2793/2793/2793
f 2794/2794/2794 2795/2795/2795 2796/2796/2796
f 2797/2797/2797 2798/2798/2798 2799/2799/2799
f 2800/2800/2800 2801/2801/2801 2802/2802/2802
f 2803/2803/2803 2804/2804/2804 2805/2805/2805
f 2806/2806/2806 2807/2807/2807 2808/2808/2808
f 2809/2809/2809 2810/2810/2810 2811/2811/2811
f 2812/2812/2812 2813/2813/2813 2814/2814/2814
f 2815/2815/2815 2816/2816/2816 2817/2817/2817
f 2818/2818/2818 2819/2819/2819 2820/2820/2820
f 2821/2821/2821 2822/2822/2822 2823/2823/2823
f 2824/2824/2824 2825/2825/2825 2826/2826/2826
f 2827/2827/2827 2828/2828/2828 2829/2829/2829
f 2830/2830/2830 2831/2831/2831 2832/2832/2832
f 2833/2833/2833 2834/2834/2834 2835/2835/2835
f 2836/2836/2836 2837/2837/2837 2838/2838/2838
f 2839/2839/2839 2840/2840/2840 2841/2841/2841
f 2842/2842/2842 2843/2843/2843 2844/2844/2844
f 2845/2845/2845 2846/2846/2846 2847/2847/2847
f 2848/2848/2848 2849/2849/2849 2850/2850/2850
f 2851/2851/2851 2852/2852/2852 2853/2853/2853
f 2854/2854/2854 2855/2855/2855 2856/2856/2856
f 2857/2857/2857 2858/2858/2858 2859/2859/2859
f 2860/2860/2860 2861/2861/2861 2862/2862/2862
f 2863/2863/2863 2864/2864/2864 2865/2865/2865
f 2866/2866/2866 2867/2867/2867 2868/2868/2868
f 2869/2869/2869 2870/2870/2870 2871/2871/2871
f 2872/2872/2872 2873/2873/2873 2874/2874/2874
f 2875/2875/2875 2876/2876/2876 2877/2877/2877
f 2878/2878/2878 2879/2879/2879 2880/2880/2880
f 2881/2881/2881 2882/2882/2882 2883/2883/2883
f 2884/2884/2884 2885/2885/2885 2886/2886/2886
f 2887/2887/2887 2888/2888/2888 2889/2889/2889
f 2890/2890/2890 2891/2891/2891 2892/2892/2892
f 2893/2893/2893 2894/2894/2894 2895/2895/2895
f 2896/2896/2896 2897/2897/2897 2898/2898/2898
f 2899/2899/2899 2900/2900/2900 2901/2901/2901
f 2902/2902/2902 2903/2903/2903 2904/2904/2904
f 2905/2905/2905 2906/2906/2906 2907/2907/2907
f 2908/2908/2908 2909/2909/2909 2910/2910/2910
f 2911/2911/2911 2912/2912/2912 2913/2913/2913
f 2914/2914/2914 2915/2915/2915 2916/2916/2916
f 2917/2917/2917 2918/2918/2918 2919/2919/2919
f 2920/2920/2920 2921/2921/2921 2922/2922/2922
f 2923/2923/2923 2924/2924/2924 2925/2925/2925
f 2926/2926/2926 2927/2927/2927 2928/2928/2928
f 2929/2929/2929 2930/2930/2930 2931/2931/2931
f 2932/2932/2932 2933/2933/2933 2934/2934/2934
f 2935/2935/2935 2936/2936/2936 2937/2937/2937
f 2938/2938/2938 2939/2939/2939 2940/2940/2940
f 2941/2941/2941 2942/2942/2942 2943/2943/2943
f 2944/2944/2944 2945/2945/2945 2946/2946/2946
f 2947/2947/2947 2948/2948/2948 2949/2949/2949
f 2950/2950/2950 2951/2951/2951 2952/2952/2952
f 2953/2953/2953 2954/2954/2954 2955/2955/2955
f 2956/2956/2956 2957/2957/2957 2958/2958/2958
f 2959/2959/2959 2960/2960/2960 2961/2961/2961
f 2962/2962/2962 2963/2963/2963 2964/2964/2964
f 2965/2965/2965 2966/2966/2966 2967/2967/2967
f 2968/2968/2968 2969/2969/2969 2970/2970/2970
f 2971/2971/2971 2972/2972/2972 2973/2973/2973
f 2974/2974/2974 2975/2975/2975 2976/2976/2976
f 2977/2977/2977 2978/2978/2978 2979/2979/2979
f 2980/2980/2980 2981/2981/2981 2982/2982/2982
f 2983/2983/2983 2984/2984/2984 2985/2985/2985
f 2986/2986/2986 2987/2987/2987 2988/2988/2988
f 2989/2989/2989 2990/2990/2990 2991/2991/2991
f 2992/2992/2992 2993/2993/2993 2994/2994/2994
f 2995/2995/2995 2996/2996/2996 2997/2997/2997
f 2998/2998/2998 2999/2999/2999 3000/3000/3000
f 3001/3001/3001 3002/3002/3002 3003/3003/3003
f 3004/3004/3004 3005/3005/3005 3006/3006/3006
f 3007/3007/3007 3008/3008/3008 3009/3009/3009
f 3010/3010/3010 3011/3011/3011 3012/3012/3012
f 3013/3013/3013 3014/3014/3014 3015/3015/3015
f 3016/3016/3016 3017/3017/3017 3018/3018/3018
f 3019/3019/3019 3020/3020/3020 3021/3021/3021
f 3022/3022/3022 3023/3023/3023 3024/3024/3024
f 3025/3025/3025 3026/3026/3026 3027/3027/3027
f 3028/3028/3028 3029/3029/3029 3030/3030/3030
f 3031/3031/3031 3032/3032/3032 3033/3033/3033
f 3034/3034/3034 3035/3035/3035 3036/3036/3036
f 3037/3037/3037 3038/3038/3038 3039/3039/3039
f 3040/3040/3040 3041/3041/3041 3042/3042/3042
f 3043/3043/3043 3044/3044/3044 3045/3045/3045
f 3046/3046/3046 3047/3047/3047 3048/3048/3048
f 3049/3049/3049 3050/3050/3050 3051/3051/3051
f 3052/3052/3052 3053/3053/3053 3054/3054/3054
f 3055/3055/3055 3056/3056/3056 3057/3057/3057
f 3058/3058/3058 3059/3059/3059 3060/3060/3060
f 3061/3061/3061 3062/3062/3062 3063/3063/3063
f 3064/3064/3064 3065/3065/3065 3066/3066/3066
f 3067/3067/3067 3068/3068/3068 3069/3069/3069
f 3070/3070/3070 3071/3071/3071 3072/3072/3072
f 3073/3073/3073 3074/3074/3074 3075/3075/3075
f 3076/3076/3076 3077/3077/3077 3078/3078/3078
f 3079/3079/3079 3080/3080/3080 3081/3081/3081
f 3082/3082/3082 3083/3083/3083 3084/3084/3084
f 3085/3085/3085 3086/3086/3086 3087/3087/3087
f 3088/3088/3088 3089/3089/3089 3090/3090/3090
f 3091/3091/3091 3092/3092/3092 3093/3093/3093
f 3094/3094/3094 3095/3095/3095 3096/3096/3096
f 3097/3097/3097 3098/3098/3098 3099/3099/3099
f 3100/3100/3100 3101/3101/3101 3102/3102/3102
f 3103/3103/3103 3104/3104/3104 3105/3105/3105
f 3106/3106/3106 3107/3107/3107 3108/3108/3108
f 3109/3109/3109 3110/3110/3110 3111/3111/3111
f 3112/3112/3112 3113/3113/3113 3114/3114/3114
f 3115/3115/3115 3116/3116/3116 3117/3117/3117
f 3118/3118/3118 3119/3119/3119 3120/3120/3120
f 3121/3121/3121 3122/3122/3122 3123/3123/3123
f 3124/3124/3124 3125/3125/3125 3126/3126/3126
f 3127/3127/3127 3128/3128/3128 3129/3129/3129
f 3130/3130/3130 3131/3131/3131 3132/3132/3132
f 3133/3133/3133 3134/3134/3134 3135/3135/3135
f 3136/3136/3136 3137/3137/3137 3138/3138/3138
f 3139/3139/3139 3140/3140/3140 3141/3141/3141
f 3142/3142/3142 3143/3143/3143 3144/3144/3144
f 3145/3145/3145 3146/3146/3146 3147/3147/3147
f 3148/3148/3148 3149/3149/3149 3150/3150/3150
f 3151/3151/3151 3152/3152/3152 3153/3153/3153
f 3154/3154/3154 3155/3155/3155 3156/3156/3156
f 3157/3157/3157 3158/3158/3158 3159/3159/3159
f 3160/3160/3160 3161/3161/3161 3162/3162/3162
f 3163/3163/3163 3164/3164/3164 3165/3165/3165
f 3166/3166/3166 3167/3167/3167 3168/3168/3168
f 3169/3169/3169 3170/3170/3170 3171/3171/3171
f 3172/3172/3172 3173/3173/3173 3174/3174/3174
f 3175/3175/3175 3176/3176/3176 3177/3177/3177
f 3178/3178/3178 3179/3179/3179 3180/3180/3180
f 3181/3181/3181 3182/3182/3182 3183/3183/3183
f 3184/3184/3184 3185/3185/3185 3186/3186/3186
f 3187/3187/3187 3188/3188/3188 3189/3189/3189
f 3190/3190/3190 3191/3191/3191 3192/3192/3192
f 3193/3193/3193 3194/3194/3194 3195/3195/3195
f 3196/3196/3196 3197/3197/3197 3198/3198/3198
f 3199/3199/3199 3200/3200/3200 3201/3201/3201
f 3202/3202/3202 3203/3203/3203 3204/3204/3204
f 3205/3205/3205 3206/3206/3206 3207/3207/3207
f 3208/3208/3208 3209/3209/3209 3210/3210/3210
f 3211/3211/3211 3212/3212/3212 3213/3213/3213
f 3214/3214/3214 3215/3215/3215 3216/3216/3216
f 3217/3217/3217 3218/3218/3218 3219/3219/3219
f 3220/3220/3220 3221/3221/3221 3222/3222/3222
f 3223/3223/3223 3224/3224/3224 3225/3225/3225
f 3226/3226/3226 3227/3227/3227 3228/3228/3228
f 3229/3229/3229 3230/3230/3230 3231/3231/3231
f 3232/3232/3232 3233/3233/3233 3234/3234/3234
f 3235/3235/3235 3236/3236/3236 3237/3237/3237
f 3238/3238/3238 3239/3239/3239 3240/3240/3240
f 3241/3241/3241 3242/3242/3242 3243/3243/3243
f 3244/3244/3244 3245/3245/3245 3246/3246/3246
f 3247/3247/3247 3248/3248/3248 3249/3249/3249
f 3250/3250/3250 3251/3251/3251 3252/3252/3252
f 3253/3253/3253 3254/3254/3254 3255/3255/3255
f 3256/3256/3256 3257/3257/3257 3258/3258/3258
f 3259/3259/3259 3260/3260/3260 3261/3261/3261
f 3262/3262/3262 3263/3263/3263 3264/3264/3264
