# https://github.com/mikedh/trimesh

o right_plam_backtrim_v2.obj
v -0.02116202 0.02829294 0.02661514
v -0.02390829 0.02935899 0.03799999
v -0.02209075 0.03363677 0.03511440
v -0.02301983 0.03440238 0.03939778
v -0.02288328 0.03396455 0.03831208
v -0.02292237 0.03408671 0.03861287
v -0.02218029 0.03583957 0.03800000
v -0.02237815 0.03540594 0.03815003
v -0.02214037 0.03571613 0.03769658
v -0.02265743 0.03526159 0.03902913
v -0.02256756 0.03496883 0.03830231
v -0.02263673 0.03450913 0.03800001
v -0.02252811 0.03484569 0.03799999
v -0.02087568 0.03661717 0.03498889
v -0.02143596 0.03761643 0.03800000
v -0.02103636 0.03841560 0.03799999
v -0.02066167 0.03529997 0.03669103
v -0.02055460 0.03501067 0.03601287
v -0.02120573 0.03360812 0.03650496
v -0.02199952 0.03333537 0.03920343
v -0.02076167 0.03558596 0.03737167
v -0.02088642 0.03597308 0.03830990
v -0.02098545 0.03631337 0.03915007
v -0.02323068 0.02673152 0.03235609
v -0.02242183 0.02977841 0.03230418
v -0.02142733 0.03270145 0.03216895
v -0.02131005 0.02945637 0.03262057
v -0.02299770 0.03053647 0.03518828
v -0.02301231 0.03323705 0.03800001
v -0.02234978 0.03106869 0.03826233
v -0.02275541 0.02913326 0.03824435
v -0.02187966 0.03295572 0.03828049
v -0.02185703 0.03301774 0.03825863
v -0.02169028 0.03239424 0.03694124
v -0.01983805 0.04035526 0.03799998
v -0.01938698 0.04095136 0.03799998
v -0.01806787 0.04070012 0.03473365
v -0.01828611 0.04218749 0.03799998
v -0.01855055 0.04015925 0.03835119
v -0.01730711 0.04308702 0.03799999
v -0.01595998 0.04052403 0.03132343
v -0.01446149 0.04152809 0.03117426
v -0.01651319 0.04371213 0.03799999
v -0.01677557 0.04188830 0.03464704
v -0.01606205 0.04104482 0.03511546
v -0.01715708 0.04169255 0.03836812
v -0.01628327 0.04245300 0.03837685
v -0.01447370 0.04500113 0.03800000
v -0.01528139 0.04295765 0.03456618
v -0.01467718 0.04203871 0.03504580
v -0.01534640 0.04314489 0.03838490
v -0.01976454 0.02697945 0.02085547
v -0.01744325 0.02683507 0.01500001
v -0.01723171 0.02701273 0.01500001
v -0.01811389 0.02907871 0.02069045
v -0.01726722 0.02836919 0.02116001
v -0.01987897 0.03082594 0.02641508
v -0.01889351 0.03031221 0.02686916
v -0.02011042 0.02784039 0.02697439
v -0.01730181 0.03205228 0.02323789
v -0.01832977 0.03321211 0.02608581
v -0.01742938 0.03263525 0.02663229
v -0.01639670 0.03542750 0.02565846
v -0.01562214 0.03476080 0.02628588
v -0.01525859 0.03398085 0.02282470
v -0.01455602 0.03327209 0.02349010
v -0.01622268 0.03092705 0.02042492
v -0.01717578 0.02832855 0.01779517
v -0.01626176 0.02774400 0.01500001
v -0.01561478 0.02680712 0.01537908
v -0.01642496 0.02750226 0.01823555
v -0.01511823 0.02987886 0.01763777
v -0.01548878 0.03017570 0.02100624
v -0.01406631 0.03253476 0.02008547
v -0.01476046 0.02865727 0.01500001
v -0.01417858 0.02895388 0.01500001
v -0.01423580 0.02767580 0.01544890
v -0.01450600 0.02900829 0.01819262
v -0.01647335 0.03140002 0.02381224
v -0.01928417 0.03437477 0.02898121
v -0.02014137 0.03551601 0.03194142
v -0.01914426 0.03502179 0.03239266
v -0.01744968 0.03683502 0.02859330
v -0.01838554 0.03817179 0.03164172
v -0.01726513 0.03939771 0.03148123
v -0.01751332 0.03752686 0.03215255
v -0.01832888 0.03385014 0.02948568
v -0.01916966 0.03941216 0.03482245
v -0.01974426 0.03837156 0.03833308
v -0.02039025 0.03712305 0.03832101
v -0.01881704 0.03980640 0.03834748
v -0.01984808 0.03613296 0.03537764
v -0.01826512 0.03875468 0.03525577
v -0.02035961 0.03230985 0.03255371
v -0.01631031 0.03796717 0.02838497
v -0.01662018 0.03618834 0.02916896
v -0.01500302 0.03900276 0.02817877
v -0.01435586 0.03820985 0.02880543
v -0.01527721 0.03970752 0.03187782
v -0.02130879 0.04009259 0.04219179
v -0.02333414 0.04012677 0.05151517
v -0.02310272 0.04053741 0.05139695
v -0.02146294 0.04167671 0.04675192
v -0.02146322 0.04307839 0.05153760
v -0.02163370 0.04011960 0.04966789
v -0.02390131 0.04015584 0.05724287
v -0.02380843 0.04098168 0.06098235
v -0.02367847 0.04159841 0.06410187
v -0.02311825 0.04113017 0.05359587
v -0.02357193 0.04057693 0.05497106
v -0.02355293 0.04107824 0.05703341
v -0.02236519 0.04064493 0.05687539
v -0.02134445 0.04430132 0.05655108
v -0.02165919 0.04145340 0.05461782
v -0.02163455 0.04191907 0.05660345
v -0.02327028 0.04210448 0.05952648
v -0.02304110 0.04239548 0.05892728
v -0.02345999 0.04190569 0.06077362
v -0.02309541 0.04298591 0.06390049
v -0.02224990 0.04164162 0.06161285
v -0.02113406 0.04536890 0.06174812
v -0.02153669 0.04274329 0.06050110
v -0.02405290 0.03351767 0.04325527
v -0.02396127 0.03750905 0.04930115
v -0.02385022 0.03826863 0.05015599
v -0.02461276 0.03473190 0.04934312
v -0.02462322 0.03068665 0.04330778
v -0.02514164 0.02765416 0.04386976
v -0.02395998 0.02754747 0.04407049
v -0.02545146 0.02912696 0.05034333
v -0.02504694 0.03178703 0.04882417
v -0.02381586 0.03148340 0.04813924
v -0.02511805 0.03202177 0.05022383
v -0.02389392 0.03174159 0.04955025
v -0.02393726 0.03189988 0.05047302
v -0.02426053 0.02906160 0.05056798
v -0.02298976 0.03776876 0.04427261
v -0.02325477 0.03762997 0.04523788
v -0.02360074 0.03669973 0.04542591
v -0.02273636 0.03799878 0.04360483
v -0.02277765 0.03819357 0.04413740
v -0.02257386 0.03564987 0.04506914
v -0.02146347 0.03861342 0.04513473
v -0.02302582 0.03964633 0.04839743
v -0.02222846 0.03804154 0.04755088
v -0.02350493 0.03918447 0.04992341
v -0.02354749 0.03968560 0.05163398
v -0.02291574 0.03684646 0.04952349
v -0.02236620 0.03946400 0.05217844
v -0.02281849 0.03724101 0.04959844
v -0.02346593 0.03052072 0.04361801
v -0.02391942 0.03966365 0.05521564
v -0.02430585 0.03847322 0.05621484
v -0.02487965 0.03570021 0.05627841
v -0.02430524 0.03918916 0.06417869
v -0.02521703 0.03328162 0.06065817
v -0.02480154 0.03642045 0.06426378
v -0.02509987 0.03357125 0.06434821
v -0.02363352 0.03607579 0.06445227
v -0.02524654 0.03264343 0.05458960
v -0.02526099 0.03285141 0.05634149
v -0.02526041 0.03296528 0.05738197
v -0.02548402 0.03012777 0.05736666
v -0.02402440 0.03229733 0.05303175
v -0.02406711 0.03275018 0.05649300
v -0.02406382 0.03288548 0.05767544
v -0.02427945 0.03009844 0.05763507
v -0.02442132 0.02809993 0.05761648
v -0.02405117 0.03302114 0.05894835
v -0.02291084 0.03863690 0.05449092
v -0.02290628 0.03910629 0.05639587
v -0.02323221 0.03784242 0.05641539
v -0.02285353 0.03981927 0.05958923
v -0.02320457 0.03858888 0.06438803
v -0.01953317 0.04250387 0.04212709
v -0.01735349 0.04455262 0.04206089
v -0.01835755 0.04206137 0.04240099
v -0.01954104 0.04397055 0.04664220
v -0.01942918 0.04526156 0.05138168
v -0.02018403 0.04143364 0.04696406
v -0.02019219 0.04275846 0.05169152
v -0.01838143 0.04346047 0.04686095
v -0.01729061 0.04590968 0.04652201
v -0.01828737 0.04469327 0.05154503
v -0.01713589 0.04709766 0.05120737
v -0.01468685 0.04752958 0.04638361
v -0.01455067 0.04864117 0.05100625
v -0.01633068 0.04387183 0.04235220
v -0.01475265 0.04624831 0.04198801
v -0.01628056 0.04518948 0.04675129
v -0.01614114 0.04634269 0.05137940
v -0.01899338 0.04738809 0.06147456
v -0.02008421 0.04392627 0.05665730
v -0.01923841 0.04639393 0.05633947
v -0.01811537 0.04578194 0.05646033
v -0.01988469 0.04495575 0.06180804
v -0.01692153 0.04813893 0.05610695
v -0.01594622 0.04735377 0.05623572
v -0.01436274 0.04960076 0.05584538
v -0.01413588 0.05041687 0.06086908
v -0.02002528 0.03993669 0.04245317
v -0.02375421 0.01549062 0.02061491
v -0.02381808 0.01948251 0.02653097
v -0.02436127 0.01603122 0.02634310
v -0.02229075 0.02189111 0.02088230
v -0.02116387 0.02459382 0.02091580
v -0.02170737 0.02055476 0.01500001
v -0.02136406 0.02140094 0.01500001
v -0.02117632 0.02150113 0.02108968
v -0.02223293 0.02557990 0.02668952
v -0.02311322 0.02265358 0.02665438
v -0.02112799 0.02519973 0.02696193
v -0.02197029 0.02235082 0.02685914
v -0.02217338 0.01919562 0.01500001
v -0.02240869 0.01838526 0.01500001
v -0.02314707 0.01885732 0.02077448
v -0.02295235 0.01600248 0.01500001
v -0.02316806 0.01474580 0.01500001
v -0.02257510 0.01531815 0.02075699
v -0.02104238 0.01884790 0.01518780
v -0.02198976 0.01858826 0.02093890
v -0.02199193 0.01456263 0.01515366
v -0.02265095 0.01925504 0.02669250
v -0.02318054 0.01586988 0.02648356
v -0.02391178 0.02353858 0.03233756
v -0.02449237 0.02016619 0.03226087
v -0.02452466 0.02582173 0.03800002
v -0.02506585 0.02199034 0.03800002
v -0.02389039 0.02182776 0.03817852
v -0.02498160 0.01656586 0.03213951
v -0.02379896 0.01642039 0.03228037
v -0.02552999 0.01795658 0.03800001
v -0.02561952 0.01705943 0.03800001
v -0.02589820 0.01385270 0.03800005
v -0.02443315 0.01694449 0.03813843
v -0.02470752 0.01376134 0.03811663
v -0.02208910 0.02646264 0.03260900
v -0.02274985 0.02331204 0.03253874
v -0.02331787 0.01998017 0.03242485
v -0.02335376 0.02566667 0.03821296
v -0.02356401 0.02425332 0.03820024
v -0.02376864 0.00883064 0.01500001
v -0.02475844 0.01227820 0.02611073
v -0.02502206 0.00824318 0.02584937
v -0.02383169 0.00817771 0.02598672
v -0.02400001 0.00000001 0.01500000
v -0.02508220 0.00005952 0.02469664
v -0.02389650 0.00006615 0.02488781
v -0.02358290 0.01131102 0.01500001
v -0.02256412 0.00897567 0.01512655
v -0.02357095 0.01216967 0.02624572
v -0.02280461 0.00000000 0.01510509
v -0.02331132 0.00006273 0.01995996
v -0.02566091 0.00852741 0.03180273
v -0.02446907 0.00846052 0.03192494
v -0.02623364 0.00804312 0.03799997
v -0.02630886 0.00805742 0.03906824
v -0.02631544 0.00845383 0.03937262
v -0.02628887 0.00636173 0.03800000
v -0.02624729 0.00793518 0.03923449
v -0.02489900 0.01089562 0.03810005
v -0.02503753 0.00799710 0.03808632
v -0.02512186 0.00801491 0.03929131
v -0.02512039 0.00793294 0.03922750
v -0.02628727 0.00615657 0.03789315
v -0.02622809 0.00611204 0.03809746
v -0.02622866 0.00626599 0.03818049
v -0.02627389 0.00425553 0.03709962
v -0.02621560 0.00427440 0.03731779
v -0.02625782 0.00217015 0.03658942
v -0.02624633 0.00097705 0.03645002
v -0.02623553 0.00000890 0.03641495
v -0.02617726 0.00000945 0.03661498
v -0.02619972 0.00218033 0.03679414
v -0.02509852 0.00607923 0.03807930
v -0.02509898 0.00611171 0.03809809
v -0.02508517 0.00424859 0.03730868
v -0.02504631 0.00002291 0.03661481
v -0.02506863 0.00216337 0.03679116
v -0.01979987 0.02423046 0.01500001
v -0.01980111 0.02422867 0.01500001
v -0.01883842 0.02355855 0.01525414
v -0.02011781 0.02407373 0.02119028
v -0.01971958 0.02210663 0.01522757
v -0.02028250 0.02093173 0.01521105
v -0.01870442 0.02560719 0.01500001
v -0.01825122 0.02608507 0.01500001
v -0.01784016 0.02482600 0.01528722
v -0.01881229 0.02634668 0.02121946
v -0.01669276 0.02595921 0.01533122
v -0.02560808 0.02361650 0.04391460
v -0.02442046 0.02353776 0.04409085
v -0.02584582 0.02492713 0.05037199
v -0.02621519 0.01993829 0.05009679
v -0.02465098 0.02487811 0.05057790
v -0.02501997 0.01988854 0.05029890
v -0.02599076 0.01904141 0.04364302
v -0.02630476 0.01434035 0.04347533
v -0.02630278 0.01433744 0.04343944
v -0.02480028 0.01897336 0.04379966
v -0.02486706 0.01394843 0.03997642
v -0.02511270 0.01427419 0.04362080
v -0.02638889 0.01728454 0.04996571
v -0.02653425 0.01313677 0.04669978
v -0.02650086 0.01316972 0.04789034
v -0.02657003 0.01339426 0.04803132
v -0.02525593 0.01451963 0.04680222
v -0.02539252 0.01325726 0.04855781
v -0.02654696 0.01482478 0.05014015
v -0.02661804 0.01352836 0.04993133
v -0.02655264 0.01332814 0.04993292
v -0.02662869 0.01352116 0.05037456
v -0.02657331 0.01330014 0.05080177
v -0.02666832 0.01335477 0.05209463
v -0.02659712 0.01319080 0.05184632
v -0.02534867 0.01475001 0.05013050
v -0.02544061 0.01332073 0.05050164
v -0.02544775 0.01330449 0.05080234
v -0.02519417 0.01722930 0.05016851
v -0.02579473 0.02583116 0.05736842
v -0.02617705 0.02062258 0.05743057
v -0.02458717 0.02579409 0.05762072
v -0.02497127 0.02056997 0.05770883
v -0.02637318 0.01787482 0.05745918
v -0.02538411 0.01498378 0.05394568
v -0.02549022 0.01304889 0.05265418
v -0.02654938 0.01525037 0.05746916
v -0.02534628 0.01518930 0.05776895
v -0.02516891 0.01781800 0.05775250
v -0.02521816 0.01540304 0.06227433
v -0.02634535 0.00970200 0.04050382
v -0.02639819 0.01110524 0.04220454
v -0.02633480 0.01092649 0.04230907
v -0.02635091 0.01125728 0.04280576
v -0.02645028 0.01207813 0.04383681
v -0.02638235 0.01182153 0.04378515
v -0.02639022 0.01194864 0.04403557
v -0.02651023 0.01289595 0.04584318
v -0.02644715 0.01271268 0.04593649
v -0.02527292 0.01208264 0.04431016
v -0.02628155 0.00950162 0.04059557
v -0.02628528 0.00962683 0.04072452
v -0.02521360 0.01101989 0.04244181
v -0.02515968 0.00964486 0.04073353
v -0.02646703 0.01291364 0.04664155
v -0.02533361 0.01284345 0.04637262
v -0.02534113 0.01291470 0.04664135
v -0.02671335 0.01284891 0.05416935
v -0.02664028 0.01274243 0.05384485
v -0.02666200 0.01237874 0.05487706
v -0.02553314 0.01247577 0.05462997
v -0.02667991 0.01200424 0.05572765
v -0.02675443 0.01204489 0.05609558
v -0.02676417 0.01164899 0.05732618
v -0.02671742 0.01097446 0.05749886
v -0.02679300 0.01093406 0.05790173
v -0.02557473 0.01156952 0.05655590
v -0.02556229 0.01159268 0.05757467
v -0.02560000 0.01081155 0.05772987
v -0.02674902 0.00970259 0.05907279
v -0.02562580 0.00976946 0.05900129
v -0.02682432 0.00958495 0.05948134
v -0.02684146 0.00831033 0.06060879
v -0.02677064 0.00818733 0.06045114
v -0.02677399 0.00765111 0.06084697
v -0.02564847 0.00826921 0.06038695
v -0.02564922 0.00818760 0.06045095
v -0.02565086 0.00798531 0.06060519
v -0.02684237 0.00646317 0.06181819
v -0.02676405 0.00590009 0.06188413
v -0.02679597 0.00439109 0.06273443
v -0.02671137 0.00399559 0.06265365
v -0.02677114 0.00370528 0.06295294
v -0.02669647 0.00360385 0.06277204
v -0.02564841 0.00626660 0.06169584
v -0.02564541 0.00603123 0.06181837
v -0.02560537 0.00438964 0.06252139
v -0.02560000 0.00423318 0.06257643
v -0.02665515 0.00255910 0.06302615
v -0.02672421 0.00250105 0.06324331
v -0.02661943 0.00160425 0.06318239
v -0.02665916 0.00062911 0.06346890
v -0.02658919 0.00068684 0.06326551
v -0.02655976 -0.00041919 0.06327839
v -0.02553654 0.00255961 0.06302828
v -0.02552199 0.00217683 0.06310009
v -0.02545480 0.00011424 0.06328434
v -0.01388599 0.04064046 0.03174059
v -0.01278257 0.04239589 0.03103446
v -0.01188123 0.04070311 0.02779617
v -0.01231318 0.04145175 0.03160714
v -0.01094090 0.04311603 0.03090347
v -0.01359154 0.04389559 0.03449117
v -0.01390793 0.04401891 0.03839512
v -0.01322303 0.04437131 0.03839924
v -0.01309599 0.04291750 0.03497823
v -0.01171663 0.04469144 0.03442130
v -0.01132331 0.04367074 0.03491314
v -0.01211859 0.04608720 0.03800000
v -0.00941075 0.04696980 0.03800000
v -0.01010151 0.04134315 0.02762168
v -0.01057054 0.04213085 0.03147868
v -0.00895716 0.04368603 0.03077873
v -0.00820295 0.04183788 0.02745672
v -0.00793852 0.04086693 0.02810856
v -0.00867744 0.04267247 0.03135487
v -0.00967477 0.04534021 0.03435444
v -0.00937499 0.04429036 0.03484999
v -0.01073687 0.04539141 0.03841172
v -0.00786311 0.04619016 0.03842213
v -0.01159931 0.03386685 0.01971855
v -0.01393750 0.03735838 0.02519953
v -0.01248929 0.03816760 0.02497940
v -0.01279326 0.03563057 0.02237932
v -0.01333436 0.03657966 0.02588514
v -0.01090821 0.03885425 0.02477061
v -0.01224853 0.03485125 0.02311153
v -0.01285784 0.03114146 0.01743802
v -0.01346033 0.03175783 0.02076993
v -0.01174231 0.02992750 0.01500001
v -0.01238153 0.03026829 0.01810922
v -0.01113629 0.03306570 0.02048269
v -0.01129207 0.02899014 0.01561567
v -0.00881705 0.03486323 0.01936985
v -0.00849680 0.03404350 0.02018546
v -0.00988114 0.03689136 0.02195913
v -0.01049110 0.03798442 0.02548411
v -0.00950244 0.03605227 0.02272867
v -0.01039466 0.03212819 0.01722164
v -0.01031162 0.03033752 0.01500001
v -0.01004843 0.03127652 0.01799291
v -0.00929476 0.03056961 0.01500001
v -0.00774452 0.03283112 0.01701474
v -0.00775153 0.03083992 0.01500001
v -0.00762365 0.02996059 0.01580644
v -0.00910323 0.02964089 0.01573538
v -0.01352163 0.03991931 0.02798196
v -0.01297617 0.03906385 0.02862265
v -0.01143621 0.03979678 0.02844440
v -0.00362150 0.04027876 0.02405682
v -0.00413494 0.04240263 0.02714502
v -0.00635251 0.04761941 0.03800000
v -0.00469782 0.04784258 0.03800001
v -0.00465613 0.04438215 0.03053431
v -0.00453280 0.04333756 0.03111278
v -0.00518449 0.04618661 0.03421878
v -0.00504712 0.04510505 0.03472035
v -0.00553738 0.04660765 0.03842699
v -0.00464546 0.04672025 0.03842828
v -0.00302035 0.04798378 0.03800002
v -0.00402247 0.04140182 0.02779830
v -0.00279679 0.04636603 0.03414788
v -0.00578969 0.03548592 0.01906518
v -0.00559958 0.03465667 0.01991123
v -0.00661406 0.03769816 0.02158920
v -0.00638707 0.03682154 0.02237588
v -0.00742014 0.03982946 0.02439088
v -0.00717119 0.03890477 0.02511274
v -0.00751616 0.03201126 0.01786062
v -0.00550322 0.03107843 0.01500001
v -0.00496283 0.03324378 0.01683539
v -0.00483708 0.03245673 0.01773249
v -0.00212382 0.03336750 0.01669884
v -0.00261358 0.03572680 0.01882134
v -0.00254693 0.03489620 0.01968507
v -0.00311477 0.03804251 0.02127839
v -0.00302650 0.03714822 0.02207407
v -0.00351954 0.03932795 0.02478239
v -0.00418870 0.03038471 0.01593168
v -0.00325427 0.03115397 0.01500001
v -0.00325451 0.03042841 0.01595581
v -0.00209421 0.03260819 0.01762765
v -0.00168796 0.03111778 0.01500000
v -0.01174809 0.04758940 0.04190984
v -0.01372269 0.04773426 0.05119401
v -0.01172681 0.04882709 0.04623324
v -0.01108018 0.04781843 0.04650122
v -0.01165540 0.04988653 0.05078907
v -0.01101302 0.04886199 0.05099455
v -0.01391189 0.04538488 0.04230123
v -0.01110398 0.04659787 0.04224500
v -0.01385011 0.04664345 0.04663131
v -0.00841261 0.04856382 0.04183150
v -0.00797761 0.04748722 0.04218519
v -0.00850763 0.05079337 0.05057485
v -0.00847403 0.04977410 0.04608371
v -0.00803732 0.04867949 0.04636867
v -0.00807587 0.04968337 0.05079507
v -0.01355193 0.04867290 0.05598535
v -0.01154177 0.05077550 0.05556756
v -0.01091430 0.04973461 0.05571945
v -0.01335273 0.04946343 0.06096635
v -0.01139354 0.05149635 0.06054138
v -0.01079405 0.05043570 0.06064457
v -0.00851517 0.05162146 0.05529488
v -0.00809733 0.05049753 0.05545631
v -0.00850006 0.05225657 0.06022067
v -0.00810703 0.05111860 0.06032769
v -0.00504691 0.05033832 0.04594814
v -0.00486585 0.04915059 0.04176027
v -0.00464673 0.04802389 0.04212408
v -0.00522491 0.05132594 0.05037978
v -0.00500591 0.05016359 0.05060850
v -0.00482554 0.04919191 0.04624257
v -0.00149176 0.04961246 0.04259625
v -0.00148995 0.04847744 0.04298839
v -0.00188313 0.05091443 0.04752546
v -0.00188686 0.04976603 0.04788637
v -0.00539855 0.05210738 0.05504412
v -0.00518900 0.05093266 0.05521103
v -0.00556751 0.05267885 0.05992188
v -0.00537600 0.05149460 0.06003078
v -0.00229941 0.05192564 0.05274894
v -0.00231179 0.05076401 0.05308225
v -0.00274236 0.05265104 0.05832927
v -0.00276803 0.05147675 0.05864226
v -0.00321159 0.05308508 0.06431867
v -0.00325659 0.05189797 0.06462191
v -0.02052796 0.04711298 0.07545805
v -0.02278040 0.04361762 0.06510791
v -0.02272950 0.04402168 0.06991388
v -0.02326368 0.04276554 0.06519672
v -0.02361380 0.04183132 0.06536424
v -0.02349020 0.04220498 0.06749664
v -0.02314099 0.04313907 0.06732132
v -0.02203759 0.04248938 0.06637601
v -0.02262875 0.04092483 0.06543672
v -0.02128895 0.04376434 0.06617969
v -0.02123246 0.04392861 0.06720003
v -0.02084089 0.04628783 0.06706832
v -0.02232092 0.04473536 0.07198116
v -0.02285494 0.04346838 0.07589303
v -0.02250560 0.04441696 0.07577782
v -0.02226693 0.04486392 0.07571392
v -0.02330424 0.04231811 0.07324395
v -0.02221289 0.04193028 0.07202762
v -0.02226927 0.04149207 0.07351424
v -0.02201708 0.04524601 0.07564208
v -0.02139760 0.04381911 0.07571323
v -0.02064235 0.04509966 0.07559153
v -0.02191113 0.04241893 0.07580246
v -0.02068316 0.04691676 0.08262810
v -0.02231386 0.04469400 0.07791220
v -0.02118108 0.04636538 0.07927495
v -0.02131614 0.04610535 0.08286092
v -0.02211131 0.04438803 0.08358313
v -0.02308898 0.03999040 0.08380254
v -0.02256748 0.04263281 0.08367492
v -0.02113879 0.04627698 0.08451762
v -0.02102747 0.04341472 0.08492266
v -0.02049861 0.04488761 0.08493735
v -0.02129473 0.04577719 0.08783284
v -0.02163841 0.04484215 0.08788701
v -0.02164365 0.04482312 0.08788806
v -0.02164463 0.04481956 0.08788826
v -0.02160991 0.04494396 0.08788142
v -0.02145810 0.04498651 0.08947731
v -0.02146376 0.04496284 0.08947825
v -0.02146307 0.04496726 0.08947811
v -0.02077890 0.04658574 0.08774805
v -0.02148718 0.04183934 0.08401122
v -0.02494218 0.03378029 0.06763680
v -0.02384689 0.03358617 0.06558940
v -0.02391293 0.03967853 0.07335030
v -0.02433207 0.03691408 0.07345682
v -0.02435519 0.03415251 0.07593443
v -0.02524379 0.02865052 0.06512362
v -0.02511967 0.03237736 0.06525582
v -0.02517213 0.03067661 0.06516928
v -0.02389904 0.03238776 0.06562646
v -0.02394794 0.03069143 0.06552289
v -0.02401627 0.02864341 0.06546109
v -0.02446972 0.03080983 0.07393946
v -0.02450997 0.03264264 0.07414401
v -0.02443946 0.02874195 0.07382935
v -0.02445071 0.02762745 0.07391111
v -0.02278307 0.03910734 0.07359975
v -0.02314291 0.03659666 0.07368761
v -0.02336651 0.03401473 0.07328726
v -0.02326226 0.03270606 0.07465430
v -0.02321755 0.03088095 0.07442439
v -0.02317996 0.02876244 0.07428639
v -0.02318895 0.02760537 0.07436191
v -0.02265447 0.03429631 0.08123385
v -0.02343068 0.03723043 0.08393052
v -0.02221571 0.03694092 0.08422915
v -0.02336826 0.03442089 0.08581093
v -0.02192574 0.03944906 0.08411896
v -0.02347915 0.03261391 0.08422156
v -0.02332325 0.03056724 0.08378644
v -0.02219466 0.03273323 0.08491652
v -0.02203538 0.03070623 0.08444724
v -0.02323634 0.02950889 0.08359633
v -0.02316484 0.02843769 0.08352245
v -0.02312394 0.02735159 0.08363672
v -0.02194168 0.02962214 0.08423456
v -0.02186158 0.02849619 0.08413976
v -0.02181478 0.02732862 0.08424135
v -0.01869567 0.04824273 0.06673519
v -0.01760986 0.04756563 0.06677614
v -0.01882065 0.04873326 0.07531697
v -0.01805598 0.04780905 0.07535300
v -0.01794147 0.04794164 0.07651620
v -0.01960194 0.04584721 0.06708342
v -0.01941961 0.04654163 0.07545831
v -0.01637051 0.04981977 0.06639408
v -0.01544934 0.04897014 0.06644617
v -0.01670812 0.05022718 0.07519793
v -0.01577543 0.05075346 0.07515767
v -0.01704412 0.04857878 0.07529137
v -0.01608748 0.04920146 0.07524126
v -0.01438328 0.05141576 0.07510830
v -0.01491600 0.04984704 0.07518777
v -0.02027301 0.04743131 0.07892401
v -0.01934683 0.04834906 0.07852089
v -0.01966338 0.04805092 0.08214708
v -0.01841433 0.04913598 0.07832372
v -0.01820237 0.04931932 0.07936181
v -0.01847158 0.04752414 0.07863385
v -0.01747287 0.04836662 0.07938124
v -0.01867715 0.04896720 0.08154503
v -0.01870042 0.04731631 0.08218969
v -0.01783116 0.04963383 0.08082590
v -0.01720674 0.04859328 0.08048064
v -0.01750857 0.04989795 0.08183603
v -0.01782788 0.04811488 0.08161337
v -0.02016098 0.04743981 0.08542239
v -0.01895949 0.04869407 0.08484221
v -0.01909078 0.04683710 0.08539464
v -0.02032527 0.04713101 0.08797997
v -0.01960710 0.04794300 0.08772847
v -0.01801791 0.04792998 0.08482627
v -0.01783987 0.04966075 0.08407288
v -0.01814664 0.04933707 0.08701270
v -0.01853869 0.04732371 0.08765110
v -0.01744696 0.04990222 0.08656079
v -0.01723826 0.04853173 0.08693675
v -0.01721785 0.04996655 0.08871596
v -0.01795251 0.04779569 0.08949958
v -0.02010345 0.04579150 0.07936344
v -0.01929144 0.04672372 0.07902413
v -0.01996291 0.04589647 0.08280409
v -0.01961136 0.04632623 0.08265384
v -0.01982450 0.04602575 0.08411655
v -0.01938869 0.04637863 0.08797624
v -0.01652702 0.05049349 0.08087209
v -0.01646740 0.04918953 0.08278377
v -0.01592096 0.04945415 0.08077934
v -0.01628234 0.04932642 0.08320713
v -0.01431393 0.05160953 0.08109285
v -0.01678206 0.05044264 0.08349465
v -0.01681778 0.05037032 0.08603958
v -0.01601740 0.05094405 0.08464549
v -0.01628888 0.05074549 0.08544254
v -0.01560279 0.05105551 0.08748367
v -0.01636018 0.05056605 0.08814379
v -0.01702516 0.04877470 0.08408356
v -0.01566732 0.04974629 0.08429108
v -0.01606013 0.04943606 0.08598284
v -0.01635512 0.04911047 0.08858462
v -0.01499353 0.05152337 0.08562158
v -0.01454005 0.05175015 0.08591718
v -0.01475838 0.05028655 0.08534462
v -0.01498647 0.05144916 0.08672777
v -0.01510842 0.05117786 0.08931997
v -0.01443439 0.05018255 0.08912981
v -0.01418572 0.05167361 0.08849410
v -0.01524197 0.05000984 0.08484716
v -0.01492712 0.05006457 0.08735891
v -0.02127161 0.04510902 0.09113569
v -0.02127218 0.04510453 0.09113581
v -0.02123890 0.04523171 0.09113109
v -0.02126664 0.04512840 0.09113494
v -0.02086339 0.04617886 0.09115000
v -0.02103497 0.04537110 0.09286644
v -0.02106281 0.04526714 0.09287091
v -0.02106788 0.04524764 0.09287179
v -0.02106868 0.04524319 0.09287196
v -0.02093086 0.04543769 0.09374408
v -0.02095843 0.04533330 0.09374923
v -0.02096350 0.04531373 0.09375024
v -0.02096448 0.04530930 0.09375045
v -0.02066698 0.04631197 0.09289560
v -0.02056699 0.04637666 0.09377079
v -0.02083683 0.04549516 0.09453153
v -0.02084214 0.04547490 0.09453262
v -0.02086904 0.04537066 0.09453866
v -0.02086997 0.04536698 0.09453888
v -0.02086400 0.04539030 0.09453749
v -0.02054390 0.04630607 0.09454452
v -0.02073710 0.04583571 0.09452358
v -0.02080979 0.04559533 0.09452699
v -0.02077585 0.04546205 0.09521466
v -0.02076056 0.04552255 0.09521074
v -0.02078793 0.04541336 0.09521794
v -0.02078348 0.04543180 0.09521671
v -0.02136698 0.04289679 0.09528854
v -0.02180113 0.04025152 0.09543739
v -0.02041971 0.04600752 0.09718525
v -0.02064642 0.04569018 0.09588557
v -0.02067778 0.04556886 0.09589343
v -0.02070032 0.04547771 0.09590028
v -0.02069279 0.04550809 0.09589794
v -0.02070458 0.04545914 0.09590168
v -0.02051922 0.04565179 0.09718525
v -0.02053453 0.04559014 0.09718525
v -0.02052021 0.04564791 0.09718525
v -0.02053506 0.04558807 0.09718525
v -0.02054651 0.04554039 0.09718525
v -0.02054226 0.04555933 0.09718525
v -0.02054257 0.04555802 0.09718525
v -0.02048733 0.04577472 0.09718525
v -0.02048914 0.04576790 0.09718525
v -0.02057546 0.04541591 0.09718525
v -0.02101992 0.04343509 0.09718525
v -0.02102259 0.04342294 0.09718525
v -0.02102739 0.04340095 0.09718525
v -0.02103594 0.04336126 0.09718525
v -0.02089938 0.04400263 0.09718525
v -0.02098225 0.04362249 0.09718525
v -0.02095071 0.04377024 0.09718525
v -0.02101672 0.04344957 0.09718525
v -0.02101712 0.04344777 0.09718525
v -0.02156615 0.04019171 0.09718525
v -0.02104632 0.04331218 0.09718525
v -0.02112967 0.04285828 0.09718525
v -0.02118372 0.04241491 0.09718525
v -0.02206496 0.03749573 0.09558705
v -0.02139214 0.03457922 0.09210227
v -0.02183008 0.03753222 0.09718525
v -0.02181135 0.03781642 0.09718525
v -0.02059925 0.03974654 0.09583374
v -0.02081892 0.03724024 0.09596491
v -0.02062561 0.03746748 0.09718525
v -0.02062882 0.03742567 0.09718525
v -0.02063768 0.03724718 0.09718525
v -0.02064828 0.03680152 0.09718525
v -0.02189974 0.03510259 0.09718525
v -0.02190665 0.03468461 0.09718525
v -0.02190471 0.03464786 0.09718525
v -0.02188598 0.03438122 0.09718525
v -0.02085324 0.03468997 0.09609374
v -0.02069166 0.03472621 0.09718525
v -0.02197999 0.03239409 0.09542187
v -0.02167523 0.03003829 0.09472381
v -0.02150596 0.02890657 0.09441785
v -0.02135801 0.02781813 0.09429224
v -0.02125485 0.02676881 0.09445892
v -0.02170017 0.03244130 0.09718525
v -0.02163004 0.03209529 0.09718525
v -0.02128026 0.03014318 0.09718525
v -0.02064805 0.03257481 0.09631795
v -0.02054390 0.03290284 0.09718525
v -0.02050262 0.03256502 0.09718525
v -0.02049402 0.03252029 0.09718525
v -0.02121061 0.02987726 0.09718525
v -0.02103805 0.02900178 0.09718525
v -0.02097998 0.02879033 0.09718525
v -0.02095667 0.02870241 0.09718525
v -0.02082807 0.02788590 0.09718525
v -0.02077808 0.02767640 0.09718525
v -0.02072559 0.02689291 0.09718525
v -0.02069053 0.02666083 0.09718525
v -0.02068713 0.02659500 0.09718525
v -0.02038682 0.04687380 0.09113324
v -0.02030605 0.04692801 0.09182034
v -0.01902004 0.04843568 0.08962171
v -0.01946857 0.04788662 0.09159520
v -0.02018120 0.04700851 0.09287662
v -0.02007835 0.04707194 0.09374243
v -0.02013497 0.04694263 0.09453826
v -0.02005689 0.04698792 0.09519677
v -0.01998702 0.04712635 0.09450985
v -0.01990891 0.04717113 0.09516341
v -0.01997966 0.04708472 0.09518041
v -0.01994066 0.04713257 0.09517118
v -0.01925718 0.04795267 0.09432413
v -0.01839693 0.04892127 0.09118643
v -0.01828548 0.04738262 0.09145103
v -0.01728333 0.04981351 0.09066177
v -0.01773920 0.04939289 0.09248953
v -0.01732837 0.04825689 0.09102168
v -0.01860673 0.04689094 0.09433850
v -0.01771704 0.04935630 0.09378576
v -0.02012689 0.04683259 0.09588089
v -0.01983085 0.04721444 0.09581503
v -0.01986246 0.04717606 0.09582406
v -0.01997830 0.04703202 0.09585417
v -0.01990129 0.04712839 0.09583481
v -0.01978534 0.04723888 0.09619308
v -0.01996827 0.04691789 0.09718525
v -0.01988940 0.04702160 0.09718525
v -0.01981883 0.04711625 0.09716560
v -0.01981634 0.04711740 0.09718525
v -0.01981575 0.04711811 0.09718525
v -0.01974294 0.04721129 0.09713887
v -0.01973710 0.04721394 0.09718525
v -0.01973639 0.04721477 0.09718525
v -0.01970477 0.04725828 0.09712438
v -0.01967372 0.04729608 0.09711232
v -0.01966461 0.04730014 0.09718525
v -0.01969713 0.04726171 0.09718525
v -0.01969638 0.04726258 0.09718525
v -0.01932642 0.04762163 0.09718525
v -0.01819380 0.04888668 0.09577531
v -0.01838941 0.04689674 0.09718525
v -0.01823535 0.04708396 0.09718525
v -0.01755888 0.04932427 0.09718525
v -0.01725152 0.04955436 0.09718525
v -0.01742500 0.04783836 0.09718525
v -0.01894164 0.04668476 0.09166694
v -0.01991368 0.04425781 0.09447392
v -0.01938385 0.04575525 0.09444156
v -0.01898530 0.04642357 0.09441902
v -0.02021830 0.04650413 0.09718525
v -0.02022820 0.04648740 0.09718525
v -0.02041206 0.04602897 0.09718525
v -0.02041640 0.04601830 0.09718525
v -0.01895296 0.04604291 0.09718525
v -0.01907686 0.04582259 0.09718525
v -0.01947386 0.04470761 0.09718525
v -0.01955510 0.04442805 0.09718525
v -0.02029160 0.04051608 0.09718525
v -0.01866134 0.04652934 0.09718525
v -0.01616528 0.05056456 0.09003893
v -0.01636796 0.05034295 0.09183978
v -0.01614127 0.05041624 0.09310324
v -0.01612215 0.05037767 0.09448467
v -0.01666628 0.04870036 0.09228568
v -0.01634261 0.04901212 0.09048474
v -0.01679942 0.04993318 0.09567536
v -0.01658993 0.05007999 0.09523737
v -0.01706608 0.04834238 0.09378169
v -0.01697046 0.04833857 0.09574891
v -0.01624187 0.04894279 0.09340594
v -0.01498928 0.05110366 0.09107333
v -0.01425115 0.05013210 0.09084175
v -0.01436119 0.05129686 0.09219991
v -0.01507051 0.05094117 0.09340283
v -0.01475224 0.05041387 0.09367011
v -0.01421642 0.05131590 0.09284975
v -0.01536079 0.04965145 0.08985464
v -0.01545780 0.04949084 0.09162100
v -0.01455888 0.04989444 0.09251327
v -0.01526264 0.04953467 0.09290615
v -0.01559365 0.04997443 0.09459756
v -0.01506562 0.04956964 0.09469506
v -0.01436721 0.04991844 0.09387292
v -0.01662532 0.04851672 0.09718525
v -0.01657261 0.04917683 0.09718525
v -0.01680615 0.04837856 0.09718525
v -0.01603992 0.04892809 0.09718525
v -0.01562876 0.04923555 0.09575590
v -0.01598936 0.04897700 0.09688699
v -0.02040425 0.03980129 0.09718525
v -0.02041234 0.03971211 0.09718525
v -0.02034307 0.03025394 0.09558925
v -0.02016319 0.02909374 0.09525906
v -0.01999755 0.02792847 0.09510868
v -0.01987990 0.02674224 0.09525909
v -0.02011941 0.03047926 0.09718525
v -0.02001468 0.03006862 0.09718525
v -0.01981055 0.02908136 0.09718525
v -0.01974913 0.02884651 0.09718525
v -0.01973134 0.02876347 0.09718525
v -0.01957049 0.02780248 0.09718525
v -0.01955189 0.02768787 0.09718525
v -0.01948191 0.02672977 0.09718525
v -0.01947353 0.02656710 0.09718525
v -0.02536384 0.02634118 0.06525111
v -0.02554439 0.02380991 0.06561396
v -0.02577128 0.02112389 0.06608832
v -0.02413515 0.02629788 0.06558909
v -0.02431695 0.02373732 0.06597819
v -0.02454614 0.02103827 0.06649304
v -0.02448847 0.02647441 0.07413238
v -0.02455659 0.02528151 0.07450315
v -0.02465561 0.02403550 0.07499461
v -0.02492156 0.02145143 0.07611980
v -0.02507046 0.02013138 0.07662527
v -0.02367004 0.02129249 0.07668541
v -0.02600947 0.01836874 0.06646579
v -0.02629920 0.01560314 0.06500694
v -0.02635364 0.01380335 0.06641962
v -0.02478568 0.01829151 0.06690431
v -0.02499457 0.01560401 0.06706151
v -0.02513529 0.01374289 0.06678576
v -0.02521901 0.01876233 0.07700641
v -0.02470336 0.01577845 0.07170077
v -0.02329751 0.02516801 0.07497381
v -0.02322693 0.02640405 0.07458701
v -0.02339962 0.02389337 0.07549216
v -0.02381885 0.01998638 0.07722206
v -0.02379795 0.02036815 0.08827662
v -0.02535743 0.01735116 0.07723728
v -0.02546673 0.01606672 0.07734587
v -0.02562740 0.01416733 0.07711639
v -0.02396628 0.01864134 0.07762671
v -0.02410354 0.01725598 0.07787213
v -0.02421216 0.01598989 0.07798652
v -0.02438322 0.01410763 0.07763122
v -0.02375317 0.01614246 0.08301654
v -0.02398944 0.01906365 0.08892775
v -0.02416323 0.01770045 0.08931737
v -0.02472357 0.01631991 0.08535471
v -0.02448810 0.01453727 0.08920136
v -0.02312577 0.02625470 0.08399779
v -0.02317793 0.02513986 0.08462439
v -0.02328132 0.02399277 0.08546939
v -0.02360576 0.02161081 0.08741074
v -0.02251768 0.02012007 0.08909593
v -0.02233025 0.02132575 0.08818408
v -0.02181874 0.02613252 0.08460505
v -0.02188155 0.02492647 0.08525429
v -0.02199693 0.02372146 0.08613992
v -0.02646059 0.01188810 0.06645113
v -0.02524135 0.01183940 0.06681791
v -0.02656640 0.00837723 0.06682426
v -0.02536725 0.00835126 0.06677938
v -0.02623313 0.00842877 0.07184283
v -0.02622282 0.00634281 0.07173215
v -0.02503690 0.00841686 0.07174864
v -0.02613577 0.00424200 0.07145593
v -0.02602844 0.00220157 0.07122214
v -0.02595349 0.00019692 0.07122356
v -0.02502547 0.00628125 0.07161808
v -0.02493916 0.00422536 0.07132282
v -0.02483272 0.00216714 0.07108520
v -0.02475879 0.00012253 0.07109610
v -0.02573064 0.01213129 0.07718956
v -0.02579471 0.00848086 0.07714225
v -0.02448456 0.01209740 0.07770444
v -0.02454426 0.00849568 0.07764424
v -0.02458540 0.01237497 0.08930948
v -0.02459866 0.01030075 0.08928685
v -0.02498489 0.00855719 0.08531331
v -0.02486972 0.00645629 0.08503179
v -0.02378117 0.00859836 0.08529040
v -0.02365049 0.00649576 0.08509305
v -0.02455823 0.00859225 0.08918998
v -0.02462207 0.00427813 0.08442316
v -0.02437942 0.00214021 0.08391022
v -0.02430030 0.00109153 0.08383187
v -0.02425941 0.00006516 0.08390474
v -0.02340673 0.00437409 0.08445140
v -0.02327278 0.00327842 0.08414286
v -0.02315824 0.00216601 0.08393396
v -0.02307749 0.00105429 0.08386387
v -0.02303876 -0.00004497 0.08395150
v -0.02121625 0.02574896 0.09500630
v -0.02203509 0.02051474 0.10156947
v -0.02125424 0.02474292 0.09596384
v -0.02136980 0.02373254 0.09726118
v -0.02073267 0.02600000 0.09718525
v -0.02178173 0.02163824 0.10024288
v -0.02050423 0.02115825 0.10130574
v -0.02287026 0.01756445 0.09019143
v -0.02270218 0.01886995 0.08978114
v -0.02321016 0.01447638 0.08990820
v -0.02221942 0.01651588 0.09726951
v -0.02073590 0.02011048 0.10269835
v -0.02104747 0.01990830 0.11030566
v -0.02065109 0.02081438 0.11030566
v -0.02081687 0.02039629 0.11030566
v -0.02228734 0.01931203 0.10256779
v -0.02251260 0.01802802 0.10316513
v -0.02267623 0.01681628 0.10343072
v -0.02275255 0.01680027 0.10281185
v -0.02292333 0.01493129 0.10306527
v -0.02096369 0.01900799 0.10374532
v -0.02117075 0.01782806 0.10437287
v -0.02160053 0.01486244 0.10404988
v -0.02206707 0.01452716 0.11030566
v -0.02207537 0.01436639 0.11030566
v -0.02208358 0.01413737 0.11030566
v -0.02122347 0.01936195 0.11030566
v -0.02154086 0.01823361 0.11030566
v -0.02138617 0.01889023 0.11030566
v -0.02167793 0.01764838 0.11030566
v -0.02178461 0.01699209 0.11030566
v -0.02046767 0.01725825 0.11030566
v -0.02056693 0.01680135 0.11030566
v -0.02195192 0.01560330 0.11030566
v -0.02070786 0.01574590 0.11030566
v -0.02080480 0.01511476 0.11030566
v -0.02087524 0.01376775 0.11030566
v -0.02330486 0.01235868 0.09001665
v -0.02331576 0.01032769 0.08998764
v -0.02327362 0.00865966 0.08988082
v -0.02306450 0.00770123 0.10078970
v -0.02290352 0.00659126 0.10047432
v -0.02190419 0.00880841 0.10133660
v -0.02180520 0.00778184 0.10116146
v -0.02165279 0.00675607 0.10081777
v -0.02244531 0.00431326 0.09942740
v -0.02221362 0.00316888 0.09891017
v -0.02202401 0.00204029 0.09854849
v -0.02120104 0.00453413 0.09972497
v -0.02095920 0.00334689 0.09920098
v -0.02189698 0.00093743 0.09841215
v -0.02184398 -0.00013628 0.09853850
v -0.02075611 0.00213547 0.09884336
v -0.02062074 0.00091645 0.09872229
v -0.02057276 -0.00029441 0.09887481
v -0.02302237 0.01263264 0.10322675
v -0.02299673 0.01042596 0.10318727
v -0.02169648 0.01263068 0.10421594
v -0.02166969 0.01049088 0.10417282
v -0.02214948 0.01286101 0.11030566
v -0.02212723 0.01171864 0.11030566
v -0.02211013 0.01048441 0.11030566
v -0.02206044 0.00994992 0.11030566
v -0.02203020 0.00971888 0.11030566
v -0.02094236 0.01284515 0.11030566
v -0.02094672 0.01247610 0.11030566
v -0.02092719 0.01117351 0.11030566
v -0.02090434 0.01055102 0.11030566
v -0.02084521 0.00996979 0.11030566
v -0.02083638 0.00990704 0.11030566
v -0.02193044 0.00877027 0.11030566
v -0.02190633 0.00829512 0.11030566
v -0.02180206 0.00772788 0.11030566
v -0.02164315 0.00716519 0.11030566
v -0.02154893 0.00665458 0.11030566
v -0.02148888 0.00647890 0.11030566
v -0.02075958 0.00891309 0.11030566
v -0.02069839 0.00839649 0.11030566
v -0.02054813 0.00767935 0.11030566
v -0.02045137 0.00718034 0.11030566
v -0.02123162 0.00551132 0.11030566
v -0.02063031 0.00399501 0.11030566
v -0.01985022 0.02553732 0.09581244
v -0.01992615 0.02435845 0.09680838
v -0.02008099 0.02324629 0.09817088
v -0.01951630 0.02600000 0.09718525
v -0.01928013 0.02600000 0.10400096
v -0.01889795 0.02600000 0.10578627
v -0.01888125 0.02600000 0.10579808
v -0.01885732 0.02600000 0.10580256
v -0.01884742 0.02553569 0.10611393
v -0.01882348 0.02511014 0.10655864
v -0.01882116 0.02478511 0.10699408
v -0.01885308 0.02422542 0.10793908
v -0.01815774 0.02600000 0.10342211
v -0.01874648 0.02600000 0.10588391
v -0.01858481 0.02600000 0.10595158
v -0.01854786 0.02567087 0.10614451
v -0.01851642 0.02519000 0.10656534
v -0.01836613 0.02600000 0.10601754
v -0.01824958 0.02600000 0.10606632
v -0.01823619 0.02589843 0.10611283
v -0.01819254 0.02535193 0.10650867
v -0.01851004 0.02473843 0.10710274
v -0.01819010 0.02440415 0.10760329
v -0.01780824 0.02600000 0.10617759
v -0.01770555 0.02600000 0.10623609
v -0.01757620 0.02600000 0.10624114
v -0.01753811 0.02573295 0.10635913
v -0.01749007 0.02491006 0.10703238
v -0.01890154 0.02384554 0.10870846
v -0.01904967 0.02315775 0.11030566
v -0.01899260 0.02336580 0.10979500
v -0.01963547 0.02230422 0.11030566
v -0.02030937 0.02136544 0.11030566
v -0.01975413 0.01983460 0.11030566
v -0.01962537 0.02006347 0.11030566
v -0.01932813 0.02067568 0.11030566
v -0.01951084 0.02024586 0.11030566
v -0.01886883 0.02128801 0.11030566
v -0.01827283 0.02358786 0.10903741
v -0.01753121 0.02397426 0.10822263
v -0.01757723 0.02360034 0.10884803
v -0.01868000 0.02307557 0.11030566
v -0.01838735 0.02302402 0.11030566
v -0.01793335 0.02292863 0.11030566
v -0.01795288 0.02251717 0.11030566
v -0.01788894 0.02264200 0.11030566
v -0.01769081 0.02297294 0.11010013
v -0.01771213 0.02288302 0.11030566
v -0.02005372 0.01904376 0.11030566
v -0.02028237 0.01821566 0.11030566
v -0.02011633 0.01888905 0.11030566
v -0.01994453 0.01927607 0.11030566
v -0.02034199 0.01804234 0.11030566
v -0.02041194 0.01779557 0.11030566
v -0.02022721 0.00652674 0.11030566
v -0.01995754 0.00554238 0.11030566
v -0.02029736 0.00302747 0.11030566
v -0.01931388 0.00392415 0.11030566
v -0.01919131 0.00347911 0.11030566
v -0.01909816 0.00304666 0.11030566
v -0.02018873 0.00263520 0.11030566
v -0.02008834 0.00226393 0.11030566
v -0.02000843 0.00190417 0.11030566
v -0.01991803 0.00147682 0.11030566
v -0.01987217 0.00114095 0.11030566
v -0.01981679 0.00074758 0.11030566
v -0.01980741 0.00042239 0.11030566
v -0.01978471 0.00010865 0.11030566
v -0.01978711 0.00000000 0.11030566
v -0.01883545 0.00221029 0.11030566
v -0.01907537 0.00000000 0.11438337
v -0.01876859 0.00193041 0.11030566
v -0.01868101 0.00144666 0.11030566
v -0.01863353 0.00099098 0.11030566
v -0.01858226 0.00059097 0.11030566
v -0.01857235 0.00032479 0.11030566
v -0.01856668 0.00000000 0.11030566
v -0.01790838 0.00000000 0.11404710
v -0.01784953 0.00000000 0.11438337
v -0.01387129 0.05108126 0.06603812
v -0.01312620 0.05009747 0.06609525
v -0.01121271 0.05204337 0.06567585
v -0.01332688 0.05183237 0.07507814
v -0.01391080 0.05031342 0.07514773
v -0.01266722 0.05079381 0.07510492
v -0.01208071 0.05224136 0.07504962
v -0.01174106 0.05109076 0.07507738
v -0.01081766 0.05257387 0.07502788
v -0.01065400 0.05095965 0.06573408
v -0.00846329 0.05269649 0.06532222
v -0.00810606 0.05154418 0.06537934
v -0.00840618 0.05294372 0.07056171
v -0.00809535 0.05177701 0.07057462
v -0.00994480 0.05275922 0.07501685
v -0.00971799 0.05158093 0.07502937
v -0.01385629 0.05049564 0.08100562
v -0.01212581 0.05237603 0.08131891
v -0.01180204 0.05121582 0.08123261
v -0.01380849 0.05208079 0.08627182
v -0.01380306 0.05076806 0.08601937
v -0.01344794 0.05208399 0.08755338
v -0.01361941 0.05062463 0.08829969
v -0.01292822 0.05242492 0.08655373
v -0.01256872 0.05217544 0.08918736
v -0.01295444 0.05100410 0.08736247
v -0.01269917 0.05122602 0.08645990
v -0.01233045 0.05262703 0.08668277
v -0.01167472 0.05259043 0.08804840
v -0.01212832 0.05107755 0.08893012
v -0.01132598 0.05146957 0.08778356
v -0.01106280 0.05173322 0.08674596
v -0.01010004 0.05284496 0.08154414
v -0.00989141 0.05165860 0.08145495
v -0.01060218 0.05307973 0.08688984
v -0.00918886 0.05198813 0.08726151
v -0.00991377 0.05285543 0.08849555
v -0.00960056 0.05176002 0.08801987
v -0.00905908 0.05333271 0.08697193
v -0.00899877 0.05211804 0.08685528
v -0.00768148 0.05222974 0.08687306
v -0.00790385 0.05295192 0.08879763
v -0.00776707 0.05174201 0.08871996
v -0.00573035 0.05304066 0.06498852
v -0.00556574 0.05184927 0.06504408
v -0.00588561 0.05320037 0.07021369
v -0.00575667 0.05200349 0.07022221
v -0.00649720 0.05316693 0.07500152
v -0.00643989 0.05196792 0.07498654
v -0.00370600 0.05322247 0.07078873
v -0.00377698 0.05202187 0.07108686
v -0.00401795 0.05316162 0.07500074
v -0.00404816 0.05315043 0.07541579
v -0.00408231 0.05196389 0.07496485
v -0.00317501 0.05189522 0.07495804
v -0.00273140 0.05305286 0.07500073
v -0.00122873 0.05281205 0.07500072
v -0.00148930 0.05164155 0.07494923
v -0.00134324 0.05161182 0.07494865
v -0.00684188 0.05317931 0.08195845
v -0.00680613 0.05197540 0.08185695
v -0.00442577 0.05309586 0.08095044
v -0.00453688 0.05190490 0.08129592
v -0.00738717 0.05224127 0.08687316
v -0.00661886 0.05346544 0.08702105
v -0.00477310 0.05336489 0.08699285
v -0.00491840 0.05215876 0.08681279
v -0.00487311 0.05215428 0.08681101
v -0.00489497 0.05207528 0.08703159
v -0.00496197 0.05199716 0.08728281
v -0.00495975 0.05200518 0.08725842
v -0.00496419 0.05198917 0.08730722
v -0.00499217 0.05189031 0.08761923
v -0.00501975 0.05179644 0.08793416
v -0.00500045 0.05179214 0.08793101
v -0.00498114 0.05178784 0.08792830
v -0.00491677 0.05199891 0.08725453
v -0.00493827 0.05200205 0.08725622
v -0.00492149 0.05198271 0.08730313
v -0.00494285 0.05198594 0.08730493
v -0.00495139 0.05188271 0.08761408
v -0.00463712 0.05213099 0.08680382
v -0.00487280 0.05298021 0.08813356
v -0.00496797 0.05266490 0.08933038
v -0.00503102 0.05175908 0.08806509
v -0.00501221 0.05175461 0.08806185
v -0.00502539 0.05177765 0.08799957
v -0.00502188 0.05172425 0.08817025
v -0.00504027 0.05172884 0.08817352
v -0.00503565 0.05174389 0.08811928
v -0.00499337 0.05175013 0.08805904
v -0.00500346 0.05171965 0.08816737
v -0.00504711 0.05170678 0.08825415
v -0.00501092 0.05169743 0.08824793
v -0.00501836 0.05167554 0.08832861
v -0.00503615 0.05168029 0.08833155
v -0.00505391 0.05168504 0.08833487
v -0.00506639 0.05164572 0.08848424
v -0.00506222 0.05160256 0.08863051
v -0.00507875 0.05160750 0.08863384
v -0.00508774 0.05158017 0.08874360
v -0.00503206 0.05163600 0.08847794
v -0.00504567 0.05159763 0.08862755
v -0.00505558 0.05157023 0.08873736
v -0.00506543 0.05154346 0.08884724
v -0.00509666 0.05155344 0.08885341
v -0.00508105 0.05154844 0.08885016
v -0.00434987 0.05308528 0.08039880
v -0.00400879 0.05185334 0.08024868
v -0.00171808 0.05152607 0.08023418
v -0.00358391 0.05102978 0.08847890
v -0.00321941 0.05318520 0.08694305
v -0.00285826 0.05287737 0.08742028
v -0.00327550 0.05123913 0.08778657
v -0.00334841 0.05118218 0.08794653
v -0.00318476 0.05126685 0.08767002
v -0.00292650 0.05162102 0.08699968
v -0.00290920 0.05164551 0.08695917
v -0.00312742 0.05131968 0.08754537
v -0.00348789 0.05109005 0.08825161
v -0.00308791 0.05034048 0.08939767
v -0.00279282 0.05031595 0.08897702
v -0.00253808 0.05183805 0.08657142
v -0.00255322 0.05260391 0.08794356
v -0.00204208 0.05298527 0.08688788
v -0.00207829 0.05215631 0.08907028
v -0.00205458 0.05174088 0.08649188
v -0.00206132 0.05037242 0.08798396
v -0.00154419 0.05288075 0.08685455
v -0.00192927 0.05136944 0.08678122
v -0.00190611 0.05139748 0.08674414
v -0.00189431 0.05043272 0.08774251
v -0.00164968 0.05052883 0.08742074
v -0.00139729 0.05062405 0.08713585
v -0.00129927 0.05068727 0.08701266
v -0.00152266 0.05059321 0.08725646
v -0.01369312 0.05169922 0.09019342
v -0.01362238 0.05030701 0.09194185
v -0.01330816 0.05043146 0.09173568
v -0.01256213 0.05196553 0.09108441
v -0.01311802 0.05064790 0.08994863
v -0.01291175 0.05177037 0.09230274
v -0.01254868 0.05123553 0.09246996
v -0.01371771 0.05085189 0.09296548
v -0.01339707 0.05031523 0.09315472
v -0.01249805 0.05060760 0.09272491
v -0.01188809 0.05215701 0.09080895
v -0.01198530 0.05201622 0.09205296
v -0.01225980 0.05080920 0.09097716
v -0.01108537 0.05243593 0.08987104
v -0.01135628 0.05214972 0.09192931
v -0.01124947 0.05114160 0.09009624
v -0.01135120 0.05103388 0.09083945
v -0.01093407 0.05124529 0.08977675
v -0.01129646 0.05153213 0.09214570
v -0.01146688 0.05086443 0.09239876
v -0.01235681 0.05064755 0.09267133
v -0.01007378 0.05109125 0.09213877
v -0.00982893 0.05248967 0.09076691
v -0.00994121 0.05235770 0.09175026
v -0.00867395 0.05181830 0.09185049
v -0.00848501 0.05244776 0.09166443
v -0.00886361 0.05118585 0.09202323
v -0.00795597 0.05258497 0.09073044
v -0.00798069 0.05245160 0.09164851
v -0.00784135 0.05137483 0.09069856
v -0.00648341 0.05119681 0.09143291
v -0.00651694 0.05112875 0.09192891
v -0.00586255 0.05232974 0.09160038
v -0.00576718 0.05231943 0.09159809
v -0.00516136 0.05137065 0.08967451
v -0.00517418 0.05133668 0.08984241
v -0.00518681 0.05130391 0.09000942
v -0.00517631 0.05129967 0.09000704
v -0.00516579 0.05129541 0.09000488
v -0.00519568 0.05122947 0.09036406
v -0.00585386 0.05113587 0.09141268
v -0.00583585 0.05109446 0.09165977
v -0.00556669 0.05110261 0.09140328
v -0.00552282 0.05105839 0.09164903
v -0.00527692 0.05108045 0.09129892
v -0.00528487 0.05106664 0.09139385
v -0.00530338 0.05103079 0.09164167
v -0.00532089 0.05099617 0.09188963
v -0.00529379 0.05099251 0.09188937
v -0.00505003 0.05243231 0.09044766
v -0.00512796 0.05224197 0.09158185
v -0.00514935 0.05136603 0.08967181
v -0.00513733 0.05136140 0.08966936
v -0.00515166 0.05132777 0.08983756
v -0.00481026 0.05092429 0.09187784
v -0.00372531 0.05047937 0.09031904
v -0.00431712 0.05070112 0.09120867
v -0.00432291 0.05070325 0.09120979
v -0.00360337 0.05072591 0.09183741
v -0.00293918 0.05059449 0.09182295
v -0.00261515 0.05031104 0.09135897
v -0.00247086 0.05049114 0.09181353
v -0.00214319 0.05018094 0.09132193
v -0.00196288 0.05036693 0.09180409
v -0.00167614 0.05180279 0.09028429
v -0.00159476 0.05160839 0.09150308
v -0.00128096 0.05153391 0.09149717
v -0.00140851 0.05021665 0.09179567
v -0.00228239 0.05004231 0.09089535
v -0.00205101 0.04996716 0.09086365
v -0.00180612 0.04988652 0.09083069
v -0.00155794 0.04980309 0.09079749
v -0.00135857 0.04941178 0.08965760
v -0.00129960 0.04971418 0.09076329
v -0.00163626 0.05003216 0.09128351
v -0.02381900 -0.00792924 0.01500000
v -0.02370197 -0.00984233 0.01500000
v -0.02424191 -0.00828420 0.01961172
v -0.02393887 -0.01229203 0.01961016
v -0.02481252 -0.00865444 0.02501423
v -0.02364213 -0.00827571 0.02515291
v -0.02447422 -0.01275665 0.02498132
v -0.02264475 -0.00745515 0.01509874
v -0.02306675 -0.00792481 0.01974106
v -0.02236349 -0.01151550 0.01510757
v -0.02277297 -0.01194389 0.01973145
v -0.02331061 -0.01240164 0.02511191
v -0.02620544 -0.00225070 0.03660365
v -0.02615117 -0.00194466 0.03675764
v -0.02612136 -0.00389422 0.03719631
v -0.02617352 -0.00436121 0.03713698
v -0.02609231 -0.00579852 0.03794147
v -0.02608598 -0.00626135 0.03817607
v -0.02614481 -0.00635590 0.03800001
v -0.02607877 -0.00682300 0.03849181
v -0.02501976 -0.00197241 0.03676160
v -0.02498803 -0.00408059 0.03725462
v -0.02495898 -0.00606345 0.03807297
v -0.02491591 -0.00698971 0.03807481
v -0.02494934 -0.00682320 0.03849148
v -0.02543778 -0.00901401 0.03116200
v -0.02426750 -0.00862186 0.03128469
v -0.02392596 -0.01287685 0.03123765
v -0.02606503 -0.00797976 0.03799997
v -0.02612829 -0.00798400 0.03901928
v -0.02606894 -0.00786588 0.03917996
v -0.02486903 -0.00791668 0.03807699
v -0.02493974 -0.00792472 0.03922344
v -0.02469235 -0.01093719 0.03808751
v -0.02401485 -0.01659922 0.02503861
v -0.02317823 -0.01467791 0.01500000
v -0.02299750 -0.01575574 0.01500000
v -0.02346408 -0.01608736 0.01968091
v -0.02231385 -0.01572515 0.01980932
v -0.02217741 -0.01918908 0.01500000
v -0.02275838 -0.01958097 0.01979760
v -0.02199871 -0.01449593 0.01512364
v -0.02192254 -0.01497380 0.01512710
v -0.02158339 -0.01674982 0.01514244
v -0.02175341 -0.02044065 0.01500000
v -0.02107594 -0.01872618 0.01516473
v -0.02077424 -0.01965845 0.01517758
v -0.02163647 -0.01916851 0.01995805
v -0.02286036 -0.01625267 0.02517533
v -0.02341508 -0.02015092 0.02515547
v -0.02227512 -0.01979316 0.02532251
v -0.02096298 -0.02226640 0.01500000
v -0.02177832 -0.02270342 0.01991940
v -0.02070675 -0.02220646 0.02014306
v -0.02051534 -0.02542816 0.02000382
v -0.02265874 -0.02340718 0.02528192
v -0.02154354 -0.02301964 0.02550998
v -0.02172922 -0.02638444 0.02536622
v -0.02065368 -0.02595588 0.02568376
v -0.02466864 -0.01717488 0.03112648
v -0.02567568 -0.01404209 0.03800003
v -0.02580348 -0.01423382 0.03974144
v -0.02537762 -0.01776311 0.03800000
v -0.02448346 -0.01395321 0.03810199
v -0.02428640 -0.01648531 0.03811746
v -0.02417877 -0.02085575 0.03118221
v -0.02496420 -0.02221908 0.03800000
v -0.02377401 -0.02216687 0.03815892
v -0.02413262 -0.02481900 0.03456611
v -0.02418539 -0.02500000 0.03502413
v -0.02418130 -0.02500000 0.03500000
v -0.02412040 -0.02544296 0.03500000
v -0.02431566 -0.02500000 0.03582739
v -0.02466455 -0.02500000 0.03800000
v -0.02481042 -0.02500000 0.03920245
v -0.02369920 -0.02500000 0.03983010
v -0.02350716 -0.01684966 0.03126383
v -0.02302219 -0.02055325 0.03134862
v -0.02247449 -0.02402643 0.03146007
v -0.02362243 -0.02431562 0.03124709
v -0.02184393 -0.02730363 0.03156281
v -0.02359960 -0.02385323 0.03817255
v -0.02297306 -0.02456801 0.03476572
v -0.02296424 -0.02500000 0.03506392
v -0.02294966 -0.02500000 0.03500000
v -0.02347266 -0.02500000 0.03818211
v -0.02338000 -0.02500000 0.03760446
v -0.01993805 -0.02167527 0.01521249
v -0.01996027 -0.02399557 0.01500000
v -0.01946603 -0.02256439 0.01523218
v -0.01895517 -0.02338837 0.01525381
v -0.01937346 -0.02480889 0.01500000
v -0.01952110 -0.02483436 0.02032001
v -0.01847020 -0.02406755 0.01527485
v -0.01842006 -0.02591253 0.01500000
v -0.01758488 -0.02511050 0.01531487
v -0.01747222 -0.02681019 0.01500000
v -0.01748069 -0.02680288 0.01500000
v -0.01810134 -0.02710024 0.02044688
v -0.01673008 -0.02593679 0.01535565
v -0.01529959 -0.02703930 0.01542840
v -0.01479307 -0.02736552 0.01545517
v -0.02612645 -0.00944633 0.04025470
v -0.02606692 -0.00941975 0.04051035
v -0.02613446 -0.01031789 0.04118898
v -0.02607382 -0.01016515 0.04131935
v -0.02614470 -0.01090374 0.04193124
v -0.02608251 -0.01068695 0.04197574
v -0.02611397 -0.01178012 0.04370711
v -0.02617928 -0.01204287 0.04377894
v -0.02615384 -0.01258192 0.04554839
v -0.02622115 -0.01283808 0.04568260
v -0.02493882 -0.00936086 0.04045163
v -0.02495722 -0.01077925 0.04210259
v -0.02499272 -0.01193493 0.04400673
v -0.02503029 -0.01264235 0.04572537
v -0.02619808 -0.01310536 0.04753130
v -0.02626834 -0.01335017 0.04777816
v -0.02624097 -0.01331772 0.04956046
v -0.02624863 -0.01332291 0.04994442
v -0.02631436 -0.01352335 0.04994401
v -0.02634858 -0.01340427 0.05173276
v -0.02627947 -0.01322552 0.05155684
v -0.02628721 -0.01316571 0.05198964
v -0.02507693 -0.01315386 0.04781104
v -0.02512218 -0.01332293 0.04994422
v -0.02515192 -0.01323463 0.05148377
v -0.02654619 -0.00109715 0.06323905
v -0.02661199 -0.00153140 0.06339784
v -0.02653012 -0.00226772 0.06308707
v -0.02652797 -0.00247645 0.06304871
v -0.02659184 -0.00352238 0.06301431
v -0.02541487 -0.00208796 0.06312081
v -0.02542906 -0.00109702 0.06323808
v -0.02650954 -0.00444059 0.06251456
v -0.02657047 -0.00547123 0.06232231
v -0.02650641 -0.00472220 0.06241113
v -0.02648271 -0.00632495 0.06167950
v -0.02539604 -0.00401987 0.06265863
v -0.02538831 -0.00472221 0.06241113
v -0.02537018 -0.00594675 0.06187511
v -0.02630671 -0.01293674 0.05313415
v -0.02638118 -0.01301413 0.05362235
v -0.02632021 -0.01270364 0.05396492
v -0.02635448 -0.01181396 0.05611056
v -0.02635051 -0.01193768 0.05586700
v -0.02642335 -0.01199188 0.05620224
v -0.02644680 -0.01118664 0.05755156
v -0.02638027 -0.01090190 0.05761126
v -0.02642207 -0.01174060 0.05749671
v -0.02641294 -0.01229932 0.05557222
v -0.02525340 -0.01105958 0.05738147
v -0.02526137 -0.01076379 0.05780401
v -0.02518680 -0.01285033 0.05346657
v -0.02519211 -0.01275934 0.05378403
v -0.02522052 -0.01211356 0.05549831
v -0.02522193 -0.01168927 0.05759367
v -0.02653611 -0.00735641 0.06130242
v -0.02644740 -0.00804553 0.06057537
v -0.02651812 -0.00816609 0.06073459
v -0.02648142 -0.00978400 0.05929003
v -0.02641191 -0.00959822 0.05919434
v -0.02533165 -0.00781939 0.06074270
v -0.02532502 -0.00811117 0.06052522
v -0.02532652 -0.00804617 0.06057482
v -0.02528768 -0.00970925 0.05907671
v -0.02601748 -0.01458345 0.04329174
v -0.02465299 -0.01422278 0.04045717
v -0.02482336 -0.01452166 0.04340672
v -0.02615243 -0.01486055 0.04654002
v -0.02623753 -0.01510135 0.04975767
v -0.02601937 -0.02021866 0.04988983
v -0.02504126 -0.01505525 0.04990365
v -0.02506356 -0.01515686 0.05137491
v -0.02482314 -0.02018898 0.05004148
v -0.02547008 -0.02385399 0.04362228
v -0.02536815 -0.02500000 0.04360524
v -0.02547770 -0.02500000 0.04499913
v -0.02428030 -0.02378940 0.04377981
v -0.02500525 -0.02500000 0.04084746
v -0.02417338 -0.02500000 0.04376833
v -0.02575080 -0.02500000 0.04930263
v -0.02579781 -0.02500000 0.05009553
v -0.02456577 -0.02500000 0.04965281
v -0.02460126 -0.02500000 0.05025788
v -0.02460233 -0.02500000 0.05048443
v -0.02627816 -0.01537126 0.05394815
v -0.02625381 -0.01556631 0.05749317
v -0.02505345 -0.01552093 0.05758892
v -0.02505185 -0.01552653 0.05769854
v -0.02613032 -0.01581039 0.06273676
v -0.02602895 -0.02094085 0.05746160
v -0.02584948 -0.02500000 0.05602243
v -0.02585691 -0.02500000 0.05742270
v -0.02482566 -0.02091376 0.05765441
v -0.02465226 -0.02500000 0.05760452
v -0.02565765 -0.02500000 0.06212264
v -0.02437738 -0.02500000 0.06374834
v -0.02061885 -0.02910716 0.02536841
v -0.02297569 -0.02759445 0.03128698
v -0.02219842 -0.03071187 0.03127510
v -0.02142182 -0.02988326 0.02822640
v -0.02109170 -0.03040536 0.03162324
v -0.02124365 -0.03367016 0.03118655
v -0.02306803 -0.03134888 0.03500000
v -0.02292972 -0.03157635 0.03457129
v -0.02300909 -0.03168121 0.03500000
v -0.02300131 -0.03171920 0.03500000
v -0.02295146 -0.03193575 0.03500000
v -0.02183805 -0.03125057 0.03500000
v -0.02179607 -0.03131869 0.03486903
v -0.02182000 -0.03135220 0.03500000
v -0.02180906 -0.03140251 0.03500000
v -0.02207154 -0.03474554 0.03451860
v -0.02221425 -0.03470477 0.03500000
v -0.02218064 -0.03483507 0.03500000
v -0.02217519 -0.03484813 0.03500000
v -0.02208748 -0.03511090 0.03500000
v -0.02096440 -0.03443767 0.03486692
v -0.02101023 -0.03440041 0.03500000
v -0.02100376 -0.03442686 0.03500000
v -0.02098774 -0.03448585 0.03500000
v -0.02110309 -0.03766153 0.03500000
v -0.02089123 -0.03771507 0.03441353
v -0.02099874 -0.03790342 0.03500000
v -0.02095906 -0.03798164 0.03500000
v -0.01900048 -0.02776975 0.02001874
v -0.01728765 -0.02976919 0.01994640
v -0.01980704 -0.02839869 0.02264785
v -0.01884092 -0.02783581 0.02308346
v -0.01959551 -0.02864416 0.02579078
v -0.01933046 -0.03160482 0.02525955
v -0.01831054 -0.03065052 0.02255132
v -0.01741945 -0.03006414 0.02310180
v -0.01836551 -0.03112213 0.02578574
v -0.01781515 -0.03390695 0.02502988
v -0.01590995 -0.02797945 0.01500000
v -0.01628874 -0.02897391 0.01740166
v -0.01648526 -0.02906392 0.02049376
v -0.01538367 -0.02830613 0.01500000
v -0.01442430 -0.02883217 0.01500000
v -0.01422735 -0.03036549 0.01731390
v -0.01469702 -0.03076264 0.02044711
v -0.01540387 -0.03147576 0.01978682
v -0.01661481 -0.03266399 0.02234324
v -0.01580681 -0.03206102 0.02299784
v -0.01692396 -0.03338886 0.02564884
v -0.01591196 -0.03598143 0.02471792
v -0.01461613 -0.03443257 0.02205795
v -0.01513830 -0.03537090 0.02541029
v -0.01476008 -0.03688324 0.02455795
v -0.01406332 -0.03620972 0.02527427
v -0.01467043 -0.03941458 0.02731712
v -0.02035150 -0.02950708 0.02861830
v -0.02031882 -0.03261709 0.02811965
v -0.01929364 -0.03221700 0.02860005
v -0.02017140 -0.03332902 0.03160517
v -0.01896016 -0.03518010 0.02789870
v -0.02000198 -0.03645814 0.03100655
v -0.01898821 -0.03602802 0.03149032
v -0.01920462 -0.03776805 0.03088966
v -0.01800063 -0.03471929 0.02845904
v -0.01824942 -0.03899365 0.03076580
v -0.01735709 -0.03839180 0.03130749
v -0.01994292 -0.03717457 0.03500000
v -0.01983763 -0.03729023 0.03480907
v -0.01987234 -0.03735217 0.03500000
v -0.01983616 -0.03741735 0.03500000
v -0.02011541 -0.03909386 0.03434552
v -0.02032864 -0.03913888 0.03500000
v -0.02014821 -0.03943032 0.03500000
v -0.01939745 -0.04049081 0.03500000
v -0.01930914 -0.04060524 0.03500000
v -0.01924174 -0.04068348 0.03500000
v -0.01917937 -0.04037421 0.03427400
v -0.01824638 -0.03975093 0.03471398
v -0.01837058 -0.03974094 0.03500000
v -0.01829718 -0.03984230 0.03500000
v -0.01827219 -0.03987072 0.03500000
v -0.01721821 -0.04079264 0.03466348
v -0.01734241 -0.04083615 0.03500000
v -0.01714141 -0.03751559 0.02760099
v -0.01630251 -0.03691995 0.02822812
v -0.01599306 -0.03853529 0.02745165
v -0.01711084 -0.04009960 0.03064762
v -0.01630815 -0.03939641 0.03120911
v -0.01523856 -0.03785502 0.02810081
v -0.01401241 -0.03864847 0.02797753
v -0.01508133 -0.04025431 0.03111610
v -0.01805963 -0.04152695 0.03420696
v -0.01836066 -0.04161779 0.03500000
v -0.01792668 -0.04199508 0.03500000
v -0.01727518 -0.04090210 0.03500000
v -0.01578010 -0.04105547 0.03054423
v -0.01427276 -0.04183854 0.03045947
v -0.01674517 -0.04252797 0.03415010
v -0.01689497 -0.04280128 0.03500000
v -0.01680086 -0.04286226 0.03500000
v -0.01600941 -0.04169099 0.03461688
v -0.01619777 -0.04172166 0.03500000
v -0.01608194 -0.04181083 0.03500000
v -0.01601977 -0.04184952 0.03500000
v -0.01564598 -0.04351740 0.03500000
v -0.01524310 -0.04336094 0.03410568
v -0.01531385 -0.04369534 0.03500000
v -0.01460918 -0.04243914 0.03457772
v -0.01477693 -0.04252846 0.03500000
v -0.01464015 -0.04259790 0.03500000
v -0.01403406 -0.04420752 0.03500000
v -0.00815438 -0.01389333 0.03982560
v -0.00818493 -0.01673173 0.03960649
v -0.00887738 -0.01949586 0.03975549
v -0.00858023 -0.01949662 0.03965514
v -0.00891400 -0.02500000 0.03974888
v -0.00875864 -0.02500000 0.03969641
v -0.00857929 -0.02500000 0.03963950
v -0.00780170 -0.02500000 0.03948929
v -0.00657087 -0.01371410 0.03959937
v -0.00500000 -0.01311538 0.03963534
v -0.00659867 -0.01663410 0.03938184
v -0.00709950 -0.01949922 0.03936910
v -0.00500000 -0.01655147 0.03935182
v -0.00500000 -0.01949994 0.03930000
v -0.00705640 -0.02500000 0.03936221
v -0.00613035 -0.02500000 0.03933720
v -0.00500000 -0.02500000 0.03930000
v -0.00383718 -0.02500000 0.03930000
v -0.00294182 -0.02500000 0.03929992
v -0.01150836 -0.00904878 0.04551085
v -0.01154026 -0.00972683 0.04456543
v -0.01158492 -0.01270243 0.04281373
v -0.01079102 -0.01203921 0.04177336
v -0.01199428 -0.01079265 0.04540907
v -0.01200391 -0.01156490 0.04472148
v -0.01200955 -0.01246299 0.04421477
v -0.01201280 -0.01343158 0.04388024
v -0.01217631 -0.01254926 0.04561339
v -0.01156279 -0.01060036 0.04377784
v -0.01157665 -0.01161550 0.04319960
v -0.01088211 -0.01137466 0.04554048
v -0.01087442 -0.01262128 0.04456761
v -0.01198027 -0.01018512 0.04623547
v -0.01194432 -0.00940763 0.04809555
v -0.01142709 -0.00820586 0.04761490
v -0.01088068 -0.01054473 0.04681864
v -0.01087036 -0.01002044 0.04834502
v -0.01180642 -0.00865324 0.05200087
v -0.01215797 -0.01030702 0.05030300
v -0.01190293 -0.00899688 0.05006953
v -0.01210894 -0.00984010 0.05200057
v -0.01133328 -0.00776781 0.04983077
v -0.01153112 -0.00804040 0.05200062
v -0.01119309 -0.00749362 0.05200019
v -0.01085543 -0.00971744 0.05008922
v -0.01090542 -0.00991278 0.05199988
v -0.01217210 -0.01134690 0.04692737
v -0.01217468 -0.01187866 0.04620934
v -0.01216540 -0.01065817 0.04856079
v -0.01219992 -0.01200470 0.04846692
v -0.01219993 -0.01243550 0.04753173
v -0.01219993 -0.01261397 0.04725498
v -0.01219994 -0.01340114 0.04643217
v -0.01099999 -0.01209355 0.04823022
v -0.01099999 -0.01193047 0.04868871
v -0.01099999 -0.01299010 0.04679723
v -0.01099999 -0.01239425 0.04760252
v -0.01099999 -0.01384994 0.04614354
v -0.01219992 -0.01163724 0.04999272
v -0.01219998 -0.01150000 0.05199984
v -0.01099999 -0.01171667 0.04953653
v -0.01099999 -0.01159512 0.05029849
v -0.01099999 -0.01149999 0.05199991
v -0.00939785 -0.00670919 0.04544639
v -0.00800337 -0.00677507 0.04377664
v -0.00795577 -0.00624560 0.04508533
v -0.01055239 -0.00714622 0.04714629
v -0.00933393 -0.00635483 0.04673910
v -0.01041846 -0.00671991 0.04959993
v -0.01036757 -0.00660371 0.05199943
v -0.00920207 -0.00596512 0.04939810
v -0.00925940 -0.00591187 0.05199918
v -0.00790712 -0.00590179 0.04644110
v -0.00799693 -0.00685239 0.04871562
v -0.00904879 -0.00714888 0.05199990
v -0.00788816 -0.00548290 0.05199936
v -0.00781264 -0.00554761 0.04924398
v -0.00795459 -0.00672607 0.05199993
v -0.01075401 -0.00972344 0.04285369
v -0.00957533 -0.01023405 0.04137516
v -0.00954879 -0.00903677 0.04207584
v -0.01071935 -0.00876067 0.04373889
v -0.01067151 -0.00802489 0.04480130
v -0.01061449 -0.00750563 0.04595416
v -0.01006723 -0.00994660 0.04401464
v -0.01005972 -0.00897174 0.04538906
v -0.00951012 -0.00801222 0.04303798
v -0.00945821 -0.00724014 0.04419394
v -0.00920986 -0.00833598 0.04475851
v -0.00921929 -0.00935288 0.04336688
v -0.01077642 -0.01084435 0.04220672
v -0.01000642 -0.01341256 0.04233205
v -0.00959504 -0.01150951 0.04090544
v -0.00919830 -0.01082621 0.04234603
v -0.01058447 -0.01198260 0.04375883
v -0.01004514 -0.01136827 0.04299434
v -0.01060072 -0.01064408 0.04476004
v -0.01055758 -0.01391179 0.04312510
v -0.00804535 -0.00755781 0.04257311
v -0.00807722 -0.00860555 0.04157376
v -0.00810018 -0.00983568 0.04084674
v -0.00805902 -0.00894321 0.04289791
v -0.00804424 -0.01041086 0.04190674
v -0.00805187 -0.00792541 0.04425635
v -0.00916100 -0.01295726 0.04166934
v -0.00811943 -0.01115149 0.04035822
v -0.00802040 -0.01257542 0.04122768
v -0.01002380 -0.00834054 0.04714916
v -0.01059684 -0.00973658 0.04609068
v -0.01057322 -0.00915250 0.04773806
v -0.01053787 -0.00880757 0.04972040
v -0.01052241 -0.00870301 0.05199987
v -0.00997163 -0.00797288 0.04936150
v -0.00986194 -0.00776730 0.05199988
v -0.00917257 -0.00767247 0.04660343
v -0.00912287 -0.00729487 0.04902287
v -0.00802597 -0.00724303 0.04613178
v -0.01199374 -0.00934424 0.05399406
v -0.01154515 -0.00815650 0.05440178
v -0.01083915 -0.00967324 0.05395282
v -0.01158247 -0.00852397 0.05649765
v -0.01200706 -0.00967979 0.05581160
v -0.01202644 -0.01028687 0.05741105
v -0.01163385 -0.00919352 0.05828125
v -0.01082451 -0.00743269 0.05716407
v -0.01084636 -0.00997879 0.05572862
v -0.01085818 -0.01053648 0.05728168
v -0.01220000 -0.01154782 0.05317989
v -0.01220000 -0.01178093 0.05452717
v -0.01099998 -0.01154807 0.05318298
v -0.01100000 -0.01176464 0.05446427
v -0.01220000 -0.01223289 0.05576913
v -0.01220000 -0.01278139 0.05667663
v -0.01220000 -0.01301046 0.05695742
v -0.01100003 -0.01223333 0.05577027
v -0.01100005 -0.01301045 0.05695755
v -0.01166107 -0.01025875 0.05973864
v -0.01091711 -0.00814590 0.05913784
v -0.01096654 -0.00932102 0.06072310
v -0.01095780 -0.01009599 0.06135788
v -0.01203668 -0.01123663 0.05874778
v -0.01164225 -0.01178350 0.06082900
v -0.01202946 -0.01260005 0.05976389
v -0.01160253 -0.01385223 0.06148962
v -0.01086512 -0.01142910 0.05856270
v -0.01086172 -0.01273145 0.05951356
v -0.01092999 -0.01100606 0.06187813
v -0.01085890 -0.01325879 0.06256311
v -0.01075834 -0.00705755 0.05479395
v -0.00962281 -0.00618537 0.05515888
v -0.00970265 -0.00654621 0.05778069
v -0.00821189 -0.00564507 0.05548594
v -0.00797438 -0.00682053 0.05540596
v -0.00827808 -0.00598855 0.05831089
v -0.00799372 -0.00713373 0.05808136
v -0.00837867 -0.00670141 0.06053909
v -0.01049850 -0.00874318 0.05434239
v -0.00991550 -0.00791065 0.05472091
v -0.01051500 -0.00906093 0.05637131
v -0.01054106 -0.00964318 0.05806268
v -0.00994086 -0.00822916 0.05699418
v -0.00907420 -0.00725142 0.05507874
v -0.00910110 -0.00756587 0.05757376
v -0.00998040 -0.00882600 0.05881457
v -0.01000572 -0.00982526 0.06020630
v -0.00981996 -0.00727062 0.05991936
v -0.00986568 -0.00782512 0.06082173
v -0.00988252 -0.00851806 0.06160602
v -0.00986706 -0.00935039 0.06226501
v -0.00982674 -0.01032584 0.06279231
v -0.01055740 -0.01059655 0.05940399
v -0.01055253 -0.01200006 0.06037131
v -0.00999965 -0.01131187 0.06118156
v -0.00997968 -0.01340100 0.06175659
v -0.00973494 -0.01272372 0.06346834
v -0.00914400 -0.00816814 0.05949239
v -0.00841805 -0.00725490 0.06145681
v -0.00917045 -0.00918401 0.06090297
v -0.00802686 -0.00773617 0.06003835
v -0.00804487 -0.00872844 0.06140746
v -0.00842928 -0.00795421 0.06224299
v -0.00840916 -0.00880034 0.06289271
v -0.00803167 -0.01023243 0.06233465
v -0.00836731 -0.00979689 0.06340375
v -0.00916127 -0.01071125 0.06186857
v -0.00913825 -0.01289534 0.06243937
v -0.00801072 -0.01245819 0.06289732
v -0.00828400 -0.01227061 0.06405283
v -0.01158913 -0.01495490 0.04239224
v -0.01080296 -0.01450903 0.04129536
v -0.01079154 -0.01704003 0.04107174
v -0.01201447 -0.01544703 0.04352870
v -0.01219995 -0.01437995 0.04590965
v -0.01219997 -0.01577140 0.04561379
v -0.01219998 -0.01644821 0.04555468
v -0.01086254 -0.01442811 0.04397480
v -0.01099999 -0.01487956 0.04576438
v -0.01084975 -0.01679409 0.04369805
v -0.01099998 -0.01652135 0.04555019
v -0.01148789 -0.01949338 0.04196082
v -0.01219999 -0.01821102 0.04550369
v -0.01197542 -0.01949686 0.04318666
v -0.01218796 -0.01949974 0.04469149
v -0.01220000 -0.01950000 0.04550000
v -0.01087393 -0.01950001 0.04374595
v -0.01099997 -0.01950000 0.04550000
v -0.01179626 -0.02500000 0.04282764
v -0.01170627 -0.02500000 0.04242067
v -0.01162163 -0.02500000 0.04217669
v -0.01102483 -0.02500000 0.04124140
v -0.01086733 -0.02500000 0.04109164
v -0.01153948 -0.02500000 0.04199420
v -0.01117243 -0.02500000 0.04149489
v -0.01203847 -0.02500000 0.04343663
v -0.01207097 -0.02500000 0.04371946
v -0.01217641 -0.02500000 0.04446606
v -0.01219404 -0.02500000 0.04509963
v -0.01219404 -0.02500000 0.04508995
v -0.01220000 -0.02500000 0.04550000
v -0.01081073 -0.02500000 0.04344181
v -0.01088357 -0.02500000 0.04374048
v -0.01092769 -0.02500000 0.04414735
v -0.01099084 -0.02500000 0.04502612
v -0.01099998 -0.02500000 0.04550000
v -0.01220000 -0.02500000 0.04631171
v -0.01219998 -0.02500000 0.04715212
v -0.01099998 -0.02500000 0.04632353
v -0.01099999 -0.02500000 0.04703892
v -0.01219998 -0.02500000 0.05142263
v -0.01219999 -0.02500000 0.05200027
v -0.01100000 -0.02500000 0.05199997
v -0.01052644 -0.01647594 0.04279812
v -0.00962130 -0.01414911 0.04039028
v -0.00962959 -0.01686194 0.04016654
v -0.00995955 -0.01616760 0.04197411
v -0.01075709 -0.01949197 0.04096671
v -0.01044528 -0.01949219 0.04067021
v -0.01038174 -0.01950001 0.04244538
v -0.00983357 -0.01949334 0.04021906
v -0.00955757 -0.01950001 0.04149259
v -0.00911626 -0.01588013 0.04129912
v -0.00799530 -0.01562456 0.04085050
v -0.00906540 -0.01950001 0.04116011
v -0.00835425 -0.01950001 0.04084300
v -0.00796922 -0.01950001 0.04072966
v -0.01077244 -0.02500000 0.04096049
v -0.01049395 -0.02500000 0.04066533
v -0.01018107 -0.02500000 0.04043457
v -0.01004759 -0.02500000 0.04032640
v -0.01041349 -0.02500000 0.04243673
v -0.01056206 -0.02500000 0.04278472
v -0.01031971 -0.02500000 0.04228669
v -0.00955634 -0.02500000 0.04008823
v -0.00935089 -0.02500000 0.03995149
v -0.00989740 -0.02500000 0.04179847
v -0.00957394 -0.02500000 0.04146121
v -0.00912148 -0.02500000 0.04121369
v -0.00886125 -0.02500000 0.04103790
v -0.00848525 -0.02500000 0.04087023
v -0.00789204 -0.02500000 0.04072933
v -0.00768535 -0.02500000 0.04066849
v -0.01220000 -0.01427286 0.05792582
v -0.01220000 -0.01569013 0.05834330
v -0.01220000 -0.01650927 0.05843581
v -0.01100002 -0.01414811 0.05786257
v -0.01100000 -0.01568749 0.05834297
v -0.01201471 -0.01447297 0.06037288
v -0.01200259 -0.01682795 0.06064114
v -0.01085493 -0.01454065 0.06006731
v -0.01084751 -0.01685209 0.06031250
v -0.01156910 -0.01646109 0.06180388
v -0.01080033 -0.01610729 0.06289641
v -0.01220000 -0.01950000 0.05850000
v -0.01207588 -0.01949802 0.06035913
v -0.01198914 -0.01949700 0.06076012
v -0.01186974 -0.01949583 0.06116788
v -0.01099999 -0.01755082 0.05848468
v -0.01099997 -0.01950000 0.05850000
v -0.01083709 -0.01950000 0.06042014
v -0.01137274 -0.01949293 0.06223577
v -0.01115743 -0.01949234 0.06255567
v -0.01220000 -0.02500000 0.05522034
v -0.01099993 -0.02500000 0.05661363
v -0.01220000 -0.02500000 0.05851836
v -0.01217763 -0.02500000 0.05918784
v -0.01211601 -0.02500000 0.06011087
v -0.01199634 -0.02500000 0.06075206
v -0.01195300 -0.02500000 0.06095243
v -0.01189335 -0.02500000 0.06115615
v -0.01186396 -0.02500000 0.06124857
v -0.01099993 -0.02500000 0.05850001
v -0.01099519 -0.02500000 0.05887369
v -0.01091359 -0.02500000 0.05983572
v -0.01083049 -0.02500000 0.06010418
v -0.01161536 -0.02500000 0.06178275
v -0.01132304 -0.02500000 0.06237462
v -0.01121388 -0.02500000 0.06253681
v -0.01099919 -0.02500000 0.06279110
v -0.01053891 -0.01395747 0.06094100
v -0.01052096 -0.01649843 0.06121816
v -0.00995163 -0.01615728 0.06204751
v -0.00966642 -0.01578104 0.06379060
v -0.01067124 -0.01950000 0.06095596
v -0.01049351 -0.01950000 0.06135429
v -0.01073396 -0.01949198 0.06305727
v -0.00990771 -0.01950000 0.06218516
v -0.00985377 -0.01949329 0.06376842
v -0.00959558 -0.01949394 0.06391997
v -0.00927871 -0.01949479 0.06407927
v -0.00910941 -0.01583895 0.06272742
v -0.00799219 -0.01555112 0.06318058
v -0.00823195 -0.01549141 0.06435687
v -0.00906618 -0.01950000 0.06284134
v -0.00796921 -0.01950000 0.06327028
v -0.00766520 -0.01950000 0.06333783
v -0.00770539 -0.01949845 0.06455033
v -0.01075015 -0.02500000 0.06076263
v -0.01069121 -0.02500000 0.06096431
v -0.01060067 -0.02500000 0.06116724
v -0.01047181 -0.02500000 0.06145872
v -0.01016973 -0.02500000 0.06188718
v -0.01002508 -0.02500000 0.06210533
v -0.01058769 -0.02500000 0.06324092
v -0.01013367 -0.02500000 0.06360774
v -0.00958596 -0.02500000 0.06244772
v -0.00941099 -0.02500000 0.06263380
v -0.00969834 -0.02500000 0.06388734
v -0.00956280 -0.02500000 0.06396689
v -0.00939644 -0.02500000 0.06405053
v -0.00931902 -0.02500000 0.06408682
v -0.00913547 -0.02500000 0.06283368
v -0.00854636 -0.02500000 0.06306404
v -0.00886378 -0.02500000 0.06424202
v -0.00835452 -0.02500000 0.06315927
v -0.00833377 -0.02500000 0.06316802
v -0.00805974 -0.02500000 0.06325987
v -0.00802113 -0.02500000 0.06449430
v -0.00778092 -0.02500000 0.06331623
v -0.00759762 -0.02500000 0.06335588
v -0.00761216 -0.02500000 0.06335373
v -0.00765983 -0.02500000 0.06456371
v -0.00647798 -0.00658897 0.04355199
v -0.00645124 -0.00606644 0.04486928
v -0.00663344 -0.00707777 0.04574534
v -0.00500000 -0.00675103 0.04312818
v -0.00500000 -0.00657654 0.04345054
v -0.00500000 -0.00584705 0.04550595
v -0.00500000 -0.00710816 0.04542059
v -0.00637549 -0.00539465 0.04913481
v -0.00642463 -0.00572987 0.04624870
v -0.00662336 -0.00666062 0.04844214
v -0.00599476 -0.00530717 0.05199974
v -0.00651909 -0.00652756 0.05199996
v -0.00500000 -0.00571635 0.04611794
v -0.00500000 -0.00664875 0.04813877
v -0.00500000 -0.00533995 0.04978199
v -0.00500000 -0.00530000 0.05199981
v -0.00500000 -0.00650000 0.05200000
v -0.00652010 -0.00839334 0.04135932
v -0.00650189 -0.00736090 0.04235255
v -0.00664874 -0.00874323 0.04264658
v -0.00653346 -0.00961193 0.04063257
v -0.00664090 -0.01013665 0.04171854
v -0.00664549 -0.00777087 0.04390844
v -0.00654549 -0.01092901 0.04013907
v -0.00663061 -0.01227240 0.04104255
v -0.00500000 -0.00831470 0.04133857
v -0.00500000 -0.00732607 0.04229470
v -0.00500000 -0.00856202 0.04271309
v -0.00500000 -0.00948742 0.04062625
v -0.00500000 -0.01032886 0.04027756
v -0.00500000 -0.00996619 0.04172872
v -0.00500000 -0.00781688 0.04368300
v -0.00500000 -0.00733038 0.04472403
v -0.00500000 -0.01077793 0.04012974
v -0.00500000 -0.01202154 0.04104590
v -0.00500000 -0.01063078 0.04144538
v -0.00500000 -0.01347473 0.04079743
v -0.00662736 -0.00542645 0.05577794
v -0.00661977 -0.00662632 0.05570045
v -0.00500000 -0.00660322 0.05597363
v -0.00500000 -0.00551780 0.05736106
v -0.00500000 -0.00673883 0.05747743
v -0.00666120 -0.00577368 0.05875059
v -0.00662917 -0.00695087 0.05850687
v -0.00671371 -0.00648375 0.06096594
v -0.00673411 -0.00701240 0.06183298
v -0.00500000 -0.00579424 0.05912558
v -0.00500000 -0.00696825 0.05887398
v -0.00500000 -0.00615846 0.06039818
v -0.00500000 -0.00653937 0.06125142
v -0.00664705 -0.00755624 0.06042570
v -0.00673806 -0.00767148 0.06256258
v -0.00665503 -0.00848044 0.06167640
v -0.00672386 -0.00847068 0.06316413
v -0.00664350 -0.00988499 0.06253345
v -0.00669830 -0.00942773 0.06364448
v -0.00662992 -0.01209152 0.06309360
v -0.00665221 -0.01189658 0.06428003
v -0.00500000 -0.00724889 0.05988486
v -0.00500000 -0.00759691 0.06068385
v -0.00500000 -0.00824993 0.06158418
v -0.00500000 -0.00727404 0.06229799
v -0.00500000 -0.00841511 0.06174367
v -0.00500000 -0.00830399 0.06316110
v -0.00500000 -0.00964372 0.06251160
v -0.00500000 -0.00993473 0.06262797
v -0.00500000 -0.00890926 0.06349624
v -0.00500000 -0.00917038 0.06361511
v -0.00500000 -0.01177393 0.06309459
v -0.00500000 -0.01170955 0.06429869
v -0.00500000 -0.01318795 0.06327746
v -0.00662305 -0.01540210 0.04065120
v -0.00731950 -0.01950001 0.04060705
v -0.00610579 -0.01950001 0.04051475
v -0.00500000 -0.01520070 0.04062709
v -0.00500000 -0.01950000 0.04050002
v -0.00733657 -0.02500000 0.04060267
v -0.00668502 -0.02500000 0.04055312
v -0.00576159 -0.02500000 0.04050809
v -0.00515990 -0.02500000 0.04050007
v -0.00500000 -0.02500000 0.04050001
v -0.00118558 -0.02500000 0.04050000
v -0.00662262 -0.01529402 0.06338375
v -0.00662816 -0.01523505 0.06458470
v -0.00661772 -0.01950000 0.06346646
v -0.00500000 -0.01505713 0.06341057
v -0.00500000 -0.01500711 0.06460951
v -0.00500000 -0.01695987 0.06467625
v -0.00500000 -0.01950000 0.06349999
v -0.00729772 -0.02500000 0.06460036
v -0.00701586 -0.02500000 0.06342731
v -0.00626548 -0.02500000 0.06347828
v -0.00581778 -0.02500000 0.06468223
v -0.00535180 -0.02500000 0.06349722
v -0.00499651 -0.02500000 0.06349999
v -0.01360865 -0.02802730 0.01551885
v -0.01272931 -0.02844191 0.01556598
v -0.01318318 -0.02939949 0.01500001
v -0.01282433 -0.02954301 0.01500001
v -0.01330613 -0.03291121 0.01956579
v -0.01270541 -0.03218647 0.02031587
v -0.01203663 -0.03145884 0.01719111
v -0.01093022 -0.03403302 0.01933088
v -0.01392032 -0.03378032 0.02279290
v -0.01285137 -0.03691893 0.02513918
v -0.01346264 -0.03766006 0.02440973
v -0.01319154 -0.04012996 0.02720219
v -0.01164588 -0.03511205 0.02254358
v -0.01220172 -0.03584711 0.02176574
v -0.01150591 -0.03748567 0.02501141
v -0.01203592 -0.03829164 0.02427841
v -0.01157966 -0.04067084 0.02710772
v -0.01057519 -0.02924176 0.01567485
v -0.01036712 -0.03032345 0.01500000
v -0.00980948 -0.02946416 0.01570968
v -0.01044469 -0.03327654 0.02013445
v -0.00859025 -0.03070468 0.01500000
v -0.00860495 -0.03070207 0.01500000
v -0.00833530 -0.02981453 0.01576947
v -0.00790723 -0.03398312 0.01994418
v -0.00829288 -0.03478282 0.01912044
v -0.00939776 -0.03678696 0.02151900
v -0.01050084 -0.03876868 0.02416568
v -0.01004099 -0.03791183 0.02489387
v -0.00896876 -0.03596737 0.02230356
v -0.01262606 -0.03928592 0.02786444
v -0.01109324 -0.03976908 0.02776372
v -0.00767459 -0.04035184 0.02758835
v -0.00807243 -0.04132209 0.02694874
v -0.01260981 -0.04243896 0.03039345
v -0.01367408 -0.04095276 0.03103373
v -0.01209577 -0.04149318 0.03096353
v -0.01323904 -0.04313631 0.03500000
v -0.01356552 -0.04401926 0.03407348
v -0.01301722 -0.04303848 0.03454704
v -0.01299720 -0.04322407 0.03500000
v -0.01291004 -0.04325172 0.03500000
v -0.01277935 -0.04328761 0.03500000
v -0.01268540 -0.04331094 0.03500000
v -0.01375786 -0.04432163 0.03500000
v -0.01355808 -0.04438978 0.03500000
v -0.01339576 -0.04443783 0.03500000
v -0.01337881 -0.04444252 0.03500000
v -0.01337671 -0.04444308 0.03500000
v -0.01297029 -0.04453837 0.03500000
v -0.01215328 -0.04342277 0.03500000
v -0.00892784 -0.04318597 0.03028516
v -0.00850547 -0.04217282 0.03084450
v -0.00938054 -0.04403823 0.03500000
v -0.00931200 -0.04383997 0.03449772
v -0.01007973 -0.04521357 0.03500000
v -0.00998051 -0.04523582 0.03500000
v -0.00976599 -0.04488603 0.03402289
v -0.00952521 -0.04531403 0.03500000
v -0.00860382 -0.04413683 0.03500000
v -0.00603140 -0.03018123 0.01584372
v -0.00624791 -0.03101842 0.01500000
v -0.00507019 -0.03027573 0.01586848
v -0.00523380 -0.03109573 0.01500000
v -0.00465724 -0.03308897 0.01681646
v -0.00549199 -0.03517552 0.01894277
v -0.00517405 -0.03434193 0.01977059
v -0.00599501 -0.03639849 0.02209265
v -0.00634681 -0.03727278 0.02131677
v -0.00720930 -0.03933667 0.02397248
v -0.00683339 -0.03841453 0.02468514
v -0.00372591 -0.03035451 0.01589778
v -0.00148370 -0.03035185 0.01593276
v -0.00209417 -0.03313646 0.01672990
v -0.00167990 -0.03111740 0.01500000
v -0.00163012 -0.03111508 0.01500000
v -0.00315299 -0.03741825 0.02114790
v -0.00235259 -0.03441908 0.01962998
v -0.00261333 -0.03527926 0.01879980
v -0.00285558 -0.03650670 0.02191772
v -0.00370983 -0.03952228 0.02380336
v -0.00338111 -0.03855960 0.02450585
v -0.00392569 -0.04054730 0.02743008
v -0.00428451 -0.04155754 0.02680079
v -0.00487705 -0.04349020 0.03017630
v -0.00448727 -0.04243888 0.03072886
v -0.00696623 -0.04425701 0.03500000
v -0.00667407 -0.04559641 0.03500000
v -0.00612822 -0.04566523 0.03500000
v -0.00506328 -0.04420300 0.03444185
v -0.00548666 -0.04528667 0.03396684
v -0.00487051 -0.04444728 0.03500000
v -0.00508660 -0.04572804 0.03500000
v -0.00294294 -0.04445114 0.03500000
v -0.00261347 -0.04574019 0.03500000
v -0.00118101 -0.04445354 0.03500000
v -0.02592754 -0.00178775 0.07149237
v -0.02594337 -0.00384268 0.07193595
v -0.02596222 -0.00599717 0.07232063
v -0.02473450 -0.00190830 0.07138423
v -0.02475042 -0.00398103 0.07184651
v -0.02476612 -0.00611352 0.07223761
v -0.02628675 -0.00822726 0.06655382
v -0.02620182 -0.01001691 0.06705441
v -0.02613199 -0.01198012 0.06705077
v -0.02499492 -0.00997889 0.06718156
v -0.02484267 -0.00824634 0.07082506
v -0.02492559 -0.01193848 0.06718114
v -0.02593844 -0.00828991 0.07245405
v -0.02425892 -0.00094674 0.08413043
v -0.02429713 -0.00195989 0.08449124
v -0.02446188 -0.00402327 0.08545312
v -0.02456362 -0.00508265 0.08592765
v -0.02465527 -0.00616982 0.08629624
v -0.02549790 -0.00835315 0.07834473
v -0.02548357 -0.01015205 0.07837959
v -0.02544637 -0.01221341 0.07837383
v -0.02426657 -0.01014251 0.07855487
v -0.02394273 -0.00841463 0.08243366
v -0.02423028 -0.01218556 0.07855362
v -0.02472189 -0.00728976 0.08651367
v -0.02475837 -0.00844456 0.08661194
v -0.02304487 -0.00112981 0.08419718
v -0.02309192 -0.00220264 0.08458038
v -0.02326703 -0.00431431 0.08558089
v -0.02336560 -0.00535390 0.08606452
v -0.02345025 -0.00639742 0.08643335
v -0.02351037 -0.00746704 0.08664627
v -0.02596305 -0.01597766 0.06696917
v -0.02582864 -0.01867661 0.06683640
v -0.02475617 -0.01592884 0.06711789
v -0.02461400 -0.01862395 0.06713139
v -0.02558102 -0.01620695 0.07382689
v -0.02567155 -0.02142754 0.06653441
v -0.02552629 -0.02407159 0.06615821
v -0.02548833 -0.02500000 0.06605011
v -0.02445562 -0.02136794 0.06680673
v -0.02430863 -0.02402184 0.06640462
v -0.02426880 -0.02500000 0.06628627
v -0.02513296 -0.02500000 0.07000000
v -0.02507505 -0.02612756 0.07000000
v -0.02505010 -0.02663870 0.07000000
v -0.02504448 -0.02717029 0.07000000
v -0.02393647 -0.02500000 0.06992384
v -0.02392842 -0.02502117 0.07000000
v -0.02392946 -0.02500000 0.07000000
v -0.02384598 -0.02661328 0.07000000
v -0.02384106 -0.02713171 0.07000000
v -0.02464580 -0.02421624 0.07630702
v -0.02457644 -0.02546207 0.07592185
v -0.02454237 -0.02670188 0.07562681
v -0.02340836 -0.02410090 0.07664652
v -0.02333574 -0.02538335 0.07624569
v -0.02329997 -0.02667292 0.07594264
v -0.02404306 -0.01627598 0.07862123
v -0.02509675 -0.01902309 0.07788390
v -0.02396660 -0.01755048 0.07851110
v -0.02386410 -0.01892262 0.07830192
v -0.02463906 -0.01652859 0.08593698
v -0.02485742 -0.02168260 0.07718237
v -0.02317960 -0.01650387 0.08874606
v -0.02362491 -0.02154573 0.07756416
v -0.02353411 -0.02173121 0.08937065
v -0.02321316 -0.02406007 0.08789994
v -0.02312062 -0.02524011 0.08725890
v -0.02309288 -0.02645656 0.08677971
v -0.02195552 -0.02382661 0.08836926
v -0.02184998 -0.02508443 0.08770590
v -0.02181488 -0.02640225 0.08721683
v -0.02430287 -0.00849734 0.09118776
v -0.02434824 -0.01028844 0.09127094
v -0.02435058 -0.01244584 0.09128740
v -0.02232297 -0.00429665 0.10120813
v -0.02186810 -0.00118612 0.09892973
v -0.02196474 -0.00222293 0.09955221
v -0.02061773 -0.00147871 0.09930092
v -0.02074332 -0.00262286 0.09996169
v -0.02113739 -0.00478304 0.10167993
v -0.02311845 -0.01031504 0.09151898
v -0.02312138 -0.01243172 0.09154046
v -0.02245881 -0.00864892 0.09723818
v -0.02253974 -0.00534869 0.10202806
v -0.02273993 -0.00642086 0.10266885
v -0.02134551 -0.00580159 0.10251132
v -0.02152402 -0.00679519 0.10314769
v -0.02127228 -0.00667733 0.11438337
v -0.02138523 -0.00702403 0.11438337
v -0.02078156 -0.00528640 0.11438337
v -0.02057073 -0.00487050 0.11438337
v -0.02089049 -0.00563141 0.11438337
v -0.02099349 -0.00601266 0.11438337
v -0.02116288 -0.00639641 0.11438337
v -0.02289626 -0.00751897 0.10305279
v -0.02278139 -0.01044695 0.10622682
v -0.02281791 -0.01270148 0.10626967
v -0.02165978 -0.00779769 0.10351936
v -0.02153454 -0.01050992 0.10659663
v -0.02157028 -0.01269520 0.10664289
v -0.02166814 -0.00880748 0.11438337
v -0.02166660 -0.00879630 0.11438337
v -0.02146776 -0.00746737 0.11438337
v -0.02154128 -0.00775393 0.11438337
v -0.02159560 -0.00802406 0.11438337
v -0.02160729 -0.00841909 0.11438337
v -0.02176251 -0.00969093 0.11438337
v -0.02181691 -0.01014405 0.11438337
v -0.02043866 -0.00843969 0.11438337
v -0.02047025 -0.00885490 0.11438337
v -0.02048338 -0.00894555 0.11438337
v -0.02062472 -0.01036181 0.11438337
v -0.02056525 -0.00984897 0.11438337
v -0.02186985 -0.01196335 0.11438337
v -0.02189105 -0.01311643 0.11438337
v -0.02064683 -0.01153644 0.11438337
v -0.02068461 -0.01306526 0.11438337
v -0.02427911 -0.01465998 0.09118690
v -0.02405754 -0.01791116 0.09086484
v -0.02390494 -0.01925769 0.09054255
v -0.02372412 -0.02052716 0.09003309
v -0.02305126 -0.01460515 0.09144022
v -0.02279894 -0.01778868 0.09146058
v -0.02247761 -0.02028696 0.09059353
v -0.02265173 -0.01907441 0.09112482
v -0.02313802 -0.01684468 0.10089301
v -0.02229108 -0.02145630 0.08990184
v -0.02114841 -0.02365884 0.10120992
v -0.02101429 -0.02474331 0.10024547
v -0.02098264 -0.02592076 0.09953213
v -0.02105894 -0.02720100 0.09913970
v -0.02273391 -0.01500105 0.10613478
v -0.02242116 -0.01816033 0.10567560
v -0.02219389 -0.01942056 0.10519692
v -0.02148850 -0.01492676 0.10650616
v -0.02133453 -0.01680347 0.10626569
v -0.02127842 -0.01681074 0.10675354
v -0.02192080 -0.02056627 0.10443109
v -0.02113208 -0.01795953 0.10651299
v -0.02092511 -0.01910590 0.10601607
v -0.02068086 -0.02014036 0.10522118
v -0.02181349 -0.01413644 0.11438337
v -0.02176284 -0.01530505 0.11438337
v -0.02168143 -0.01608360 0.11438337
v -0.02152851 -0.01709719 0.11438337
v -0.02063247 -0.01426305 0.11438337
v -0.02057105 -0.01509961 0.11438337
v -0.02047350 -0.01611054 0.11438337
v -0.02142934 -0.01756663 0.11438337
v -0.02137666 -0.01806905 0.11438337
v -0.02130112 -0.01835191 0.11438337
v -0.02125359 -0.01850308 0.11438337
v -0.02112233 -0.01907910 0.11438337
v -0.02095407 -0.01950475 0.11438337
v -0.02082157 -0.01977177 0.11438337
v -0.02066736 -0.02023936 0.11438337
v -0.02051060 -0.02050312 0.11438337
v -0.02163227 -0.02162050 0.10343138
v -0.01964238 -0.00281237 0.11438337
v -0.01924897 -0.00151221 0.11438337
v -0.01925895 -0.00162724 0.11438337
v -0.01908810 -0.00057708 0.11438337
v -0.01960932 -0.00264003 0.11438337
v -0.02040707 -0.00430421 0.11438337
v -0.02004753 -0.00686701 0.11438337
v -0.01963864 -0.00583326 0.11438337
v -0.01974072 -0.00620828 0.11438337
v -0.01885452 -0.00424039 0.11438337
v -0.01859930 -0.00345170 0.11438337
v -0.01814838 -0.00217598 0.11438337
v -0.01818632 -0.00235673 0.11438337
v -0.01786747 -0.00059415 0.11438337
v -0.01791103 -0.00100979 0.11438337
v -0.01792470 -0.00114465 0.11438337
v -0.01875992 -0.00396148 0.11438337
v -0.02030118 -0.00779066 0.11438337
v -0.02012540 -0.00728891 0.11438337
v -0.01988864 -0.02323030 0.10186671
v -0.01971073 -0.02445895 0.10086600
v -0.01965392 -0.02581731 0.10013600
v -0.01973248 -0.02726004 0.09974597
v -0.02035323 -0.01691571 0.11438337
v -0.02026182 -0.01751577 0.11438337
v -0.02010995 -0.01813079 0.11438337
v -0.01997600 -0.01870168 0.11438337
v -0.01978189 -0.01917337 0.11438337
v -0.01962273 -0.01964287 0.11438337
v -0.01938050 -0.02003979 0.11438337
v -0.01921633 -0.02042352 0.11438337
v -0.02013827 -0.02213225 0.10301663
v -0.02041301 -0.02112286 0.10418127
v -0.02002233 -0.02600000 0.10432704
v -0.02002112 -0.02667796 0.10432704
v -0.02003061 -0.02694502 0.10432704
v -0.02004386 -0.02707915 0.10432704
v -0.01881327 -0.02600000 0.10432704
v -0.01881615 -0.02606834 0.10432704
v -0.01881653 -0.02703582 0.10432704
v -0.01885976 -0.02737856 0.10432704
v -0.02007777 -0.02111464 0.11438337
v -0.01993732 -0.02144355 0.11438337
v -0.01898728 -0.02271375 0.11438337
v -0.01886709 -0.02297997 0.11438337
v -0.01875393 -0.02098970 0.11438337
v -0.01861314 -0.02129127 0.11438337
v -0.01849869 -0.02157832 0.11438337
v -0.01835346 -0.02393725 0.11438337
v -0.01834912 -0.02395140 0.11438337
v -0.01783513 -0.02233658 0.11438337
v -0.01734489 -0.02315960 0.11438337
v -0.01867592 -0.02600000 0.11105081
v -0.01829973 -0.02411921 0.11438337
v -0.01824495 -0.02477890 0.11370359
v -0.01824453 -0.02521486 0.11337999
v -0.01827387 -0.02579737 0.11306038
v -0.01829465 -0.02600000 0.11299128
v -0.01761426 -0.02418281 0.11438337
v -0.01721887 -0.02600000 0.11332529
v -0.01715841 -0.02360054 0.11438337
v -0.01714044 -0.02365762 0.11438337
v -0.01700782 -0.02429108 0.11438337
v -0.01695281 -0.02426712 0.11438337
v -0.01694444 -0.02431414 0.11438337
v -0.01692254 -0.02504637 0.11385845
v -0.01693141 -0.02537119 0.11367542
v -0.01696330 -0.02588094 0.11344144
v -0.01697587 -0.02600000 0.11340413
v -0.02501281 -0.02849861 0.07000000
v -0.02502606 -0.02902650 0.07000000
v -0.02502210 -0.03018875 0.07000000
v -0.02385465 -0.02764230 0.07000000
v -0.02382277 -0.02906004 0.07000000
v -0.02388117 -0.02998693 0.07000000
v -0.02507982 -0.03116648 0.07000000
v -0.02507231 -0.03211654 0.07000000
v -0.02511730 -0.03289079 0.07000000
v -0.02512942 -0.03377822 0.07000000
v -0.02511907 -0.03409342 0.07000000
v -0.02387924 -0.03122394 0.07000000
v -0.02392256 -0.03192035 0.07000000
v -0.02391632 -0.03291013 0.07000000
v -0.02390203 -0.03368467 0.07000000
v -0.02390012 -0.03401744 0.07000000
v -0.02454551 -0.02793176 0.07544767
v -0.02458094 -0.02913588 0.07538512
v -0.02470444 -0.03137121 0.07550537
v -0.02479914 -0.03318625 0.07568792
v -0.02502292 -0.03507684 0.07000000
v -0.02481762 -0.03701814 0.07000000
v -0.02384445 -0.03467786 0.07000000
v -0.02365260 -0.03666872 0.07000000
v -0.02447148 -0.03908408 0.07000000
v -0.02434078 -0.03997287 0.07000000
v -0.02504732 -0.03419126 0.07154898
v -0.02330420 -0.02795496 0.07576392
v -0.02334285 -0.02920414 0.07570834
v -0.02347425 -0.03148800 0.07585434
v -0.02356984 -0.03326217 0.07605986
v -0.02334461 -0.03860059 0.07000000
v -0.02324015 -0.03934998 0.07000000
v -0.02355441 -0.03439193 0.07622191
v -0.02375973 -0.03351137 0.08718248
v -0.02466254 -0.03450280 0.07752621
v -0.02444172 -0.03743713 0.07741687
v -0.02435744 -0.03467694 0.08135523
v -0.02401172 -0.04039029 0.07730062
v -0.02379828 -0.03492513 0.08731227
v -0.02323290 -0.02898556 0.08644313
v -0.02313338 -0.02771129 0.08650772
v -0.02337187 -0.03024591 0.08654497
v -0.02211407 -0.03042558 0.08701412
v -0.02352562 -0.03145186 0.08675376
v -0.02227455 -0.03165750 0.08724103
v -0.02250469 -0.03366100 0.08769789
v -0.02185748 -0.02775633 0.08694771
v -0.02196516 -0.02911011 0.08689453
v -0.02325205 -0.03711511 0.07766376
v -0.02288222 -0.03979611 0.07756519
v -0.02263453 -0.03488924 0.08689732
v -0.02343639 -0.03793169 0.08912942
v -0.02306637 -0.04089070 0.08898970
v -0.02222276 -0.03763249 0.08943714
v -0.02190657 -0.04031979 0.08931555
v -0.02397208 -0.04134237 0.07000000
v -0.02371000 -0.04251385 0.07000000
v -0.02360917 -0.04291964 0.07000000
v -0.02342273 -0.04355770 0.07000000
v -0.02331971 -0.04389307 0.07000000
v -0.02324964 -0.04404890 0.07000000
v -0.02281876 -0.04120198 0.07000000
v -0.02268222 -0.04185733 0.07000000
v -0.02262438 -0.04210572 0.07000000
v -0.02236482 -0.04287545 0.07000000
v -0.02220276 -0.04342763 0.07000000
v -0.02309687 -0.04431728 0.07000000
v -0.02296301 -0.04465740 0.07000000
v -0.02286910 -0.04483270 0.07000000
v -0.02236528 -0.04556312 0.07000000
v -0.02191204 -0.04403280 0.07000000
v -0.02177949 -0.04425579 0.07000000
v -0.02146165 -0.04491786 0.07000000
v -0.02183912 -0.04649830 0.07000000
v -0.02082457 -0.04580719 0.07000000
v -0.02106043 -0.04746706 0.07000000
v -0.02324764 -0.04390288 0.07550496
v -0.02224035 -0.04305280 0.07570909
v -0.02314547 -0.04438137 0.07271285
v -0.02293030 -0.04482025 0.07547403
v -0.02272380 -0.04527323 0.07545628
v -0.02246535 -0.04575480 0.07542749
v -0.02201190 -0.04394863 0.07299213
v -0.02130664 -0.04530694 0.07225535
v -0.02179798 -0.04438040 0.07555756
v -0.02181251 -0.04434515 0.07556386
v -0.02105095 -0.04577566 0.07539126
v -0.02048150 -0.04802531 0.07000000
v -0.02110170 -0.04772403 0.07530296
v -0.02338011 -0.04322582 0.07718392
v -0.02234798 -0.04237427 0.07746803
v -0.02168087 -0.04393625 0.08220678
v -0.02122434 -0.04523360 0.08200032
v -0.02187930 -0.04659420 0.08146993
v -0.02250990 -0.04374401 0.08884942
v -0.02241718 -0.04517939 0.08465571
v -0.02219247 -0.04584334 0.08450210
v -0.02143471 -0.04292222 0.08919483
v -0.02185551 -0.04649433 0.08434604
v -0.02163598 -0.04684962 0.08361505
v -0.02199337 -0.04566025 0.08874952
v -0.02100219 -0.04471546 0.08897770
v -0.02079001 -0.04535626 0.08886477
v -0.02119016 -0.04724832 0.08733888
v -0.02048611 -0.04599544 0.08863100
v -0.02049034 -0.04834241 0.08252547
v -0.01998572 -0.04685820 0.07000000
v -0.01966162 -0.04714543 0.07000000
v -0.01983481 -0.04734256 0.07530506
v -0.01960506 -0.04757864 0.07529320
v -0.01962413 -0.04880275 0.07000000
v -0.01901407 -0.04774971 0.07000000
v -0.01912363 -0.04914386 0.07000000
v -0.01855417 -0.04806226 0.07000000
v -0.01823410 -0.04973760 0.07000000
v -0.01786856 -0.04855152 0.07000000
v -0.01745480 -0.05012298 0.07000000
v -0.01944219 -0.04931898 0.07520828
v -0.01941612 -0.04935463 0.07552054
v -0.01870383 -0.04837452 0.07525432
v -0.01816460 -0.05018573 0.07515549
v -0.01753378 -0.04916646 0.07521332
v -0.01409803 -0.04513000 0.07000000
v -0.01459745 -0.04643256 0.07000000
v -0.01653615 -0.05058007 0.07000000
v -0.01630178 -0.04931231 0.07000000
v -0.01567392 -0.05088013 0.07000000
v -0.01545469 -0.04976541 0.07000000
v -0.01447485 -0.05088881 0.07000000
v -0.01437134 -0.05037383 0.07000000
v -0.01473131 -0.05123383 0.07000000
v -0.01454389 -0.05122972 0.07000000
v -0.01456456 -0.05133601 0.07000000
v -0.01458478 -0.05132823 0.07000000
v -0.01453773 -0.05139854 0.07060692
v -0.01676147 -0.04958087 0.07518729
v -0.01634940 -0.05107796 0.07508791
v -0.01522247 -0.05003241 0.07225892
v -0.01457363 -0.04936964 0.07384823
v -0.01474845 -0.05035136 0.07454689
v -0.01457741 -0.05044144 0.07510450
v -0.01424002 -0.05167699 0.07326081
v -0.01449336 -0.05171775 0.07501588
v -0.02033311 -0.04665378 0.08241995
v -0.02024852 -0.04672461 0.08311211
v -0.01977254 -0.04707959 0.08688012
v -0.01948391 -0.04767252 0.08239388
v -0.01836649 -0.04877646 0.07878798
v -0.01876925 -0.05004361 0.08123859
v -0.01800320 -0.04912215 0.08152159
v -0.01989536 -0.04876802 0.08628039
v -0.01889927 -0.04808209 0.08613899
v -0.01803743 -0.05062800 0.08546445
v -0.01766883 -0.04939963 0.08360065
v -0.01721253 -0.04971268 0.08485685
v -0.01782123 -0.05075340 0.08509050
v -0.01817429 -0.05029236 0.08928543
v -0.01727733 -0.04949001 0.08918080
v -0.01726962 -0.05114424 0.08840966
v -0.01572776 -0.05046151 0.08471081
v -0.01695974 -0.04990841 0.08702163
v -0.01625375 -0.05035450 0.08937536
v -0.01620030 -0.05157283 0.08493278
v -0.01442596 -0.05221868 0.08476076
v -0.01407163 -0.05106097 0.08455342
v -0.02211587 -0.03374066 0.10033163
v -0.02122879 -0.02856230 0.09906791
v -0.02146117 -0.02995886 0.09925384
v -0.02171709 -0.03133324 0.09960622
v -0.02043501 -0.03162066 0.10026452
v -0.02082380 -0.03396208 0.10101505
v -0.02328606 -0.03511235 0.09203428
v -0.02148706 -0.03530803 0.09690446
v -0.02191963 -0.03843550 0.10185877
v -0.02054303 -0.02989997 0.10432704
v -0.02148461 -0.03384469 0.10432704
v -0.02149852 -0.03392138 0.10432704
v -0.02113490 -0.03221764 0.10432704
v -0.02100813 -0.03169331 0.10432704
v -0.02080654 -0.03081372 0.10432704
v -0.02187360 -0.03555510 0.10301627
v -0.02166919 -0.03561633 0.10432704
v -0.02154179 -0.03439658 0.10432704
v -0.02166629 -0.03586421 0.10432704
v -0.02075311 -0.03554197 0.10236916
v -0.02046452 -0.03563355 0.10432704
v -0.02155551 -0.03841355 0.10432704
v -0.02155039 -0.03851278 0.10432704
v -0.02128349 -0.04088306 0.10432704
v -0.02067749 -0.03816308 0.10223527
v -0.02080039 -0.04759109 0.09070737
v -0.02144909 -0.04616326 0.09366839
v -0.02111582 -0.04704626 0.09344637
v -0.02160963 -0.04140028 0.10169559
v -0.02112837 -0.04427134 0.10153172
v -0.02049240 -0.04681367 0.10165448
v -0.02054789 -0.04784362 0.09312256
v -0.02123790 -0.04141201 0.10432704
v -0.02114924 -0.04204269 0.10432704
v -0.02075353 -0.04430171 0.10432704
v -0.02059597 -0.04507667 0.10432704
v -0.01991823 -0.02873893 0.09968716
v -0.02016828 -0.03021119 0.09989315
v -0.02013975 -0.02791584 0.10432704
v -0.02022575 -0.02842239 0.10432704
v -0.02037746 -0.02902946 0.10432704
v -0.01887633 -0.02747354 0.10432704
v -0.01899054 -0.02844178 0.10432704
v -0.01935545 -0.03015159 0.10432704
v -0.01930549 -0.02996571 0.10432704
v -0.01918384 -0.02942768 0.10432704
v -0.01972718 -0.03161599 0.10432704
v -0.01989940 -0.03224293 0.10432704
v -0.02026917 -0.03393085 0.10432704
v -0.02029150 -0.03403389 0.10432704
v -0.01958669 -0.03112848 0.10432704
v -0.02039905 -0.03486338 0.10432704
v -0.02040536 -0.03726336 0.10432704
v -0.02036675 -0.03784370 0.10432704
v -0.02035905 -0.03826065 0.10432704
v -0.02041505 -0.04085655 0.10209144
v -0.02012328 -0.04049968 0.10432704
v -0.01935259 -0.04740456 0.09039276
v -0.01914930 -0.04760344 0.09233940
v -0.01973666 -0.04672156 0.09529100
v -0.01936795 -0.04732179 0.09484270
v -0.02000609 -0.04348331 0.10194778
v -0.01893880 -0.04732565 0.10179878
v -0.02015681 -0.04830240 0.09035428
v -0.01908159 -0.04769575 0.09022292
v -0.01918023 -0.04931785 0.08982921
v -0.01961412 -0.04886189 0.09342036
v -0.02040967 -0.04799293 0.09453034
v -0.01819172 -0.04860982 0.08971313
v -0.01763874 -0.05067277 0.09086937
v -0.01850906 -0.04826883 0.09333935
v -0.01833802 -0.05004763 0.09291069
v -0.01736585 -0.04929749 0.09282184
v -0.01784638 -0.05046939 0.09422374
v -0.01728708 -0.05090681 0.09538598
v -0.02023269 -0.04817785 0.09634990
v -0.01977604 -0.04872960 0.09625501
v -0.01929004 -0.04922995 0.09856270
v -0.01902457 -0.04951449 0.09604705
v -0.02017850 -0.04777474 0.10128821
v -0.01973781 -0.04853199 0.10068712
v -0.01879563 -0.04802694 0.09623539
v -0.01855026 -0.04829281 0.09617474
v -0.01818931 -0.05024348 0.09575748
v -0.01830686 -0.05018712 0.09828437
v -0.01787636 -0.04894005 0.09596095
v -0.01799407 -0.04884883 0.09842024
v -0.01847485 -0.04829941 0.09928742
v -0.01861774 -0.04792813 0.10121803
v -0.01831363 -0.04838597 0.10055528
v -0.01856629 -0.04985970 0.10047932
v -0.01740099 -0.04930340 0.10032446
v -0.01783849 -0.04889469 0.10044978
v -0.01731499 -0.05088724 0.10009627
v -0.01728846 -0.05085836 0.10129271
v -0.01677277 -0.04983556 0.09076405
v -0.01619625 -0.05021535 0.09215350
v -0.01688680 -0.04968962 0.09413394
v -0.01713502 -0.04954309 0.09566056
v -0.01634443 -0.05009157 0.09527492
v -0.01657273 -0.05156774 0.09021790
v -0.01702010 -0.05109602 0.09226231
v -0.01579626 -0.05200491 0.09158163
v -0.01630270 -0.05154638 0.09344210
v -0.01546010 -0.05081408 0.09112713
v -0.01552992 -0.05061838 0.09331953
v -0.01487542 -0.05247879 0.09260963
v -0.01465151 -0.05124263 0.09225760
v -0.01546871 -0.05199694 0.09441136
v -0.01468022 -0.05244494 0.09382081
v -0.01404889 -0.05143405 0.09362663
v -0.01475597 -0.05102234 0.09425220
v -0.01450262 -0.05241681 0.09518132
v -0.01711377 -0.04960684 0.09811826
v -0.01572606 -0.05047893 0.09625462
v -0.01611530 -0.05026897 0.09767915
v -0.01716863 -0.04949911 0.10024906
v -0.01579602 -0.05041114 0.09970440
v -0.01636169 -0.05001903 0.10166144
v -0.01664529 -0.05133759 0.09640811
v -0.01716953 -0.05103041 0.09786709
v -0.01591389 -0.05173465 0.09730949
v -0.01643254 -0.05140837 0.10056555
v -0.01576259 -0.05176534 0.09948796
v -0.01502494 -0.05082691 0.09709517
v -0.01494060 -0.05081607 0.09929349
v -0.01557741 -0.05048975 0.10090744
v -0.01442657 -0.05098046 0.10032227
v -0.01461804 -0.05230122 0.09661116
v -0.01407545 -0.05239392 0.09868026
v -0.01524619 -0.05196828 0.09998676
v -0.01438091 -0.05103200 0.09899727
v -0.02007608 -0.04102448 0.10432704
v -0.01972434 -0.04317828 0.10432704
v -0.01967069 -0.04356222 0.10432704
v -0.02013366 -0.04696865 0.10432704
v -0.02005128 -0.04721015 0.10432704
v -0.01941230 -0.04586712 0.10246082
v -0.01945165 -0.04469787 0.10432704
v -0.01921371 -0.04661530 0.10222358
v -0.01916498 -0.04598053 0.10432704
v -0.01903259 -0.04641945 0.10432704
v -0.01892473 -0.04675670 0.10432704
v -0.01867756 -0.04730470 0.10432704
v -0.01858497 -0.04750929 0.10432704
v -0.01977696 -0.04795423 0.10432704
v -0.01970815 -0.04807823 0.10432704
v -0.01950265 -0.04865559 0.10254797
v -0.01931595 -0.04869406 0.10432704
v -0.01926956 -0.04875870 0.10432704
v -0.01922479 -0.04881433 0.10432704
v -0.01915177 -0.04890037 0.10432704
v -0.01900261 -0.04907471 0.10432704
v -0.01831008 -0.04794976 0.10432704
v -0.01818127 -0.04815013 0.10432704
v -0.01818812 -0.05009049 0.10238557
v -0.01808739 -0.05015922 0.10272966
v -0.01824377 -0.04997779 0.10334802
v -0.01859311 -0.04953902 0.10432704
v -0.01835009 -0.04981980 0.10414724
v -0.01835905 -0.04979762 0.10432704
v -0.01793862 -0.04845876 0.10432704
v -0.01781665 -0.04861080 0.10432704
v -0.01753232 -0.04891095 0.10432704
v -0.01727914 -0.04926924 0.10432704
v -0.01720531 -0.04923725 0.10429906
v -0.01720599 -0.04923472 0.10432704
v -0.01789835 -0.05035000 0.10223990
v -0.01716034 -0.04930416 0.10387580
v -0.01692909 -0.04957975 0.10241506
v -0.01688084 -0.04960502 0.10265402
v -0.01705904 -0.04942630 0.10328761
v -0.01678584 -0.04969010 0.10240887
v -0.00500000 -0.01949996 0.06470000
v -0.00500000 -0.02500000 0.06470000
v -0.01131933 -0.04067168 0.07000000
v -0.01126508 -0.04061990 0.07000000
v -0.01127213 -0.04062309 0.07000000
v -0.01024164 -0.03987680 0.07000000
v -0.01010481 -0.03984050 0.07000000
v -0.00981587 -0.03978029 0.07000000
v -0.00901236 -0.03944259 0.07000000
v -0.00836584 -0.03928389 0.07000000
v -0.01367151 -0.04398013 0.07000000
v -0.01335511 -0.04333349 0.07000000
v -0.01293634 -0.04255034 0.07000000
v -0.01239190 -0.04179821 0.07000000
v -0.01353692 -0.04714314 0.07000000
v -0.01342790 -0.04682622 0.07000000
v -0.01255059 -0.04463761 0.07000000
v -0.01318586 -0.04622871 0.07000000
v -0.01221522 -0.04157623 0.07000000
v -0.01223353 -0.04415829 0.07000000
v -0.01181785 -0.04342498 0.07000000
v -0.01158104 -0.04096165 0.07000000
v -0.01134041 -0.04099618 0.07023398
v -0.01095419 -0.04250725 0.07000000
v -0.01116403 -0.04276019 0.07000000
v -0.01375965 -0.04517740 0.07106648
v -0.01328640 -0.04581567 0.07256052
v -0.01239362 -0.04590316 0.07363050
v -0.01289564 -0.04634574 0.07105334
v -0.01245229 -0.04653794 0.07206006
v -0.01178087 -0.04672214 0.07298005
v -0.01090242 -0.04690699 0.07372686
v -0.01131360 -0.04603367 0.07446074
v -0.01391475 -0.04850240 0.07000000
v -0.01368919 -0.05074874 0.07414188
v -0.01385886 -0.05074560 0.07674664
v -0.01387649 -0.05188352 0.07499163
v -0.01332910 -0.05209816 0.07645910
v -0.01036877 -0.04114439 0.07085514
v -0.01003526 -0.04192432 0.07000000
v -0.01001670 -0.04190996 0.07000000
v -0.00988642 -0.04185962 0.07000000
v -0.00903483 -0.04149982 0.07000000
v -0.00911372 -0.04199859 0.07035033
v -0.00818172 -0.04128978 0.07000000
v -0.00815163 -0.04212193 0.07061359
v -0.00789709 -0.04126904 0.07000000
v -0.00933797 -0.04128661 0.07128995
v -0.01013718 -0.04616598 0.07505865
v -0.00987495 -0.04706655 0.07428959
v -0.00826448 -0.04140076 0.07156610
v -0.00889021 -0.04626874 0.07545163
v -0.00874695 -0.04718401 0.07466824
v -0.00761895 -0.04632653 0.07565832
v -0.01295429 -0.05103007 0.07800896
v -0.01259218 -0.05230852 0.07759582
v -0.01176286 -0.05130924 0.07908157
v -0.01152454 -0.05253611 0.07860103
v -0.01252946 -0.05269966 0.08457783
v -0.01227969 -0.05151216 0.08438660
v -0.01029121 -0.05154940 0.07992968
v -0.01016484 -0.05274043 0.07940380
v -0.00865247 -0.05287885 0.07991913
v -0.00837155 -0.05289531 0.07998200
v -0.00883347 -0.05169647 0.08042855
v -0.00845359 -0.05197819 0.08403862
v -0.00852923 -0.05319358 0.08420217
v -0.00856952 -0.05247555 0.08924132
v -0.00868296 -0.05370501 0.08948299
v -0.00695806 -0.03916037 0.07000000
v -0.00754231 -0.03922006 0.07000000
v -0.00580516 -0.03920900 0.07000000
v -0.00509739 -0.03921100 0.07000000
v -0.00493787 -0.03921495 0.07000000
v -0.00484005 -0.03917499 0.07000000
v -0.00474291 -0.03921804 0.07000000
v -0.00458538 -0.03922104 0.07000000
v -0.00377233 -0.03920222 0.07000000
v -0.00122834 -0.03914165 0.07000000
v -0.00705672 -0.04118300 0.07000000
v -0.00714661 -0.04220063 0.07074835
v -0.00651246 -0.04120797 0.07000000
v -0.00512936 -0.04117015 0.07000000
v -0.00499471 -0.04117246 0.07000000
v -0.00485958 -0.04113140 0.07000000
v -0.00465876 -0.04122014 0.07000000
v -0.00458184 -0.04122158 0.07000000
v -0.00457235 -0.04219056 0.07072924
v -0.00718179 -0.04147493 0.07170346
v -0.00755876 -0.04724927 0.07487264
v -0.00515981 -0.04386576 0.07206766
v -0.00512927 -0.04148634 0.07170767
v -0.00456900 -0.04145895 0.07168045
v -0.00485982 -0.04537904 0.07332275
v -0.00453296 -0.04535667 0.07330638
v -0.00518408 -0.04726140 0.07495275
v -0.00485585 -0.04435023 0.07402457
v -0.00450685 -0.04717284 0.07488482
v -0.00519023 -0.04933130 0.07682909
v -0.00484170 -0.04897357 0.07650682
v -0.00451475 -0.04784668 0.07711102
v -0.00446834 -0.04951082 0.07701781
v -0.00294244 -0.04118354 0.07000000
v -0.00222549 -0.04214331 0.07073466
v -0.00179022 -0.04115331 0.07000000
v -0.00225920 -0.04140458 0.07167976
v -0.00229629 -0.04706696 0.07491249
v -0.00236553 -0.04613135 0.07568169
v -0.00698721 -0.05293700 0.08017962
v -0.00682733 -0.05176999 0.08073282
v -0.00520489 -0.04789592 0.07713874
v -0.00521111 -0.04881234 0.07798459
v -0.00485790 -0.04787324 0.07712524
v -0.00450456 -0.04872757 0.07792751
v -0.00521909 -0.05173356 0.08077548
v -0.00518165 -0.05290144 0.08024094
v -0.00451207 -0.05169163 0.08076935
v -0.00446123 -0.05168824 0.08076913
v -0.00479948 -0.05288201 0.08023945
v -0.00440038 -0.05285657 0.08023743
v -0.00650669 -0.05322571 0.08401909
v -0.00671144 -0.05378066 0.08931683
v -0.00486788 -0.05227409 0.08729921
v -0.00477745 -0.05346980 0.08722754
v -0.00169597 -0.05252955 0.08021604
v -0.00167087 -0.05132585 0.08072215
v -0.00142015 -0.05149981 0.08483169
v -0.00179746 -0.05195165 0.08924204
v -0.00147579 -0.05310117 0.08911794
v -0.01258316 -0.05305272 0.08979555
v -0.01366098 -0.05170843 0.09307409
v -0.01386264 -0.05139684 0.09496040
v -0.01379950 -0.05296436 0.09331001
v -0.01360238 -0.05286278 0.09442983
v -0.01305772 -0.05181753 0.09415463
v -0.01254334 -0.05215014 0.09353960
v -0.01284574 -0.05171070 0.09547362
v -0.01255285 -0.05343406 0.09372113
v -0.01193398 -0.05214971 0.09445268
v -0.01237125 -0.05321679 0.09483356
v -0.01107574 -0.05259600 0.09373989
v -0.01097882 -0.05388571 0.09390410
v -0.01390494 -0.05129347 0.09636038
v -0.01339970 -0.05276982 0.09577770
v -0.01278707 -0.05150583 0.09801727
v -0.01277633 -0.05150854 0.09800985
v -0.01259090 -0.05155471 0.09787960
v -0.01371951 -0.05245615 0.09955628
v -0.01282144 -0.05141120 0.09987977
v -0.01278855 -0.05141769 0.09987308
v -0.01197952 -0.05170109 0.09741966
v -0.01225473 -0.05286196 0.09758207
v -0.01081916 -0.05198932 0.09637688
v -0.01099398 -0.05179999 0.09773776
v -0.01139626 -0.05298500 0.09757838
v -0.01160447 -0.05283418 0.09922300
v -0.01080309 -0.05167720 0.09956994
v -0.00944790 -0.05254014 0.09465007
v -0.00954781 -0.05367067 0.09503987
v -0.00918270 -0.05355117 0.09549744
v -0.00897469 -0.05230837 0.09551788
v -0.00890202 -0.05300343 0.09366793
v -0.00881182 -0.05427135 0.09388407
v -0.00864231 -0.05303406 0.09365083
v -0.01026403 -0.05216161 0.09576529
v -0.01070382 -0.05323409 0.09633181
v -0.00935428 -0.05313523 0.09749112
v -0.00926235 -0.05173416 0.09942523
v -0.00922688 -0.05296925 0.09902324
v -0.00916193 -0.05191039 0.09762016
v -0.00824054 -0.05171763 0.09935672
v -0.00712815 -0.05233878 0.09538206
v -0.00752260 -0.05438125 0.09383769
v -0.00713956 -0.05359564 0.09540720
v -0.00629617 -0.05314242 0.09350556
v -0.00533856 -0.05238925 0.09483054
v -0.00521168 -0.05308633 0.09345194
v -0.00523222 -0.05296161 0.09365077
v -0.00517812 -0.05364634 0.09491494
v -0.00513637 -0.05307975 0.09344845
v -0.00505725 -0.05433960 0.09375311
v -0.00730087 -0.05187598 0.09751865
v -0.00678602 -0.05167885 0.09878866
v -0.00730660 -0.05311065 0.09740946
v -0.00647450 -0.05165234 0.09877720
v -0.00618707 -0.05162530 0.09876681
v -0.00679913 -0.05165524 0.09903832
v -0.00681183 -0.05163355 0.09928764
v -0.00658025 -0.05163692 0.09902838
v -0.00659095 -0.05161468 0.09927927
v -0.00615990 -0.05159716 0.09901316
v -0.00613193 -0.05157027 0.09926280
v -0.00626840 -0.05283195 0.09889838
v -0.00547218 -0.05185667 0.09671307
v -0.00558932 -0.05156127 0.09874655
v -0.00530532 -0.05311379 0.09654043
v -0.00560249 -0.05153707 0.09899609
v -0.00561541 -0.05151485 0.09924507
v -0.00544798 -0.05274607 0.09887388
v -0.00391552 -0.05238984 0.09424361
v -0.00421302 -0.05424419 0.09372805
v -0.00376784 -0.05289193 0.09335627
v -0.00390556 -0.05279598 0.09353687
v -0.00366455 -0.05348569 0.09467602
v -0.00247580 -0.05247419 0.09339771
v -0.00242410 -0.05203801 0.09406754
v -0.00207526 -0.05247228 0.09320219
v -0.00241497 -0.05148388 0.09555275
v -0.00205564 -0.05264920 0.09563488
v -0.00207079 -0.05378918 0.09362829
v -0.00207176 -0.05309823 0.09451654
v -0.00166807 -0.05233602 0.09314495
v -0.00118557 -0.05202937 0.09321231
v -0.00175929 -0.05369440 0.09359908
v -0.00396961 -0.05184019 0.09576466
v -0.00371411 -0.05303139 0.09586576
v -0.00238419 -0.05100370 0.09922499
v -0.00213733 -0.05236364 0.09709007
v -0.00246077 -0.05116202 0.09734888
v -0.00203655 -0.05217550 0.09878495
v -0.00029752 0.04253679 0.02709063
v 0.00141482 0.04247407 0.02711121
v 0.00278678 0.04133382 0.02564034
v 0.00280095 0.04020340 0.02613503
v 0.00477092 0.04107001 0.02577420
v 0.00456231 0.04010387 0.02645353
v -0.00098392 0.04728611 0.03611888
v -0.00108925 0.04783716 0.03747225
v -0.00113034 0.04804210 0.03800004
v -0.00110722 0.04682150 0.03816988
v -0.00112765 0.04692161 0.03842949
v 0.00077649 0.04690346 0.03536603
v 0.00179394 0.04786022 0.03800004
v -0.00048179 0.04404557 0.02955882
v 0.00046052 0.04404290 0.02958919
v -0.00025931 0.04523410 0.03173641
v -0.00026348 0.04413955 0.03223250
v -0.00051198 0.04315493 0.03041423
v -0.00033299 0.04169795 0.02799971
v 0.00120421 0.04452301 0.03314967
v 0.00129237 0.04559695 0.03262140
v 0.00051262 0.04286554 0.02995535
v 0.00149927 0.04272652 0.02751445
v 0.00132711 0.04163587 0.02801971
v 0.00151072 0.04160692 0.02799771
v 0.00201627 0.04314489 0.03066584
v -0.00075047 0.04643598 0.03418587
v -0.00087791 0.04669090 0.03474981
v -0.00075083 0.04533379 0.03466151
v -0.00089694 0.04569944 0.03546926
v -0.00101113 0.04632931 0.03694051
v -0.00108685 0.04672056 0.03791152
v 0.00070386 0.04580395 0.03584135
v 0.00459337 0.04732998 0.03800004
v 0.00213155 0.04418950 0.03008638
v 0.00343521 0.04548203 0.03302294
v 0.00326211 0.04441007 0.03353477
v 0.00315939 0.04167381 0.02842706
v 0.00331467 0.04268334 0.02779730
v 0.00423299 0.04413640 0.03065457
v 0.00509627 0.04167054 0.02910427
v 0.00403735 0.04309114 0.03121157
v 0.00275476 0.04562348 0.03603462
v 0.00291423 0.04671900 0.03557047
v 0.00243670 0.04662547 0.03841300
v 0.00283878 0.04655393 0.03841082
v 0.00514929 0.04516934 0.03623347
v 0.00482066 0.04610541 0.03839981
v 0.00013577 0.03793368 0.02106348
v 0.00019615 0.03711738 0.02018354
v 0.00038865 0.03398396 0.01724272
v 0.00030418 0.03548208 0.01856557
v 0.00025089 0.03474860 0.01952047
v 0.00031918 0.03349329 0.01839661
v 0.00148967 0.03705188 0.02021486
v -0.00002895 0.03990290 0.02340328
v 0.00009921 0.03704313 0.02186507
v -0.00007319 0.03914706 0.02438155
v 0.00013901 0.03649088 0.02126479
v 0.00148404 0.03991925 0.02353508
v 0.00139532 0.03917991 0.02453393
v 0.00140151 0.03642872 0.02129720
v 0.00044792 0.03029670 0.01600573
v 0.00051871 0.03094747 0.01500000
v 0.00348153 0.03681073 0.02027066
v 0.00303948 0.03369801 0.01729484
v 0.00364976 0.03891211 0.02458805
v 0.00334356 0.03619470 0.02135192
v 0.00380824 0.03964256 0.02359192
v 0.00433601 0.03976423 0.02388178
v 0.00462222 0.03947573 0.02359534
v 0.00438638 0.03857500 0.02435376
v 0.00518072 0.03580399 0.02140946
v 0.00254122 0.03066810 0.01499999
v 0.00287132 0.02993996 0.01600214
v 0.00293337 0.03321633 0.01845135
v 0.00417437 0.03035277 0.01499999
v 0.00526727 0.02937363 0.01597631
v 0.00637646 0.04014507 0.02723449
v 0.00664883 0.04111410 0.02658174
v 0.00588612 0.04509357 0.03344161
v 0.00661694 0.04381771 0.03124863
v 0.00532464 0.04268270 0.02850091
v 0.00635255 0.04277586 0.03178502
v 0.00759044 0.04242982 0.02923715
v 0.00729824 0.04141937 0.02981689
v 0.00538429 0.04625776 0.03578256
v 0.00564042 0.04402708 0.03393689
v 0.00808014 0.04550337 0.03599865
v 0.00823348 0.04336118 0.03434867
v 0.00778149 0.04442304 0.03643528
v 0.00723482 0.04536669 0.03838622
v 0.00795912 0.04631706 0.03800004
v 0.00794856 0.04511164 0.03838224
v 0.00875529 0.04092418 0.02742621
v 0.01001489 0.04192036 0.02998959
v 0.00918243 0.04322648 0.03185600
v 0.00885823 0.04219089 0.03237438
v 0.00966539 0.04091537 0.03054926
v 0.01099756 0.04049725 0.02828795
v 0.01143959 0.04135650 0.03296961
v 0.00854101 0.04442045 0.03386926
v 0.01087993 0.04447484 0.03621583
v 0.01128307 0.04348236 0.03429906
v 0.01020375 0.04420204 0.03836975
v 0.01023110 0.04419005 0.03836960
v 0.01144483 0.04489640 0.03800004
v 0.01092040 0.04243258 0.03476403
v 0.00537327 0.03641200 0.02033227
v 0.00715114 0.03587004 0.02039880
v 0.00803988 0.03584228 0.02075035
v 0.00638730 0.03933676 0.02401551
v 0.00612161 0.03793656 0.02223437
v 0.00618791 0.03668490 0.02270805
v 0.00611477 0.03842226 0.02474328
v 0.00805258 0.03748011 0.02251034
v 0.00771026 0.03662420 0.02327853
v 0.00778254 0.03850478 0.02560073
v 0.00810838 0.03942069 0.02489659
v 0.00690061 0.03527080 0.02146828
v 0.00810981 0.03451441 0.02123424
v 0.00610713 0.03297557 0.01737639
v 0.00593980 0.03248676 0.01852271
v 0.00721366 0.02874335 0.01593874
v 0.00745226 0.02945173 0.01499998
v 0.00850087 0.03531294 0.02042814
v 0.01002931 0.03349687 0.01944743
v 0.00922260 0.03674624 0.02418584
v 0.00960791 0.03760103 0.02343660
v 0.01003069 0.03929213 0.02581670
v 0.00965427 0.03837766 0.02649809
v 0.00927443 0.03472527 0.02203188
v 0.00968495 0.03552379 0.02123580
v 0.01090877 0.03668059 0.02513191
v 0.01133751 0.03753239 0.02440232
v 0.01164048 0.03803936 0.02741377
v 0.01063244 0.03488271 0.02296416
v 0.01107783 0.03567699 0.02218235
v 0.00891648 0.03190564 0.01747135
v 0.00867071 0.03139281 0.01859068
v 0.00944339 0.03290405 0.02034464
v 0.00901505 0.02887700 0.01499998
v 0.00980549 0.02854467 0.01499998
v 0.00933133 0.02786268 0.01588109
v 0.01145695 0.03057391 0.01757316
v 0.01021773 0.03194254 0.01987448
v 0.01112233 0.03002887 0.01865020
v 0.01136604 0.03050342 0.01923809
v 0.01160121 0.02665181 0.01580376
v 0.00842526 0.03995612 0.02805473
v 0.01061367 0.03953416 0.02889534
v 0.00192622 0.05017912 0.04570797
v 0.00205728 0.04789258 0.04197085
v 0.00169790 0.04903248 0.04598047
v 0.00151795 0.05113623 0.05007136
v 0.00127916 0.04997774 0.05027309
v 0.00227744 0.04902052 0.04162385
v 0.00434894 0.04739144 0.04191941
v 0.00469698 0.04849264 0.04158781
v 0.00394819 0.04852609 0.04590411
v 0.00430609 0.04964443 0.04564935
v 0.00347097 0.04946912 0.05018761
v 0.00383970 0.05059727 0.05000504
v 0.00105239 0.05188332 0.05469570
v 0.00080191 0.05071725 0.05483193
v 0.00027040 0.05124542 0.05963552
v -0.00003704 0.05273382 0.06463333
v -0.00030547 0.05156409 0.06465589
v 0.00053135 0.05241423 0.05955980
v 0.00199022 0.05221945 0.06460596
v 0.00159736 0.05108444 0.06461274
v 0.00291604 0.05021090 0.05475133
v 0.00329592 0.05134459 0.05463438
v 0.00522655 0.04944622 0.05467341
v 0.00267592 0.05188246 0.05951315
v 0.00228747 0.05074776 0.05957065
v 0.00366507 0.05037308 0.06457017
v 0.00498795 0.05109444 0.05946954
v 0.00417026 0.05146407 0.06458006
v 0.00448556 0.05000313 0.05950760
v 0.00642411 0.04774610 0.04582974
v 0.00734510 0.04767538 0.04155401
v 0.00689879 0.04882652 0.04559473
v 0.00587395 0.04869372 0.05010490
v 0.00635895 0.04978207 0.04994334
v 0.00837607 0.04767560 0.05002238
v 0.00688057 0.04661054 0.04186777
v 0.00958677 0.04775071 0.04554136
v 0.00896171 0.04871773 0.04988318
v 0.01154257 0.04745260 0.04982110
v 0.00953417 0.04556928 0.04181559
v 0.01010095 0.04659075 0.04152081
v 0.00901063 0.04671483 0.04575547
v 0.01159263 0.04547697 0.04567824
v 0.01086584 0.04645994 0.04993631
v 0.00572183 0.05053817 0.05457734
v 0.00821992 0.04949148 0.05452178
v 0.00640055 0.05049051 0.06455465
v 0.00736111 0.05007618 0.05942700
v 0.00788666 0.04835708 0.06447728
v 0.01000179 0.04726001 0.05451355
v 0.01068793 0.04825182 0.05446464
v 0.00900282 0.04788597 0.05937588
v 0.00969591 0.04887227 0.05938336
v 0.00858422 0.04933895 0.06452865
v 0.00984962 0.04713696 0.06442071
v 0.01063230 0.04805240 0.06450099
v 0.01150885 0.00083939 0.04955090
v 0.01103897 0.00088610 0.05200125
v 0.01062584 0.00075319 0.05445535
v 0.01155348 -0.00001486 0.05451817
v 0.01028345 0.00040881 0.05689833
v 0.01125945 -0.00029848 0.05687939
v 0.01002698 -0.00023051 0.05929092
v 0.01166630 0.00096859 0.06278656
v 0.01153479 0.00004854 0.06394107
v 0.01181825 0.04238238 0.03246593
v 0.01208985 0.04017840 0.03128784
v 0.01249298 0.04117336 0.03074377
v 0.01398551 0.04031323 0.03356234
v 0.01442159 0.04132488 0.03307098
v 0.01299635 0.04285856 0.03835416
v 0.01400244 0.04232064 0.03472641
v 0.01358231 0.04128331 0.03517754
v 0.01492963 0.04022573 0.03148972
v 0.01494555 0.04309953 0.03800003
v 0.01526622 0.04157730 0.03834112
v 0.01564413 0.04134571 0.03833890
v 0.01609183 0.04106399 0.03833623
v 0.01659850 0.04098030 0.03514798
v 0.01800208 0.04117885 0.03800003
v 0.01758946 0.04005902 0.03832708
v 0.01206645 0.03894865 0.02675343
v 0.01315900 0.03727205 0.02538281
v 0.01213548 0.03487454 0.02393375
v 0.01261855 0.03566307 0.02316803
v 0.01268551 0.03642640 0.02609281
v 0.01423060 0.03548047 0.02416599
v 0.01370702 0.03470052 0.02491460
v 0.01187559 0.03124282 0.01844159
v 0.01219311 0.03085671 0.01828853
v 0.01330849 0.03096296 0.02099429
v 0.01204115 0.02742664 0.01499998
v 0.01316440 0.02674728 0.01499998
v 0.01328864 0.02666650 0.01499998
v 0.01295161 0.02852660 0.01847160
v 0.01386974 0.03167165 0.02020472
v 0.01370183 0.02904224 0.01763745
v 0.01373878 0.02899816 0.01762300
v 0.01469500 0.02785656 0.01727146
v 0.01498803 0.03683398 0.02635536
v 0.01527061 0.03437455 0.02588257
v 0.01583705 0.03514200 0.02515116
v 0.01675779 0.03392284 0.02681630
v 0.01737657 0.03467133 0.02610717
v 0.01593851 0.02688323 0.01950017
v 0.01664351 0.02754755 0.01879163
v 0.01676348 0.02690606 0.02040631
v 0.01565103 0.03096388 0.02291707
v 0.01628370 0.03163390 0.02214708
v 0.01788743 0.03053466 0.02474462
v 0.01758740 0.02685004 0.02130861
v 0.01284123 0.03889799 0.02973990
v 0.01327726 0.03985086 0.02914932
v 0.01364847 0.03750700 0.02832871
v 0.01412417 0.03840591 0.02768651
v 0.01446879 0.03924702 0.03202160
v 0.01550746 0.03901865 0.02999828
v 0.01559255 0.03681340 0.02922690
v 0.01612536 0.03769395 0.02860222
v 0.01800125 0.03684470 0.02949140
v 0.01723919 0.03911724 0.03222030
v 0.01671597 0.03816449 0.03274510
v 0.01740445 0.03599420 0.03010164
v 0.01811786 0.03337285 0.02770708
v 0.01611692 0.03996184 0.03558593
v 0.01804732 0.03852465 0.03535274
v 0.01852299 0.04081225 0.03800004
v 0.01879774 0.03409295 0.02702403
v 0.01836750 0.02743957 0.02061204
v 0.01860345 0.03115391 0.02400466
v 0.01929615 0.03120486 0.02701156
v 0.01948583 0.02992948 0.02615236
v 0.01918454 0.02727564 0.02148366
v 0.01907759 0.02655303 0.02297432
v 0.01968008 0.02867374 0.02541408
v 0.02022788 0.03205931 0.02675777
v 0.02048199 0.03039405 0.02563698
v 0.01993052 0.02705998 0.02229783
v 0.02113369 0.02653979 0.02371152
v 0.02069231 0.02907994 0.02488598
v 0.02084699 0.02815671 0.02442007
v 0.02151619 0.02834442 0.02679697
v 0.02173883 0.02811371 0.02740988
v 0.02154828 0.02654733 0.02698407
v 0.02190552 0.02698098 0.02677824
v 0.01842219 0.03680317 0.03267374
v 0.01918419 0.03836247 0.03352845
v 0.01944850 0.03701856 0.03163533
v 0.01927173 0.03794309 0.03290264
v 0.01888869 0.03397777 0.02935406
v 0.01968393 0.03563640 0.02998809
v 0.01871334 0.03511515 0.03055570
v 0.01984791 0.03459235 0.02890795
v 0.02001937 0.03345718 0.02786945
v 0.02019868 0.03610824 0.03339298
v 0.02031064 0.03465623 0.03359504
v 0.02034736 0.03473958 0.03353564
v 0.02041521 0.03480785 0.03349278
v 0.02050594 0.03485515 0.03346977
v 0.02041861 0.03404694 0.03308436
v 0.02065186 0.03373579 0.03074054
v 0.02096687 0.03334309 0.03160934
v 0.02064960 0.03408843 0.03253141
v 0.02077744 0.03443069 0.03284130
v 0.01899490 0.03918559 0.03486199
v 0.01967242 0.03822853 0.03651639
v 0.01878550 0.03740584 0.03721532
v 0.01972669 0.03709650 0.03727601
v 0.01973080 0.03700173 0.03733001
v 0.01963744 0.03731085 0.03797905
v 0.01933339 0.03531199 0.03416284
v 0.01939023 0.03612129 0.03967916
v 0.01965121 0.03628188 0.03957715
v 0.02003041 0.03691780 0.03649415
v 0.02017520 0.03711737 0.03669945
v 0.02021070 0.03698809 0.03648084
v 0.01976312 0.03841131 0.03912857
v 0.02002588 0.03762794 0.03760314
v 0.01982733 0.03726444 0.03719822
v 0.01976128 0.03718869 0.03722986
v 0.01991674 0.03731721 0.03718341
v 0.01974340 0.03696600 0.03735230
v 0.01994193 0.03663787 0.03913714
v 0.02036587 0.03553532 0.03437937
v 0.02035666 0.03557777 0.03443874
v 0.02053592 0.03564297 0.03441938
v 0.02003431 0.03585842 0.03545001
v 0.02007126 0.03572108 0.03532893
v 0.02032550 0.03453560 0.03369141
v 0.02031265 0.03457016 0.03366253
v 0.02020962 0.03439347 0.03629911
v 0.02039885 0.03445705 0.03628689
v 0.02036891 0.03370098 0.03530745
v 0.02054511 0.03560037 0.03435983
v 0.02056693 0.03549811 0.03421815
v 0.02056617 0.03456542 0.03617269
v 0.02055844 0.03376290 0.03529175
v 0.02004539 0.03502853 0.03729868
v 0.02023430 0.03509365 0.03729014
v 0.01983943 0.03634954 0.03957664
v 0.02002410 0.03407924 0.03678295
v 0.02044968 0.03381083 0.03756714
v 0.02064114 0.03386849 0.03756273
v 0.02097996 0.03343783 0.03863343
v 0.01901454 0.03312908 0.02855685
v 0.02023424 0.03039367 0.02942665
v 0.02082623 0.03192018 0.03046919
v 0.02089568 0.03197926 0.03041637
v 0.02098747 0.03202041 0.03038672
v 0.02107755 0.03113636 0.02855088
v 0.02124874 0.03152594 0.02986685
v 0.02113762 0.03032920 0.02903118
v 0.02102769 0.03021035 0.02916597
v 0.02102589 0.03014597 0.02924981
v 0.02106741 0.03027537 0.02908840
v 0.02101701 0.03026952 0.02941105
v 0.02122989 0.03036716 0.02899885
v 0.01980256 0.03296683 0.03157224
v 0.02060130 0.03300134 0.03190061
v 0.02071269 0.03231061 0.03119564
v 0.02077345 0.03188712 0.03062576
v 0.02078753 0.03184830 0.03054102
v 0.02109490 0.03254379 0.03079865
v 0.02064346 0.03230809 0.03357225
v 0.02083352 0.03236644 0.03355046
v 0.02127911 0.02845404 0.02794617
v 0.02131986 0.02851185 0.02786359
v 0.02130780 0.02823965 0.02799864
v 0.02127619 0.02839748 0.02803544
v 0.02066980 0.02762043 0.02769905
v 0.02109102 0.02950347 0.03088933
v 0.02128194 0.02955497 0.03085933
v 0.02101596 0.02929219 0.03223574
v 0.02055607 0.03179445 0.03430674
v 0.02108983 0.03224446 0.03364254
v 0.02119280 0.03158289 0.03510279
v 0.02099979 0.03153180 0.03511444
v 0.02038548 0.03285495 0.03952567
v 0.02069491 0.03280054 0.03983473
v 0.02088903 0.03284783 0.03984377
v 0.02096539 0.03062210 0.03717297
v 0.02128148 0.03056346 0.03748530
v 0.02156278 0.02934095 0.02818912
v 0.02139084 0.02856038 0.02780269
v 0.02148353 0.02859537 0.02776830
v 0.02150193 0.02663611 0.02895053
v 0.02169365 0.02668214 0.02891699
v 0.02197822 0.02697505 0.02982824
v 0.02154832 0.02970253 0.03153592
v 0.02146858 0.02903846 0.03305837
v 0.02166287 0.02908289 0.03304177
v 0.02143873 0.02660109 0.03054565
v 0.02155071 0.03116606 0.03621534
v 0.02147719 0.03060459 0.03748815
v 0.02173307 0.03009532 0.03885207
v 0.02202945 0.02868383 0.03418257
v 0.02144581 0.02818381 0.03518344
v 0.02176555 0.02812202 0.03549769
v 0.02196248 0.02815693 0.03549631
v 0.02152984 0.02708530 0.03819847
v 0.02183178 0.02721360 0.03797559
v 0.02202969 0.02723940 0.03798841
v 0.02222493 0.02766930 0.03689719
v 0.02215493 0.02667096 0.03962852
v 0.01219047 0.04431076 0.04176144
v 0.01285080 0.04528491 0.04148629
v 0.01226091 0.04646497 0.04548611
v 0.01407242 0.04408528 0.04559467
v 0.01482206 0.04502096 0.04542589
v 0.01474671 0.04288663 0.04170371
v 0.01549050 0.04380812 0.04144858
v 0.01624817 0.04269239 0.04559899
v 0.01720814 0.04346306 0.04535821
v 0.01698400 0.04148821 0.04183302
v 0.01770284 0.04268153 0.04278796
v 0.01727368 0.04078449 0.04469789
v 0.01738868 0.04319962 0.04444297
v 0.01532050 0.04374645 0.04983267
v 0.01574008 0.04499856 0.05208348
v 0.01579008 0.04326136 0.04774783
v 0.01624555 0.04206979 0.04908343
v 0.01678191 0.04400523 0.04742958
v 0.01773354 0.04118975 0.04740959
v 0.01770402 0.04108713 0.04743012
v 0.01771198 0.04098576 0.04745902
v 0.01779500 0.04127492 0.04740115
v 0.01788072 0.04133523 0.04740498
v 0.01750365 0.04119613 0.04839421
v 0.01786070 0.04165559 0.04831269
v 0.01697083 0.04172381 0.05052742
v 0.01726574 0.04196219 0.04996659
v 0.01697224 0.04246351 0.05192634
v 0.01709360 0.04159703 0.05007610
v 0.01718131 0.04120325 0.05056177
v 0.01659385 0.04064624 0.05083288
v 0.01745679 0.04205526 0.04999086
v 0.01303295 0.04686961 0.05440289
v 0.01190152 0.04753025 0.05933648
v 0.01416299 0.04465530 0.05458913
v 0.01430610 0.04590385 0.05782777
v 0.01243862 0.04556625 0.06100963
v 0.01205419 0.04456235 0.06424209
v 0.01391992 0.04609201 0.05928457
v 0.01335696 0.04633820 0.06135873
v 0.01361509 0.04392017 0.05892377
v 0.01415912 0.04341508 0.06071198
v 0.01421002 0.04352883 0.06062018
v 0.01418477 0.04342317 0.06062477
v 0.01426739 0.04361695 0.06062702
v 0.01434959 0.04367982 0.06064403
v 0.01458093 0.04378131 0.06062295
v 0.01386134 0.04344368 0.06177507
v 0.01372886 0.04349165 0.06221925
v 0.01391341 0.04239910 0.06002164
v 0.01403367 0.04094578 0.06117322
v 0.01466300 0.04141297 0.05959338
v 0.01484889 0.04146805 0.05964252
v 0.01431462 0.04086837 0.06138465
v 0.01450177 0.04091565 0.06143701
v 0.01466182 0.04159687 0.06097404
v 0.01546829 0.04339036 0.05752285
v 0.01502343 0.04310450 0.05384526
v 0.01532933 0.04163329 0.05528365
v 0.01619095 0.04253346 0.05358111
v 0.01625016 0.04262061 0.05358158
v 0.01633397 0.04268262 0.05359301
v 0.01650173 0.04208107 0.05239873
v 0.01616379 0.04242876 0.05359226
v 0.01617380 0.04232559 0.05361304
v 0.01617979 0.04230676 0.05361794
v 0.01592226 0.04218559 0.05511042
v 0.01542694 0.04275456 0.05636813
v 0.01526331 0.04328569 0.05748175
v 0.01520976 0.04287622 0.05712485
v 0.01568647 0.04096362 0.05614233
v 0.01543027 0.04022123 0.05678666
v 0.01570796 0.04015536 0.05702723
v 0.01574741 0.04324779 0.05652168
v 0.01587226 0.04102349 0.05618596
v 0.01606870 0.04087853 0.05645318
v 0.01589505 0.04020751 0.05707496
v 0.01675889 0.04032294 0.05231058
v 0.01694442 0.04038785 0.05234758
v 0.01811286 0.03923174 0.04073192
v 0.01769354 0.03940708 0.04672392
v 0.01804365 0.03911945 0.04737484
v 0.01785245 0.03806880 0.04883840
v 0.01734903 0.03993085 0.05219458
v 0.01777172 0.03676376 0.05099906
v 0.01400137 0.03954206 0.06236074
v 0.01460369 0.03903476 0.06310745
v 0.01417912 0.03857714 0.06334090
v 0.01436799 0.03860568 0.06340019
v 0.01479519 0.03619499 0.06142922
v 0.01398331 0.03363952 0.06431224
v 0.01445817 0.03329437 0.06302051
v 0.01473731 0.03330940 0.06312978
v 0.01426438 0.03365327 0.06441631
v 0.01445303 0.03366160 0.06448223
v 0.01485482 0.03013772 0.06297509
v 0.01535175 0.03885367 0.05832921
v 0.01634829 0.03663123 0.05640509
v 0.01594829 0.03534291 0.05825997
v 0.01670922 0.03927227 0.05265863
v 0.01698779 0.03921591 0.05292281
v 0.01717531 0.03927174 0.05296425
v 0.01661572 0.03793735 0.05452731
v 0.01671606 0.03703097 0.05599365
v 0.01690538 0.03706592 0.05604786
v 0.01717732 0.03748320 0.05555628
v 0.01704121 0.03422778 0.05529380
v 0.01748676 0.03548585 0.05316399
v 0.01786385 0.03588035 0.05266934
v 0.01805413 0.03591666 0.05271910
v 0.01713237 0.03380718 0.05614575
v 0.01732177 0.03382679 0.05620695
v 0.01758845 0.03402550 0.05597033
v 0.01512735 0.03751638 0.05988511
v 0.01548010 0.03791972 0.05956440
v 0.01566898 0.03795172 0.05962184
v 0.01592630 0.03837556 0.05922601
v 0.01650750 0.03512986 0.05888530
v 0.01606088 0.03490931 0.05901994
v 0.01624979 0.03492839 0.05908280
v 0.01493707 0.03574562 0.06208241
v 0.01512591 0.03576305 0.06214595
v 0.01537100 0.03596900 0.06199107
v 0.01492341 0.03331944 0.06320263
v 0.01804603 0.03284096 0.05255951
v 0.01812314 0.03243046 0.05348856
v 0.01678050 0.03050715 0.05686408
v 0.01706151 0.03051525 0.05696886
v 0.01724967 0.03051926 0.05703654
v 0.01746432 0.03047639 0.05703368
v 0.01758314 0.02893657 0.05470860
v 0.01786543 0.02893864 0.05481014
v 0.01805363 0.02894003 0.05487781
v 0.01741077 0.02965781 0.05604865
v 0.01759878 0.02966011 0.05611683
v 0.01558121 0.03097681 0.06011746
v 0.01589495 0.03182321 0.05919883
v 0.01609342 0.03155974 0.05867640
v 0.01636989 0.03157644 0.05879290
v 0.01617567 0.03183463 0.05930408
v 0.01636381 0.03184098 0.05937164
v 0.01559924 0.03290395 0.06196196
v 0.01504256 0.03013743 0.06304406
v 0.01539478 0.03001962 0.06266578
v 0.01655421 0.03158759 0.05887055
v 0.01657442 0.03181814 0.05938005
v 0.01844836 0.04040786 0.04447225
v 0.01853511 0.04046679 0.04447146
v 0.01838566 0.04032434 0.04448622
v 0.01841121 0.04003013 0.04438186
v 0.01835480 0.04022348 0.04451267
v 0.01836160 0.04012366 0.04454681
v 0.01868702 0.04060379 0.04464042
v 0.01907039 0.03880344 0.04111459
v 0.01937418 0.03935837 0.04124403
v 0.01903607 0.03935864 0.04158729
v 0.01897207 0.03927743 0.04160757
v 0.01893979 0.03917909 0.04164092
v 0.01912387 0.03941568 0.04158136
v 0.01919826 0.03972140 0.04215140
v 0.01895282 0.03911613 0.04157429
v 0.01918428 0.03843962 0.04253773
v 0.01926058 0.03723719 0.04165774
v 0.01944807 0.03730645 0.04166465
v 0.01862261 0.03790009 0.04299710
v 0.01893740 0.03787301 0.04326022
v 0.01912443 0.03794282 0.04327228
v 0.01899703 0.03762140 0.04370373
v 0.01918483 0.03768863 0.04371827
v 0.01946312 0.03723475 0.04465732
v 0.01968521 0.03485454 0.04225487
v 0.01884543 0.03659665 0.04536265
v 0.01913682 0.03654771 0.04565762
v 0.01932714 0.03660377 0.04568285
v 0.01968349 0.03360976 0.04488373
v 0.01979139 0.03584817 0.04042995
v 0.01998108 0.03591140 0.04043445
v 0.02029135 0.03546908 0.04144676
v 0.01998595 0.03480374 0.04255839
v 0.02017823 0.03485619 0.04257508
v 0.02039414 0.03431717 0.04381115
v 0.01998312 0.03377453 0.04471724
v 0.02017661 0.03381664 0.04474537
v 0.01826952 0.03996151 0.04635553
v 0.01822984 0.03918819 0.04739953
v 0.01815926 0.03902251 0.04677445
v 0.01834534 0.03909207 0.04679762
v 0.01848392 0.03872288 0.04824851
v 0.01813585 0.03801835 0.04912062
v 0.01832445 0.03807571 0.04915441
v 0.01849677 0.03751253 0.05018659
v 0.01879871 0.03532049 0.04777765
v 0.01951684 0.03605231 0.04682688
v 0.01936821 0.03489314 0.04900985
v 0.01833175 0.03632826 0.05213916
v 0.01851727 0.03406975 0.05019225
v 0.01889897 0.03445576 0.04962295
v 0.01909075 0.03449117 0.04966730
v 0.02042699 0.03164815 0.04232585
v 0.02112877 0.03232215 0.04115364
v 0.02072702 0.03180273 0.04213507
v 0.02092230 0.03184006 0.04215676
v 0.02018156 0.03046507 0.04512006
v 0.02056451 0.03082174 0.04443278
v 0.02075972 0.03084973 0.04446606
v 0.02103334 0.03122528 0.04368692
v 0.02103772 0.02946317 0.04010142
v 0.02133843 0.02960518 0.03989166
v 0.02118914 0.02866330 0.04229549
v 0.02031779 0.02722192 0.04587433
v 0.02080584 0.02832762 0.04302390
v 0.01941876 0.03238921 0.04750858
v 0.01893657 0.03119308 0.05007520
v 0.01900565 0.03079139 0.05106709
v 0.01919713 0.03080711 0.05112266
v 0.01947678 0.03099228 0.05082187
v 0.01969572 0.02930910 0.04784757
v 0.01980173 0.03276272 0.04687459
v 0.01999527 0.03279516 0.04691320
v 0.02027190 0.03318604 0.04618835
v 0.01995319 0.03207798 0.04853787
v 0.02072233 0.03015217 0.04618843
v 0.01976055 0.02891714 0.04888897
v 0.01995321 0.02892896 0.04894133
v 0.02023628 0.02910398 0.04861602
v 0.02038036 0.02684257 0.04695287
v 0.02086038 0.02701270 0.04665764
v 0.02057401 0.02685001 0.04700231
v 0.02153524 0.02963676 0.03990809
v 0.02165718 0.02904192 0.04150317
v 0.02138574 0.02868594 0.04232435
v 0.02135212 0.02801332 0.04412035
v 0.01831345 0.03244892 0.05354723
v 0.01858692 0.03264132 0.05327680
v 0.01833345 0.02873170 0.05469397
v 0.01828291 0.02714470 0.05274305
v 0.01856516 0.02714383 0.05284471
v 0.01875382 0.02714185 0.05291108
v 0.01904011 0.02684468 0.05269080
v 0.01277957 0.02588930 0.01575946
v 0.01469878 0.02634373 0.01775599
v 0.01560618 0.02516713 0.01742847
v 0.01560110 0.02354109 0.01564398
v 0.01602747 0.02453108 0.01499998
v 0.01630330 0.02427061 0.01499998
v 0.01697621 0.02501305 0.01658310
v 0.01666316 0.02391527 0.01499998
v 0.01726336 0.02469902 0.01889081
v 0.01806479 0.02532624 0.01825481
v 0.01687410 0.02213338 0.01558422
v 0.01730319 0.02275118 0.01688385
v 0.01767349 0.02281134 0.01499998
v 0.01773136 0.02274280 0.01499998
v 0.01749614 0.02244891 0.01682710
v 0.01801660 0.02058653 0.01552249
v 0.01712230 0.00032078 0.03975258
v 0.01946240 0.02511825 0.02001222
v 0.01871305 0.02250281 0.01617728
v 0.01876144 0.02025068 0.01648080
v 0.01891831 0.01994553 0.01644114
v 0.01946472 0.02288777 0.01782922
v 0.01964328 0.02091874 0.01599959
v 0.01949234 0.02029974 0.01499999
v 0.01855769 0.02232408 0.01837673
v 0.01908992 0.02222597 0.01922100
v 0.01959189 0.02209274 0.02005129
v 0.02015908 0.01993291 0.01591377
v 0.02077373 0.02016268 0.01751894
v 0.02056178 0.02257314 0.01953226
v 0.02103948 0.02237387 0.02032621
v 0.01973365 0.02427160 0.02220508
v 0.02011325 0.02607548 0.02416430
v 0.02122193 0.02606432 0.02352663
v 0.02067220 0.02472506 0.02160932
v 0.02114019 0.02468447 0.02635129
v 0.02043132 0.02176516 0.02153495
v 0.02067441 0.02304773 0.02307562
v 0.02131968 0.01981399 0.02224834
v 0.01902792 0.01889833 0.01545898
v 0.01999731 0.01943647 0.01499999
v 0.02051085 0.01845633 0.01499999
v 0.01976855 0.01968761 0.01797062
v 0.02004836 0.01743720 0.01618013
v 0.01991505 0.01705715 0.01539556
v 0.02108941 0.01788394 0.01578436
v 0.02055630 0.01935971 0.01959172
v 0.02114841 0.01902346 0.02099164
v 0.02133371 0.01665798 0.01926333
v 0.02069469 0.01501770 0.01533463
v 0.02133618 0.01589858 0.01849176
v 0.02145353 0.02216349 0.02104742
v 0.02174120 0.02341712 0.02266304
v 0.02200253 0.02539633 0.02544429
v 0.02168388 0.02570663 0.02663036
v 0.02196486 0.02473891 0.02584336
v 0.02205838 0.02476867 0.02580638
v 0.02184928 0.02465687 0.02599922
v 0.02184388 0.02461603 0.02609657
v 0.02189228 0.02470048 0.02590937
v 0.02185445 0.02459847 0.02614333
v 0.02225565 0.02470639 0.02572574
v 0.02208630 0.02174946 0.02224234
v 0.02164238 0.02162587 0.02532930
v 0.02210925 0.02297817 0.02553199
v 0.02253757 0.02232433 0.02443904
v 0.02216506 0.02258498 0.02535091
v 0.02276082 0.02158731 0.02465527
v 0.02255252 0.02056786 0.02455154
v 0.02250737 0.02053645 0.02464534
v 0.02249962 0.02050898 0.02474713
v 0.02250661 0.02049985 0.02478687
v 0.02272101 0.02062250 0.02444444
v 0.02286920 0.02092803 0.02447314
v 0.02262665 0.02059748 0.02448277
v 0.02258587 0.02000204 0.02466055
v 0.02242477 0.02030657 0.02645858
v 0.02261951 0.02034160 0.02642940
v 0.02181828 0.01741805 0.01733241
v 0.02160808 0.01976256 0.01917702
v 0.02223703 0.01936258 0.02061658
v 0.02244926 0.01697356 0.01895391
v 0.02155962 0.01601841 0.01499999
v 0.02178360 0.01539493 0.01499999
v 0.02238187 0.01618588 0.01789812
v 0.02245679 0.01319273 0.01500000
v 0.02305770 0.01647072 0.02090292
v 0.02308792 0.01329131 0.01785097
v 0.02364369 0.01346797 0.02113345
v 0.02251986 0.01968327 0.02182675
v 0.02295354 0.01797853 0.02397274
v 0.02290728 0.01795340 0.02406789
v 0.02290287 0.01792692 0.02420161
v 0.02289841 0.01793217 0.02417107
v 0.02214494 0.01847761 0.02457014
v 0.02277209 0.01775043 0.02588615
v 0.02261870 0.01777145 0.02736692
v 0.02202060 0.01612834 0.02157677
v 0.02250635 0.01331543 0.02158107
v 0.02267139 0.01538141 0.02496660
v 0.02286629 0.01498099 0.02681262
v 0.02284546 0.01360652 0.02486162
v 0.02309213 0.01915568 0.02371731
v 0.02302858 0.01800296 0.02390293
v 0.02312355 0.01802436 0.02386393
v 0.02332736 0.01806331 0.02382014
v 0.02308839 0.01664971 0.02383165
v 0.02313511 0.01667207 0.02373604
v 0.02308239 0.01662710 0.02396015
v 0.02307911 0.01663090 0.02393527
v 0.02321056 0.01669388 0.02366581
v 0.02330588 0.01671304 0.02362648
v 0.02296848 0.01777943 0.02586189
v 0.02322985 0.01801953 0.02669016
v 0.02317325 0.01636192 0.02133867
v 0.02341861 0.01610773 0.02237123
v 0.02335569 0.01577887 0.02349879
v 0.02318348 0.01581554 0.02382343
v 0.02321002 0.01573658 0.02365963
v 0.02319218 0.01571854 0.02376157
v 0.02319585 0.01571115 0.02380650
v 0.02326948 0.01575876 0.02356255
v 0.02342095 0.01579009 0.02347614
v 0.02363211 0.01585184 0.02343360
v 0.02346553 0.01540679 0.02341712
v 0.02368197 0.01544423 0.02337029
v 0.02303602 0.01529585 0.02547321
v 0.02323407 0.01531641 0.02545438
v 0.02359090 0.01494861 0.02716498
v 0.02192492 0.02373093 0.02756717
v 0.02211778 0.02377215 0.02753387
v 0.02185200 0.02375966 0.02920317
v 0.02240742 0.02409779 0.02848642
v 0.02228932 0.02353926 0.03003567
v 0.02248556 0.02357319 0.03001731
v 0.02188930 0.02636159 0.03137622
v 0.02208459 0.02640044 0.03135744
v 0.02185618 0.02557018 0.03353549
v 0.02244756 0.02602749 0.03251292
v 0.02283052 0.02323292 0.03117664
v 0.02225271 0.02080674 0.02816185
v 0.02283264 0.02110145 0.02745896
v 0.02286375 0.02063674 0.02897568
v 0.02266643 0.02060818 0.02899147
v 0.02222219 0.02281992 0.03219992
v 0.02253869 0.02276006 0.03251689
v 0.02273709 0.02278516 0.03251406
v 0.02254452 0.01997010 0.03113657
v 0.02285497 0.01991298 0.03145410
v 0.02317897 0.02032918 0.03012765
v 0.02305395 0.01993310 0.03145324
v 0.02192817 0.02454652 0.03659803
v 0.02217598 0.02550821 0.03385126
v 0.02237374 0.02553793 0.03384807
v 0.02263155 0.02508130 0.03526898
v 0.02223216 0.02466134 0.03636827
v 0.02243074 0.02468234 0.03637949
v 0.02168782 0.02354569 0.03966072
v 0.02207659 0.02383016 0.03888689
v 0.02255041 0.02415022 0.03804503
v 0.02227469 0.02384312 0.03891117
v 0.02256452 0.02198597 0.03504346
v 0.02276349 0.02200275 0.03505490
v 0.02225726 0.02188488 0.03527445
v 0.02286687 0.02151568 0.03672912
v 0.02199012 0.02097177 0.03835470
v 0.02238543 0.02122693 0.03757539
v 0.02258373 0.02123617 0.03759968
v 0.02253053 0.02069079 0.03948969
v 0.02297703 0.02236732 0.03394084
v 0.02281135 0.01704682 0.03029859
v 0.02272604 0.01632125 0.03331434
v 0.02293527 0.01409156 0.03097597
v 0.02283016 0.01374010 0.03266209
v 0.02300166 0.01759556 0.02819047
v 0.02320009 0.01761773 0.02817890
v 0.02347610 0.01734850 0.02931668
v 0.02326720 0.01955533 0.03287197
v 0.02311439 0.01699219 0.03061593
v 0.02331386 0.01700656 0.03061807
v 0.02349416 0.01667575 0.03201897
v 0.02324098 0.01639882 0.03310702
v 0.02298425 0.01392066 0.02817124
v 0.02326175 0.01454684 0.02889336
v 0.02346243 0.01454410 0.02894762
v 0.02371415 0.01332071 0.02819241
v 0.02328825 0.01380634 0.02951124
v 0.02348811 0.01381307 0.02951446
v 0.02304168 0.01639114 0.03309218
v 0.02364602 0.01417639 0.03068562
v 0.02314813 0.01379071 0.03245076
v 0.02334489 0.01378494 0.03250088
v 0.02252373 0.01913516 0.03419306
v 0.02283503 0.01922134 0.03396510
v 0.02262385 0.01854357 0.03648616
v 0.02282218 0.01854926 0.03651133
v 0.02222081 0.01832019 0.03726207
v 0.02275345 0.01806024 0.03839663
v 0.02238759 0.01561336 0.03635014
v 0.02279759 0.01580262 0.03558379
v 0.02284030 0.01322184 0.03523179
v 0.02270312 0.01304245 0.03613212
v 0.02303423 0.01923377 0.03397796
v 0.02311566 0.01879459 0.03564518
v 0.02329820 0.01601519 0.03475545
v 0.02299584 0.01580476 0.03561011
v 0.02336515 0.01341636 0.03430605
v 0.02303840 0.01321923 0.03525944
v 0.02133014 0.01289179 0.01528302
v 0.02135199 0.01280816 0.01528125
v 0.02197216 0.00998216 0.01523150
v 0.02233885 0.00762262 0.01520342
v 0.02305211 0.01060589 0.01500000
v 0.02403641 0.01025969 0.02104245
v 0.02351137 0.00777697 0.01500000
v 0.02361049 0.00697645 0.01500000
v 0.02430829 0.00691984 0.02093882
v 0.02287463 0.01014942 0.02143496
v 0.02350955 0.01270873 0.02340063
v 0.02354562 0.01257590 0.02323778
v 0.02352214 0.01256370 0.02333947
v 0.02370045 0.01260547 0.02308268
v 0.02361055 0.01259125 0.02314287
v 0.02384474 0.01157946 0.02297320
v 0.02406151 0.01181046 0.02293819
v 0.02417462 0.01047298 0.02283857
v 0.02330143 0.01189608 0.02507145
v 0.02350065 0.01191036 0.02506090
v 0.02313129 0.00684722 0.02129189
v 0.02380454 0.00938890 0.02299495
v 0.02380259 0.00929394 0.02300905
v 0.02387353 0.00939830 0.02290215
v 0.02396606 0.00940744 0.02284506
v 0.02402211 0.00921577 0.02282221
v 0.02426605 0.00923825 0.02276805
v 0.02416845 0.00657272 0.02272422
v 0.02440341 0.00693647 0.02267808
v 0.02386310 0.00796328 0.02307532
v 0.02325491 0.00691942 0.02460087
v 0.02271505 0.00351552 0.01517603
v 0.02279642 0.00141302 0.01517004
v 0.02389010 0.00375719 0.01500001
v 0.02328078 0.00345411 0.02117102
v 0.02446605 0.00349020 0.02084149
v 0.02312901 0.00005234 0.01796511
v 0.02430015 0.00005390 0.01758988
v 0.02332343 0.00001790 0.02109195
v 0.02451147 0.00001714 0.02077040
v 0.02447675 0.00525520 0.02263707
v 0.02360899 0.00525707 0.02477730
v 0.02380893 0.00526229 0.02477742
v 0.02456053 0.00153097 0.02259042
v 0.02405452 0.00253524 0.02295375
v 0.02417809 0.00101701 0.02270617
v 0.02430271 0.00113533 0.02264566
v 0.02427351 0.00101770 0.02265325
v 0.02430396 0.00015787 0.02264062
v 0.02410452 0.00101619 0.02279587
v 0.02407164 0.00101546 0.02289715
v 0.02406891 0.00101519 0.02294125
v 0.02337087 -0.00001835 0.02442803
v 0.02339552 0.00942420 0.02942053
v 0.02359523 0.00942724 0.02943095
v 0.02320275 0.00701974 0.02797989
v 0.02386263 0.00886517 0.02809478
v 0.02295771 0.00713968 0.03141463
v 0.02288643 0.01302159 0.03625055
v 0.02193454 0.01256069 0.03860038
v 0.02221633 0.01283307 0.03718220
v 0.02276406 0.01267625 0.03803773
v 0.02249799 0.00727546 0.03494683
v 0.02344648 0.00494152 0.02933361
v 0.02364594 0.00494255 0.02934825
v 0.02393666 0.00430855 0.02800013
v 0.02325395 -0.00005259 0.02786085
v 0.02295526 -0.00008307 0.03134984
v 0.02273803 0.00506858 0.03518862
v 0.02293522 0.00506662 0.03522198
v 0.02259351 0.00401668 0.03595249
v 0.02279023 0.00401489 0.03598854
v 0.02185580 0.00303665 0.03805676
v 0.02173404 0.00358419 0.03862993
v 0.02222500 0.00591459 0.03793812
v 0.02242064 0.00591141 0.03797952
v 0.02238901 0.00482356 0.03897837
v 0.02239680 0.00472465 0.03904965
v 0.02263442 0.00484616 0.03962006
v 0.02267037 0.00474199 0.03945896
v 0.02278814 0.00476957 0.03946925
v 0.02260757 0.00396597 0.03793530
v 0.02261360 0.00387985 0.03801826
v 0.02265676 0.00381486 0.03808868
v 0.02273299 0.00376680 0.03814973
v 0.02272357 0.00335220 0.03735016
v 0.02282891 0.00374478 0.03819004
v 0.02293705 0.00375078 0.03820622
v 0.02247544 0.00452135 0.03857455
v 0.02289551 0.00442527 0.03898032
v 0.02289523 0.00393792 0.03840993
v 0.02212521 0.00112780 0.03670798
v 0.02281411 0.00179613 0.03460039
v 0.02290175 0.00200129 0.03640250
v 0.02289858 0.00204590 0.03641987
v 0.02290650 0.00194652 0.03649786
v 0.02294763 0.00190131 0.03658336
v 0.02245165 -0.00010948 0.03492194
v 0.02196686 0.00240212 0.03751452
v 0.02291208 0.00279716 0.03882502
v 0.02332131 0.00440169 0.03403976
v 0.02307750 0.00299364 0.03750051
v 0.02314970 0.00331166 0.03775661
v 0.02301149 0.00179536 0.03463269
v 0.02302249 0.00186775 0.03665490
v 0.02311796 0.00185220 0.03669911
v 0.02303070 0.00045838 0.03567865
v 0.02334774 0.00044111 0.03604441
v 0.02307887 -0.00039463 0.03540264
v 0.02308211 -0.00042622 0.03551404
v 0.02312281 -0.00045090 0.03560774
v 0.02345400 0.00073041 0.03614616
v 0.02309221 0.00289982 0.03742455
v 0.02331609 0.00218318 0.03689666
v 0.02321788 0.00193660 0.03675950
v 0.02312438 0.00153131 0.03781568
v 0.02326654 0.00011019 0.03710813
v 0.01478951 0.02570685 0.06298856
v 0.01467503 0.02115934 0.06310982
v 0.01486365 0.02115737 0.06317628
v 0.01455792 0.01637402 0.06339290
v 0.01474771 0.01637379 0.06345599
v 0.01805818 0.02503972 0.05529781
v 0.01742003 0.02529934 0.05588950
v 0.01760749 0.02529403 0.05595901
v 0.01553140 0.02397963 0.06000552
v 0.01497727 0.02570307 0.06305734
v 0.01533004 0.02548017 0.06266452
v 0.01521567 0.02081748 0.06276984
v 0.01779423 0.01543366 0.05516299
v 0.01716983 0.01594010 0.05577792
v 0.01735853 0.01593482 0.05584398
v 0.01533938 0.01650209 0.06015393
v 0.01509631 0.01589752 0.06303964
v 0.01279121 -0.00038686 0.04350761
v 0.01253615 0.00004585 0.04469248
v 0.01201644 0.00058853 0.04710959
v 0.01285962 -0.00023333 0.04738125
v 0.01236925 0.00001455 0.04974373
v 0.01192734 0.00007982 0.05213004
v 0.01394115 0.00340258 0.05195941
v 0.01466798 0.00334228 0.04919488
v 0.01490920 0.00267132 0.05214796
v 0.01649494 0.00195151 0.04227951
v 0.01614774 0.00245557 0.04364675
v 0.01682161 0.00125431 0.04096080
v 0.01742855 0.00128413 0.04273817
v 0.01801889 -0.00018825 0.04043479
v 0.01774254 0.00064904 0.04152161
v 0.01708759 0.00175191 0.04403104
v 0.01541517 0.00306670 0.04642017
v 0.01636202 0.00233089 0.04670770
v 0.01562288 0.00260122 0.04942530
v 0.01442145 0.01128653 0.06380287
v 0.01461227 0.01128600 0.06386276
v 0.01432031 0.00662947 0.06407060
v 0.01451178 0.00662850 0.06412838
v 0.01325831 0.00328013 0.05472025
v 0.01263501 0.00292966 0.05747686
v 0.01424705 0.00257075 0.05486187
v 0.01365346 0.00225722 0.05754834
v 0.01208941 0.00222986 0.06019989
v 0.01185725 0.00168652 0.06152309
v 0.01314493 0.00161946 0.06016029
v 0.01293137 0.00112364 0.06140437
v 0.01275542 0.00047231 0.06256545
v 0.01262806 -0.00035772 0.06359903
v 0.01402697 0.00383570 0.06395848
v 0.01454481 0.00486153 0.06226068
v 0.01481780 0.00518480 0.06377955
v 0.01484284 0.00518738 0.06369641
v 0.01459242 0.00451019 0.06456503
v 0.01465226 0.00443335 0.06452551
v 0.01474041 0.00437243 0.06450635
v 0.01484119 0.00433886 0.06451142
v 0.01642575 0.00871751 0.05749211
v 0.01613251 0.00634522 0.05729157
v 0.01728078 0.00899820 0.05492742
v 0.01720120 0.00669978 0.05405124
v 0.01747049 0.00899364 0.05499056
v 0.01771943 0.00752928 0.05477147
v 0.01661573 0.00871393 0.05755453
v 0.01681511 0.00722545 0.05750400
v 0.01688225 0.00715221 0.05734579
v 0.01693306 0.00706025 0.05734873
v 0.01701361 0.00698877 0.05736453
v 0.01710966 0.00695122 0.05739052
v 0.01721370 0.00695090 0.05742471
v 0.01705312 0.00687346 0.05791043
v 0.01783551 0.00717328 0.05555553
v 0.01786260 0.00717884 0.05556517
v 0.01775768 0.00713742 0.05622678
v 0.01740561 0.00700280 0.05729362
v 0.01495508 0.01066232 0.06343203
v 0.01510335 0.00836412 0.06058354
v 0.01520295 0.00785870 0.06124380
v 0.01539367 0.00785665 0.06130399
v 0.01605956 0.00675077 0.05982310
v 0.01576827 0.00648914 0.06073172
v 0.01578816 0.00640334 0.06071101
v 0.01584153 0.00631350 0.06069970
v 0.01651311 0.00645098 0.06003454
v 0.01658913 0.00659177 0.05932439
v 0.01665402 0.00660321 0.05934847
v 0.01672585 0.00661590 0.05937513
v 0.01585791 0.00619302 0.05813312
v 0.01705430 0.00569814 0.05830770
v 0.01757101 0.00594721 0.05672595
v 0.01523312 0.00571223 0.06007181
v 0.01592425 0.00624287 0.06070380
v 0.01602168 0.00620474 0.06072285
v 0.01612620 0.00620243 0.06075544
v 0.01589486 0.00595494 0.06148013
v 0.01606060 0.00483458 0.06141409
v 0.01539305 0.00606454 0.06191775
v 0.01565393 0.00564946 0.06224293
v 0.01493164 0.00535522 0.06340566
v 0.01495460 0.00528031 0.06337077
v 0.01501195 0.00519713 0.06334181
v 0.01509802 0.00513132 0.06333136
v 0.01519753 0.00509524 0.06334165
v 0.01529612 0.00482051 0.06391875
v 0.01556599 0.00408259 0.06300731
v 0.01496495 0.00438047 0.06448001
v 0.01492639 0.00428463 0.06460806
v 0.01497558 0.00433822 0.06455374
v 0.01516217 0.00316009 0.06434060
v 0.01574441 0.00566317 0.06227779
v 0.01579555 0.00567091 0.06229749
v 0.01585838 0.00575643 0.06209652
v 0.01666855 0.00543665 0.05950146
v 0.02130094 0.02600986 0.04120962
v 0.02080887 0.02496681 0.04414666
v 0.02087015 0.02460488 0.04525103
v 0.02106450 0.02460823 0.04529813
v 0.02118660 0.02257922 0.04265027
v 0.02124641 0.02224072 0.04377024
v 0.01876457 0.02556946 0.05130157
v 0.01872218 0.02337734 0.05124563
v 0.01904713 0.02556653 0.05140238
v 0.01923552 0.02556458 0.05146957
v 0.01965698 0.02465876 0.05080017
v 0.01962219 0.02153451 0.04839294
v 0.01935047 0.02305101 0.04938010
v 0.01963454 0.02304274 0.04947625
v 0.01990736 0.02152202 0.04848528
v 0.02009748 0.02151369 0.04854681
v 0.02017850 0.02214643 0.04901362
v 0.01982414 0.02303610 0.04953955
v 0.02022011 0.01674701 0.04585898
v 0.02050796 0.01672342 0.04594106
v 0.02069987 0.01670766 0.04599573
v 0.02096232 0.01592353 0.04570606
v 0.01967707 0.01543722 0.04839767
v 0.01848125 0.01593929 0.05108967
v 0.02003515 0.01852033 0.04671075
v 0.02032118 0.01850874 0.04680048
v 0.02051196 0.01850031 0.04685992
v 0.02061089 0.01925489 0.04731674
v 0.01989948 0.01561811 0.04673897
v 0.02034470 0.01490888 0.04756001
v 0.01986709 0.01542906 0.04845952
v 0.02168587 0.02632120 0.04045240
v 0.02188344 0.02633853 0.04047816
v 0.02184919 0.02569851 0.04232597
v 0.02223449 0.02324577 0.04078932
v 0.02135229 0.02475714 0.04494004
v 0.02147328 0.02009406 0.04136550
v 0.02153085 0.01978434 0.04249175
v 0.02172573 0.01978195 0.04253665
v 0.02201579 0.01990147 0.04216669
v 0.02173033 0.02237507 0.04344906
v 0.02144115 0.02224080 0.04381583
v 0.02168678 0.01754072 0.04026770
v 0.02174262 0.01726401 0.04139212
v 0.02193751 0.01725986 0.04143681
v 0.02222795 0.01736236 0.04106754
v 0.02060817 0.01160542 0.04381385
v 0.02089657 0.01159460 0.04389573
v 0.02108885 0.01158739 0.04395031
v 0.02128112 0.01158019 0.04400495
v 0.02082383 0.00759429 0.04256841
v 0.02021325 0.00874863 0.04587643
v 0.02040452 0.00874249 0.04593455
v 0.01989920 0.00638625 0.04565228
v 0.02084778 0.00835283 0.04367872
v 0.02104010 0.00834704 0.04373331
v 0.02104278 0.00697733 0.04431332
v 0.02115866 0.00683753 0.04526321
v 0.02127324 0.00686776 0.04529262
v 0.01941057 0.00901287 0.04846967
v 0.01960094 0.00900675 0.04853069
v 0.01960698 0.00777569 0.04672940
v 0.01956567 0.00653570 0.04675043
v 0.01824969 0.00911404 0.05202651
v 0.01843943 0.00910856 0.05208950
v 0.01819528 0.00796765 0.05113627
v 0.01847221 0.00676897 0.05019208
v 0.01973172 0.00730144 0.04984161
v 0.01895734 0.00763575 0.05103227
v 0.02020705 0.00741420 0.04712380
v 0.02020665 0.00740492 0.04712468
v 0.02022304 0.00729733 0.04714122
v 0.02027269 0.00720810 0.04716608
v 0.02015099 0.00743309 0.04730494
v 0.02035259 0.00714136 0.04719788
v 0.02044861 0.00710975 0.04723091
v 0.02026414 0.00725959 0.04859056
v 0.02077699 0.00703074 0.04653617
v 0.02055326 0.00711610 0.04726255
v 0.02074818 0.00711793 0.04704115
v 0.02103760 0.00532659 0.04157460
v 0.02043015 0.00603000 0.04382841
v 0.02091619 0.00588659 0.04639032
v 0.01990445 0.00618222 0.04962005
v 0.02194699 0.01231571 0.03991972
v 0.02210501 0.01228035 0.04012064
v 0.02156000 0.01202695 0.04148700
v 0.02175368 0.01201997 0.04153599
v 0.02186553 0.01195643 0.04189900
v 0.02222371 0.01221529 0.04048380
v 0.02170194 0.00728582 0.04034738
v 0.02189616 0.00728124 0.04039490
v 0.02143189 0.00772433 0.04146320
v 0.02162542 0.00771930 0.04151343
v 0.02168104 0.00632609 0.04195986
v 0.02138135 0.00668142 0.04309456
v 0.02139486 0.00656385 0.04313056
v 0.02144333 0.00647812 0.04316727
v 0.02152282 0.00641479 0.04320623
v 0.02161931 0.00638585 0.04324033
v 0.02172526 0.00639392 0.04326682
v 0.02157973 0.00665620 0.04422731
v 0.02213964 0.00550774 0.04008822
v 0.02213069 0.00551313 0.04012680
v 0.02214178 0.00541746 0.04018009
v 0.02177736 0.00618694 0.04158180
v 0.02178917 0.00607268 0.04162838
v 0.02207812 0.00596841 0.04193298
v 0.02198594 0.00609465 0.04228967
v 0.02143938 0.00452453 0.03993709
v 0.02218782 0.00533883 0.04023248
v 0.02226593 0.00528090 0.04028138
v 0.02236235 0.00525464 0.04031776
v 0.02246957 0.00526243 0.04033861
v 0.02265765 0.00512206 0.04004436
v 0.02223552 0.00593594 0.04178588
v 0.02215766 0.00604814 0.04209037
v 0.02265262 0.00374632 0.03997991
v 0.02229021 0.00457437 0.04147377
v 0.02173822 0.00531525 0.04356109
v 0.01842886 0.00762806 0.05263500
v 0.01844579 0.00752054 0.05263830
v 0.01849563 0.00742916 0.05265284
v 0.01857537 0.00735939 0.05267776
v 0.01867093 0.00732439 0.05270866
v 0.01881233 0.00732960 0.05263051
v 0.01878516 0.00732795 0.05271212
v 0.01875684 0.00732607 0.05279713
v 0.01884403 0.00735121 0.05295117
v 0.01906845 0.00736375 0.05227239
v 0.01872896 0.00621290 0.05321570
v -0.00064073 0.05285430 0.06988119
v -0.00090967 0.05168543 0.06985981
v -0.00042093 0.05263278 0.07500072
v 0.00076508 0.05105646 0.07494161
v 0.00149456 0.05207914 0.07500071
v 0.00194095 0.05064899 0.07493768
v 0.00242363 0.05174765 0.07500071
v 0.00249577 0.05043279 0.07493550
v 0.00347607 0.05132187 0.07500071
v 0.00469639 0.04941654 0.07492255
v -0.00081333 0.05255390 0.08039245
v 0.00108156 0.05201547 0.08038908
v -0.00034517 0.05130139 0.08612738
v -0.00090318 0.05233785 0.08722842
v -0.00066365 0.05266542 0.08676982
v -0.00036695 0.05190270 0.08768336
v -0.00092882 0.05106577 0.08651823
v 0.00006008 0.05196447 0.08708936
v 0.00026973 0.05239443 0.08663123
v 0.00029261 0.05238722 0.08662707
v -0.00047173 0.04957460 0.08735911
v -0.00086800 0.04919349 0.08952044
v -0.00039173 0.04894464 0.08842123
v -0.00035401 0.04896018 0.08936856
v -0.00025350 0.04963093 0.08709754
v 0.00007183 0.04972323 0.08674847
v 0.00023975 0.04979081 0.08657412
v 0.00039177 0.04982210 0.08644482
v 0.00006436 0.04879669 0.08786013
v 0.00031993 0.04865444 0.08774359
v -0.00014124 0.04881196 0.08831979
v 0.00011623 0.04867525 0.08821441
v 0.00037046 0.04853934 0.08810792
v 0.00017412 0.04871752 0.08922523
v 0.00104231 0.05036769 0.08582406
v 0.00100660 0.05033108 0.08585331
v 0.00121202 0.05029458 0.08575505
v 0.00192591 0.05179754 0.08620863
v 0.00133608 0.05071619 0.08560486
v 0.00171557 0.05056191 0.08545844
v 0.00104613 0.05151051 0.08690133
v 0.00046831 0.05127893 0.08877378
v 0.00166061 0.05085630 0.08730316
v 0.00051948 0.04989233 0.08631837
v 0.00130541 0.04867684 0.08641750
v 0.00144552 0.04869504 0.08626395
v 0.00206427 0.04887824 0.08561635
v 0.00181422 0.04878158 0.08587126
v 0.00200282 0.04885131 0.08567803
v 0.00169995 0.04834920 0.08627015
v 0.00184455 0.04835783 0.08610395
v 0.00198682 0.04837476 0.08594278
v 0.00196078 0.04819214 0.08611231
v 0.00058097 0.04850852 0.08762249
v 0.00116315 0.04866637 0.08657572
v 0.00076528 0.04843512 0.08906348
v 0.00083722 0.04836409 0.08750004
v 0.00088966 0.04825821 0.08788411
v 0.00109651 0.04821661 0.08737293
v 0.00115581 0.04811224 0.08776719
v 0.00062906 0.04839991 0.08799747
v 0.00162052 0.04791460 0.08710762
v 0.00135648 0.04806741 0.08724239
v 0.00143174 0.04795898 0.08764537
v 0.00189268 0.04775526 0.08696709
v 0.00172384 0.04779617 0.08752033
v 0.00208698 0.05037006 0.08021451
v 0.00305381 0.05126247 0.08038567
v 0.00477647 0.05042331 0.08038252
v 0.00372781 0.04962381 0.08020160
v 0.00527389 0.04874533 0.08018126
v 0.00500500 0.04883253 0.08302452
v 0.00482288 0.04835122 0.08321909
v 0.00479633 0.04830061 0.08324939
v 0.00313633 0.05032600 0.08626655
v 0.00341280 0.05112431 0.08555243
v 0.00215604 0.05038156 0.08780972
v 0.00212453 0.04890693 0.08555660
v 0.00226530 0.04898322 0.08541997
v 0.00219581 0.04894397 0.08548695
v 0.00236029 0.04846056 0.08553135
v 0.00286947 0.04949528 0.08489946
v 0.00283288 0.04945359 0.08492669
v 0.00261245 0.04855919 0.08526514
v 0.00267302 0.04858869 0.08520291
v 0.00255058 0.04853157 0.08532947
v 0.00274453 0.04862688 0.08513044
v 0.00281412 0.04866743 0.08506085
v 0.00224843 0.04821658 0.08577671
v 0.00222139 0.04803313 0.08594814
v 0.00236643 0.04804051 0.08577331
v 0.00250897 0.04805674 0.08560387
v 0.00262232 0.04830253 0.08535529
v 0.00281241 0.04837443 0.08514874
v 0.00276613 0.04789682 0.08542589
v 0.00273803 0.04771226 0.08560443
v 0.00247949 0.04787371 0.08577920
v 0.00315929 0.04989225 0.08471413
v 0.00307493 0.04851262 0.08487426
v 0.00337421 0.04915684 0.08455422
v 0.00340957 0.04920033 0.08452681
v 0.00366179 0.04905678 0.08433158
v 0.00362735 0.04901233 0.08435922
v 0.00293450 0.04843246 0.08501935
v 0.00319266 0.04827534 0.08482789
v 0.00326331 0.04831496 0.08475215
v 0.00333189 0.04835710 0.08467951
v 0.00332513 0.04805867 0.08476595
v 0.00344525 0.04811896 0.08463029
v 0.00339077 0.04782436 0.08478688
v 0.00358280 0.04820249 0.08447837
v 0.00357638 0.04790037 0.08456445
v 0.00363635 0.04793016 0.08449370
v 0.00364582 0.04766113 0.08458190
v 0.00354784 0.04739995 0.08485086
v 0.00288209 0.04814324 0.08517187
v 0.00307134 0.04821626 0.08496032
v 0.00302279 0.04773530 0.08524167
v 0.00288174 0.04771908 0.08542018
v 0.00313269 0.04824479 0.08489299
v 0.00313734 0.04798431 0.08498279
v 0.00300073 0.04754624 0.08542184
v 0.00327068 0.04737514 0.08523399
v 0.00328253 0.04756974 0.08504908
v 0.00341068 0.04738257 0.08503938
v 0.00258386 0.05002143 0.08840355
v 0.00217841 0.04758769 0.08682273
v 0.00285050 0.04722404 0.08848246
v 0.00470184 0.05042403 0.08466294
v 0.00368410 0.04961446 0.08434479
v 0.00392599 0.04948001 0.08414974
v 0.00387413 0.04886796 0.08415475
v 0.00390745 0.04891344 0.08412677
v 0.00415949 0.04934638 0.08394419
v 0.00411246 0.04872537 0.08394271
v 0.00414447 0.04877194 0.08391429
v 0.00438265 0.04921521 0.08373006
v 0.00437487 0.04863153 0.08369289
v 0.00434438 0.04858378 0.08372184
v 0.00422450 0.04959185 0.08573841
v 0.00407704 0.04789059 0.08405089
v 0.00376357 0.04800352 0.08434584
v 0.00383010 0.04804765 0.08426964
v 0.00369483 0.04796208 0.08442533
v 0.00382846 0.04773923 0.08435349
v 0.00394470 0.04780265 0.08421068
v 0.00372980 0.04743842 0.08460381
v 0.00390415 0.04749483 0.08437077
v 0.00413996 0.04760727 0.08406148
v 0.00426114 0.04768518 0.08390561
v 0.00419577 0.04764117 0.08398940
v 0.00432416 0.04773201 0.08382530
v 0.00408258 0.04757563 0.08413609
v 0.00459715 0.04908603 0.08350609
v 0.00371804 0.04941042 0.08665431
v 0.00415320 0.04877025 0.08718789
v 0.00451240 0.04830566 0.08784878
v 0.00480877 0.04795569 0.08863080
v 0.00502930 0.04768323 0.08952367
v 0.00367030 0.04654027 0.08661875
v 0.00406263 0.04632697 0.08577739
v 0.00496951 0.04618162 0.08388821
v 0.00520412 0.04623196 0.08342785
v 0.00487817 0.04551736 0.08615845
v 0.00520323 0.04535111 0.08523707
v 0.00420587 0.04611658 0.08820002
v 0.00494868 0.04527721 0.08807494
v 0.00579334 0.05018439 0.07500071
v 0.00551162 0.04896846 0.07491467
v 0.00718771 0.04789301 0.07488877
v 0.00825377 0.04859158 0.07500072
v 0.00841940 0.04694725 0.07471358
v 0.00840104 0.04695326 0.07477555
v 0.00840609 0.04695157 0.07475866
v 0.00837703 0.04696114 0.07485707
v 0.00773519 0.04719221 0.07698783
v 0.00835919 0.04555484 0.07681333
v 0.00839471 0.04538779 0.07687665
v 0.00940893 0.04763864 0.07500073
v 0.00986541 0.04648886 0.06985857
v 0.01110396 0.04447366 0.07085286
v 0.01107983 0.04436764 0.07085416
v 0.01108818 0.04427909 0.07086399
v 0.01124157 0.04462539 0.07088262
v 0.01116027 0.04456215 0.07086287
v 0.00884904 0.04511790 0.07533182
v 0.00886113 0.04511188 0.07529256
v 0.00883693 0.04512419 0.07537107
v 0.00888027 0.04501317 0.07532812
v 0.00885603 0.04502572 0.07540657
v 0.00887449 0.04492744 0.07544289
v 0.00888663 0.04492089 0.07540370
v 0.00889876 0.04491464 0.07536449
v 0.00872795 0.04405021 0.07694016
v 0.00924816 0.04500238 0.07698641
v 0.00922650 0.04489341 0.07699131
v 0.00923398 0.04482038 0.07700116
v 0.00901595 0.04400227 0.07583804
v 0.00907311 0.04368711 0.07591111
v 0.00985430 0.04634026 0.07500862
v 0.00977962 0.04631663 0.07531719
v 0.00930844 0.04509914 0.07699431
v 0.00939031 0.04516238 0.07701215
v 0.01002994 0.04515210 0.07569776
v 0.00935488 0.04385376 0.07474510
v 0.01009152 0.04475120 0.07417293
v 0.01006729 0.04464522 0.07417474
v 0.01007480 0.04456002 0.07418435
v 0.00983469 0.04483401 0.07503678
v 0.00988975 0.04491698 0.07504591
v 0.00984856 0.04470843 0.07490043
v 0.00987285 0.04481439 0.07489840
v 0.00985574 0.04462377 0.07491075
v 0.00980754 0.04472714 0.07503814
v 0.00978672 0.04483042 0.07517426
v 0.00977229 0.04478213 0.07517426
v 0.00977317 0.04464835 0.07518638
v 0.00982771 0.04490436 0.07517990
v 0.00992936 0.04490285 0.07490759
v 0.00996568 0.04497976 0.07507870
v 0.01001086 0.04496608 0.07492653
v 0.00992828 0.04499055 0.07520225
v 0.00953482 0.04472127 0.07598726
v 0.00913265 0.04253331 0.07662037
v 0.00910939 0.04255240 0.07669219
v 0.00912104 0.04254252 0.07665630
v 0.00913117 0.04230790 0.07678697
v 0.00910812 0.04232737 0.07685810
v 0.00911408 0.04209697 0.07699500
v 0.00910265 0.04210725 0.07703018
v 0.00912547 0.04208742 0.07695977
v 0.00911751 0.04190939 0.07710770
v 0.00989379 0.04275532 0.07487024
v 0.01008255 0.04279502 0.07492310
v 0.01010134 0.04270031 0.07492704
v 0.00991002 0.04321959 0.07596257
v 0.00992036 0.04270026 0.07632037
v 0.00989356 0.04194706 0.07693270
v 0.00989543 0.04102920 0.07486592
v 0.00995100 0.04061349 0.07489031
v 0.01042732 0.04465703 0.07306584
v 0.01048369 0.04474552 0.07307555
v 0.01040315 0.04455103 0.07306740
v 0.01041091 0.04446490 0.07307700
v 0.01056505 0.04480877 0.07309499
v 0.01102879 0.04486595 0.07238744
v 0.01022882 0.04509227 0.07503143
v 0.01014796 0.04483968 0.07418235
v 0.01022941 0.04490291 0.07420152
v 0.01087771 0.04249376 0.07168332
v 0.01106569 0.04253493 0.07173783
v 0.01041876 0.04204359 0.07500953
v 0.01017636 0.04108987 0.07495360
v 0.00660395 0.04779447 0.08017468
v 0.00659673 0.04780170 0.08015047
v 0.00574987 0.04834926 0.08191055
v 0.00638802 0.04943842 0.08037860
v 0.00613544 0.04747472 0.08142522
v 0.00651790 0.04720434 0.08080797
v 0.00651725 0.04713127 0.08084800
v 0.00661184 0.04713538 0.08065251
v 0.00661360 0.04705972 0.08069330
v 0.00741312 0.04733607 0.07799868
v 0.00701440 0.04754791 0.07913332
v 0.00778685 0.04839016 0.07995790
v 0.00689081 0.04899312 0.08188966
v 0.00695944 0.04808360 0.08257052
v 0.00727395 0.04704840 0.08278018
v 0.00782450 0.04737695 0.08097401
v 0.00582030 0.04972439 0.08351208
v 0.00530101 0.04877899 0.08500869
v 0.00578261 0.04756666 0.08546044
v 0.00604570 0.04678137 0.08508446
v 0.00582291 0.04676731 0.08570272
v 0.00576717 0.04675443 0.08636825
v 0.00587455 0.04682473 0.08614209
v 0.00590089 0.04683597 0.08572870
v 0.00602338 0.04688090 0.08598849
v 0.00598028 0.04685353 0.08619504
v 0.00595975 0.04683307 0.08632226
v 0.00632729 0.04791666 0.08403343
v 0.00645152 0.04676200 0.08443683
v 0.00642064 0.04677609 0.08450175
v 0.00612587 0.04684613 0.08511359
v 0.00615420 0.04685949 0.08512440
v 0.00615230 0.04685981 0.08512942
v 0.00628568 0.04691710 0.08520544
v 0.00642347 0.04689918 0.08489811
v 0.00566813 0.04646262 0.08253819
v 0.00548827 0.04638026 0.08286037
v 0.00572698 0.04657195 0.08239157
v 0.00582214 0.04669207 0.08219378
v 0.00584889 0.04667222 0.08216244
v 0.00594739 0.04535209 0.08316105
v 0.00665385 0.04602423 0.08123785
v 0.00653620 0.04591810 0.08151659
v 0.00649944 0.04577959 0.08168558
v 0.00635162 0.04566854 0.08203677
v 0.00613720 0.04544661 0.08265593
v 0.00729334 0.04656742 0.07945461
v 0.00731401 0.04646309 0.07950211
v 0.00782860 0.04601930 0.07829623
v 0.00780124 0.04594250 0.07849599
v 0.00786036 0.04588006 0.07835104
v 0.00846985 0.04512744 0.07945301
v 0.00834441 0.04462802 0.07792506
v 0.00799270 0.04432651 0.07946376
v 0.00797718 0.04404670 0.07974665
v 0.00796997 0.04380108 0.07996774
v 0.00813395 0.04410120 0.07917678
v 0.00839345 0.04339716 0.07882959
v 0.00737085 0.04525917 0.08039146
v 0.00734227 0.04504389 0.08063276
v 0.00756919 0.04560019 0.08189004
v 0.00722497 0.04468416 0.08120955
v 0.00732702 0.04485399 0.08082718
v 0.00708805 0.04432130 0.08188699
v 0.00695108 0.04413658 0.08244142
v 0.00766360 0.04378762 0.08205096
v 0.00775596 0.04549362 0.08143453
v 0.00798211 0.04569647 0.08102906
v 0.00792026 0.04560045 0.08102570
v 0.00789570 0.04549281 0.08103906
v 0.00806396 0.04575971 0.08104701
v 0.00812492 0.04622918 0.08125133
v 0.00787037 0.04611338 0.08211552
v 0.00779232 0.04615940 0.08228988
v 0.00784892 0.04495669 0.08168460
v 0.00790551 0.04353211 0.08038481
v 0.00787074 0.04382671 0.08204358
v 0.00796621 0.04381567 0.08247603
v 0.00838288 0.04312291 0.07907633
v 0.00832663 0.04277859 0.07952725
v 0.00747813 0.04224020 0.08293755
v 0.00780769 0.04299765 0.08112451
v 0.00770047 0.04269375 0.08173161
v 0.00822517 0.04215559 0.08032549
v 0.00811557 0.04178402 0.08098309
v 0.00781389 0.04285843 0.08246317
v 0.00800082 0.04290912 0.08251304
v 0.00830470 0.04131987 0.08060114
v 0.00788050 0.04122891 0.08229222
v 0.00805897 0.04071170 0.08196939
v 0.00841601 0.04055028 0.08198943
v 0.00834470 0.04058618 0.08227401
v 0.00824337 0.04063799 0.08268248
v 0.00843622 0.04066972 0.08272504
v 0.00564330 0.04658743 0.08632366
v 0.00563526 0.04647365 0.08630234
v 0.00568524 0.04634228 0.08628477
v 0.00566412 0.04637831 0.08628871
v 0.00596892 0.04657495 0.08506451
v 0.00598390 0.04647620 0.08507604
v 0.00599042 0.04668895 0.08506700
v 0.00599903 0.04643796 0.08508430
v 0.00577305 0.04667233 0.08568285
v 0.00578370 0.04645982 0.08567224
v 0.00580308 0.04642260 0.08567309
v 0.00569016 0.04668329 0.08634637
v 0.00569760 0.04635904 0.08618873
v 0.00604283 0.04491042 0.08640388
v 0.00637171 0.04670393 0.08440828
v 0.00664815 0.04665226 0.08404525
v 0.00663829 0.04644719 0.08380409
v 0.00659609 0.04634460 0.08382031
v 0.00665738 0.04647557 0.08380391
v 0.00658882 0.04624636 0.08385511
v 0.00659491 0.04620912 0.08387344
v 0.00670801 0.04653079 0.08381140
v 0.00676437 0.04657122 0.08382810
v 0.00688416 0.04661606 0.08383185
v 0.00670553 0.04552975 0.08442365
v 0.00632276 0.04507524 0.08573461
v 0.00638882 0.04381892 0.08472188
v 0.00678148 0.04448863 0.08420205
v 0.00668885 0.04388444 0.08353996
v 0.00639112 0.04484479 0.08501632
v 0.00647854 0.04488695 0.08504039
v 0.00645439 0.04478811 0.08488397
v 0.00614916 0.04498451 0.08569419
v 0.00614205 0.04386720 0.08573026
v 0.00656609 0.04492901 0.08506420
v 0.00662999 0.04487059 0.08493256
v 0.00681975 0.04482029 0.08516532
v 0.00686307 0.04429929 0.08603686
v 0.00567861 0.04624465 0.08750070
v 0.00566603 0.04613830 0.08745603
v 0.00572910 0.04633603 0.08753236
v 0.00583912 0.04657289 0.08721498
v 0.00580859 0.04640571 0.08754957
v 0.00571045 0.04601815 0.08739554
v 0.00569091 0.04605075 0.08741330
v 0.00595408 0.04658056 0.08728428
v 0.00597856 0.04651573 0.08745225
v 0.00589273 0.04641686 0.08760388
v 0.00600756 0.04644827 0.08760929
v 0.00602349 0.04611927 0.08815008
v 0.00594274 0.04549270 0.08835411
v 0.00593101 0.04556680 0.08842104
v 0.00595757 0.04565807 0.08848759
v 0.00601822 0.04573764 0.08853110
v 0.00606051 0.04523443 0.08858007
v 0.00564102 0.04422863 0.08796480
v 0.00608473 0.04463736 0.08704011
v 0.00622447 0.04600194 0.08837211
v 0.00610355 0.04579949 0.08855014
v 0.00615891 0.04582417 0.08854948
v 0.00614004 0.04504681 0.08880478
v 0.00639457 0.04564118 0.08878919
v 0.00633039 0.04543329 0.08894835
v 0.00647742 0.04543896 0.08906842
v 0.00656699 0.04524892 0.08912797
v 0.00662635 0.04510688 0.08922860
v 0.00621710 0.04500348 0.08643499
v 0.00626187 0.04472683 0.08706494
v 0.00641662 0.04426194 0.08757257
v 0.00623541 0.04418048 0.08754961
v 0.00644668 0.04357828 0.08786421
v 0.00685651 0.04392703 0.08702387
v 0.00663190 0.04364988 0.08788804
v 0.00673328 0.04335656 0.08795114
v 0.00621616 0.04486668 0.08889408
v 0.00639580 0.04463848 0.08933347
v 0.00646839 0.04469682 0.08939029
v 0.00635715 0.04450938 0.08912084
v 0.00634925 0.04452650 0.08915832
v 0.00635287 0.04457515 0.08924624
v 0.00656063 0.04474537 0.08941488
v 0.00667118 0.04456990 0.08951049
v 0.00680637 0.04368252 0.08811345
v 0.00675687 0.04337028 0.08948623
v 0.00682743 0.04292017 0.08687983
v 0.00654650 0.04328940 0.08792657
v 0.00661553 0.04189250 0.08776655
v 0.00699506 0.04665752 0.08383498
v 0.00690852 0.04426799 0.08407263
v 0.00700258 0.04452446 0.08416182
v 0.00708806 0.04433950 0.08412411
v 0.00691829 0.04343330 0.08536027
v 0.00710173 0.04350287 0.08539913
v 0.00722880 0.04197219 0.08422782
v 0.00768546 0.04187563 0.08404654
v 0.00702394 0.04186020 0.08532822
v 0.00762279 0.04085583 0.08368670
v 0.00741104 0.04066392 0.08487570
v 0.00757646 0.04004719 0.08465011
v 0.00745663 0.04125934 0.08590894
v 0.00745749 0.04106989 0.08613322
v 0.00764869 0.04130263 0.08594419
v 0.00754628 0.04101679 0.08570495
v 0.00765038 0.04111008 0.08616756
v 0.00796288 0.04295358 0.08344517
v 0.00787511 0.04192286 0.08408899
v 0.00787765 0.04231681 0.08457381
v 0.00774151 0.04186411 0.08584539
v 0.00779411 0.04028216 0.08341643
v 0.00773944 0.04105527 0.08573978
v 0.00701461 0.04298404 0.08690961
v 0.00701065 0.04246400 0.08804472
v 0.00716977 0.04125976 0.08763389
v 0.00715039 0.04127269 0.08774404
v 0.00713092 0.04128809 0.08785257
v 0.00710988 0.04130435 0.08797196
v 0.00698980 0.04054083 0.08751043
v 0.00750586 0.04120351 0.08689469
v 0.00736301 0.04130226 0.08766307
v 0.00734359 0.04131567 0.08777279
v 0.00732421 0.04133088 0.08788099
v 0.00757250 0.04157552 0.08724448
v 0.00708232 0.04135104 0.08809058
v 0.00708892 0.04132074 0.08809227
v 0.00717815 0.04137649 0.08810413
v 0.00727391 0.04140221 0.08811767
v 0.00728213 0.04136450 0.08811978
v 0.00730313 0.04134763 0.08799993
v 0.00738532 0.04143731 0.08875597
v 0.00858832 0.04794579 0.07770546
v 0.00858966 0.04678316 0.07914295
v 0.00926400 0.04511480 0.07714289
v 0.00859391 0.04526231 0.07910066
v 0.00857115 0.04515378 0.07910907
v 0.00857831 0.04507846 0.07912236
v 0.00865486 0.04535880 0.07910644
v 0.00873685 0.04542199 0.07912390
v 0.00869395 0.04566908 0.07999109
v 0.00903257 0.04551345 0.07897576
v 0.00918943 0.04483600 0.07715025
v 0.00918197 0.04490911 0.07714023
v 0.00920368 0.04501805 0.07713513
v 0.00898228 0.04365895 0.07901359
v 0.00934588 0.04517804 0.07716068
v 0.00886431 0.04283024 0.07741963
v 0.00878887 0.04258394 0.07791891
v 0.00887992 0.04236617 0.07769173
v 0.00877677 0.04225490 0.07819320
v 0.00886668 0.04202499 0.07797282
v 0.00896215 0.04223632 0.07745884
v 0.00909489 0.04192963 0.07717743
v 0.00909554 0.04174525 0.07729468
v 0.00908431 0.04175597 0.07732917
v 0.00894724 0.04188937 0.07774635
v 0.00910672 0.04173533 0.07726015
v 0.00865762 0.04320275 0.07903636
v 0.00884588 0.04324580 0.07908826
v 0.00871937 0.04185949 0.07867652
v 0.00864432 0.04234730 0.07977437
v 0.00883368 0.04238630 0.07982557
v 0.00890773 0.04192961 0.07907893
v 0.00909848 0.04196428 0.07912812
v 0.00899687 0.04229488 0.08007812
v 0.00889104 0.04142492 0.07824869
v 0.00881074 0.04159077 0.07846592
v 0.00908599 0.04148410 0.07749401
v 0.00906392 0.04150529 0.07756190
v 0.00904925 0.04125190 0.07776970
v 0.00903837 0.04126320 0.07780303
v 0.00906007 0.04124150 0.07773630
v 0.00861795 0.04106471 0.07953898
v 0.00870559 0.04076961 0.07934344
v 0.00878077 0.04060097 0.07913979
v 0.00884488 0.04017898 0.07913479
v 0.00859010 0.04026949 0.08006737
v 0.00866186 0.04008752 0.07987624
v 0.00891562 0.04043537 0.07873009
v 0.00892572 0.04042420 0.07869888
v 0.00890546 0.04044762 0.07876123
v 0.00915050 0.04019064 0.07915710
v 0.00980559 0.04113709 0.07774505
v 0.00972286 0.04065917 0.07831912
v 0.00934259 0.04021454 0.07920735
v 0.00857550 0.04158243 0.08061100
v 0.00876606 0.04161788 0.08066031
v 0.00887225 0.04124825 0.08134660
v 0.00850448 0.04059273 0.08024946
v 0.00881360 0.04035447 0.08043663
v 0.00860851 0.04045707 0.08122992
v 0.00860865 0.04058007 0.08203415
v 0.00853680 0.04061707 0.08232053
v 0.00866081 0.04045921 0.08280063
v 0.01036389 0.03947338 0.07505641
v 0.01044344 0.03850157 0.07512505
v 0.01055508 0.03949497 0.07511100
v 0.01079162 0.03900748 0.07519864
v 0.01050302 0.03753249 0.07519747
v 0.01022063 0.03744828 0.07511306
v 0.01069456 0.03754686 0.07525319
v 0.01030070 0.03485223 0.07532977
v 0.01058824 0.03486289 0.07541466
v 0.01077994 0.03487001 0.07547124
v 0.01058738 0.03343966 0.07555161
v 0.01077845 0.03337820 0.07561486
v 0.01097163 0.03487713 0.07552783
v 0.01025908 0.03157493 0.07567760
v 0.01054719 0.03158213 0.07576113
v 0.01073909 0.03158136 0.07581750
v 0.01051207 0.03057682 0.07589165
v 0.01070411 0.03057686 0.07594749
v 0.01089243 0.03047948 0.07601660
v 0.01093118 0.03157961 0.07587416
v 0.01013124 0.02846071 0.07613001
v 0.01012419 0.02831276 0.07615505
v 0.01041293 0.02831757 0.07623644
v 0.01060521 0.02831632 0.07629146
v 0.01079780 0.02831427 0.07634670
v 0.01073807 0.02706569 0.07657021
v 0.00825826 0.03985746 0.08166730
v 0.00840292 0.03928778 0.08134702
v 0.00799011 0.03931475 0.08317059
v 0.00806585 0.03889927 0.08304334
v 0.00808735 0.03830660 0.08331494
v 0.00812282 0.03867863 0.08290372
v 0.00820934 0.03850938 0.08263652
v 0.00821637 0.03849573 0.08261472
v 0.00822329 0.03848377 0.08259281
v 0.00767577 0.03777445 0.08577821
v 0.00776974 0.03898988 0.08445198
v 0.00784162 0.03853723 0.08434813
v 0.00789262 0.03830213 0.08423050
v 0.00840513 0.03988233 0.08442333
v 0.00813160 0.03949886 0.08619797
v 0.00796655 0.03813338 0.08400141
v 0.00797259 0.03811997 0.08398246
v 0.00797852 0.03810842 0.08396338
v 0.00839334 0.03692974 0.08386233
v 0.00714352 0.03983948 0.08738387
v 0.00733199 0.03859639 0.08729132
v 0.00755155 0.03837295 0.08821923
v 0.00748229 0.03764628 0.08702594
v 0.00726066 0.03751532 0.08868653
v 0.00763203 0.03725670 0.08826888
v 0.00786226 0.03929742 0.08810756
v 0.00775514 0.03832521 0.08824893
v 0.00827210 0.03771339 0.08649278
v 0.00787168 0.03753871 0.08944933
v 0.00782991 0.03726717 0.08829590
v 0.00836518 0.03530790 0.08416247
v 0.00843774 0.03533964 0.08482061
v 0.00845951 0.03538670 0.08578208
v 0.00794391 0.03371528 0.08450136
v 0.00786875 0.03380960 0.08633622
v 0.00806411 0.03379253 0.08637550
v 0.00763277 0.03544603 0.08643877
v 0.00763353 0.03555319 0.08837278
v 0.00714044 0.03398703 0.08877820
v 0.00745070 0.03371896 0.08855635
v 0.00764662 0.03369567 0.08858913
v 0.00783144 0.03554713 0.08840102
v 0.00810247 0.03381803 0.08724417
v 0.00685534 0.03226672 0.08907228
v 0.00681492 0.03014285 0.08937066
v 0.00758008 0.03036453 0.08521149
v 0.00778035 0.03199163 0.08478487
v 0.00836086 0.03026080 0.08352623
v 0.00765068 0.03207993 0.08663175
v 0.00713093 0.03179831 0.08889272
v 0.00732530 0.03177112 0.08893123
v 0.00739422 0.03046452 0.08709503
v 0.00758719 0.03044804 0.08714502
v 0.00700895 0.03012109 0.08941396
v 0.00757404 0.03047824 0.08804134
v 0.00784451 0.03205981 0.08667676
v 0.00785661 0.03208102 0.08755271
v 0.00737295 0.02884763 0.08578401
v 0.00819509 0.02873728 0.08404591
v 0.00838679 0.02873641 0.08410296
v 0.00839889 0.02876951 0.08476901
v 0.00713872 0.02897314 0.08772726
v 0.00733139 0.02896475 0.08778036
v 0.00729500 0.02901243 0.08870430
v 0.00690761 0.02759689 0.08850679
v 0.00710023 0.02759846 0.08856071
v 0.00704746 0.02766948 0.08952099
v 0.00878871 0.03991503 0.07948996
v 0.00879818 0.03990353 0.07946058
v 0.00877918 0.03992772 0.07951927
v 0.00894640 0.03804050 0.07959808
v 0.00973812 0.03981750 0.07717289
v 0.00972851 0.03982318 0.07720541
v 0.00971886 0.03982875 0.07723816
v 0.00947261 0.03970419 0.07976705
v 0.00940150 0.03694277 0.07934619
v 0.00959263 0.03701111 0.07939078
v 0.00960885 0.03662090 0.07941873
v 0.00860306 0.03937957 0.08049978
v 0.00858741 0.03926492 0.08062560
v 0.00850433 0.03912253 0.08103601
v 0.00910237 0.03880778 0.08171760
v 0.00895737 0.03775747 0.08279161
v 0.00941517 0.03661000 0.07937007
v 0.00945860 0.03505300 0.07946537
v 0.00965216 0.03506039 0.07951521
v 0.00862549 0.03515950 0.08158233
v 0.00951905 0.03512903 0.08085934
v 0.00869823 0.03814967 0.08391596
v 0.00858918 0.03693932 0.08390174
v 0.00896588 0.03175853 0.08028894
v 0.00851454 0.03189033 0.08312494
v 0.00870769 0.03188274 0.08317631
v 0.00875402 0.02856870 0.08105525
v 0.00875006 0.03189989 0.08380536
v 0.00855309 0.03025536 0.08358120
v 0.00857972 0.03027821 0.08422639
v -0.00075553 0.04951958 0.09069303
v -0.00046061 0.04940834 0.09065644
v -0.00108736 0.04985921 0.09124416
v -0.00076888 0.05001795 0.09178865
v -0.00066230 0.04998201 0.09178771
v -0.00045922 0.04964051 0.09120372
v -0.00013825 0.04928190 0.09061918
v 0.00114387 0.05082994 0.09006201
v 0.00075469 0.05093773 0.09146556
v 0.00145730 0.05065193 0.09076362
v 0.00140412 0.05068877 0.09145897
v 0.00114427 0.04921447 0.09178418
v 0.00206183 0.04817444 0.09037124
v 0.00250954 0.05015758 0.09145416
v 0.00259778 0.05002363 0.09070078
v 0.00256863 0.04830460 0.09180586
v 0.00328266 0.04948818 0.08982515
v 0.00357241 0.04929372 0.09063995
v 0.00345659 0.04953896 0.09145979
v 0.00357791 0.04700442 0.09026941
v 0.00374409 0.04930810 0.09146406
v 0.00424090 0.04884635 0.09147518
v 0.00384398 0.04709785 0.09185557
v 0.00412283 0.04736988 0.09175918
v 0.00410143 0.04678662 0.09187060
v 0.00458693 0.04846784 0.09148632
v 0.00517907 0.04750018 0.09050962
v 0.00487770 0.04810629 0.09149826
v 0.00442200 0.04607226 0.09024047
v 0.00443843 0.04605119 0.09024008
v 0.00490602 0.04628076 0.09181057
v 0.00495437 0.04550542 0.09193794
v 0.00520844 0.04488469 0.09023071
v 0.00525681 0.02827458 0.09545057
v 0.00503904 0.02727115 0.09647328
v 0.00491267 0.02654897 0.09730511
v 0.00530013 0.04749779 0.09152056
v 0.00550079 0.04518333 0.09186770
v 0.00583553 0.04655718 0.09155885
v 0.00585613 0.04350733 0.09023671
v 0.00557059 0.04503346 0.09187579
v 0.00565329 0.04401086 0.09202348
v 0.00644811 0.04530319 0.09032422
v 0.00612953 0.04594525 0.09158551
v 0.00637524 0.04537327 0.09161141
v 0.00685545 0.04452145 0.08954720
v 0.00675920 0.04338339 0.08958562
v 0.00679625 0.04340754 0.08968320
v 0.00682526 0.04342189 0.08972294
v 0.00685666 0.04343588 0.08975353
v 0.00677164 0.04431301 0.09166163
v 0.00629134 0.04221211 0.09024091
v 0.00611599 0.04260651 0.09210771
v 0.00647617 0.04242105 0.09202375
v 0.00634826 0.04167041 0.09216508
v 0.00657324 0.04202653 0.09204689
v 0.00665780 0.04071901 0.09018461
v 0.00648075 0.04101992 0.09220532
v 0.00698860 0.04415276 0.08968162
v 0.00690695 0.04345630 0.08978654
v 0.00694374 0.04347015 0.08980186
v 0.00703950 0.04350289 0.08981530
v 0.00718596 0.04356711 0.08980717
v 0.00711366 0.04353515 0.08981125
v 0.00707757 0.04335582 0.09170873
v 0.00694031 0.04276937 0.08955034
v 0.00721177 0.04293242 0.08987712
v 0.00716286 0.04194686 0.08971486
v 0.00720210 0.04196284 0.08981326
v 0.00726482 0.04198271 0.08988447
v 0.00734985 0.04303513 0.08986717
v 0.00740462 0.04279044 0.09002627
v 0.00735448 0.04200765 0.08993379
v 0.00720767 0.04290345 0.09173145
v 0.00750923 0.04171772 0.09179218
v 0.00746775 0.04049859 0.08979269
v 0.00750832 0.04051028 0.08989116
v 0.00757242 0.04052507 0.08996237
v 0.00766360 0.04054382 0.09001164
v 0.00751765 0.04018431 0.08970611
v 0.00788408 0.04077943 0.09001625
v 0.00780309 0.04029949 0.09003720
v 0.00798921 0.04019367 0.09004160
v 0.00681171 0.03857638 0.09235827
v 0.00688624 0.03757618 0.09242138
v 0.00675324 0.03450200 0.09262533
v 0.00699273 0.03846180 0.09017708
v 0.00703115 0.03947303 0.09219903
v 0.00709697 0.03749608 0.09008923
v 0.00709319 0.03751541 0.09010040
v 0.00696069 0.03752788 0.09149018
v 0.00721865 0.03758815 0.09231202
v 0.00792808 0.03951583 0.09006870
v 0.00809595 0.03951532 0.09006871
v 0.00802991 0.03868581 0.09195540
v 0.00782998 0.03753663 0.08981696
v 0.00783497 0.03754173 0.08991706
v 0.00787680 0.03754873 0.09001560
v 0.00794237 0.03755572 0.09008684
v 0.00803533 0.03756315 0.09013609
v 0.00785125 0.03709561 0.08991843
v 0.00788568 0.03710205 0.09001914
v 0.00795575 0.03710877 0.09010353
v 0.00804720 0.03711446 0.09015548
v 0.00812759 0.03756884 0.09015000
v 0.00829527 0.03756718 0.09015007
v 0.00820113 0.03758182 0.09107608
v 0.00814781 0.03711861 0.09017264
v 0.00811887 0.03762056 0.09201601
v 0.00703767 0.03572494 0.09080945
v 0.00689471 0.03583678 0.09253009
v 0.00765878 0.03398215 0.09010012
v 0.00769186 0.03339331 0.09047306
v 0.00785909 0.03658370 0.08986838
v 0.00786056 0.03658845 0.08994710
v 0.00789501 0.03659465 0.09004782
v 0.00796512 0.03660001 0.09013227
v 0.00805663 0.03660352 0.09018433
v 0.00783526 0.03563256 0.08993339
v 0.00783674 0.03564006 0.09001209
v 0.00787111 0.03564606 0.09011285
v 0.00780724 0.03514241 0.09008802
v 0.00785357 0.03514713 0.09018523
v 0.00794108 0.03564879 0.09019753
v 0.00803242 0.03564780 0.09024999
v 0.00793244 0.03514697 0.09026092
v 0.00802898 0.03514213 0.09030264
v 0.00815729 0.03660497 0.09020162
v 0.00813292 0.03564357 0.09026777
v 0.00829953 0.03562456 0.09026927
v 0.00825133 0.03501006 0.09032250
v 0.00814397 0.03621241 0.09209865
v 0.00812484 0.03574214 0.09212763
v 0.00778739 0.03338354 0.09051622
v 0.00784236 0.03331378 0.09053506
v 0.00791854 0.03376028 0.09046744
v 0.00801297 0.03331294 0.09053519
v 0.00783827 0.03350068 0.09232657
v 0.00652694 0.03066472 0.08957103
v 0.00604136 0.03124859 0.09341422
v 0.00639282 0.03265010 0.09293172
v 0.00592944 0.02783453 0.09115826
v 0.00570340 0.02657236 0.09218711
v 0.00620798 0.02919040 0.09027551
v 0.00655304 0.02873330 0.08996857
v 0.00674730 0.02872167 0.09001466
v 0.00667740 0.02920722 0.09149241
v 0.00660671 0.02887834 0.09167304
v 0.00666066 0.02897546 0.09185984
v 0.00673844 0.02900095 0.09193230
v 0.00675552 0.02893374 0.09199333
v 0.00675694 0.02833245 0.09241176
v 0.00638396 0.02777615 0.09239300
v 0.00640780 0.02789998 0.09230280
v 0.00562481 0.02970992 0.09428059
v 0.00537259 0.02874607 0.09502766
v 0.00666641 0.02873547 0.09438663
v 0.00617663 0.02660713 0.09336779
v 0.00618113 0.02668448 0.09345053
v 0.00622385 0.02674860 0.09352589
v 0.00629976 0.02679565 0.09358893
v 0.00637187 0.02685743 0.09357868
v 0.00657709 0.02741734 0.09310863
v 0.00673981 0.02741746 0.09310853
v 0.00649386 0.02695097 0.09351902
v 0.00661533 0.02673297 0.09372386
v 0.00635152 0.02740169 0.09564369
v 0.00722522 0.03166433 0.09065988
v 0.00727108 0.03168077 0.09075602
v 0.00734326 0.03223971 0.09040161
v 0.00734885 0.03168501 0.09083273
v 0.00744388 0.03167672 0.09087728
v 0.00757587 0.03225471 0.09257654
v 0.00701548 0.03072158 0.09083328
v 0.00748386 0.03155481 0.09091877
v 0.00703697 0.03030782 0.09129462
v 0.00691304 0.03026658 0.09112572
v 0.00695907 0.03029447 0.09121910
v 0.00713205 0.03030481 0.09133972
v 0.00715285 0.03010917 0.09142979
v 0.00737358 0.03032216 0.09134042
v 0.00732414 0.03010904 0.09142983
v 0.00791704 0.03279892 0.09062624
v 0.00779186 0.03218355 0.09075681
v 0.00745422 0.03174546 0.09272510
v 0.00717916 0.03067216 0.09314935
v 0.00703458 0.03012943 0.09342995
v 0.00705405 0.02968307 0.09162526
v 0.00699644 0.02866483 0.09219276
v 0.00689164 0.02817444 0.09252208
v 0.00626059 0.02695110 0.09614231
v 0.00998006 0.02528246 0.07674757
v 0.00994481 0.02448398 0.07692967
v 0.01029002 0.02574259 0.07672812
v 0.01047972 0.02567791 0.07679559
v 0.01065501 0.02529350 0.07693240
v 0.00671115 0.02631200 0.08940831
v 0.00674669 0.02361147 0.08919980
v 0.00788368 0.02597544 0.08538460
v 0.00807525 0.02598611 0.08544104
v 0.00806871 0.02605071 0.08616432
v 0.00700576 0.02611394 0.08729493
v 0.00690375 0.02632358 0.08946109
v 0.00764274 0.02344038 0.08704998
v 0.00783491 0.02346143 0.08710125
v 0.00782217 0.02355657 0.08789630
v 0.00831692 0.02307408 0.08341694
v 0.00816481 0.02048774 0.08488996
v 0.00750290 0.02091261 0.08895788
v 0.00769637 0.02093860 0.08900139
v 0.00807753 0.01777298 0.08634688
v 0.00805968 0.01632109 0.08698618
v 0.00805338 0.01479369 0.08753693
v 0.00986599 0.02246335 0.07743796
v 0.00981120 0.02079391 0.07790320
v 0.01010237 0.02082767 0.07797080
v 0.00891173 0.02298169 0.08232944
v 0.00910518 0.02299243 0.08237905
v 0.00919717 0.02304278 0.08281611
v 0.01015600 0.02247602 0.07751302
v 0.01034936 0.02248188 0.07756381
v 0.01054328 0.02248728 0.07761489
v 0.01029674 0.02085868 0.07801344
v 0.01050553 0.02135577 0.07792389
v 0.00876681 0.02037943 0.08365358
v 0.00896117 0.02039302 0.08369873
v 0.00905184 0.02045315 0.08417765
v 0.00970840 0.01708127 0.07903086
v 0.01000000 0.01709639 0.07909971
v 0.00963080 0.01427420 0.07989390
v 0.00992318 0.01428651 0.07996023
v 0.01044590 0.01929669 0.07852518
v 0.01019438 0.01710517 0.07914599
v 0.01038879 0.01711375 0.07919261
v 0.01011803 0.01429405 0.08000472
v 0.01031230 0.01430141 0.08004925
v 0.00867237 0.01766643 0.08497427
v 0.00886778 0.01767929 0.08501491
v 0.00896192 0.01773703 0.08553126
v 0.00862826 0.01471222 0.08609099
v 0.00882456 0.01472188 0.08612803
v 0.00892625 0.01476505 0.08666250
v 0.00787602 0.01171788 0.08933078
v 0.00848152 0.00594698 0.08810596
v 0.00841218 -0.00014793 0.08911540
v 0.00914935 0.01147238 0.08255506
v 0.00954794 0.01140374 0.08071128
v 0.00984077 0.01141268 0.08077607
v 0.01003598 0.01141858 0.08081917
v 0.00998329 0.00950201 0.08130017
v 0.00975974 0.00835048 0.08151582
v 0.00943908 0.00709678 0.08170658
v 0.00972101 0.00646381 0.08188615
v 0.00991625 0.00646780 0.08192808
v 0.01023113 0.01142440 0.08086235
v 0.01012569 0.00721984 0.08183169
v 0.00919583 0.01152555 0.08381209
v 0.00939950 0.01153027 0.08381361
v 0.00859741 0.01163787 0.08692218
v 0.00860947 0.01163551 0.08685596
v 0.00879414 0.01164356 0.08695775
v 0.00876240 0.01169417 0.08828192
v 0.00942172 0.00612690 0.08188195
v 0.00939491 0.00349154 0.08225621
v 0.00988307 0.00301504 0.08241012
v 0.01008003 0.00350360 0.08239926
v 0.00968929 0.00187600 0.08246943
v 0.00969960 0.00062030 0.08254506
v 0.00941810 -0.00026373 0.08251560
v 0.00989227 0.00091488 0.08257119
v 0.00989543 0.00062437 0.08258533
v 0.01010134 -0.00010142 0.08265214
v 0.00865648 0.00594930 0.08825427
v 0.00877578 0.00605584 0.08868233
v 0.00858508 -0.00014255 0.08927129
v 0.00473896 0.02469152 0.09969907
v 0.00483256 0.02272323 0.10233308
v 0.00510997 0.02099878 0.10436124
v 0.00523512 0.02039719 0.10496271
v 0.00519972 0.00296416 0.10406225
v 0.00492963 0.00295182 0.10674682
v 0.00503375 -0.00005598 0.10483031
v 0.00472268 -0.00004198 0.10749330
v 0.00498093 0.00349770 0.10878452
v 0.00466625 0.00099678 0.10935981
v 0.00463975 -0.00001360 0.10961223
v 0.00684048 0.02641938 0.09046316
v 0.00616563 0.02630363 0.09155770
v 0.00636004 0.02631437 0.09160338
v 0.00643996 0.02387938 0.09153492
v 0.00663239 0.02390837 0.09158113
v 0.00601298 0.02508727 0.09267479
v 0.00599872 0.02533568 0.09468571
v 0.00589148 0.02376317 0.09414948
v 0.00608525 0.02379525 0.09418725
v 0.00542660 0.02417716 0.09463146
v 0.00591933 0.02451722 0.09566810
v 0.00591852 0.02460622 0.09573830
v 0.00620715 0.02510899 0.09271753
v 0.00625198 0.02521780 0.09537137
v 0.00641798 0.02538254 0.09517401
v 0.00656505 0.02404829 0.09268193
v 0.00663367 0.02110330 0.09139831
v 0.00664376 0.01977690 0.09250532
v 0.00652038 0.02160649 0.09525301
v 0.00637127 0.02140595 0.09399878
v 0.00656418 0.02144418 0.09403515
v 0.00642717 0.02007696 0.09523700
v 0.00662094 0.02011544 0.09526816
v 0.00769265 0.02104999 0.08988083
v 0.00600021 0.02491715 0.09876847
v 0.00595680 0.02468414 0.09580217
v 0.00602939 0.02474604 0.09585553
v 0.00610235 0.02598380 0.09732471
v 0.00612248 0.02478169 0.09588942
v 0.00621297 0.02479002 0.09590157
v 0.00634985 0.02469414 0.09602358
v 0.00630284 0.02382405 0.09717089
v 0.00616010 0.02350654 0.09760287
v 0.00599460 0.02480760 0.09892231
v 0.00598123 0.02431915 0.09961439
v 0.00583300 0.02166660 0.09690715
v 0.00602657 0.02170800 0.09693573
v 0.00543416 0.02171138 0.09747956
v 0.00587828 0.02254905 0.09829697
v 0.00587332 0.02065807 0.09830262
v 0.00606719 0.02070154 0.09832553
v 0.00660165 0.02027640 0.09654318
v 0.00593098 0.02167185 0.09950628
v 0.00592663 0.02176319 0.09957327
v 0.00603175 0.02191627 0.09967865
v 0.00596174 0.02184649 0.09963197
v 0.00607300 0.02267263 0.10190625
v 0.00556053 0.02037104 0.09890579
v 0.00603613 0.02068806 0.10082676
v 0.00634373 0.02216256 0.09945766
v 0.00612326 0.02196082 0.09970559
v 0.00622254 0.02197747 0.09971169
v 0.00636248 0.02193169 0.09977432
v 0.00628614 0.02133672 0.10057775
v 0.00633520 0.02093493 0.10110509
v 0.00647367 0.02093456 0.10110555
v 0.00669838 0.01836769 0.09352677
v 0.00678735 0.01685830 0.09439235
v 0.00688687 0.01524449 0.09505925
v 0.00768277 0.01972138 0.09087995
v 0.00749123 0.01818258 0.09081536
v 0.00768669 0.01820612 0.09085059
v 0.00752973 0.01668987 0.09158946
v 0.00770927 0.01831172 0.09180722
v 0.00772620 0.01670993 0.09162099
v 0.00776621 0.01680356 0.09260242
v 0.00758072 0.01510140 0.09221051
v 0.00777808 0.01511669 0.09223911
v 0.00762070 0.01342486 0.09268682
v 0.00696194 0.01353833 0.09553738
v 0.00783488 0.01519265 0.09323167
v 0.00781867 0.01343420 0.09271367
v 0.00788772 0.01348841 0.09370492
v 0.00654061 0.01864999 0.09637037
v 0.00673559 0.01868601 0.09639650
v 0.00674566 0.01883775 0.09771975
v 0.00669524 0.01710693 0.09731217
v 0.00600029 0.01923661 0.10019599
v 0.00576139 0.01892018 0.10019682
v 0.00601134 0.01734044 0.10124157
v 0.00619496 0.01927955 0.10021223
v 0.00616165 0.01801658 0.10161624
v 0.00635725 0.01805683 0.10162740
v 0.00685653 0.01544466 0.09800866
v 0.00693543 0.01727055 0.09868786
v 0.00689165 0.01713781 0.09733380
v 0.00705439 0.01546758 0.09802674
v 0.00697562 0.01368028 0.09847285
v 0.00717462 0.01369224 0.09848884
v 0.00712991 0.01557213 0.09938939
v 0.00727289 0.01376173 0.09983948
v 0.00590291 0.02022380 0.10478679
v 0.00609820 0.02246429 0.10217977
v 0.00660416 0.02006444 0.10218268
v 0.00634708 0.02096097 0.10396165
v 0.00622591 0.01942801 0.10236507
v 0.00626469 0.01928842 0.10268559
v 0.00626456 0.01920586 0.10260791
v 0.00630357 0.01936478 0.10275097
v 0.00637640 0.01942985 0.10280008
v 0.00646932 0.01947267 0.10282490
v 0.00638097 0.01866059 0.10331310
v 0.00642185 0.01873211 0.10338260
v 0.00652251 0.01969144 0.10260767
v 0.00679053 0.01902870 0.10329279
v 0.00649618 0.01879346 0.10343417
v 0.00658988 0.01883429 0.10345942
v 0.00673064 0.01852876 0.10374319
v 0.00688785 0.01852867 0.10374326
v 0.00676735 0.01833018 0.10390525
v 0.00658197 0.01751726 0.10407367
v 0.00672727 0.01684966 0.10458013
v 0.00677615 0.01689770 0.10466330
v 0.00685657 0.01694065 0.10472361
v 0.00671535 0.01679983 0.10447901
v 0.00544321 0.01947374 0.10576495
v 0.00582052 0.01786253 0.10681262
v 0.00620107 0.01885857 0.10590524
v 0.00665817 0.01951278 0.10529827
v 0.00626073 0.01563198 0.10196961
v 0.00641675 0.01635408 0.10294037
v 0.00661390 0.01638719 0.10294641
v 0.00653837 0.01551051 0.10328186
v 0.00673636 0.01553847 0.10328631
v 0.00644218 0.01382018 0.10239732
v 0.00667374 0.01433909 0.10350221
v 0.00687281 0.01435817 0.10350535
v 0.00615916 0.01628676 0.10744581
v 0.00635610 0.01516638 0.10770575
v 0.00646451 0.01437710 0.10781519
v 0.00704963 0.01770862 0.10434982
v 0.00695345 0.01697118 0.10475130
v 0.00699966 0.01704445 0.10472251
v 0.00721115 0.01686032 0.10480817
v 0.00700719 0.01797857 0.10628799
v 0.00731636 0.01649585 0.10687713
v 0.00711003 0.01638105 0.10499787
v 0.00696716 0.01522597 0.10498151
v 0.00701999 0.01481034 0.10505085
v 0.00729631 0.01638126 0.10499782
v 0.00718996 0.01585824 0.10515557
v 0.00704041 0.01482828 0.10516090
v 0.00709665 0.01484764 0.10525079
v 0.00718282 0.01486697 0.10531522
v 0.00728289 0.01488289 0.10534381
v 0.00743606 0.01550182 0.10523871
v 0.00731794 0.01488727 0.10534529
v 0.00759723 0.01474097 0.10722351
v 0.00737731 0.01432058 0.10541117
v 0.00760199 0.01407831 0.10543185
v 0.00742760 0.01368724 0.10545757
v 0.00702110 0.01192916 0.09543945
v 0.00743893 0.01189597 0.09446168
v 0.00763946 0.01189729 0.09446952
v 0.00783159 0.01190077 0.09454581
v 0.00753117 0.00893174 0.09349138
v 0.00771819 0.00892763 0.09359088
v 0.00778570 0.00905572 0.09451652
v 0.00656865 0.01209381 0.10066005
v 0.00683703 0.00914275 0.09628285
v 0.00679426 0.00899846 0.09908403
v 0.00701347 0.01202488 0.09858608
v 0.00699914 0.01203014 0.09876339
v 0.00721024 0.01202454 0.09863456
v 0.00719856 0.01202873 0.09877935
v 0.00731032 0.01206070 0.09999774
v 0.00698898 0.00898043 0.09913658
v 0.00707471 0.00909818 0.10044481
v 0.00789820 0.00609085 0.08953901
v 0.00734007 0.00591850 0.09414550
v 0.00752419 0.00591359 0.09425049
v 0.00756270 0.00601058 0.09518175
v 0.00779542 -0.00000590 0.09065092
v 0.00717449 0.00287077 0.09485441
v 0.00735619 0.00287143 0.09496445
v 0.00712341 -0.00016792 0.09547123
v 0.00730426 -0.00015985 0.09558368
v 0.00655633 0.00608403 0.09691200
v 0.00630870 0.00300244 0.09764139
v 0.00640456 0.00589692 0.09970228
v 0.00659695 0.00587805 0.09976237
v 0.00662769 0.00595578 0.10105427
v 0.00622237 -0.00004128 0.09833504
v 0.00607528 0.00281798 0.10044953
v 0.00597091 -0.00018759 0.10118815
v 0.00626631 0.00281161 0.10051629
v 0.00624443 0.00287829 0.10181218
v 0.00616113 -0.00017706 0.10125691
v 0.00736662 0.00295240 0.09591681
v 0.00730162 -0.00008256 0.09656987
v 0.00869328 -0.00006406 0.08974047
v 0.00648377 0.01214887 0.10261745
v 0.00645826 0.01220318 0.10476938
v 0.00676325 0.01280311 0.10359222
v 0.00676232 0.01216098 0.10360131
v 0.00661192 0.01018550 0.10360945
v 0.00681041 0.01016155 0.10361484
v 0.00658515 0.01226859 0.10792278
v 0.00657459 0.01191054 0.10793160
v 0.00621351 0.00923603 0.10285047
v 0.00624551 0.00780317 0.10370652
v 0.00644231 0.00776921 0.10371745
v 0.00614938 0.00925154 0.10571359
v 0.00664552 0.00807486 0.10528978
v 0.00664848 0.00807748 0.10533214
v 0.00668141 0.00807879 0.10543343
v 0.00674940 0.00807216 0.10551931
v 0.00683878 0.00805901 0.10557350
v 0.00629882 0.00953563 0.10801287
v 0.00650712 0.00737627 0.10535088
v 0.00696320 0.01280678 0.10359483
v 0.00696225 0.01215667 0.10360418
v 0.00715683 0.01217347 0.10453067
v 0.00716271 0.01218804 0.10520234
v 0.00720437 0.01218822 0.10535043
v 0.00726845 0.01218733 0.10542652
v 0.00718342 0.01176318 0.10534362
v 0.00725256 0.01175993 0.10542877
v 0.00716307 0.01168469 0.10530911
v 0.00731394 0.01218652 0.10545842
v 0.00746260 0.01218340 0.10549790
v 0.00766803 0.01218281 0.10549790
v 0.00734346 0.01175547 0.10548183
v 0.00744652 0.01175028 0.10550015
v 0.00698578 0.01009554 0.10521118
v 0.00750946 0.01021761 0.10550723
v 0.00760978 0.01042865 0.10739354
v 0.00774606 0.01279208 0.10733557
v 0.00774642 0.01222003 0.10734726
v 0.00694010 0.00804093 0.10559322
v 0.00732530 0.00901310 0.10553732
v 0.00738168 0.00898837 0.10746021
v 0.00708086 0.00771367 0.10562025
v 0.00559701 0.00630465 0.10830278
v 0.00567389 0.00608408 0.10336558
v 0.00583277 0.00552721 0.10398866
v 0.00602946 0.00549545 0.10400617
v 0.00545708 0.00303659 0.10447916
v 0.00565480 0.00301883 0.10450335
v 0.00550429 0.00606770 0.10611948
v 0.00587096 0.00416202 0.10586540
v 0.00580426 0.00376153 0.10600357
v 0.00583738 0.00377780 0.10610349
v 0.00590576 0.00378519 0.10618901
v 0.00599564 0.00378242 0.10624387
v 0.00580153 0.00375048 0.10595056
v 0.00652350 0.00501788 0.10601029
v 0.00666450 0.00571550 0.10779807
v 0.00609754 0.00377042 0.10626520
v 0.00625363 0.00354580 0.10631435
v 0.00611587 -0.00009917 0.10257845
v 0.00566449 0.00281457 0.10615387
v 0.00553239 0.00147007 0.10646237
v 0.00549117 -0.00018497 0.10685210
v 0.00549245 -0.00016743 0.10692553
v 0.00552599 -0.00014339 0.10702374
v 0.00559522 -0.00012246 0.10710627
v 0.00597399 0.00093011 0.10692675
v 0.00568622 -0.00010860 0.10715748
v 0.00578939 -0.00010261 0.10717487
v 0.00595939 -0.00008175 0.10716990
v 0.00613616 0.00275255 0.10649376
v 0.00618273 0.00346197 0.10822409
v 0.00605275 0.00269578 0.10840306
v 0.00584087 0.00004766 0.10910287
v 0.00584175 -0.00008113 0.10913791
v 0.01267419 0.04404199 0.06573778
v 0.01264976 0.04393605 0.06573980
v 0.01265993 0.04383952 0.06575154
v 0.01273076 0.04413039 0.06574713
v 0.01281227 0.04419352 0.06576636
v 0.01264286 0.04442262 0.06710304
v 0.01238064 0.04298925 0.06497874
v 0.01279832 0.04200486 0.06559508
v 0.01298534 0.04205174 0.06564826
v 0.01316518 0.04213716 0.06569295
v 0.01255325 0.04149125 0.06575898
v 0.01284151 0.04140157 0.06593578
v 0.01302919 0.04144375 0.06599057
v 0.01259648 0.04004733 0.06657100
v 0.01284311 0.03904872 0.06727755
v 0.01324162 0.03951039 0.06715230
v 0.01303239 0.03907403 0.06733699
v 0.01240879 0.03723917 0.06823633
v 0.01263143 0.03675520 0.06863762
v 0.01282119 0.03676917 0.06869925
v 0.01303584 0.03698236 0.06863979
v 0.01204608 0.03451602 0.06982929
v 0.01232890 0.03452825 0.06992877
v 0.01265595 0.03431873 0.06804142
v 0.01293989 0.03433093 0.06813751
v 0.01312916 0.03433907 0.06820162
v 0.01251888 0.03453601 0.06999079
v 0.01360679 0.03681256 0.06476656
v 0.01378581 0.03634610 0.06529938
v 0.01397495 0.03636161 0.06536254
v 0.01348578 0.03428169 0.06778420
v 0.01420552 0.03657041 0.06525382
v 0.01457485 0.03371391 0.06473135
v 0.01208366 0.03469017 0.07194832
v 0.01247516 0.03042684 0.06967890
v 0.01265945 0.03142621 0.06821302
v 0.01266461 0.03042611 0.06974301
v 0.01292455 0.03032332 0.06959843
v 0.01257921 0.02787114 0.06838815
v 0.01233041 0.02594760 0.07002006
v 0.01246225 0.02432800 0.06865848
v 0.01252033 0.02594670 0.07008275
v 0.01277835 0.02574330 0.06993718
v 0.01218684 0.02145547 0.07055912
v 0.01237773 0.02145871 0.07061871
v 0.01263671 0.02114572 0.07047881
v 0.01226761 0.01696209 0.06958891
v 0.01207204 0.01674828 0.07132510
v 0.01226403 0.01675349 0.07138088
v 0.01252202 0.01630299 0.07125254
v 0.01216794 0.01297847 0.07021397
v 0.01205749 0.00876114 0.07082467
v 0.01194392 0.01166573 0.07222404
v 0.01213688 0.01166941 0.07227650
v 0.01239034 0.01105615 0.07214840
v 0.01313948 -0.00031973 0.06705055
v 0.01313132 0.00270672 0.06816785
v 0.01282233 0.00007102 0.06935107
v 0.01301556 0.00007231 0.06940267
v 0.01362961 0.00491617 0.06639482
v 0.01382179 0.00491601 0.06645020
v 0.01436948 0.00403297 0.06527550
v 0.01427231 0.00357243 0.06564660
v 0.01433464 0.00350461 0.06559599
v 0.01442487 0.00345073 0.06556766
v 0.01450779 0.00295165 0.06602272
v 0.01478434 0.00389853 0.06508283
v 0.01489451 0.00391112 0.06512777
v 0.01489899 0.00382453 0.06524451
v 0.01452695 0.00342091 0.06556717
v 0.01463286 0.00341776 0.06559483
v 0.01462560 0.00296278 0.06607164
v 0.01363622 0.00263798 0.06528021
v 0.01334529 0.00125512 0.06629834
v 0.01401342 0.00251433 0.06654475
v 0.01402236 0.00273765 0.06647324
v 0.01407782 0.00245744 0.06648424
v 0.01376168 0.00123474 0.06740686
v 0.01380849 0.00132504 0.06727741
v 0.01387442 0.00128023 0.06720891
v 0.01396772 0.00124460 0.06716562
v 0.01407176 0.00122482 0.06715592
v 0.01482633 0.00198778 0.06548057
v 0.01416980 0.00241218 0.06644765
v 0.01427299 0.00238707 0.06644211
v 0.01437467 0.00236186 0.06648446
v 0.01428092 0.00186804 0.06681434
v 0.01429687 0.00178459 0.06688002
v 0.01457566 0.00262922 0.06635610
v 0.01417836 0.00122264 0.06718089
v 0.01432207 0.00120149 0.06725849
v 0.01458690 0.00067151 0.06631986
v 0.01332410 0.00270727 0.06822111
v 0.01400008 -0.00036410 0.06783967
v 0.01416365 -0.00019621 0.06784800
v 0.01181521 0.00621165 0.07300746
v 0.01200886 0.00621368 0.07305745
v 0.01226586 0.00543920 0.07289295
v 0.01197199 0.00436924 0.07128103
v 0.01177884 0.00339527 0.07326276
v 0.01197273 0.00339718 0.07331176
v 0.01223853 0.00255185 0.07311120
v 0.01196095 -0.00009271 0.07146240
v 0.01177745 0.00055863 0.07338847
v 0.01197154 0.00056080 0.07343668
v 0.01224911 -0.00034613 0.07319142
v 0.00200000 -0.01281591 0.03967965
v 0.00200000 -0.01311539 0.03963539
v 0.00200000 -0.01771725 0.03931728
v 0.00200000 -0.01949958 0.03930000
v 0.00000000 -0.02500000 0.03929992
v 0.00826288 -0.01283912 0.03967609
v 0.00826565 -0.01286234 0.03967252
v 0.00826011 -0.01281592 0.03967968
v 0.01073677 -0.00783211 0.03980465
v 0.01099010 -0.00963836 0.03929752
v 0.01140145 -0.02671332 0.01575214
v 0.00838382 -0.02564449 0.03930003
v 0.00789962 -0.02724868 0.03930007
v 0.00863969 -0.01614987 0.03936942
v 0.00866962 -0.01645303 0.03935600
v 0.00877209 -0.01771497 0.03931720
v 0.00882642 -0.01920875 0.03930056
v 0.00882645 -0.01961792 0.03929988
v 0.00882014 -0.02034511 0.03929980
v 0.00870570 -0.02336707 0.03929996
v 0.00192604 -0.00692862 0.04283803
v 0.00187601 -0.00624818 0.04419203
v 0.00191636 -0.00675088 0.04312816
v 0.00189155 -0.00643326 0.04374894
v 0.00183809 -0.00584724 0.04550598
v 0.00183366 -0.00580763 0.04567742
v 0.00182605 -0.00574164 0.04598848
v 0.00200000 -0.00698772 0.04590037
v 0.00178599 -0.00541620 0.04847273
v 0.00200000 -0.00664875 0.04813877
v 0.00177697 -0.00533424 0.04993207
v 0.00177706 -0.00530000 0.05199994
v 0.00200000 -0.00653677 0.04991168
v 0.00200000 -0.00649999 0.05200000
v 0.00197687 -0.00831457 0.04133869
v 0.00199546 -0.00877210 0.04102056
v 0.00193690 -0.00751613 0.04207419
v 0.00194079 -0.00772990 0.04185011
v 0.00200000 -0.00856202 0.04271309
v 0.00201078 -0.01000526 0.04039939
v 0.00200000 -0.00966487 0.04188633
v 0.00200000 -0.00753733 0.04422006
v 0.00200000 -0.00733038 0.04472403
v 0.00199947 -0.01101775 0.04005978
v 0.00200000 -0.01134193 0.04121517
v 0.00200000 -0.01063078 0.04144538
v 0.00200000 -0.01299998 0.04086534
v 0.00200000 -0.01347473 0.04079743
v 0.00207305 -0.01032622 0.04027846
v 0.00208486 -0.01082621 0.04011534
v 0.00179600 -0.00531965 0.05393711
v 0.00180996 -0.00536089 0.05520700
v 0.00200000 -0.00651796 0.05384292
v 0.00200000 -0.00658821 0.05572515
v 0.00183775 -0.00552008 0.05738407
v 0.00185425 -0.00567028 0.05847908
v 0.00200000 -0.00673883 0.05747743
v 0.00200000 -0.00674460 0.05752445
v 0.00187287 -0.00589739 0.05955820
v 0.00200000 -0.00703993 0.05918064
v 0.00188982 -0.00615868 0.06039812
v 0.00190434 -0.00642040 0.06101776
v 0.00192734 -0.00690223 0.06183612
v 0.00200000 -0.00724889 0.05988486
v 0.00200000 -0.00756000 0.06061391
v 0.00200000 -0.00824993 0.06158418
v 0.00194296 -0.00727420 0.06229784
v 0.00196401 -0.00785585 0.06284192
v 0.00200000 -0.00962074 0.06250232
v 0.00200000 -0.00993473 0.06262797
v 0.00199473 -0.00890943 0.06349593
v 0.00199958 -0.00911089 0.06358889
v 0.00199996 -0.00914032 0.06360179
v 0.00200000 -0.01099999 0.06294120
v 0.00200000 -0.01073178 0.06411108
v 0.00200000 -0.01170952 0.06429885
v 0.00200000 -0.01202284 0.06434613
v 0.00200000 -0.01318795 0.06327746
v 0.00305019 -0.00500423 0.05541051
v 0.00424101 -0.00435355 0.05242537
v 0.00432049 -0.00465027 0.05562171
v 0.00440659 -0.00495524 0.05722766
v 0.00317633 -0.00552501 0.05862920
v 0.00453012 -0.00539841 0.05878811
v 0.00469773 -0.00602361 0.06027000
v 0.00491274 -0.00689058 0.06161396
v 0.00516321 -0.00804729 0.06271723
v 0.00200000 -0.01790087 0.04051401
v 0.00200000 -0.01950000 0.04050000
v 0.00000000 -0.02500000 0.04050001
v 0.00200001 -0.02721911 0.04050003
v 0.00200000 -0.01591234 0.06344639
v 0.00200000 -0.01629738 0.06465922
v 0.00200000 -0.01950000 0.06350000
v -0.00029593 -0.02500000 0.06349999
v 0.00000000 -0.02500000 0.06349999
v 0.00000000 -0.02516704 0.06349999
v 0.00000000 -0.02568750 0.06349999
v 0.00000000 -0.02625000 0.06349998
v 0.00199999 -0.02158885 0.06349996
v 0.00050334 -0.02500000 0.06349999
v 0.00108065 -0.02512537 0.06349999
v 0.00127678 -0.02520230 0.06349999
v 0.00129032 -0.02537210 0.06349998
v 0.00143967 -0.02538063 0.06349998
v 0.00150000 -0.02561882 0.06349999
v 0.00150000 -0.02625000 0.06349998
v 0.00687769 -0.00429600 0.04599512
v 0.00740882 -0.00680745 0.04222285
v 0.00710471 -0.00530110 0.04398137
v 0.00698115 -0.00474381 0.04496073
v 0.00718256 -0.00566542 0.04346156
v 0.00764989 -0.00655944 0.04418784
v 0.00757757 -0.00609511 0.04484786
v 0.00759760 -0.00622119 0.04465441
v 0.00751473 -0.00571271 0.04551789
v 0.00771267 -0.00698352 0.04368990
v 0.00671143 -0.00360741 0.04865790
v 0.00666959 -0.00338886 0.05102335
v 0.00681388 -0.00402869 0.04679165
v 0.00744834 -0.00531778 0.04638967
v 0.00739898 -0.00501422 0.04725853
v 0.00734186 -0.00460190 0.04907730
v 0.00735161 -0.00440550 0.05123812
v 0.00764669 -0.00818594 0.04121909
v 0.00787933 -0.00821075 0.04262053
v 0.00790597 -0.00995013 0.04039149
v 0.00797090 -0.01043989 0.04022438
v 0.00799099 -0.00911337 0.04206844
v 0.00803999 -0.00952832 0.04186188
v 0.00813015 -0.01031653 0.04153415
v 0.00778462 -0.00749498 0.04318785
v 0.00817256 -0.01069816 0.04140147
v 0.00842438 -0.01300000 0.04086548
v 0.00997511 -0.00349040 0.04277791
v 0.00951807 -0.00203273 0.04568151
v 0.00982152 -0.00288647 0.04369547
v 0.01060068 -0.00362942 0.04423029
v 0.01031851 -0.00285171 0.04604653
v 0.01028401 -0.00503891 0.04124947
v 0.01012956 -0.00421679 0.04195350
v 0.01085849 -0.00481427 0.04269974
v 0.01043739 -0.00592676 0.04066610
v 0.01107781 -0.00635592 0.04158837
v 0.01073459 -0.00416867 0.04341688
v 0.00922571 -0.00153842 0.04776366
v 0.01004417 -0.00238501 0.04800350
v 0.00895759 -0.00130167 0.04989667
v 0.00872877 -0.00126941 0.05205850
v 0.00961067 -0.00208331 0.05211351
v 0.00980214 -0.00214461 0.05003732
v 0.01127781 -0.00811622 0.04083965
v 0.00670596 -0.00341036 0.05285224
v 0.00678563 -0.00378981 0.05535029
v 0.00844636 -0.00178430 0.05637745
v 0.00841949 -0.00239029 0.05845253
v 0.00741233 -0.00441901 0.05277263
v 0.00761988 -0.00469793 0.05527654
v 0.00695824 -0.00439143 0.05740383
v 0.00790981 -0.00520608 0.05732122
v 0.00807855 -0.00553275 0.05820908
v 0.00849235 -0.00330908 0.06038054
v 0.00720534 -0.00516198 0.05910426
v 0.00740306 -0.00573903 0.06004972
v 0.00754805 -0.00614582 0.06060827
v 0.00757993 -0.00623376 0.06071946
v 0.00826126 -0.00590700 0.05901920
v 0.00843967 -0.00629196 0.05969530
v 0.00797064 -0.00729263 0.06184266
v 0.00848579 -0.00872295 0.06287479
v 0.00740202 -0.01092293 0.06415313
v 0.00855386 -0.00142483 0.05422929
v 0.00948315 -0.00218543 0.05420058
v 0.00942816 -0.00246589 0.05625826
v 0.00945033 -0.00296572 0.05823161
v 0.00993925 -0.00070247 0.06044482
v 0.00988797 -0.00130562 0.06154480
v 0.00955591 -0.00374900 0.06003744
v 0.00988480 -0.00205703 0.06255669
v 0.00994064 -0.00294822 0.06343473
v 0.00857099 -0.00658776 0.06013426
v 0.00864946 -0.00676970 0.06037594
v 0.01005493 -0.00393889 0.06414833
v 0.01105401 -0.00084797 0.05916346
v 0.01098895 -0.00126006 0.06024795
v 0.01095495 -0.00178896 0.06126341
v 0.01095839 -0.00245025 0.06217829
v 0.01100616 -0.00323990 0.06295615
v 0.01109872 -0.00413031 0.06358065
v 0.01122906 -0.00508741 0.06406146
v 0.01156096 -0.00710755 0.06468792
v 0.00884532 -0.00724184 0.06092016
v 0.00896282 -0.00753828 0.06121046
v 0.00909649 -0.00788870 0.06151132
v 0.00927244 -0.00837333 0.06186418
v 0.00880931 -0.00972058 0.06334876
v 0.00881978 -0.00974986 0.06336201
v 0.00905580 -0.01008504 0.06363872
v 0.00953420 -0.00915160 0.06230721
v 0.00971885 -0.00975086 0.06256656
v 0.01005566 -0.01100000 0.06294116
v 0.00952882 -0.01096500 0.06414507
v 0.00956000 -0.01103173 0.06417622
v 0.00998940 -0.01327081 0.06449033
v 0.01049468 -0.01318573 0.06327679
v 0.00809696 -0.02731113 0.04050003
v 0.00881434 -0.01639692 0.04055971
v 0.00894590 -0.01789838 0.04051392
v 0.00899999 -0.01949998 0.04050001
v 0.00899972 -0.02020642 0.04049980
v 0.00899072 -0.02138583 0.04050007
v 0.00889166 -0.02357454 0.04049997
v 0.00855691 -0.02583813 0.04050004
v 0.01070633 -0.01468790 0.06339096
v 0.01036784 -0.01654440 0.06466601
v 0.01099415 -0.01887035 0.06349872
v 0.01100000 -0.01950000 0.06350000
v 0.01083896 -0.02401827 0.06350002
v 0.01099728 -0.02077703 0.06349999
v 0.01097264 -0.02205801 0.06350000
v 0.01052825 -0.02586239 0.06349998
v 0.00043868 -0.03021122 0.01594421
v 0.00040539 -0.03297485 0.01668321
v 0.00033789 -0.03404092 0.01765892
v 0.00020909 -0.03403828 0.01932686
v 0.00164567 -0.03005754 0.01594348
v 0.00051875 -0.03094747 0.01499998
v 0.00175175 -0.03079145 0.01499994
v 0.00023545 -0.03551083 0.01911381
v 0.00010444 -0.03718118 0.02093790
v -0.00004798 -0.03726426 0.02290342
v -0.00010693 -0.03948337 0.02380801
v -0.00015728 -0.03841498 0.02438183
v -0.00015568 -0.03995678 0.02445866
v 0.00117553 -0.03905830 0.02542907
v 0.00128477 -0.03984070 0.02446593
v 0.00247803 -0.03067867 0.01499994
v 0.00289824 -0.03372924 0.01769702
v 0.00277816 -0.03319027 0.01883417
v 0.00472165 -0.02943426 0.01591861
v 0.00490357 -0.03018464 0.01499995
v 0.00326209 -0.03680591 0.02098274
v 0.00510656 -0.03639974 0.02101621
v 0.00311326 -0.03614391 0.02203856
v 0.00335504 -0.03874676 0.02544018
v 0.00352318 -0.03952186 0.02448049
v 0.00490655 -0.03574384 0.02206644
v 0.00000000 -0.02886435 0.03929986
v 0.00000000 -0.03136925 0.03929986
v 0.00000000 -0.03208742 0.03908389
v 0.00000000 -0.03368592 0.03861830
v 0.00199298 -0.03122308 0.03929999
v 0.00000000 -0.03602695 0.03792079
v 0.00000000 -0.03793750 0.03736172
v 0.00000000 -0.03882192 0.03835214
v 0.00100129 -0.03788067 0.03736267
v 0.00110888 -0.03875514 0.03835362
v 0.00331006 -0.03096580 0.03929996
v 0.00504841 -0.03035687 0.03929999
v 0.00379306 -0.03083458 0.03929998
v 0.00300047 -0.03583230 0.03789175
v 0.00350326 -0.03803927 0.03846834
v 0.00358968 -0.03839794 0.03835820
v 0.00369982 -0.03885189 0.03821871
v -0.00032297 -0.04144387 0.02666383
v -0.00048259 -0.04125712 0.02865135
v -0.00053048 -0.04303553 0.02934764
v -0.00063697 -0.04236316 0.03062175
v -0.00071510 -0.04425851 0.03169619
v 0.00107459 -0.04130719 0.02893653
v 0.00118459 -0.04218980 0.02807865
v 0.00104302 -0.04413233 0.03168532
v 0.00093338 -0.04316809 0.03243630
v -0.00093665 -0.04418056 0.03437805
v 0.00000000 -0.04122020 0.03640096
v 0.00000000 -0.04255254 0.03725999
v -0.00110834 -0.04445099 0.03500000
v -0.00098703 -0.04444623 0.03500000
v -0.00089023 -0.04528013 0.03389835
v -0.00097860 -0.04573642 0.03500000
v 0.00000000 -0.04436468 0.03500000
v 0.00000000 -0.04568064 0.03500000
v 0.00000000 -0.04454147 0.03542047
v 0.00000000 -0.04594733 0.03565109
v 0.00000000 -0.04614479 0.03619995
v 0.00086789 -0.04571634 0.03520794
v 0.00350364 -0.04096225 0.02892902
v 0.00356329 -0.04280346 0.03241695
v 0.00368570 -0.04183552 0.02807463
v 0.00375540 -0.04375693 0.03166940
v 0.00208627 -0.04436930 0.03542094
v 0.00224652 -0.04595958 0.03619998
v 0.00499565 -0.04384687 0.03542319
v 0.00373862 -0.04533260 0.03519374
v 0.00611239 -0.02903475 0.01589532
v 0.00638672 -0.02978693 0.01499996
v 0.00591121 -0.03301530 0.01775637
v 0.00573043 -0.03246849 0.01888048
v 0.00704420 -0.02872263 0.01587558
v 0.00846297 -0.03138849 0.01891769
v 0.00686158 -0.03585889 0.02105321
v 0.00660511 -0.03521067 0.02209463
v 0.00540551 -0.03826929 0.02545385
v 0.00564323 -0.03903192 0.02449991
v 0.00763615 -0.03837134 0.02452293
v 0.00732328 -0.03762664 0.02546799
v 0.00962961 -0.02862122 0.01499997
v 0.01003609 -0.02745170 0.01579445
v 0.00871929 -0.03195712 0.01782237
v 0.01041928 -0.02826533 0.01499998
v 0.01099228 -0.02798649 0.01499998
v 0.01128823 -0.03063110 0.01788778
v 0.01094951 -0.03003331 0.01894054
v 0.00971300 -0.03378794 0.02214557
v 0.01008156 -0.03442172 0.02113250
v 0.00910854 -0.03683099 0.02548106
v 0.00949554 -0.03755471 0.02454843
v 0.01076078 -0.03590630 0.02549239
v 0.01121654 -0.03660759 0.02457551
v 0.00554235 -0.03009038 0.03930000
v 0.00625763 -0.02958303 0.03930001
v 0.00695059 -0.02888440 0.03929996
v 0.00718078 -0.02858254 0.03929999
v 0.00577198 -0.04042462 0.02892333
v 0.00787500 -0.03969526 0.02891763
v 0.00823219 -0.04052582 0.02807792
v 0.00580274 -0.03710762 0.03731262
v 0.00600532 -0.03770651 0.03837513
v 0.00807630 -0.03604637 0.03733256
v 0.00836258 -0.03661034 0.03839394
v 0.01153501 -0.03278250 0.03738242
v 0.00981361 -0.03878917 0.02891073
v 0.01025937 -0.03958823 0.02808366
v 0.01158817 -0.03773572 0.02890239
v 0.01031803 -0.04044592 0.03235531
v 0.01000671 -0.03458199 0.03735647
v 0.01038058 -0.03509481 0.03841699
v 0.00603850 -0.04128086 0.02807467
v 0.00600695 -0.04222501 0.03239792
v 0.00629554 -0.04315827 0.03165624
v 0.00825814 -0.04143351 0.03237765
v 0.00540589 -0.04538121 0.03620004
v 0.00641922 -0.04470869 0.03518078
v 0.00748066 -0.04311468 0.03542526
v 0.00810633 -0.04456188 0.03620003
v 0.00865034 -0.04233532 0.03164539
v 0.01081118 -0.04130802 0.03163653
v 0.00889397 -0.04384201 0.03516895
v 0.01011121 -0.04197183 0.03542585
v 0.01072999 -0.04163859 0.03542536
v 0.01076651 -0.04338051 0.03620003
v 0.01115281 -0.04275352 0.03515815
v 0.01144915 -0.04300737 0.03620003
v 0.00000000 -0.02846671 0.04050003
v 0.00000000 -0.03156151 0.04050000
v 0.00005509 -0.03156025 0.04050000
v 0.00000000 -0.03177603 0.04043706
v 0.00200001 -0.03139937 0.04050000
v 0.00237929 -0.03314598 0.03996663
v 0.00393462 -0.03097672 0.04049999
v 0.00000000 -0.02750000 0.06349999
v 0.00000000 -0.02750000 0.06349999
v 0.00000000 -0.03221729 0.06349984
v 0.00004813 -0.03221755 0.06349984
v 0.00150000 -0.02750000 0.06349999
v 0.00199998 -0.03221079 0.06349987
v 0.00403588 -0.03204038 0.06350000
v 0.00437619 -0.03197519 0.06349953
v 0.00467760 -0.03190868 0.06350002
v 0.00472190 -0.03189790 0.06350001
v 0.00492424 -0.03291014 0.06422365
v 0.00536595 -0.03039625 0.04050000
v 0.00565860 -0.03023049 0.04050000
v 0.00648698 -0.02962710 0.04050000
v 0.00714932 -0.02894251 0.04050001
v 0.00744091 -0.02854942 0.04050002
v 0.00606049 -0.03146051 0.06350000
v 0.00747220 -0.03069196 0.06350000
v 0.00840697 -0.02991401 0.06350000
v 0.00930569 -0.02881467 0.06349999
v 0.01001350 -0.02747500 0.06349998
v 0.01370164 -0.00373864 0.03966573
v 0.01389122 -0.00486519 0.03912321
v 0.01423145 -0.00718932 0.03843522
v 0.01482364 -0.00732659 0.03948076
v 0.01450770 -0.00930107 0.03809177
v 0.01417972 -0.00948652 0.03946686
v 0.01471029 -0.01117188 0.03789319
v 0.01488675 -0.01296511 0.03776120
v 0.01739156 -0.00084493 0.03874534
v 0.01762504 -0.00216420 0.03799676
v 0.01782411 -0.00354812 0.03748549
v 0.01523873 -0.01122700 0.03898292
v 0.01543531 -0.01300000 0.03884864
v 0.01334826 -0.02543879 0.01569000
v 0.01394304 -0.02622043 0.01499999
v 0.01480665 -0.02426163 0.01564170
v 0.01477950 -0.02559599 0.01500000
v 0.01614578 -0.02295071 0.01559332
v 0.01586820 -0.02467697 0.01500000
v 0.01512130 -0.02682300 0.01893158
v 0.01680421 -0.02220071 0.01556685
v 0.01690061 -0.02367060 0.01500001
v 0.01756119 -0.02122906 0.01553317
v 0.01776354 -0.02270442 0.01500001
v 0.01745629 -0.02560482 0.01799823
v 0.01680751 -0.02501413 0.01888444
v 0.01436902 -0.02614593 0.03746637
v 0.01505639 -0.01639984 0.03763020
v 0.01563779 -0.01653858 0.03870931
v 0.01513197 -0.01935828 0.03755123
v 0.01570089 -0.01951925 0.03863427
v 0.01507378 -0.02179667 0.03750142
v 0.01563117 -0.02198271 0.03858595
v 0.01496262 -0.02388366 0.03744528
v 0.01538807 -0.02401422 0.03856748
v 0.01493583 -0.02643732 0.03853650
v 0.02115230 -0.01354612 0.01530111
v 0.02279015 -0.00167001 0.01516979
v 0.02260101 -0.00515393 0.01518289
v 0.02282913 -0.00672074 0.01797731
v 0.02305087 -0.00336801 0.01794486
v 0.02398998 -0.00114065 0.01500001
v 0.02397767 -0.00170128 0.01500001
v 0.02390869 -0.00342800 0.01500001
v 0.02421904 -0.00342070 0.01756495
v 0.02398630 -0.00682885 0.01757498
v 0.02309259 -0.00678387 0.02111319
v 0.02427048 -0.00685973 0.02076298
v 0.02401057 -0.00361767 0.02293157
v 0.02362149 -0.00352207 0.02471836
v 0.02382144 -0.00352661 0.02471994
v 0.02446377 -0.00477478 0.02257672
v 0.02414563 -0.00619221 0.02263380
v 0.02436278 -0.00689664 0.02257798
v 0.02358033 -0.00394236 0.02640581
v 0.02320985 -0.00689132 0.02446909
v 0.02378020 -0.00394617 0.02641193
v 0.02221618 -0.00850395 0.01521281
v 0.02246503 -0.00994573 0.01806243
v 0.02226795 -0.01386990 0.01500002
v 0.02195641 -0.01299783 0.01819144
v 0.02345807 -0.00816960 0.01500001
v 0.02338401 -0.00867978 0.01500002
v 0.02314365 -0.01012206 0.01500002
v 0.02360093 -0.01011258 0.01761890
v 0.02398612 -0.01017261 0.02083030
v 0.02305760 -0.01322892 0.01768890
v 0.02358584 -0.01335381 0.02093080
v 0.02244631 -0.01319016 0.02136953
v 0.02277294 -0.01342880 0.02471671
v 0.02370835 -0.00945557 0.02294192
v 0.02393885 -0.00758088 0.02270025
v 0.02403264 -0.00758648 0.02264478
v 0.02407033 -0.00758871 0.02263372
v 0.02433253 -0.00741334 0.02257824
v 0.02383791 -0.00757490 0.02289261
v 0.02383622 -0.00757481 0.02293827
v 0.02386784 -0.00757666 0.02279190
v 0.02373836 -0.01177597 0.02262750
v 0.02395905 -0.01193050 0.02257531
v 0.02316203 -0.01246364 0.02468022
v 0.02336088 -0.01248101 0.02466762
v 0.02352281 -0.01330785 0.02519441
v 0.02325298 -0.01243942 0.02661695
v 0.02345250 -0.01245197 0.02661126
v 0.01824877 -0.00122820 0.03954837
v 0.01843365 -0.00241989 0.03889346
v 0.01858445 -0.00369795 0.03844390
v 0.01814624 -0.00634424 0.03694834
v 0.01882777 -0.00636244 0.03797121
v 0.01838485 -0.00882520 0.03675252
v 0.01980845 -0.00868888 0.03752405
v 0.02292506 -0.00717396 0.03140805
v 0.02299311 -0.00295043 0.03340391
v 0.02319115 -0.00295023 0.03343188
v 0.02342986 -0.00401746 0.02929081
v 0.02362931 -0.00401940 0.02930546
v 0.02316032 -0.00702524 0.02791757
v 0.02390314 -0.00479331 0.02795833
v 0.02301721 -0.00538074 0.03325958
v 0.02321547 -0.00538028 0.03328589
v 0.02294878 -0.00099984 0.03370448
v 0.02225905 -0.00065364 0.03600155
v 0.02235165 -0.00295651 0.03552805
v 0.02239691 -0.00516966 0.03535027
v 0.02240533 -0.00577531 0.03533111
v 0.02314660 -0.00099993 0.03373391
v 0.02312125 -0.00138901 0.03516114
v 0.02319745 -0.00046916 0.03568484
v 0.02329295 -0.00047754 0.03573090
v 0.02340187 -0.00047528 0.03574198
v 0.02355709 -0.00108670 0.03557184
v 0.02345937 -0.00184732 0.03542729
v 0.02336193 -0.00149277 0.03663187
v 0.02317199 -0.00321889 0.03488790
v 0.02317605 -0.00323056 0.03500407
v 0.02321762 -0.00323943 0.03510019
v 0.02329301 -0.00324579 0.03517845
v 0.02317923 -0.00359563 0.03485324
v 0.02350962 -0.00381126 0.03518334
v 0.02348080 -0.00254777 0.03531664
v 0.02338899 -0.00324845 0.03522418
v 0.02349810 -0.00324715 0.03523345
v 0.02362203 -0.00316951 0.03522880
v 0.02331004 -0.00497286 0.03404596
v 0.02343725 -0.00383650 0.03629722
v 0.02321634 -0.00668407 0.03474236
v 0.02366854 -0.00638627 0.03507323
v 0.02291122 -0.01369369 0.02812967
v 0.02379853 -0.00922361 0.02803630
v 0.02302624 -0.00801060 0.03324563
v 0.02312550 -0.00801065 0.03325778
v 0.02322476 -0.00801032 0.03326993
v 0.02362305 -0.01350670 0.02815683
v 0.02325337 -0.01263405 0.02947519
v 0.02345321 -0.01264080 0.02947964
v 0.02356768 -0.01371876 0.03113789
v 0.02243325 -0.00813560 0.03531108
v 0.02249336 -0.01300358 0.03530550
v 0.02322502 -0.00769995 0.03474151
v 0.02322752 -0.00798611 0.03474177
v 0.02322765 -0.00800075 0.03474178
v 0.02322581 -0.00800077 0.03475686
v 0.02323553 -0.00800075 0.03486656
v 0.02328115 -0.00800039 0.03496123
v 0.02335976 -0.00799972 0.03503645
v 0.02345778 -0.00799886 0.03507818
v 0.02356226 -0.00799792 0.03508328
v 0.02368427 -0.00799540 0.03506776
v 0.02349144 -0.00734503 0.03619947
v 0.02350039 -0.00800001 0.03619989
v 0.02360532 -0.01187045 0.03508074
v 0.02357745 -0.01300000 0.03620000
v 0.01868742 -0.01950194 0.01547458
v 0.01967197 -0.01760314 0.01541300
v 0.01963296 -0.02006830 0.01500001
v 0.02049555 -0.01558961 0.01535337
v 0.02129535 -0.01584608 0.01834883
v 0.02036380 -0.01874791 0.01500002
v 0.02068988 -0.01808480 0.01500002
v 0.02046846 -0.01847148 0.01851543
v 0.02130948 -0.01892207 0.02173953
v 0.01914304 -0.02084796 0.01500001
v 0.01901401 -0.02357521 0.01797927
v 0.01824590 -0.02304005 0.01879754
v 0.01945866 -0.02086697 0.01867098
v 0.02033883 -0.02132909 0.01792970
v 0.01948090 -0.02383777 0.02205875
v 0.01821328 -0.02602677 0.02215469
v 0.01898688 -0.02655961 0.02134636
v 0.01913778 -0.02729330 0.02334968
v 0.01912206 -0.02725866 0.02345927
v 0.01918713 -0.02733933 0.02326393
v 0.01926184 -0.02739124 0.02320727
v 0.01914249 -0.02724431 0.02356134
v 0.01925151 -0.02706486 0.02355953
v 0.01936415 -0.02696098 0.02543901
v 0.02049833 -0.02148089 0.02191568
v 0.02097147 -0.02357329 0.02271728
v 0.02107999 -0.02362063 0.02266287
v 0.02071013 -0.02394415 0.02308834
v 0.02086969 -0.02352027 0.02290631
v 0.02090521 -0.02354143 0.02279791
v 0.02087300 -0.02351505 0.02301120
v 0.02109664 -0.02297645 0.02302104
v 0.02131865 -0.02207984 0.02520958
v 0.02118877 -0.02295824 0.02460579
v 0.02036148 -0.02429597 0.02132112
v 0.02003382 -0.02541746 0.02310378
v 0.02011813 -0.02548303 0.02291016
v 0.02005997 -0.02544443 0.02299402
v 0.01998387 -0.02557278 0.02327497
v 0.02004513 -0.02540891 0.02320790
v 0.02019937 -0.02552843 0.02285701
v 0.02026807 -0.02547581 0.02283657
v 0.02034201 -0.02565338 0.02282212
v 0.02042411 -0.02513906 0.02279535
v 0.02072666 -0.02446174 0.02272638
v 0.02096735 -0.02429214 0.02267363
v 0.02047601 -0.02459171 0.02534325
v 0.01985119 -0.02631674 0.02492587
v 0.02001582 -0.02640380 0.02485294
v 0.02052093 -0.02681272 0.02721479
v 0.02069397 -0.02689181 0.02715315
v 0.02157026 -0.01598875 0.01500002
v 0.02223155 -0.01399442 0.01500002
v 0.02234403 -0.01614845 0.01777265
v 0.02144360 -0.01885242 0.01785712
v 0.02235885 -0.01921364 0.02116016
v 0.02305244 -0.01637478 0.02104649
v 0.02194932 -0.01615397 0.02155044
v 0.02285695 -0.01649469 0.02293918
v 0.02242435 -0.01649315 0.02488108
v 0.02278808 -0.01585615 0.02463889
v 0.02293460 -0.01642315 0.02678263
v 0.02208287 -0.01995303 0.02293804
v 0.02229397 -0.01937599 0.02268186
v 0.02237343 -0.01939610 0.02260983
v 0.02252690 -0.01915575 0.02257567
v 0.02246048 -0.01941831 0.02257433
v 0.02263333 -0.01951161 0.02253230
v 0.02224274 -0.01936328 0.02278517
v 0.02223893 -0.01936296 0.02293512
v 0.02223229 -0.01936105 0.02288970
v 0.02195241 -0.01938265 0.02505043
v 0.02198473 -0.02020350 0.02457385
v 0.02207936 -0.02022805 0.02455279
v 0.02231930 -0.01868479 0.02459211
v 0.02251257 -0.01872272 0.02455727
v 0.02217444 -0.02025081 0.02453174
v 0.02243821 -0.02015727 0.02695114
v 0.02263296 -0.02019180 0.02692146
v 0.02325604 -0.01451594 0.02269840
v 0.02334416 -0.01452800 0.02263519
v 0.02341888 -0.01444289 0.02261486
v 0.02363888 -0.01447898 0.02256597
v 0.02320751 -0.01426697 0.02294448
v 0.02319345 -0.01450774 0.02279573
v 0.02317219 -0.01450542 0.02289861
v 0.02317837 -0.01600283 0.02260274
v 0.02334079 -0.01631156 0.02255368
v 0.02298496 -0.01588265 0.02461567
v 0.02308156 -0.01730142 0.02535872
v 0.02313285 -0.01644401 0.02676645
v 0.02147316 -0.02185507 0.02125618
v 0.02169780 -0.02196932 0.02259362
v 0.02208210 -0.02077625 0.02257540
v 0.02199646 -0.02162965 0.02254711
v 0.02136990 -0.02302156 0.02454938
v 0.02167286 -0.02360936 0.02710164
v 0.02185982 -0.02366394 0.02705616
v 0.02241410 -0.02102092 0.02551495
v 0.02142068 -0.02444589 0.02563780
v 0.02120507 -0.02530170 0.02864346
v 0.02004130 -0.02711822 0.03581099
v 0.02284009 -0.01397151 0.03156923
v 0.02236979 -0.01984054 0.02839664
v 0.02270955 -0.02053236 0.02974235
v 0.02290731 -0.02055736 0.02972606
v 0.02291423 -0.01895922 0.03328674
v 0.02253969 -0.02028826 0.03176484
v 0.02305889 -0.01669845 0.02960834
v 0.02325841 -0.01671151 0.02960387
v 0.02297902 -0.01705621 0.03327572
v 0.02317863 -0.01706111 0.03328728
v 0.02333093 -0.01759017 0.02828973
v 0.02340583 -0.01788383 0.03123757
v 0.02311390 -0.01896803 0.03329399
v 0.02253614 -0.01425566 0.03505711
v 0.02251235 -0.01551547 0.03530516
v 0.02334200 -0.01394017 0.03415244
v 0.02374682 -0.01648969 0.03505876
v 0.02326616 -0.01731818 0.03475921
v 0.02326519 -0.01731815 0.03477437
v 0.02328123 -0.01731824 0.03488332
v 0.02333223 -0.01731878 0.03497520
v 0.02329299 -0.01817928 0.03421690
v 0.02341505 -0.01731974 0.03504577
v 0.02351532 -0.01732094 0.03508177
v 0.02358829 -0.01905160 0.03508265
v 0.02368988 -0.01983575 0.03505865
v 0.02357215 -0.02058969 0.03620001
v 0.02189274 -0.02265690 0.02852655
v 0.02283739 -0.02142404 0.02841360
v 0.02280176 -0.02089977 0.03255453
v 0.02279483 -0.02099547 0.03330180
v 0.02219979 -0.02320927 0.03186560
v 0.02253892 -0.02351297 0.03332666
v 0.02273706 -0.02353931 0.03331997
v 0.02202494 -0.02498949 0.02851454
v 0.02210176 -0.02410387 0.02986710
v 0.02229428 -0.02414839 0.02983623
v 0.02164925 -0.02597104 0.03196608
v 0.02213591 -0.02587863 0.03335850
v 0.02241592 -0.02550894 0.03141202
v 0.02233534 -0.02457888 0.03265455
v 0.02253159 -0.02461432 0.03263933
v 0.02233081 -0.02592041 0.03334215
v 0.02306575 -0.02181903 0.03133054
v 0.02300104 -0.02091659 0.03255243
v 0.02299427 -0.02101034 0.03330353
v 0.02244210 -0.02072247 0.03517868
v 0.02239475 -0.02151489 0.03531086
v 0.02239824 -0.02145115 0.03531075
v 0.02240498 -0.02132467 0.03531054
v 0.02233576 -0.02243854 0.03531247
v 0.02222288 -0.02373675 0.03524998
v 0.02198358 -0.02555782 0.03531945
v 0.02258502 -0.02600612 0.03434151
v 0.02259095 -0.02608565 0.03482362
v 0.02290059 -0.02643855 0.03510618
v 0.02291546 -0.02644095 0.03510254
v 0.02308792 -0.02220459 0.03427965
v 0.02296239 -0.02346769 0.03479632
v 0.02298684 -0.02346975 0.03491891
v 0.02304446 -0.02347539 0.03500661
v 0.02313201 -0.02348424 0.03507062
v 0.02323421 -0.02349475 0.03509884
v 0.02332574 -0.02350429 0.03509287
v 0.02335879 -0.02316703 0.03509172
v 0.02348801 -0.02317733 0.03506306
v 0.02337964 -0.02421601 0.03506538
v 0.02331473 -0.02456592 0.03620001
v 0.02296960 -0.02607053 0.03510416
v 0.02303126 -0.02649678 0.03507260
v 0.02299047 -0.02673518 0.03523894
v 0.01327392 -0.00173356 0.04130236
v 0.01303814 -0.00096994 0.04236329
v 0.01385573 -0.00166246 0.04292607
v 0.01349588 -0.00267457 0.04038865
v 0.01407252 -0.00233886 0.04198132
v 0.01426252 -0.00316868 0.04118448
v 0.01361869 -0.00113825 0.04397034
v 0.01336914 -0.00074209 0.04507717
v 0.01442601 -0.00411871 0.04055772
v 0.01456958 -0.00514570 0.04008507
v 0.01256116 -0.00136030 0.06445272
v 0.01317085 -0.02849552 0.01894705
v 0.01360074 -0.02911476 0.01794539
v 0.01242235 -0.03202848 0.02218465
v 0.01289152 -0.03265279 0.02121185
v 0.01472705 -0.03010223 0.02220662
v 0.01366136 -0.03379809 0.02550869
v 0.01423559 -0.03445745 0.02463124
v 0.01565473 -0.02744275 0.01798504
v 0.01529181 -0.03071439 0.02128224
v 0.01603035 -0.03153889 0.02551229
v 0.01664487 -0.02810033 0.02220105
v 0.01731052 -0.02868608 0.02133078
v 0.01792884 -0.02962352 0.02429789
v 0.01792957 -0.02967343 0.02419316
v 0.01796714 -0.02973133 0.02410865
v 0.01803399 -0.02979100 0.02404987
v 0.01809962 -0.02983356 0.02402603
v 0.01810587 -0.03007352 0.02409784
v 0.01751864 -0.03059011 0.02493958
v 0.01769173 -0.03073950 0.02451005
v 0.01803297 -0.02949277 0.02438615
v 0.01796318 -0.02959489 0.02439298
v 0.01790857 -0.02925723 0.02549309
v 0.01792287 -0.03069908 0.02572306
v 0.01670840 -0.03215505 0.02468257
v 0.01711670 -0.03159084 0.02553255
v 0.01716258 -0.03154180 0.02561337
v 0.01719162 -0.03152641 0.02564484
v 0.01710580 -0.03166047 0.02544040
v 0.01713501 -0.03173163 0.02536302
v 0.01719718 -0.03179762 0.02530588
v 0.01721063 -0.03203702 0.02543321
v 0.01727216 -0.03184527 0.02527716
v 0.01718467 -0.03246830 0.02575493
v 0.01700800 -0.03214982 0.02618434
v 0.01693751 -0.03233160 0.02631215
v 0.01676342 -0.03329529 0.02689407
v 0.01673746 -0.03321279 0.02696060
v 0.01680402 -0.03305807 0.02709792
v 0.01675317 -0.03312565 0.02703556
v 0.01680884 -0.03327106 0.02741154
v 0.01682404 -0.03336608 0.02684117
v 0.01689992 -0.03341265 0.02681029
v 0.01702585 -0.03271703 0.02605247
v 0.01711221 -0.03275879 0.02603294
v 0.01693281 -0.03318958 0.02655221
v 0.01696859 -0.03360666 0.02697535
v 0.01753017 -0.03141125 0.02489959
v 0.01736456 -0.03103730 0.02527858
v 0.01774453 -0.03087753 0.02454626
v 0.01784022 -0.03094307 0.02684812
v 0.01798437 -0.03105427 0.02676532
v 0.01274178 -0.03073798 0.03740882
v 0.01198136 -0.03323764 0.03844355
v 0.01323894 -0.03113800 0.03847285
v 0.01368149 -0.02851348 0.03743653
v 0.01421714 -0.02885953 0.03850406
v 0.01211489 -0.03849977 0.02809137
v 0.01218750 -0.03929572 0.03233101
v 0.01277244 -0.04011261 0.03162944
v 0.01464286 -0.03534443 0.02888149
v 0.01386615 -0.03802750 0.03230514
v 0.01453184 -0.03879813 0.03162392
v 0.01229268 -0.04067294 0.03542207
v 0.01322650 -0.04000363 0.03541844
v 0.01452974 -0.03894033 0.03541064
v 0.01705441 -0.03281363 0.02885239
v 0.01754783 -0.03242864 0.02840913
v 0.01750474 -0.03330757 0.02861951
v 0.01769064 -0.03254421 0.02833008
v 0.01754486 -0.03321156 0.02958794
v 0.01768867 -0.03332872 0.02951317
v 0.01764239 -0.03395858 0.03100853
v 0.01766011 -0.03402316 0.03115769
v 0.01778835 -0.03407671 0.03093967
v 0.01780636 -0.03414132 0.03108952
v 0.01778434 -0.03394596 0.03221785
v 0.01530505 -0.03603916 0.02811072
v 0.01535483 -0.03668799 0.03227786
v 0.01609126 -0.03741225 0.03161973
v 0.01684221 -0.03426984 0.02795027
v 0.01679300 -0.03426579 0.02884533
v 0.01680094 -0.03483747 0.02895659
v 0.01687103 -0.03488035 0.02892772
v 0.01693258 -0.03442254 0.02809450
v 0.01672740 -0.03457230 0.02911437
v 0.01671259 -0.03467224 0.02905735
v 0.01677761 -0.03449119 0.02915844
v 0.01680875 -0.03446151 0.02917384
v 0.01673948 -0.03476308 0.02900321
v 0.01701334 -0.03530182 0.02959020
v 0.01694157 -0.03539019 0.02987070
v 0.01706495 -0.03558043 0.03013947
v 0.01691948 -0.03535021 0.03081722
v 0.01695069 -0.03532189 0.03083704
v 0.01707090 -0.03616497 0.03250643
v 0.01711671 -0.03607495 0.03253537
v 0.01706127 -0.03627333 0.03246612
v 0.01709268 -0.03636961 0.03242552
v 0.01715767 -0.03644631 0.03238838
v 0.01723748 -0.03654477 0.03252771
v 0.01712963 -0.03635114 0.03300057
v 0.01712079 -0.03646015 0.03296185
v 0.01717480 -0.03626041 0.03302830
v 0.01720406 -0.03622644 0.03303722
v 0.01715291 -0.03655682 0.03292275
v 0.01713956 -0.03652981 0.03293420
v 0.01721848 -0.03663365 0.03288692
v 0.01719541 -0.03661284 0.03289726
v 0.01727778 -0.03667028 0.03286650
v 0.01727703 -0.03646382 0.03360040
v 0.01732263 -0.03636386 0.03359126
v 0.01726778 -0.03656840 0.03359625
v 0.01729460 -0.03667244 0.03357928
v 0.01783829 -0.03418102 0.03183295
v 0.01798677 -0.03429838 0.03176830
v 0.01733420 -0.03634816 0.03358825
v 0.01738034 -0.03671595 0.03283195
v 0.01735346 -0.03675718 0.03355226
v 0.01743356 -0.03681248 0.03351980
v 0.01759339 -0.03686493 0.03362747
v 0.01542006 -0.03811745 0.03540380
v 0.01500156 -0.04008277 0.03513950
v 0.01538454 -0.04018136 0.03620003
v 0.01636722 -0.03926131 0.03620003
v 0.01661268 -0.03687216 0.03539283
v 0.01755885 -0.03641244 0.03418566
v 0.01759493 -0.03630013 0.03413202
v 0.01758659 -0.03631534 0.03414144
v 0.01756451 -0.03651440 0.03421041
v 0.01760264 -0.03661617 0.03421488
v 0.01748575 -0.03681740 0.03365932
v 0.01766710 -0.03669942 0.03419780
v 0.01788016 -0.03667010 0.03438623
v 0.01794726 -0.03607529 0.03457880
v 0.01794308 -0.03608794 0.03459336
v 0.01793833 -0.03617086 0.03466588
v 0.01796320 -0.03626085 0.03471407
v 0.01801588 -0.03635342 0.03473610
v 0.01808753 -0.03643196 0.03472741
v 0.01773736 -0.03674951 0.03416796
v 0.01791333 -0.03677152 0.03422450
v 0.01739236 -0.03595271 0.03538426
v 0.01659140 -0.03860651 0.03513155
v 0.01742867 -0.03814662 0.03620003
v 0.01318947 -0.04148256 0.03514834
v 0.01304041 -0.04201169 0.03620003
v 0.01407011 -0.04126516 0.03620003
v 0.01890118 -0.02775473 0.02374069
v 0.01873910 -0.02854068 0.02351043
v 0.01884701 -0.02859154 0.02348586
v 0.01833803 -0.02934050 0.02380787
v 0.01849929 -0.02927113 0.02373643
v 0.01928953 -0.02746244 0.02320074
v 0.01938673 -0.02755236 0.02318316
v 0.01862649 -0.02895090 0.02566653
v 0.01877752 -0.02905363 0.02558507
v 0.01816093 -0.03003710 0.02621420
v 0.01830763 -0.03014483 0.02613129
v 0.01882764 -0.02988901 0.02727924
v 0.01898162 -0.02999161 0.02720333
v 0.01997520 -0.02762966 0.02570816
v 0.01888558 -0.03030292 0.02880755
v 0.01952436 -0.03069759 0.03005048
v 0.01879492 -0.03164165 0.02861373
v 0.01860516 -0.03244807 0.03001000
v 0.01968741 -0.03079539 0.02998845
v 0.01816883 -0.03411310 0.03250149
v 0.01859106 -0.03381617 0.03304525
v 0.01874767 -0.03392735 0.03298945
v 0.01955952 -0.03125353 0.03214676
v 0.01944114 -0.03250259 0.03152702
v 0.01913500 -0.03328213 0.03282557
v 0.01897482 -0.03317538 0.03287985
v 0.01904337 -0.03332776 0.03339463
v 0.01920471 -0.03343408 0.03334301
v 0.01944991 -0.03273896 0.03350091
v 0.01961547 -0.03284019 0.03345249
v 0.02023381 -0.02782275 0.02873879
v 0.02074141 -0.02834718 0.02858192
v 0.02109996 -0.02744788 0.02997284
v 0.02128104 -0.02751862 0.02992589
v 0.02080496 -0.02862234 0.03206187
v 0.02128220 -0.02901839 0.03147824
v 0.02092084 -0.02983778 0.03343361
v 0.02110246 -0.02991378 0.03339842
v 0.02000869 -0.03144778 0.03284108
v 0.02006486 -0.03165448 0.03347523
v 0.02017947 -0.03154065 0.03279406
v 0.02023687 -0.03174669 0.03343152
v 0.01966112 -0.03256546 0.03535512
v 0.02064960 -0.03047427 0.03534102
v 0.01985755 -0.03329476 0.03446061
v 0.01987159 -0.03346954 0.03493447
v 0.01987463 -0.03347122 0.03494925
v 0.01991544 -0.03349449 0.03504886
v 0.01998067 -0.03353248 0.03512198
v 0.02006664 -0.03358305 0.03516546
v 0.02015820 -0.03363727 0.03517080
v 0.02083525 -0.03146173 0.03443246
v 0.02085624 -0.03160610 0.03490462
v 0.02085886 -0.03160720 0.03491954
v 0.02089788 -0.03162457 0.03502105
v 0.02096363 -0.03165469 0.03509730
v 0.02105236 -0.03169583 0.03514498
v 0.02106968 -0.03236234 0.03510864
v 0.02114845 -0.03174077 0.03515483
v 0.02054800 -0.03304540 0.03515593
v 0.02086455 -0.03280874 0.03510571
v 0.02061159 -0.03366968 0.03620002
v 0.02103769 -0.03252383 0.03524336
v 0.02102887 -0.03286864 0.03620002
v 0.01817346 -0.03428119 0.03154609
v 0.01832096 -0.03422808 0.03244118
v 0.01834670 -0.03569409 0.03487076
v 0.01834705 -0.03570237 0.03488867
v 0.01836727 -0.03576127 0.03497965
v 0.01841299 -0.03583123 0.03504333
v 0.01861909 -0.03516492 0.03448717
v 0.01871705 -0.03523481 0.03496118
v 0.01872037 -0.03523707 0.03497583
v 0.01876178 -0.03526609 0.03507366
v 0.01882541 -0.03531137 0.03514398
v 0.01890770 -0.03537038 0.03518380
v 0.01887470 -0.03566802 0.03516000
v 0.01822614 -0.03485422 0.03537371
v 0.01814312 -0.03647334 0.03470469
v 0.01826562 -0.03651875 0.03467394
v 0.01832329 -0.03649057 0.03470939
v 0.01848151 -0.03590864 0.03507715
v 0.01835466 -0.03627741 0.03489735
v 0.01856098 -0.03597973 0.03507438
v 0.01861498 -0.03601849 0.03505417
v 0.01860188 -0.03601042 0.03505969
v 0.01876872 -0.03605376 0.03502083
v 0.01902549 -0.03545542 0.03517615
v 0.01899410 -0.03543270 0.03518527
v 0.01918656 -0.03552893 0.03512270
v 0.01914347 -0.03558705 0.03511790
v 0.01917095 -0.03596810 0.03620002
v 0.02003233 -0.03426134 0.03511496
v 0.02147108 -0.02804895 0.03275242
v 0.02165847 -0.02811163 0.03272147
v 0.02161116 -0.02791461 0.03339380
v 0.02180064 -0.02797316 0.03336797
v 0.02147777 -0.02797596 0.03532749
v 0.02159159 -0.02965013 0.03440293
v 0.02163895 -0.02969307 0.03487415
v 0.02164102 -0.02969368 0.03488919
v 0.02167712 -0.02970562 0.03499255
v 0.02174213 -0.02972800 0.03507202
v 0.02183229 -0.02975954 0.03512412
v 0.02193179 -0.02979470 0.03513882
v 0.02175653 -0.03045445 0.03513417
v 0.02185376 -0.03048832 0.03510647
v 0.02223645 -0.02771302 0.03484472
v 0.02227023 -0.02772073 0.03496485
v 0.02233337 -0.02773614 0.03504743
v 0.02242362 -0.02775861 0.03510390
v 0.02252517 -0.02778421 0.03512348
v 0.02237466 -0.02862616 0.03512017
v 0.02244659 -0.02859244 0.03510452
v 0.02266336 -0.02812979 0.03507967
v 0.02280066 -0.02778146 0.03620002
v 0.02262321 -0.02853220 0.03620000
v 0.02218336 -0.02973363 0.03508780
v 0.02218468 -0.02973707 0.03511021
v 0.02222382 -0.02992392 0.03620002
v 0.02146891 -0.03115872 0.03513991
v 0.02164159 -0.03116293 0.03510036
v 0.02158397 -0.03129693 0.03509651
v 0.02176892 -0.03119814 0.03620002
v 0.00200000 -0.01949974 0.06470000
v 0.00000000 -0.02500000 0.06470000
v 0.00000000 -0.02500000 0.06579290
v 0.00050334 -0.02500000 0.06470000
v 0.00050334 -0.02500000 0.06579290
v 0.00108065 -0.02512537 0.06470000
v 0.00108065 -0.02512537 0.06579290
v 0.00129522 -0.02521528 0.06470000
v 0.00144588 -0.02539256 0.06470000
v 0.00150000 -0.02561882 0.06470000
v 0.00129522 -0.02521528 0.06579290
v 0.00144588 -0.02539256 0.06579290
v 0.00150000 -0.02561882 0.06579290
v 0.00254894 -0.02540309 0.06469998
v 0.00250000 -0.02561882 0.06469998
v 0.00271434 -0.02520846 0.06469998
v 0.00254894 -0.02540309 0.06579290
v 0.00250000 -0.02561882 0.06579290
v 0.00271434 -0.02520846 0.06579290
v 0.00291936 -0.02512537 0.06469999
v 0.00291936 -0.02512537 0.06579290
v 0.00349666 -0.02500000 0.06469999
v 0.00349666 -0.02500000 0.06579290
v 0.00400000 -0.02500000 0.06469999
v 0.00400000 -0.02500000 0.06579290
v 0.00417306 -0.02503090 0.06469999
v 0.00435355 -0.02514645 0.06469999
v 0.00446910 -0.02532694 0.06469999
v 0.00417306 -0.02503090 0.06579290
v 0.00435355 -0.02514645 0.06579290
v 0.00446910 -0.02532694 0.06579290
v 0.00435355 -0.02735355 0.06469998
v 0.00446910 -0.02717306 0.06469998
v 0.00435355 -0.02735355 0.06579290
v 0.00446910 -0.02717306 0.06579290
v 0.00450000 -0.02550000 0.06469998
v 0.00450000 -0.02550000 0.06579290
v 0.00450000 -0.02700000 0.06469998
v 0.00450000 -0.02700000 0.06579290
v 0.01148072 -0.00106412 0.06491937
v 0.01150528 -0.00231118 0.06567688
v 0.01159090 -0.00362448 0.06621885
v 0.01021471 -0.00498342 0.06469979
v 0.01060504 -0.00712247 0.06541687
v 0.01111658 -0.01103417 0.06587651
v 0.00847782 -0.00323532 0.08927710
v 0.00995319 -0.00231293 0.08261579
v 0.00951070 -0.00385290 0.08245154
v 0.00982270 -0.00434904 0.08247744
v 0.00985580 -0.00521112 0.08240643
v 0.01005173 -0.00520693 0.08244585
v 0.01007248 -0.00571533 0.08239605
v 0.00990275 -0.00633392 0.08228854
v 0.01009867 -0.00633005 0.08232803
v 0.01020103 -0.00396141 0.08258221
v 0.00865108 -0.00322763 0.08943531
v 0.00860053 -0.00626130 0.08917435
v 0.00877489 -0.00625327 0.08933362
v 0.00965976 -0.00748142 0.08208118
v 0.00984709 -0.01145413 0.08135556
v 0.00991151 -0.01292742 0.08101618
v 0.00994815 -0.01384897 0.08078890
v 0.01034946 -0.00754288 0.08220770
v 0.01010754 -0.01072347 0.08156977
v 0.01030367 -0.01072238 0.08160903
v 0.01014127 -0.01145365 0.08141459
v 0.01033738 -0.01145332 0.08145387
v 0.01053349 -0.01145294 0.08149305
v 0.01024211 -0.01385279 0.08084850
v 0.01043759 -0.01384139 0.08089166
v 0.01063419 -0.01385792 0.08092771
v 0.00873822 -0.00914918 0.08889220
v 0.00891391 -0.00914458 0.08905198
v 0.00884410 -0.01170487 0.08852319
v 0.00882712 -0.01170834 0.08862650
v 0.00902447 -0.01170701 0.08865893
v 0.00902042 -0.01170784 0.08868363
v 0.01048794 -0.01950276 0.06470000
v 0.01119678 -0.01681806 0.07484195
v 0.00962502 -0.02723221 0.06469998
v 0.01046931 -0.02207787 0.06470001
v 0.01043203 -0.02295983 0.06469992
v 0.01014444 -0.02540677 0.06469996
v 0.01159263 -0.02431444 0.06610319
v 0.01141946 -0.02628632 0.06617422
v 0.01142071 -0.02385928 0.07318735
v 0.00834726 -0.01592103 0.08920502
v 0.00836931 -0.01721191 0.08866666
v 0.00844498 -0.01970427 0.08734775
v 0.00806178 -0.02586017 0.08870395
v 0.00825014 -0.02578452 0.08879000
v 0.01002228 -0.01609389 0.08020061
v 0.01008850 -0.01919530 0.07935856
v 0.01072775 -0.01690115 0.08013010
v 0.01030520 -0.01572461 0.08036225
v 0.01050105 -0.01572953 0.08040247
v 0.01031596 -0.01610197 0.08026125
v 0.01051105 -0.01608133 0.08030858
v 0.01036678 -0.01833671 0.07965591
v 0.01056156 -0.01830311 0.07970841
v 0.01075786 -0.01835208 0.07973851
v 0.01039252 -0.01993925 0.07922737
v 0.01058812 -0.01996947 0.07926396
v 0.00890074 -0.01444738 0.08804397
v 0.00909754 -0.01443598 0.08808166
v 0.00919779 -0.01450285 0.08868250
v 0.00895983 -0.01702692 0.08714733
v 0.00915555 -0.01700754 0.08719567
v 0.00924936 -0.01711954 0.08776602
v 0.00922236 -0.01584253 0.08826856
v 0.01011171 -0.02079600 0.07893725
v 0.01040445 -0.02080839 0.07900168
v 0.01059879 -0.02075398 0.07906064
v 0.01079478 -0.02082542 0.07908741
v 0.01044380 -0.02367730 0.07830980
v 0.01063721 -0.02359294 0.07837524
v 0.01082635 -0.02321124 0.07850831
v 0.01016825 -0.02469852 0.07801674
v 0.01045935 -0.02467222 0.07809272
v 0.01065398 -0.02467864 0.07813831
v 0.01020693 -0.02698956 0.07756387
v 0.01049839 -0.02699720 0.07763468
v 0.01069064 -0.02687709 0.07770459
v 0.00914434 -0.02200075 0.08469253
v 0.00856009 -0.02225094 0.08592859
v 0.00933716 -0.02195002 0.08476329
v 0.00943388 -0.02211817 0.08522701
v 0.00868987 -0.02500818 0.08464445
v 0.00925411 -0.02477164 0.08351468
v 0.00944608 -0.02469350 0.08358960
v 0.00955022 -0.02487559 0.08401493
v 0.00523393 -0.00298955 0.10549809
v 0.00471493 -0.00146965 0.10997447
v 0.00495917 -0.00293539 0.10818972
v 0.00490072 -0.00286095 0.11029633
v 0.00510601 -0.00394293 0.11051579
v 0.00527053 -0.02579886 0.10142356
v 0.00514388 -0.02292464 0.10409055
v 0.00528422 -0.02134996 0.10549366
v 0.00504315 -0.02254369 0.10729922
v 0.00511099 -0.02672302 0.10347960
v 0.00507473 -0.02647674 0.10369273
v 0.00492848 -0.02454112 0.10547569
v 0.00785935 -0.00308157 0.09088192
v 0.00799166 -0.00610976 0.09083972
v 0.00633688 -0.00304319 0.09882666
v 0.00613044 -0.00314065 0.10174765
v 0.00632074 -0.00311719 0.10181330
v 0.00660648 -0.00604187 0.09904222
v 0.00721788 -0.00318688 0.09584454
v 0.00739965 -0.00317301 0.09595647
v 0.00740319 -0.00309632 0.09698027
v 0.00742409 -0.00619247 0.09593544
v 0.00760805 -0.00617616 0.09604489
v 0.00763310 -0.00611003 0.09710035
v 0.00814498 -0.00902892 0.09060445
v 0.00792191 -0.01184029 0.09253902
v 0.00781568 -0.01341672 0.09548625
v 0.00801403 -0.01341250 0.09551336
v 0.00766515 -0.00917345 0.09580206
v 0.00785184 -0.00916068 0.09590837
v 0.00790491 -0.00912863 0.09698314
v 0.00693096 -0.00905872 0.09900334
v 0.00714648 -0.01202658 0.09872449
v 0.00715024 -0.01355423 0.09851035
v 0.00772381 -0.01195105 0.09630974
v 0.00792473 -0.01194762 0.09631415
v 0.00795703 -0.01198548 0.09775230
v 0.00807638 -0.01348236 0.09661380
v 0.00715326 -0.01210551 0.10184087
v 0.00734970 -0.01210249 0.10189199
v 0.00711648 -0.01372799 0.10190447
v 0.00731594 -0.01372851 0.10192255
v 0.00875893 -0.00316189 0.08992402
v 0.00888634 -0.00620550 0.08983481
v 0.00903061 -0.00912393 0.08955999
v 0.00903408 -0.01174409 0.08985683
v 0.00628858 -0.00302265 0.10317573
v 0.00530749 -0.00089638 0.10540881
v 0.00550500 -0.00088063 0.10543605
v 0.00552112 -0.00095794 0.10703271
v 0.00603995 -0.00157213 0.10751781
v 0.00550451 -0.00308769 0.10590337
v 0.00570082 -0.00305754 0.10592689
v 0.00583275 -0.00363316 0.10761425
v 0.00625242 -0.00323602 0.10787483
v 0.00648634 -0.00611617 0.10203647
v 0.00667797 -0.00608711 0.10209622
v 0.00668710 -0.00599214 0.10350099
v 0.00569832 -0.00441154 0.10616564
v 0.00589409 -0.00437594 0.10618579
v 0.00588991 -0.00396862 0.10767939
v 0.00589127 -0.00395475 0.10775194
v 0.00592433 -0.00393046 0.10785025
v 0.00599256 -0.00390318 0.10793174
v 0.00608226 -0.00387821 0.10798101
v 0.00570315 -0.00594517 0.10592946
v 0.00598288 -0.00602496 0.10642813
v 0.00618395 -0.00385763 0.10799576
v 0.00643471 -0.00427554 0.10807248
v 0.00617844 -0.00598608 0.10644381
v 0.00639443 -0.00649065 0.10814485
v 0.00645810 -0.00681050 0.10812186
v 0.00609550 -0.00277680 0.10980675
v 0.00551584 -0.00586379 0.10868103
v 0.00582255 -0.00697906 0.11092795
v 0.00669845 -0.00562769 0.11026867
v 0.00697297 -0.00686545 0.10844649
v 0.00626474 -0.00903453 0.10605962
v 0.00653544 -0.00902473 0.10671221
v 0.00673252 -0.00899178 0.10672078
v 0.00666649 -0.01218045 0.10452586
v 0.00687570 -0.01222550 0.10674603
v 0.00656131 -0.01389294 0.10572768
v 0.00690620 -0.00917203 0.10204790
v 0.00710039 -0.00914810 0.10210175
v 0.00716287 -0.00909298 0.10353541
v 0.00740418 -0.01214905 0.10390450
v 0.00740400 -0.01382024 0.10332690
v 0.00707558 -0.01222091 0.10675114
v 0.00617794 -0.00898647 0.10887318
v 0.00643978 -0.00990059 0.11103741
v 0.00656365 -0.01227565 0.10879421
v 0.00656310 -0.01227496 0.10875861
v 0.00667512 -0.01231284 0.11099682
v 0.00666102 -0.01319515 0.11097352
v 0.00663048 -0.01368437 0.11095459
v 0.00742684 -0.00884962 0.11045140
v 0.00689979 -0.00903555 0.10830908
v 0.00690227 -0.00903276 0.10835320
v 0.00693580 -0.00902159 0.10845742
v 0.00700398 -0.00900520 0.10854183
v 0.00709361 -0.00898667 0.10859399
v 0.00719522 -0.00896780 0.10861135
v 0.00722397 -0.00913353 0.10861950
v 0.00702937 -0.00981989 0.10834333
v 0.00742282 -0.00912975 0.10861932
v 0.00756260 -0.01000559 0.10865119
v 0.00725868 -0.01225078 0.10834745
v 0.00755860 -0.01225339 0.10864574
v 0.00724581 -0.01330461 0.10829595
v 0.00723123 -0.01358266 0.10827600
v 0.00724767 -0.01359100 0.10837407
v 0.00729945 -0.01225458 0.10849666
v 0.00736444 -0.01225556 0.10857429
v 0.00740915 -0.01225553 0.10860576
v 0.00730021 -0.01360112 0.10846706
v 0.00738217 -0.01361117 0.10853547
v 0.00748119 -0.01361972 0.10857029
v 0.00752322 -0.01374275 0.10856494
v 0.00776132 -0.01224567 0.10864598
v 0.00781178 -0.01176704 0.11042453
v 0.00776046 -0.01294193 0.10861712
v 0.00783087 -0.01228113 0.11041371
v 0.00782095 -0.01315878 0.11039574
v 0.00832872 -0.01456721 0.08964086
v 0.00779071 -0.01498743 0.09512573
v 0.00798894 -0.01498198 0.09515789
v 0.00774560 -0.01647753 0.09460775
v 0.00794336 -0.01647022 0.09464797
v 0.00797195 -0.01662565 0.09572600
v 0.00771307 -0.02055975 0.09216351
v 0.00790669 -0.02053569 0.09223570
v 0.00770638 -0.01789138 0.09391909
v 0.00790318 -0.01788079 0.09396972
v 0.00791330 -0.01807164 0.09501407
v 0.00788483 -0.01944757 0.09414656
v 0.00682282 -0.01712616 0.10094303
v 0.00684002 -0.01963564 0.09584813
v 0.00665527 -0.01869733 0.10008799
v 0.00685403 -0.01869632 0.10013644
v 0.00684076 -0.01896191 0.10149072
v 0.00653757 -0.02018355 0.09902321
v 0.00673479 -0.02017524 0.09908662
v 0.00669546 -0.02047820 0.10038794
v 0.00708543 -0.01518690 0.09814136
v 0.00698783 -0.01674374 0.09757673
v 0.00803661 -0.01509613 0.09625422
v 0.00699538 -0.01546591 0.10154123
v 0.00719501 -0.01546893 0.10156537
v 0.00702233 -0.01712881 0.10097761
v 0.00689608 -0.01822307 0.09680019
v 0.00683544 -0.02100064 0.09479200
v 0.00663709 -0.02430198 0.09551313
v 0.00682633 -0.02425272 0.09560429
v 0.00785143 -0.02316582 0.09030295
v 0.00804177 -0.02311873 0.09038777
v 0.00803652 -0.02337851 0.09125005
v 0.00697857 -0.02366628 0.09269085
v 0.00789592 -0.02077535 0.09318534
v 0.00724300 -0.02635054 0.09094020
v 0.00826625 -0.02604361 0.08959644
v 0.00696856 -0.02693842 0.09363007
v 0.00715315 -0.02685723 0.09371918
v 0.00713606 -0.02718480 0.09483873
v 0.00649466 -0.02160039 0.09783939
v 0.00668959 -0.02158106 0.09791621
v 0.00554135 -0.02227266 0.10130347
v 0.00597956 -0.02235631 0.10175262
v 0.00577671 -0.02265440 0.10141675
v 0.00578193 -0.02237990 0.10167686
v 0.00597311 -0.02268161 0.10144301
v 0.00663345 -0.02190943 0.09916221
v 0.00567510 -0.02507938 0.09874710
v 0.00677551 -0.02459690 0.09676252
v 0.00586794 -0.02484231 0.09946561
v 0.00606518 -0.02485035 0.09949768
v 0.00607806 -0.02584722 0.10067188
v 0.00629195 -0.02531309 0.10155734
v 0.00650273 -0.02568595 0.10123532
v 0.00624888 -0.02696300 0.09994715
v 0.00629390 -0.02701443 0.10002983
v 0.00636986 -0.02704934 0.10009699
v 0.00646995 -0.02706345 0.10014082
v 0.00653613 -0.02706013 0.10015247
v 0.00652553 -0.02700009 0.10019572
v 0.00670466 -0.02699331 0.10020062
v 0.00634842 -0.02582530 0.10111763
v 0.00652060 -0.02582536 0.10111757
v 0.00659594 -0.02634887 0.10069006
v 0.00668013 -0.01535834 0.10644602
v 0.00687818 -0.01538538 0.10645289
v 0.00637029 -0.01572919 0.10538340
v 0.00685026 -0.01663825 0.10778151
v 0.00686089 -0.01666640 0.10787690
v 0.00672946 -0.01730773 0.10756852
v 0.00583771 -0.01918237 0.10381772
v 0.00601507 -0.01961539 0.10429590
v 0.00610319 -0.01750013 0.10475640
v 0.00621032 -0.01965570 0.10431187
v 0.00590039 -0.01787495 0.10772459
v 0.00555242 -0.01966788 0.10675018
v 0.00633884 -0.01755177 0.10575788
v 0.00617483 -0.01853707 0.10516850
v 0.00637032 -0.01857740 0.10518117
v 0.00653488 -0.01759003 0.10576817
v 0.00643692 -0.01884441 0.10683361
v 0.00660641 -0.01795783 0.10730447
v 0.00654793 -0.01833462 0.10723316
v 0.00658893 -0.01838555 0.10731821
v 0.00666157 -0.01843183 0.10738208
v 0.00675472 -0.01846706 0.10741633
v 0.00683656 -0.01848487 0.10742046
v 0.00618029 -0.02032728 0.10573420
v 0.00618004 -0.02039196 0.10580975
v 0.00618870 -0.02027210 0.10578135
v 0.00621597 -0.02046081 0.10588376
v 0.00628486 -0.02052004 0.10594072
v 0.00637610 -0.02056155 0.10597303
v 0.00662390 -0.02059825 0.10596352
v 0.00652132 -0.02027377 0.10623519
v 0.00667508 -0.02027470 0.10623443
v 0.00672270 -0.01999167 0.10645880
v 0.00668930 -0.01928714 0.10695871
v 0.00725472 -0.01562535 0.10297295
v 0.00703079 -0.01550458 0.10803893
v 0.00690740 -0.01669955 0.10796771
v 0.00698434 -0.01673156 0.10803521
v 0.00708000 -0.01675794 0.10807048
v 0.00714577 -0.01677057 0.10807475
v 0.00726828 -0.01712014 0.10797182
v 0.00704509 -0.01734475 0.10236916
v 0.00697839 -0.01771673 0.10776286
v 0.00696211 -0.01780563 0.10772773
v 0.00713861 -0.01780514 0.10772795
v 0.00698890 -0.01857184 0.10737588
v 0.00649856 -0.01403850 0.10865096
v 0.00643326 -0.01534530 0.11081021
v 0.00624772 -0.01598651 0.10834602
v 0.00611964 -0.01705907 0.11046086
v 0.00590049 -0.01808260 0.11012280
v 0.00573727 -0.01881844 0.10981037
v 0.00559980 -0.01944161 0.10949685
v 0.00536598 -0.02055684 0.10882494
v 0.00688143 -0.01910450 0.10919967
v 0.00745453 -0.01455697 0.10848623
v 0.00765306 -0.01455670 0.10848626
v 0.00758670 -0.01512379 0.10841243
v 0.00762144 -0.01527020 0.11026693
v 0.00727869 -0.01593887 0.10827181
v 0.00743416 -0.01616754 0.10822365
v 0.00728555 -0.01719969 0.10990949
v 0.00563786 -0.02077012 0.10262819
v 0.00596959 -0.02220279 0.10413081
v 0.00600549 -0.02227434 0.10420223
v 0.00607457 -0.02233392 0.10425860
v 0.00601914 -0.02158805 0.10458040
v 0.00592258 -0.02393548 0.10234774
v 0.00592047 -0.02384923 0.10242791
v 0.00592521 -0.02400344 0.10242040
v 0.00641850 -0.02236233 0.10432648
v 0.00621843 -0.02328886 0.10343355
v 0.00616616 -0.02237345 0.10429235
v 0.00640806 -0.02104799 0.10556586
v 0.00626976 -0.02247736 0.10686122
v 0.00596428 -0.02407115 0.10249387
v 0.00606395 -0.02420362 0.10250381
v 0.00603596 -0.02412458 0.10255308
v 0.00638869 -0.02438536 0.10239585
v 0.00615736 -0.02441656 0.10502513
v 0.00632832 -0.02644090 0.10309558
v 0.00653977 -0.02075944 0.10822436
v 0.00000000 -0.02750000 0.06470000
v 0.00000000 -0.02750000 0.06579290
v 0.00000000 -0.03111883 0.06470000
v 0.00000000 -0.03183548 0.06470000
v 0.00003751 -0.03183565 0.06470000
v 0.00000000 -0.03187596 0.06472857
v 0.00000000 -0.03302650 0.06555379
v 0.00000000 -0.03407408 0.06482944
v 0.00150000 -0.02750000 0.06470000
v 0.00150000 -0.02750000 0.06579290
v 0.00200730 -0.03182158 0.06469999
v 0.00000000 -0.03706873 0.06697433
v 0.00000000 -0.03726069 0.06711476
v 0.00000000 -0.03668524 0.06818146
v 0.00000000 -0.03705107 0.06846546
v -0.00018610 -0.03907283 0.07000000
v 0.00000000 -0.03905410 0.07000000
v 0.00128414 -0.03711679 0.06706048
v 0.00123864 -0.03653622 0.06812280
v 0.00250000 -0.02750000 0.06469999
v 0.00250000 -0.02750000 0.06579290
v 0.00318062 -0.03176347 0.06470010
v 0.00400000 -0.02750000 0.06469999
v 0.00400000 -0.02750000 0.06579290
v 0.00417306 -0.02746909 0.06469998
v 0.00417306 -0.02746909 0.06579290
v 0.00392810 -0.03166717 0.06470004
v 0.00430432 -0.03159996 0.06470001
v 0.00461286 -0.03153472 0.06470001
v 0.00459185 -0.03153951 0.06470001
v 0.00463382 -0.03152990 0.06470001
v 0.00229307 -0.03691239 0.06695860
v 0.00240464 -0.03848058 0.06815373
v 0.00239965 -0.03859212 0.06976119
v 0.00376416 -0.03582549 0.06772892
v 0.00381508 -0.03643254 0.06668530
v 0.00514995 -0.03517075 0.06733113
v 0.00436874 -0.03966349 0.07078838
v 0.00446067 -0.04046033 0.06989471
v 0.00253137 -0.04053869 0.07133801
v -0.00016413 -0.04104565 0.07000000
v 0.00000000 -0.04103634 0.07000000
v -0.00018430 -0.04198259 0.07071511
v 0.00137111 -0.04170196 0.07062037
v -0.00025027 -0.04123550 0.07165189
v -0.00036141 -0.04586948 0.07564890
v -0.00025450 -0.04680834 0.07488859
v 0.00128128 -0.04094920 0.07155061
v 0.00136217 -0.04544373 0.07549520
v 0.00149646 -0.04638127 0.07473858
v 0.00256245 -0.04098096 0.07170907
v 0.00272640 -0.04260247 0.07152359
v 0.00284334 -0.04470771 0.07503759
v 0.00312997 -0.04729671 0.07586762
v 0.00396430 -0.04421906 0.07474808
v 0.00502397 -0.04355638 0.07427382
v 0.00516915 -0.04455834 0.07357755
v 0.00412529 -0.04522955 0.07406325
v 0.00039912 -0.05203693 0.08007003
v -0.00103700 -0.05119048 0.08068538
v 0.00206247 -0.05013491 0.08017574
v 0.00050499 -0.05075576 0.08051427
v -0.00107383 -0.05260652 0.08411047
v 0.00150318 -0.05042056 0.08445996
v 0.00096534 -0.05083510 0.08886032
v 0.00059229 -0.05209586 0.08396284
v 0.00152667 -0.05189370 0.08879287
v 0.00434611 -0.04759049 0.08930420
v 0.00227057 -0.05003560 0.08011455
v 0.00325721 -0.04950403 0.07976177
v 0.00345130 -0.05079014 0.07937616
v 0.00223389 -0.05137597 0.07974177
v 0.00473581 -0.04848853 0.07899871
v 0.00506722 -0.04978704 0.07864399
v 0.00272967 -0.04971934 0.08426968
v 0.00347376 -0.05067659 0.08367250
v 0.00367749 -0.04888598 0.08758496
v 0.00311562 -0.04937831 0.08845260
v 0.00211397 -0.05144798 0.08381792
v 0.00379056 -0.04893825 0.08407467
v 0.00496266 -0.04778051 0.08390749
v 0.00466177 -0.04980380 0.08352377
v 0.00402286 -0.04826392 0.08849651
v 0.00389740 -0.05028880 0.08844187
v 0.00494850 -0.04902057 0.08862641
v 0.00467754 -0.04959577 0.08735514
v 0.00617062 -0.03100532 0.06470054
v 0.00739271 -0.03026880 0.06469988
v 0.00552569 -0.03558359 0.06616773
v 0.00546418 -0.03492051 0.06716720
v 0.00550884 -0.03489179 0.06714987
v 0.00548658 -0.03490618 0.06715852
v 0.00556438 -0.03744623 0.06755793
v 0.00595376 -0.03729492 0.06745682
v 0.00601096 -0.03727108 0.06744184
v 0.00594513 -0.03836892 0.06982531
v 0.00619697 -0.03805178 0.06804738
v 0.00633017 -0.03812106 0.06963446
v 0.00637865 -0.03807596 0.06960054
v 0.00635451 -0.03809855 0.06961747
v 0.00707147 -0.03443309 0.06565843
v 0.00777192 -0.03635185 0.06859402
v 0.00812488 -0.03727261 0.06783127
v 0.00730782 -0.03822191 0.06830491
v 0.00804257 -0.04012571 0.07145400
v 0.00894653 -0.02857440 0.06469999
v 0.00851480 -0.02917603 0.06470052
v 0.00997822 -0.03210813 0.06711183
v 0.01066680 -0.03271034 0.06630981
v 0.01161421 -0.03107038 0.07196634
v 0.01090472 -0.03356573 0.07676481
v 0.00953954 -0.03511880 0.06700969
v 0.00900195 -0.03435105 0.06780534
v 0.01008345 -0.03632842 0.06954902
v 0.00878959 -0.03895894 0.07076427
v 0.00927613 -0.04018582 0.07029174
v 0.01077248 -0.03731333 0.06897789
v 0.00993961 -0.03812603 0.07610006
v 0.00979836 -0.03920060 0.07599688
v 0.01154548 -0.03485058 0.07151034
v 0.01157025 -0.03511528 0.07243457
v 0.01127008 -0.03650661 0.07299437
v 0.01146143 -0.03652954 0.07304785
v 0.01020147 -0.03440793 0.07649067
v 0.01049177 -0.03442649 0.07656398
v 0.01068531 -0.03443889 0.07661287
v 0.01087901 -0.03445159 0.07666181
v 0.01085027 -0.03516074 0.07658258
v 0.01081994 -0.03574527 0.07651901
v 0.01072525 -0.03708923 0.07637826
v 0.01079161 -0.03831418 0.07381459
v 0.01041849 -0.04042539 0.07248745
v 0.01128952 -0.03786373 0.07118132
v 0.01104506 -0.03866286 0.07156262
v 0.01098246 -0.03834599 0.07386521
v 0.01117930 -0.04019368 0.07283494
v 0.01126014 -0.04024787 0.07278503
v 0.01112843 -0.04013766 0.07290952
v 0.01111341 -0.04010364 0.07296595
v 0.01130007 -0.04064374 0.07294828
v 0.01135534 -0.04029001 0.07276889
v 0.01030743 -0.04029292 0.07606399
v 0.00828986 -0.02876896 0.08745293
v 0.00847763 -0.02866112 0.08753287
v 0.00848742 -0.03196671 0.08651586
v 0.00781617 -0.03226783 0.08866971
v 0.00787690 -0.03544239 0.08860084
v 0.00830308 -0.03903902 0.08387662
v 0.00841957 -0.03834142 0.08564990
v 0.00776781 -0.04089794 0.08577493
v 0.00740922 -0.04075661 0.08920255
v 0.00797511 -0.03868064 0.08652315
v 0.00797266 -0.03867898 0.08654384
v 0.00792964 -0.03865293 0.08690966
v 0.00784735 -0.03850226 0.08770121
v 0.00817354 -0.03864896 0.08740702
v 0.00837734 -0.03866814 0.08737435
v 0.00779434 -0.03859515 0.08811217
v 0.00846570 -0.03863789 0.08840699
v 0.00936331 -0.02787906 0.08251733
v 0.00955492 -0.02776791 0.08259220
v 0.00966649 -0.02796058 0.08299413
v 0.00891921 -0.03146978 0.08274047
v 0.00944499 -0.03133281 0.08171146
v 0.00963851 -0.03118939 0.08178283
v 0.00975476 -0.03139428 0.08217175
v 0.01052339 -0.02863394 0.07735205
v 0.01071722 -0.02861599 0.07740362
v 0.01024290 -0.02952968 0.07713648
v 0.01090912 -0.02844490 0.07748035
v 0.01092954 -0.03068897 0.07713755
v 0.00881950 -0.02807427 0.08358175
v 0.00852054 -0.02890852 0.08830927
v 0.00867756 -0.03182751 0.08658496
v 0.00874587 -0.03206349 0.08734971
v 0.00990194 -0.03451350 0.07767907
v 0.00983056 -0.03752818 0.07820013
v 0.00872813 -0.03498182 0.08311153
v 0.00942440 -0.03482429 0.08113062
v 0.00942749 -0.03482303 0.08111586
v 0.00962006 -0.03483553 0.08117050
v 0.00962314 -0.03483428 0.08115577
v 0.00954569 -0.03495908 0.08255313
v 0.00876256 -0.04047375 0.07980727
v 0.00905676 -0.04054818 0.07982064
v 0.00925041 -0.04058399 0.07985549
v 0.01002463 -0.03754986 0.07824367
v 0.00946743 -0.04087393 0.07949129
v 0.00924971 -0.03779593 0.08085031
v 0.00875967 -0.03785599 0.08180927
v 0.00859072 -0.03966729 0.08155424
v 0.00899365 -0.04014882 0.08056695
v 0.00919054 -0.04018836 0.08058614
v 0.00879541 -0.03945764 0.08234921
v 0.00899279 -0.03948579 0.08237177
v 0.00910853 -0.03932467 0.08305126
v 0.00944517 -0.03781589 0.08088773
v 0.00958766 -0.03761932 0.08131704
v 0.00934466 -0.04003082 0.08102057
v 0.01012392 -0.03622136 0.07750394
v 0.01034810 -0.03609612 0.07747599
v 0.00856139 -0.03522095 0.08586951
v 0.00875899 -0.03522758 0.08589967
v 0.00873750 -0.03535234 0.08742196
v 0.00851450 -0.03894667 0.08458365
v 0.00871524 -0.03897218 0.08457772
v 0.00861712 -0.03835735 0.08567671
v 0.00881122 -0.03886692 0.08542859
v 0.00872599 -0.03818181 0.08648608
v 0.00651693 -0.04132330 0.07075989
v 0.00698183 -0.04113971 0.07060686
v 0.00705096 -0.04111303 0.07058627
v 0.00680135 -0.04168470 0.07269472
v 0.00724108 -0.04123585 0.07229579
v 0.00721433 -0.04126628 0.07232211
v 0.00726757 -0.04120532 0.07226959
v 0.00690234 -0.04206852 0.07304654
v 0.00750329 -0.04286567 0.07215569
v 0.00838225 -0.04146827 0.07105001
v 0.00844424 -0.04377150 0.07644224
v 0.00767506 -0.04581686 0.07495968
v 0.00821003 -0.04466210 0.07550532
v 0.00820005 -0.04467658 0.07551926
v 0.00825760 -0.04459282 0.07543913
v 0.00823185 -0.04560163 0.07474483
v 0.00831570 -0.04557441 0.07471936
v 0.00797914 -0.04498943 0.07582597
v 0.00775966 -0.04528987 0.07612395
v 0.00800946 -0.04710019 0.07622871
v 0.00849555 -0.04653317 0.07565598
v 0.00947253 -0.04253644 0.07379106
v 0.00933382 -0.04280342 0.07397752
v 0.00919976 -0.04425700 0.07549995
v 0.00928470 -0.04411877 0.07537919
v 0.00928340 -0.04407755 0.07543273
v 0.00883477 -0.04319055 0.07563458
v 0.00897758 -0.04277736 0.07567111
v 0.00915605 -0.04270456 0.07652640
v 0.00985136 -0.04110729 0.07532741
v 0.01004121 -0.04115308 0.07537054
v 0.00948336 -0.04091929 0.07583762
v 0.00968902 -0.04152542 0.07558659
v 0.00939093 -0.04224303 0.07605918
v 0.00940998 -0.04219938 0.07602860
v 0.00948553 -0.04226948 0.07607790
v 0.00952075 -0.04193848 0.07585361
v 0.00959835 -0.04225402 0.07606773
v 0.00957958 -0.04229723 0.07609755
v 0.00987842 -0.04157438 0.07562822
v 0.00970957 -0.04199082 0.07589372
v 0.00984530 -0.04228396 0.07587574
v 0.00931430 -0.04419071 0.07530683
v 0.00937615 -0.04426522 0.07525598
v 0.00974020 -0.04330433 0.07478501
v 0.00977563 -0.04337244 0.07471156
v 0.00973519 -0.04326484 0.07483963
v 0.00984279 -0.04344204 0.07466050
v 0.00992863 -0.04349998 0.07464118
v 0.00959635 -0.04308866 0.07579972
v 0.00934343 -0.04276385 0.07656346
v 0.00918293 -0.04454380 0.07554068
v 0.00922419 -0.04433630 0.07543362
v 0.00928176 -0.04441704 0.07538753
v 0.00925728 -0.04461620 0.07552328
v 0.00887986 -0.04462583 0.07624973
v 0.00886469 -0.04476773 0.07620119
v 0.00879131 -0.04469146 0.07656500
v 0.00883274 -0.04466525 0.07640506
v 0.00878542 -0.04470624 0.07656182
v 0.00876718 -0.04480949 0.07654504
v 0.00878660 -0.04491673 0.07653673
v 0.00881581 -0.04472375 0.07638798
v 0.00881597 -0.04482740 0.07636621
v 0.00883891 -0.04490151 0.07635707
v 0.00889767 -0.04498898 0.07635524
v 0.00883962 -0.04500776 0.07653836
v 0.00898204 -0.04455148 0.07592092
v 0.00898936 -0.04464616 0.07587408
v 0.00903213 -0.04474120 0.07584243
v 0.00892095 -0.04490555 0.07617752
v 0.00896990 -0.04495985 0.07617699
v 0.00903446 -0.04500447 0.07618456
v 0.00911772 -0.04437212 0.07564468
v 0.00912299 -0.04433050 0.07568181
v 0.00913329 -0.04445712 0.07558375
v 0.00910223 -0.04481914 0.07583167
v 0.00913077 -0.04498637 0.07606473
v 0.00922207 -0.04509865 0.07620925
v 0.00898092 -0.04434482 0.07639434
v 0.00897335 -0.04504772 0.07636421
v 0.00891925 -0.04507507 0.07654917
v 0.00909828 -0.04519345 0.07663371
v 0.00856583 -0.04644724 0.07557194
v 0.00934543 -0.04466745 0.07553103
v 0.00936119 -0.04448400 0.07537013
v 0.00945819 -0.04432821 0.07523599
v 0.00954921 -0.04437364 0.07524616
v 0.00969066 -0.04446852 0.07531373
v 0.00978166 -0.04476130 0.07416350
v 0.00944084 -0.04480596 0.07565880
v 0.00942340 -0.04486649 0.07573564
v 0.01087077 -0.04283220 0.07291610
v 0.01106896 -0.04146678 0.07339659
v 0.01114111 -0.04158521 0.07347075
v 0.01030478 -0.04296591 0.07427657
v 0.01015783 -0.04364825 0.07472789
v 0.00597919 -0.04737835 0.07806930
v 0.00676457 -0.04653248 0.07731031
v 0.00594551 -0.04702438 0.08059092
v 0.00575719 -0.04715891 0.08126661
v 0.00685802 -0.04542208 0.08148236
v 0.00646396 -0.04623011 0.08094688
v 0.00848063 -0.04397859 0.08018655
v 0.00723136 -0.04411047 0.08297683
v 0.00811729 -0.04204270 0.08161201
v 0.00834538 -0.04231732 0.08169860
v 0.00804823 -0.04152054 0.08285981
v 0.00827179 -0.04169644 0.08317220
v 0.00846413 -0.04174216 0.08320253
v 0.00794874 -0.04367846 0.08152123
v 0.00810776 -0.04271501 0.08051226
v 0.00818667 -0.04312082 0.08121561
v 0.00837736 -0.04317483 0.08124235
v 0.00813501 -0.04374521 0.08155044
v 0.00709352 -0.04761290 0.07997683
v 0.00844936 -0.04488768 0.07801387
v 0.00843138 -0.04499083 0.07799623
v 0.00845117 -0.04509789 0.07798665
v 0.00812642 -0.04507608 0.07947431
v 0.00812071 -0.04509273 0.07946441
v 0.00828117 -0.04470600 0.07957047
v 0.00812347 -0.04530237 0.07943311
v 0.00817727 -0.04539293 0.07943158
v 0.00825757 -0.04545983 0.07943970
v 0.00810320 -0.04519560 0.07944475
v 0.00710351 -0.04471025 0.08216117
v 0.00742960 -0.04560938 0.08233839
v 0.00741362 -0.04571121 0.08231284
v 0.00746939 -0.04556119 0.08222791
v 0.00743523 -0.04581704 0.08229616
v 0.00748991 -0.04590696 0.08229137
v 0.00742947 -0.04693422 0.08108098
v 0.00757060 -0.04597355 0.08229820
v 0.00768235 -0.04613739 0.08259754
v 0.00785328 -0.04609997 0.08157933
v 0.00600646 -0.04572688 0.08594682
v 0.00565541 -0.04666623 0.08477275
v 0.00532100 -0.04725195 0.08435562
v 0.00587695 -0.04615535 0.08530425
v 0.00672895 -0.04629976 0.08475823
v 0.00674310 -0.04619940 0.08478992
v 0.00675202 -0.04640440 0.08473670
v 0.00680754 -0.04649363 0.08472926
v 0.00688838 -0.04656005 0.08473576
v 0.00661469 -0.04738740 0.08487729
v 0.00664684 -0.04626656 0.08515459
v 0.00606362 -0.04512757 0.08756351
v 0.00592892 -0.04573165 0.08870509
v 0.00602419 -0.04544145 0.08930006
v 0.00594829 -0.04693511 0.08716726
v 0.00593658 -0.04703334 0.08712866
v 0.00596153 -0.04713633 0.08710188
v 0.00601803 -0.04722467 0.08709183
v 0.00606510 -0.04758133 0.08766158
v 0.00566028 -0.04718624 0.08798629
v 0.00584253 -0.04654237 0.08931480
v 0.00579631 -0.04689379 0.08822181
v 0.00622470 -0.04539909 0.08784152
v 0.00637638 -0.04551819 0.08793801
v 0.00610219 -0.04582906 0.08872717
v 0.00619534 -0.04554273 0.08932211
v 0.00626483 -0.04713412 0.08663809
v 0.00609892 -0.04729103 0.08709840
v 0.00643543 -0.04723452 0.08666743
v 0.00622183 -0.04743391 0.08725148
v 0.00726715 -0.04362972 0.08392460
v 0.00740877 -0.04400488 0.08418504
v 0.00759201 -0.04407850 0.08421697
v 0.00723380 -0.04326829 0.08500116
v 0.00737753 -0.04358526 0.08543880
v 0.00756218 -0.04365620 0.08546863
v 0.00748375 -0.04416617 0.08613767
v 0.00792508 -0.04114247 0.08424968
v 0.00812233 -0.04128181 0.08484503
v 0.00831589 -0.04132383 0.08487282
v 0.00836909 -0.04150447 0.08572894
v 0.00727801 -0.04333093 0.08686392
v 0.00703639 -0.04289044 0.08752007
v 0.00746342 -0.04340144 0.08688970
v 0.00735862 -0.04391069 0.08793382
v 0.00713743 -0.04323148 0.08844922
v 0.00732339 -0.04330222 0.08846986
v 0.00792964 -0.04105359 0.08670584
v 0.00812412 -0.04109345 0.08673020
v 0.00771808 -0.04098855 0.08874266
v 0.00791325 -0.04102718 0.08876313
v 0.00811557 -0.04133279 0.08821104
v 0.00749820 -0.04469078 0.08461171
v 0.00732571 -0.04549745 0.08337048
v 0.00710165 -0.04447054 0.08493528
v 0.00728767 -0.04454410 0.08494986
v 0.00715913 -0.04658041 0.08445445
v 0.00648674 -0.04864540 0.07769105
v 0.00610398 -0.04836299 0.08331201
v 0.00567262 -0.04885307 0.08336947
v 0.00588019 -0.04854870 0.08399768
v 0.00625751 -0.04799487 0.08447868
v 0.00529361 -0.04834151 0.08935662
v 0.00881405 -0.04144523 0.07841534
v 0.00871676 -0.04257342 0.07729108
v 0.00886702 -0.04305509 0.07743968
v 0.00876427 -0.04311259 0.07789143
v 0.00892260 -0.04301437 0.07721584
v 0.00905393 -0.04311709 0.07747465
v 0.00910950 -0.04307620 0.07725117
v 0.00849802 -0.04327346 0.07907811
v 0.00947785 -0.04178291 0.07834361
v 0.00947920 -0.04107484 0.07920362
v 0.00938617 -0.04269923 0.07748467
v 0.00932336 -0.04306107 0.07720281
v 0.00853589 -0.04236929 0.08173031
v 0.00863415 -0.04279132 0.08169418
v 0.00850457 -0.04518871 0.07798684
v 0.00858458 -0.04525580 0.07799619
v 0.00851395 -0.04552588 0.07917484
v 0.00856484 -0.04197473 0.08354887
v -0.00096510 -0.05099772 0.09531160
v 0.00017023 -0.05097780 0.09349994
v 0.00028856 -0.05063539 0.09417603
v 0.00035809 -0.05038951 0.09499476
v -0.00106446 -0.05157146 0.09383563
v -0.00058215 -0.05258624 0.09426807
v -0.00049623 -0.05212656 0.09535122
v -0.00062630 -0.05327912 0.09342154
v -0.00025594 -0.05173749 0.09278321
v -0.00002232 -0.05144848 0.09292121
v 0.00106252 -0.05075102 0.09240043
v 0.00179863 -0.05045255 0.09119882
v 0.00146368 -0.04990740 0.09364636
v 0.00131232 -0.05026373 0.09295089
v 0.00155516 -0.04966357 0.09453529
v 0.00159761 -0.04954757 0.09561709
v 0.00082923 -0.05112486 0.09217919
v 0.00164164 -0.05206071 0.09236763
v 0.00062315 -0.05231087 0.09345258
v 0.00079983 -0.05193977 0.09385747
v 0.00118163 -0.05235433 0.09270002
v 0.00090093 -0.05166505 0.09434992
v 0.00094634 -0.05146385 0.09496322
v 0.00052963 -0.05272848 0.09304930
v 0.00184953 -0.05157643 0.09277771
v 0.00207007 -0.05116571 0.09320152
v -0.00097276 -0.05072047 0.09722709
v 0.00038844 -0.05023959 0.09596529
v 0.00038429 -0.05018283 0.09708120
v 0.00012672 -0.05034698 0.09929089
v 0.00035166 -0.05027080 0.09929816
v -0.00055440 -0.05188129 0.09687649
v 0.00159178 -0.04955768 0.09687681
v 0.00203150 -0.04955115 0.09934637
v 0.00090653 -0.05127912 0.09661588
v 0.00047754 -0.05146508 0.09873662
v 0.00447212 -0.04713380 0.09044347
v 0.00443010 -0.04744270 0.09244259
v 0.00464871 -0.04720996 0.09181567
v 0.00480726 -0.04733142 0.09182594
v 0.00449189 -0.04691260 0.09192399
v 0.00458476 -0.04756934 0.09244930
v 0.00482431 -0.04762055 0.09201170
v 0.00436758 -0.04749826 0.09301851
v 0.00444394 -0.04695464 0.09370188
v 0.00445266 -0.04740544 0.09366264
v 0.00433561 -0.04723028 0.09573282
v 0.00451946 -0.04762837 0.09302042
v 0.00460338 -0.04753685 0.09365880
v 0.00470096 -0.04714286 0.09424755
v 0.00485430 -0.04727101 0.09423972
v 0.00508996 -0.04668177 0.09471549
v 0.00525057 -0.04680064 0.09470696
v 0.00511705 -0.04741867 0.09603495
v 0.00523602 -0.04728873 0.09618363
v 0.00524220 -0.04734897 0.09627179
v 0.00528338 -0.04742873 0.09634572
v 0.00485867 -0.04695775 0.09934759
v 0.00522782 -0.04630890 0.09934897
v 0.00269711 -0.04973373 0.08977055
v 0.00209994 -0.04996580 0.09150282
v 0.00238462 -0.04944399 0.09207498
v 0.00308914 -0.04912369 0.09017485
v 0.00339561 -0.04854087 0.09083615
v 0.00354702 -0.04812974 0.09176482
v 0.00364521 -0.05050681 0.08968047
v 0.00296697 -0.05076070 0.09174776
v 0.00323202 -0.05028684 0.09223114
v 0.00254595 -0.04906574 0.09285095
v 0.00263692 -0.04882788 0.09387226
v 0.00267150 -0.04875846 0.09512566
v 0.00219793 -0.05086768 0.09373472
v 0.00225777 -0.05066589 0.09441248
v 0.00361351 -0.04790077 0.09298825
v 0.00361747 -0.04788698 0.09447815
v 0.00337641 -0.04995304 0.09285581
v 0.00343657 -0.04975000 0.09365485
v 0.00343755 -0.04968264 0.09465395
v 0.00263322 -0.05134321 0.09132625
v 0.00440292 -0.04842104 0.09067354
v 0.00442428 -0.04836862 0.09071202
v 0.00439703 -0.04851405 0.09062266
v 0.00442605 -0.04861339 0.09058750
v 0.00386947 -0.04888362 0.09192831
v 0.00377027 -0.04882478 0.09258960
v 0.00382492 -0.04878214 0.09242236
v 0.00380246 -0.04878537 0.09256802
v 0.00387723 -0.04899870 0.09191354
v 0.00373166 -0.04892425 0.09258220
v 0.00373177 -0.04904051 0.09258009
v 0.00377168 -0.04914193 0.09258401
v 0.00384337 -0.04922124 0.09259293
v 0.00390041 -0.04878394 0.09195168
v 0.00392563 -0.04874417 0.09196462
v 0.00392267 -0.04909783 0.09191170
v 0.00399751 -0.04917406 0.09192149
v 0.00402657 -0.04930054 0.09252357
v 0.00417993 -0.04894208 0.09119212
v 0.00417958 -0.04899094 0.09125660
v 0.00412909 -0.04914749 0.09163944
v 0.00433023 -0.04916084 0.09145039
v 0.00399403 -0.04989698 0.09034184
v 0.00430173 -0.04933313 0.09092902
v 0.00475905 -0.04805174 0.09005724
v 0.00473195 -0.04819476 0.08997583
v 0.00473925 -0.04810051 0.09002419
v 0.00469990 -0.04810810 0.09017733
v 0.00476008 -0.04829488 0.08994221
v 0.00481794 -0.04838200 0.08992947
v 0.00481148 -0.04777678 0.09096254
v 0.00448413 -0.04870031 0.09057449
v 0.00456412 -0.04876747 0.09058350
v 0.00464890 -0.04880425 0.09058174
v 0.00473122 -0.04883993 0.09057993
v 0.00489836 -0.04844876 0.08993753
v 0.00509103 -0.04850365 0.08988854
v 0.00369049 -0.04888520 0.09325512
v 0.00376481 -0.04875039 0.09324033
v 0.00373409 -0.04878810 0.09324466
v 0.00368518 -0.04900079 0.09326667
v 0.00372073 -0.04910346 0.09327614
v 0.00387125 -0.04924856 0.09311505
v 0.00378939 -0.04918560 0.09328293
v 0.00390114 -0.04926138 0.09267679
v 0.00396122 -0.04928445 0.09311336
v 0.00397413 -0.04922738 0.09360037
v 0.00390818 -0.04917383 0.09373177
v 0.00392052 -0.04856548 0.09419637
v 0.00394025 -0.04855499 0.09436449
v 0.00390085 -0.04864471 0.09440733
v 0.00389809 -0.04875509 0.09444383
v 0.00393379 -0.04885621 0.09446371
v 0.00400046 -0.04894019 0.09446709
v 0.00414576 -0.04836493 0.09476541
v 0.00446063 -0.04808667 0.09529760
v 0.00444061 -0.04811593 0.09533118
v 0.00441900 -0.04819572 0.09539904
v 0.00443254 -0.04829651 0.09545543
v 0.00447851 -0.04839106 0.09548443
v 0.00421014 -0.04887439 0.09478251
v 0.00408125 -0.04899409 0.09445594
v 0.00422949 -0.04897086 0.09461811
v 0.00436002 -0.04886055 0.09489734
v 0.00440690 -0.04884633 0.09533327
v 0.00473122 -0.04774505 0.09463491
v 0.00454918 -0.04847174 0.09548656
v 0.00467953 -0.04843466 0.09558425
v 0.00491373 -0.04837866 0.09571628
v 0.00264757 -0.04885148 0.09658542
v 0.00222242 -0.05056456 0.09628194
v 0.00253913 -0.05056516 0.09871585
v 0.00355815 -0.04807233 0.09619850
v 0.00338713 -0.04974896 0.09585539
v 0.00293161 -0.05034230 0.09871496
v 0.00252224 -0.04927044 0.09935541
v 0.00323945 -0.04877258 0.09936171
v 0.00417776 -0.04768305 0.09800264
v 0.00401807 -0.04959446 0.09872026
v 0.00498038 -0.04806984 0.09599122
v 0.00500256 -0.04829486 0.09581788
v 0.00513483 -0.04795735 0.09611077
v 0.00526422 -0.04780705 0.09623336
v 0.00515328 -0.04822766 0.09668458
v 0.00473739 -0.04895268 0.09873249
v 0.00524127 -0.04840092 0.09874712
v 0.00498748 -0.04869137 0.09873900
v 0.00383572 -0.04824490 0.09935959
v 0.00407028 -0.04800035 0.09935700
v 0.00431855 -0.04771300 0.09935364
v 0.00659492 -0.03031763 0.09542047
v 0.00754377 -0.02918559 0.08961840
v 0.00736355 -0.02966083 0.09225387
v 0.00754563 -0.02954793 0.09233113
v 0.00757248 -0.02984080 0.09344700
v 0.00791898 -0.03245930 0.09136566
v 0.00773504 -0.03260083 0.09130562
v 0.00798876 -0.03271721 0.09250074
v 0.00707899 -0.03307122 0.09456501
v 0.00608719 -0.02770827 0.09677387
v 0.00650640 -0.02901365 0.09687998
v 0.00670251 -0.02898904 0.09691061
v 0.00624120 -0.02755718 0.09758540
v 0.00643785 -0.02754189 0.09761853
v 0.00681966 -0.03062772 0.09631708
v 0.00676314 -0.02947301 0.09841290
v 0.00681604 -0.02970911 0.09831470
v 0.00682737 -0.02974459 0.09840720
v 0.00687428 -0.02977203 0.09849969
v 0.00574307 -0.02839230 0.09945642
v 0.00559112 -0.02901584 0.10176475
v 0.00598621 -0.03049401 0.10097084
v 0.00640761 -0.02780480 0.09927444
v 0.00651229 -0.02831405 0.09909271
v 0.00655866 -0.02835409 0.09918077
v 0.00663539 -0.02837811 0.09925173
v 0.00673080 -0.02838315 0.09929602
v 0.00687696 -0.02874723 0.09910689
v 0.00678631 -0.02866078 0.10137894
v 0.00669256 -0.02827546 0.10163633
v 0.00644017 -0.03216155 0.10037771
v 0.00622934 -0.03137491 0.10062026
v 0.00701558 -0.03059712 0.09634313
v 0.00699455 -0.02927204 0.09884823
v 0.00695121 -0.02978492 0.09857328
v 0.00704648 -0.02978184 0.09861807
v 0.00718359 -0.02927195 0.09884827
v 0.00710937 -0.02977234 0.09862949
v 0.00703683 -0.03068676 0.09796401
v 0.00731358 -0.03065263 0.09830537
v 0.00748613 -0.03057392 0.09833139
v 0.00750276 -0.03064549 0.09830770
v 0.00694119 -0.02818277 0.09941997
v 0.00706001 -0.02872621 0.09911789
v 0.00714575 -0.03003669 0.10061242
v 0.00720673 -0.03144930 0.09774645
v 0.00717094 -0.03251628 0.09588793
v 0.00736761 -0.03248568 0.09590759
v 0.00746864 -0.03270392 0.09747609
v 0.00748072 -0.03271943 0.09757412
v 0.00752847 -0.03272751 0.09766984
v 0.00760617 -0.03272574 0.09774373
v 0.00764266 -0.03365248 0.09732889
v 0.00771527 -0.03157640 0.09803826
v 0.00770201 -0.03271462 0.09778593
v 0.00776511 -0.03271532 0.09779240
v 0.00780839 -0.03293594 0.09775358
v 0.00799979 -0.03293563 0.09775363
v 0.00814342 -0.03372575 0.09763388
v 0.00740370 -0.03099441 0.10021462
v 0.00761263 -0.03179155 0.09995917
v 0.00689175 -0.03410669 0.10001364
v 0.00809035 -0.03391259 0.09954564
v 0.00794184 -0.03560931 0.09070857
v 0.00814083 -0.03560832 0.09072869
v 0.00823982 -0.03568610 0.09180298
v 0.00748100 -0.03464206 0.09560958
v 0.00767948 -0.03462132 0.09562269
v 0.00735889 -0.03588239 0.09417753
v 0.00758622 -0.03596607 0.09550600
v 0.00816666 -0.03574881 0.09267240
v 0.00778580 -0.03595790 0.09551611
v 0.00755950 -0.03857738 0.09047761
v 0.00739459 -0.03864998 0.09248787
v 0.00781776 -0.03860915 0.09095441
v 0.00800782 -0.03862750 0.09107270
v 0.00815247 -0.03865556 0.09175093
v 0.00809602 -0.03869833 0.09247243
v 0.00725421 -0.03880657 0.09461347
v 0.00752644 -0.03872022 0.09538542
v 0.00751222 -0.03889490 0.09538037
v 0.00751044 -0.03891611 0.09537977
v 0.00772858 -0.03869776 0.09539514
v 0.00770951 -0.03893337 0.09538842
v 0.00771128 -0.03891198 0.09538902
v 0.00817045 -0.03534884 0.09746188
v 0.00792326 -0.03605068 0.09710010
v 0.00792652 -0.03604947 0.09715618
v 0.00793656 -0.03605179 0.09719908
v 0.00796114 -0.03605430 0.09725611
v 0.00798634 -0.03605551 0.09729404
v 0.00794211 -0.03657203 0.09706851
v 0.00803066 -0.03605625 0.09733991
v 0.00812207 -0.03605496 0.09739231
v 0.00822247 -0.03605090 0.09740996
v 0.00841385 -0.03604959 0.09741005
v 0.00718040 -0.03627197 0.09984703
v 0.00838047 -0.03617207 0.09936040
v 0.00840478 -0.03693052 0.09931450
v 0.00709622 -0.03918439 0.09827334
v 0.00793970 -0.03758746 0.09707455
v 0.00797452 -0.03759281 0.09717438
v 0.00804425 -0.03759856 0.09725783
v 0.00783779 -0.03910644 0.09696376
v 0.00784123 -0.03910839 0.09701965
v 0.00787564 -0.03911468 0.09711957
v 0.00794486 -0.03912378 0.09720315
v 0.00803593 -0.03913401 0.09725515
v 0.00813630 -0.03914407 0.09727231
v 0.00838170 -0.03849215 0.09729307
v 0.00832351 -0.03919179 0.09727087
v 0.00813582 -0.03760365 0.09730969
v 0.00823186 -0.03772301 0.09732188
v 0.00777532 -0.03969532 0.09694566
v 0.00773279 -0.04025263 0.09706684
v 0.00775648 -0.04016579 0.09709173
v 0.00782648 -0.04017770 0.09717451
v 0.00791775 -0.04019154 0.09722529
v 0.00803183 -0.04007214 0.09724505
v 0.00811180 -0.04085025 0.09722143
v 0.00704693 -0.03948954 0.09963538
v 0.00826064 -0.03947004 0.09916884
v 0.00819306 -0.04002685 0.09913820
v 0.00550050 -0.02864944 0.10200145
v 0.00675574 -0.04292747 0.09047621
v 0.00680268 -0.04343577 0.09205181
v 0.00645444 -0.04330344 0.09381559
v 0.00688093 -0.04272269 0.09525569
v 0.00653598 -0.04388508 0.09518535
v 0.00672411 -0.04395291 0.09518927
v 0.00596095 -0.04488210 0.08960334
v 0.00595009 -0.04539515 0.09054980
v 0.00578233 -0.04498431 0.09200566
v 0.00580841 -0.04637882 0.09062217
v 0.00572957 -0.04639894 0.09213046
v 0.00612024 -0.04549947 0.09056392
v 0.00574311 -0.04563900 0.09340045
v 0.00591276 -0.04574502 0.09340136
v 0.00556442 -0.04537861 0.09471732
v 0.00564948 -0.04584993 0.09497801
v 0.00582218 -0.04595069 0.09497306
v 0.00602581 -0.04514176 0.09506969
v 0.00561879 -0.04658016 0.09382331
v 0.00548622 -0.04611709 0.09493661
v 0.00557237 -0.04616834 0.09493378
v 0.00565540 -0.04622356 0.09493028
v 0.00620620 -0.04522812 0.09506847
v 0.00750494 -0.04106467 0.09094404
v 0.00717926 -0.04389724 0.08997932
v 0.00698993 -0.04350528 0.09206260
v 0.00697335 -0.04409057 0.09225375
v 0.00770058 -0.04110287 0.09096042
v 0.00784392 -0.04141214 0.09097152
v 0.00705854 -0.04099783 0.09308829
v 0.00758497 -0.04170217 0.09398870
v 0.00707446 -0.04277267 0.09526279
v 0.00675951 -0.04157608 0.09739561
v 0.00615739 -0.04396502 0.09751244
v 0.00669554 -0.04170633 0.09952001
v 0.00648976 -0.04266183 0.09946944
v 0.00534920 -0.04750654 0.09638456
v 0.00533647 -0.04757752 0.09635983
v 0.00566067 -0.04757707 0.09641933
v 0.00589090 -0.04632516 0.09649950
v 0.00589371 -0.04633673 0.09655850
v 0.00592369 -0.04637030 0.09665447
v 0.00598411 -0.04641835 0.09673151
v 0.00606350 -0.04647184 0.09677551
v 0.00591333 -0.04692020 0.09669005
v 0.00531917 -0.04600352 0.09772228
v 0.00668995 -0.04458972 0.09671045
v 0.00660109 -0.04482660 0.09668870
v 0.00615097 -0.04652412 0.09678439
v 0.00623463 -0.04656783 0.09677697
v 0.00631583 -0.04661049 0.09676962
v 0.00618934 -0.04700942 0.09879563
v 0.00602167 -0.04436250 0.09939468
v 0.00573519 -0.04517228 0.09936900
v 0.00731607 -0.04240736 0.09685069
v 0.00692304 -0.04389573 0.09676553
v 0.00692608 -0.04390075 0.09682171
v 0.00696053 -0.04391899 0.09692438
v 0.00702779 -0.04394579 0.09700595
v 0.00711566 -0.04397659 0.09705526
v 0.00720956 -0.04400671 0.09706962
v 0.00754333 -0.04277061 0.09714518
v 0.00754721 -0.04352206 0.09710265
v 0.00794809 -0.04178423 0.09718879
v 0.00765325 -0.04298073 0.09898220
v 0.00691770 -0.04486716 0.09699710
v 0.00709688 -0.04492892 0.09699108
v 0.00701948 -0.04515073 0.09887614
v 0.01255715 -0.00249401 0.06510383
v 0.01260738 -0.00370805 0.06556818
v 0.01299904 -0.00230691 0.06760504
v 0.01267578 -0.00306391 0.07000913
v 0.01286931 -0.00306189 0.07005955
v 0.01185792 -0.00628346 0.06681503
v 0.01281549 -0.00624007 0.06608213
v 0.01294114 -0.00459513 0.06789435
v 0.01265908 -0.00555141 0.07018150
v 0.01285273 -0.00554913 0.07023145
v 0.01441616 -0.00089200 0.06694616
v 0.01431153 -0.00277433 0.06736675
v 0.01357585 -0.00054482 0.06810817
v 0.01362910 -0.00121550 0.06813417
v 0.01356202 -0.00119216 0.06821164
v 0.01353276 -0.00117317 0.06828083
v 0.01372347 -0.00123393 0.06808316
v 0.01382831 -0.00124397 0.06806841
v 0.01399014 -0.00048274 0.06787769
v 0.01393537 -0.00124475 0.06809142
v 0.01404149 -0.00211157 0.06834075
v 0.01346589 -0.00265109 0.06857111
v 0.01402774 -0.00246977 0.06840227
v 0.01384793 -0.00345132 0.06846942
v 0.01400325 -0.00336912 0.06852245
v 0.01399658 -0.00375673 0.06856094
v 0.01413984 -0.00047662 0.06793994
v 0.01412454 -0.00047729 0.06793359
v 0.01427545 -0.00510891 0.06757629
v 0.01362051 -0.00465673 0.06856098
v 0.01343347 -0.00464496 0.06876511
v 0.01346062 -0.00464871 0.06869771
v 0.01352672 -0.00465338 0.06861612
v 0.01343319 -0.00542307 0.06879771
v 0.01372529 -0.00465811 0.06854287
v 0.01398806 -0.00479661 0.06863171
v 0.01181672 -0.00226704 0.07337007
v 0.01201095 -0.00226451 0.07341769
v 0.01230283 -0.00322206 0.07312036
v 0.01204872 -0.00450772 0.07131030
v 0.01189446 -0.00505151 0.07320676
v 0.01208877 -0.00504886 0.07325406
v 0.01239357 -0.00604553 0.07290421
v 0.01184382 -0.00873317 0.06675151
v 0.01270123 -0.00871206 0.06591216
v 0.01221592 -0.00876668 0.07084588
v 0.01296610 -0.00824644 0.06795065
v 0.01268046 -0.00800706 0.07020842
v 0.01277729 -0.00801093 0.07023332
v 0.01287419 -0.00800934 0.07025824
v 0.01219249 -0.01100011 0.06527535
v 0.01241390 -0.01278814 0.07016292
v 0.01299783 -0.01101193 0.06793214
v 0.01301541 -0.01312637 0.06791297
v 0.01429838 -0.00799990 0.06760965
v 0.01348320 -0.00800922 0.06875267
v 0.01345575 -0.00800949 0.06882101
v 0.01355040 -0.00800852 0.06867012
v 0.01364525 -0.00800751 0.06861514
v 0.01374916 -0.00800639 0.06859782
v 0.01384986 -0.00802980 0.06861637
v 0.01384964 -0.00800530 0.06861638
v 0.01401148 -0.00800463 0.06867612
v 0.01401879 -0.00867078 0.06867567
v 0.01432932 -0.01099935 0.06760956
v 0.01434379 -0.01310256 0.06760966
v 0.01348589 -0.01129061 0.06882115
v 0.01351538 -0.01158984 0.06875279
v 0.01358278 -0.01158944 0.06867040
v 0.01367775 -0.01158889 0.06861563
v 0.01378170 -0.01158828 0.06859855
v 0.01387543 -0.01158773 0.06861493
v 0.01387651 -0.01186972 0.06861477
v 0.01391053 -0.01186971 0.06862644
v 0.01404684 -0.01186969 0.06867320
v 0.01212276 -0.01039002 0.07250997
v 0.01231698 -0.01038887 0.07255770
v 0.01263589 -0.01143006 0.07212003
v 0.01259474 -0.01530727 0.06547406
v 0.01302462 -0.01521543 0.06788766
v 0.01269777 -0.01525256 0.07023019
v 0.01289107 -0.01525404 0.07028150
v 0.01302527 -0.01647403 0.06787376
v 0.01260226 -0.01655095 0.06939118
v 0.01270042 -0.01950000 0.06546315
v 0.01301427 -0.01949814 0.06785213
v 0.01262148 -0.02062982 0.07024071
v 0.01281384 -0.02063293 0.07029538
v 0.01434942 -0.01517628 0.06760977
v 0.01352090 -0.01525676 0.06875038
v 0.01358886 -0.01525697 0.06866846
v 0.01368421 -0.01525727 0.06861435
v 0.01387457 -0.01506954 0.06861239
v 0.01378828 -0.01525762 0.06859799
v 0.01394308 -0.01506997 0.06863443
v 0.01405324 -0.01507060 0.06866987
v 0.01349080 -0.01579541 0.06881791
v 0.01387060 -0.01579709 0.06861181
v 0.01404755 -0.01650673 0.06866805
v 0.01433884 -0.01950000 0.06760976
v 0.01349811 -0.01880521 0.06874620
v 0.01356701 -0.01880583 0.06866506
v 0.01366297 -0.01880672 0.06861205
v 0.01376721 -0.01880771 0.06859688
v 0.01346588 -0.01916665 0.06881339
v 0.01383892 -0.01917019 0.06860881
v 0.01235850 -0.01531279 0.07152528
v 0.01255216 -0.01531486 0.07157518
v 0.01286929 -0.01637572 0.07110169
v 0.01171488 -0.02225944 0.06615901
v 0.01258998 -0.02226464 0.06533089
v 0.01306996 -0.02096245 0.07010931
v 0.01300059 -0.02245249 0.06784347
v 0.01295739 -0.02358388 0.06796859
v 0.01259182 -0.02249102 0.07024468
v 0.01278378 -0.02249375 0.07030075
v 0.01256865 -0.02403366 0.07025456
v 0.01276027 -0.02403590 0.07031177
v 0.01236233 -0.02646245 0.06544642
v 0.01257287 -0.02439293 0.06540914
v 0.01250745 -0.02641994 0.07036638
v 0.01298227 -0.02496207 0.06787784
v 0.01327682 -0.02544131 0.06926220
v 0.01269867 -0.02642199 0.07042493
v 0.01433135 -0.02251104 0.06760996
v 0.01401597 -0.02144410 0.06866338
v 0.01343715 -0.02250613 0.06880829
v 0.01351713 -0.02250668 0.06867836
v 0.01365068 -0.02250762 0.06860457
v 0.01373836 -0.02250824 0.06859575
v 0.01380325 -0.02250870 0.06860602
v 0.01400924 -0.02251039 0.06866228
v 0.01396989 -0.02251007 0.06865153
v 0.01412479 -0.02358612 0.06826895
v 0.01431749 -0.02531135 0.06764708
v 0.01399793 -0.02406389 0.06866596
v 0.01393574 -0.02512725 0.06867754
v 0.01338250 -0.02718929 0.06891303
v 0.01345178 -0.02720010 0.06883322
v 0.01335495 -0.02718203 0.06897432
v 0.01354777 -0.02720916 0.06878158
v 0.01365203 -0.02721478 0.06876752
v 0.01374229 -0.02635839 0.06870206
v 0.01392801 -0.02716885 0.06882332
v 0.01200876 -0.02840073 0.06556315
v 0.01224404 -0.03060741 0.06655560
v 0.01238804 -0.02869005 0.07065025
v 0.01182917 -0.03049828 0.06781524
v 0.01287572 -0.02806729 0.06815617
v 0.01257907 -0.02869314 0.07070939
v 0.01324967 -0.02948382 0.06923128
v 0.01322242 -0.02947095 0.06929179
v 0.01250579 -0.03198874 0.06899764
v 0.01262565 -0.03102205 0.06874026
v 0.01302812 -0.03174062 0.06971832
v 0.01309562 -0.03176806 0.06964099
v 0.01300179 -0.03172254 0.06977788
v 0.01319014 -0.03179178 0.06959135
v 0.01329353 -0.03180736 0.06957840
v 0.01330873 -0.03210557 0.06966021
v 0.01268837 -0.03407932 0.07039142
v 0.01266378 -0.03405635 0.07045003
v 0.01275336 -0.03411482 0.07031523
v 0.01284590 -0.03414631 0.07026616
v 0.01388251 -0.02768466 0.06887224
v 0.01331849 -0.02950311 0.06915268
v 0.01341407 -0.02951947 0.06910209
v 0.01360436 -0.02910521 0.06902348
v 0.01351805 -0.02952986 0.06908874
v 0.01371121 -0.03002396 0.06922696
v 0.01373504 -0.03024107 0.06927891
v 0.01421283 -0.02849387 0.06792080
v 0.01394504 -0.03164522 0.06850386
v 0.01350608 -0.03232518 0.06976272
v 0.01337684 -0.03324224 0.07001698
v 0.01334458 -0.03331913 0.07003552
v 0.01196094 -0.03276329 0.07162447
v 0.01215245 -0.03277012 0.07168175
v 0.01202464 -0.03486385 0.06993464
v 0.01245828 -0.03516667 0.07082725
v 0.01284648 -0.03501355 0.07053837
v 0.01294818 -0.03416793 0.07025315
v 0.01311116 -0.03481614 0.07051025
v 0.01327340 -0.03575469 0.06970093
v 0.01276051 -0.03783704 0.07048520
v 0.01345645 -0.03485408 0.06939851
v 0.01176187 -0.03513129 0.07248959
v 0.01221002 -0.03632507 0.07126005
v 0.01223203 -0.03635242 0.07120229
v 0.01229327 -0.03639555 0.07112695
v 0.01238280 -0.03643494 0.07107800
v 0.01248336 -0.03646321 0.07106435
v 0.01249647 -0.03749530 0.07151040
v 0.01283836 -0.03614952 0.07098343
v 0.01209978 -0.03894088 0.07214078
v 0.01250039 -0.03754247 0.07153219
v 0.01215023 -0.03800487 0.07169717
v 0.01234353 -0.03796421 0.07170381
v 0.01232390 -0.03880624 0.07142638
v 0.01187981 -0.04052404 0.07168417
v 0.01216599 -0.03973901 0.07131069
f 52 206 1
f 127 29 2
f 24 227 2
f 227 127 2
f 81 26 14
f 12 29 5
f 11 6 4
f 29 6 5
f 13 11 8
f 9 8 7
f 9 13 8
f 11 10 8
f 11 13 5
f 13 12 5
f 29 12 3
f 13 9 3
f 12 13 3
f 10 11 4
f 6 11 5
f 100 16 15
f 15 14 7
f 100 35 16
f 15 16 14
f 9 14 3
f 14 26 3
f 19 18 17
f 14 9 7
f 22 23 20
f 33 19 17
f 33 21 20
f 90 21 17
f 90 22 21
f 21 22 20
f 90 23 22
f 21 33 17
f 25 210 24
f 25 26 1
f 26 57 1
f 26 25 3
f 210 25 1
f 237 59 27
f 28 25 2
f 28 29 3
f 25 28 3
f 30 31 27
f 29 28 2
f 30 32 20
f 25 24 2
f 31 237 27
f 240 237 31
f 34 30 27
f 34 94 19
f 94 34 27
f 33 32 19
f 34 32 30
f 32 34 19
f 32 33 20
f 44 85 37
f 37 88 36
f 175 38 36
f 36 88 35
f 175 36 35
f 38 44 37
f 93 45 39
f 38 37 36
f 46 177 39
f 40 44 38
f 176 40 38
f 47 177 46
f 45 46 39
f 85 44 41
f 44 49 41
f 42 97 41
f 437 97 42
f 49 42 41
f 99 388 45
f 49 393 42
f 176 43 40
f 49 44 40
f 50 47 45
f 47 46 45
f 43 49 40
f 51 188 47
f 393 49 43
f 48 393 43
f 189 48 43
f 394 188 51
f 388 50 45
f 50 51 47
f 394 51 50
f 83 63 61
f 68 287 52
f 287 68 53
f 68 54 53
f 55 68 52
f 289 288 56
f 57 55 52
f 57 52 1
f 57 67 55
f 60 67 57
f 79 58 56
f 61 60 57
f 79 62 58
f 59 289 56
f 58 59 56
f 63 65 61
f 95 412 63
f 97 412 95
f 437 412 97
f 414 65 63
f 415 96 64
f 412 414 63
f 66 415 64
f 67 72 55
f 68 69 54
f 54 290 53
f 70 290 54
f 72 69 68
f 69 70 54
f 71 290 70
f 72 68 55
f 288 71 56
f 71 73 56
f 418 72 67
f 74 418 67
f 78 419 73
f 72 75 69
f 75 70 69
f 75 77 70
f 78 71 70
f 76 75 72
f 76 77 75
f 77 78 70
f 78 73 71
f 61 65 60
f 73 79 56
f 74 67 60
f 79 64 62
f 65 74 60
f 79 73 66
f 73 419 66
f 79 66 64
f 88 84 81
f 80 61 26
f 81 80 26
f 81 84 80
f 86 92 82
f 94 87 82
f 85 84 37
f 84 85 83
f 84 83 80
f 87 96 82
f 80 83 61
f 96 86 82
f 88 81 14
f 16 88 14
f 92 93 89
f 35 88 16
f 90 92 89
f 93 91 89
f 91 201 89
f 201 91 39
f 82 92 18
f 18 92 17
f 19 82 18
f 94 82 19
f 92 90 17
f 84 88 37
f 93 92 86
f 91 93 39
f 61 57 26
f 87 94 58
f 58 94 27
f 59 58 27
f 62 87 58
f 95 85 41
f 83 95 63
f 85 95 83
f 97 95 41
f 96 98 86
f 99 93 86
f 98 99 86
f 96 87 64
f 64 87 62
f 438 99 98
f 415 98 96
f 438 388 99
f 93 99 45
f 144 103 100
f 103 178 100
f 201 180 143
f 103 144 102
f 102 144 101
f 109 102 101
f 109 104 102
f 143 180 105
f 104 103 102
f 114 149 105
f 104 179 103
f 180 181 105
f 181 114 105
f 110 152 106
f 111 110 106
f 107 111 106
f 155 107 106
f 108 118 107
f 155 108 107
f 155 523 108
f 147 110 101
f 116 109 101
f 110 116 101
f 149 114 112
f 116 117 109
f 111 116 110
f 117 113 109
f 113 194 104
f 121 194 113
f 109 113 104
f 181 193 114
f 115 122 112
f 114 115 112
f 193 115 114
f 193 122 115
f 520 121 117
f 118 116 111
f 118 119 116
f 520 117 116
f 118 111 107
f 122 120 112
f 120 173 112
f 119 520 116
f 522 119 118
f 522 118 108
f 526 527 120
f 527 173 120
f 117 121 113
f 193 196 122
f 520 530 121
f 604 528 122
f 122 528 120
f 126 139 123
f 125 139 124
f 146 139 125
f 147 146 125
f 152 125 124
f 139 126 124
f 126 154 124
f 127 123 29
f 128 131 127
f 127 126 123
f 227 128 127
f 151 132 129
f 293 130 128
f 127 131 126
f 131 133 126
f 133 160 126
f 133 131 130
f 134 136 132
f 135 136 134
f 164 136 135
f 130 131 128
f 132 136 129
f 136 295 129
f 138 137 8
f 140 15 7
f 137 140 7
f 144 141 137
f 141 140 137
f 140 141 100
f 141 144 100
f 143 145 142
f 139 10 4
f 6 123 4
f 29 123 6
f 123 139 4
f 8 137 7
f 10 138 8
f 139 138 10
f 140 100 15
f 90 143 23
f 143 90 89
f 143 142 23
f 23 142 20
f 137 146 101
f 144 137 101
f 138 146 137
f 139 146 138
f 145 150 142
f 146 147 101
f 150 170 148
f 149 170 145
f 170 150 145
f 148 151 142
f 148 134 132
f 150 148 142
f 148 135 134
f 148 164 135
f 149 143 105
f 149 145 143
f 151 31 30
f 151 30 20
f 142 151 20
f 151 240 31
f 240 151 129
f 151 148 132
f 153 152 124
f 152 147 125
f 147 152 110
f 154 153 124
f 152 153 106
f 160 154 126
f 172 165 164
f 160 161 154
f 161 162 154
f 162 156 154
f 154 157 153
f 157 155 153
f 153 155 106
f 156 157 154
f 165 172 159
f 166 165 159
f 169 166 159
f 158 157 156
f 563 169 159
f 163 160 133
f 163 133 130
f 163 161 160
f 163 162 161
f 162 163 156
f 320 163 130
f 293 320 130
f 164 165 136
f 165 167 136
f 166 167 165
f 169 167 166
f 322 295 136
f 167 168 136
f 168 322 136
f 163 569 156
f 320 567 163
f 567 569 163
f 870 567 320
f 169 570 167
f 568 158 156
f 569 568 156
f 563 570 169
f 570 571 167
f 572 168 167
f 873 322 168
f 571 572 167
f 572 873 168
f 170 172 148
f 171 149 112
f 171 170 149
f 171 172 170
f 173 172 171
f 173 171 112
f 172 164 148
f 173 174 172
f 527 174 173
f 172 174 159
f 100 175 35
f 177 201 39
f 178 175 100
f 182 180 177
f 180 201 177
f 183 176 175
f 178 183 175
f 175 176 38
f 188 182 177
f 179 178 103
f 182 184 181
f 182 181 180
f 185 183 178
f 190 184 182
f 179 185 178
f 185 187 183
f 187 186 183
f 482 475 191
f 176 189 43
f 183 186 176
f 188 190 182
f 188 177 47
f 394 480 188
f 186 189 176
f 480 190 188
f 480 482 190
f 190 191 184
f 482 191 190
f 197 185 179
f 197 194 192
f 599 197 192
f 198 600 195
f 599 606 197
f 194 179 104
f 184 193 181
f 195 193 184
f 195 196 193
f 194 197 179
f 191 195 184
f 192 194 121
f 530 192 121
f 196 604 122
f 600 196 195
f 197 199 185
f 199 187 185
f 475 198 191
f 475 489 198
f 200 199 197
f 489 492 198
f 606 200 197
f 607 600 198
f 606 1111 200
f 492 1112 198
f 1112 607 198
f 198 195 191
f 201 143 89
f 249 243 202
f 204 203 202
f 243 204 202
f 207 214 205
f 214 216 205
f 206 281 205
f 208 207 205
f 284 285 208
f 281 208 205
f 208 285 207
f 285 220 207
f 220 285 209
f 211 210 205
f 216 211 205
f 211 216 203
f 210 206 205
f 206 210 1
f 213 283 212
f 223 221 209
f 283 213 209
f 213 223 209
f 215 217 202
f 215 216 214
f 216 215 202
f 217 218 202
f 218 249 202
f 222 217 215
f 222 218 217
f 222 221 219
f 224 250 219
f 220 214 207
f 220 215 214
f 220 222 215
f 221 222 220
f 221 220 209
f 203 216 202
f 221 224 219
f 223 224 221
f 226 225 203
f 228 227 225
f 225 227 24
f 226 228 225
f 232 228 226
f 230 226 204
f 204 226 203
f 243 230 204
f 231 255 224
f 233 232 230
f 234 233 230
f 230 232 226
f 235 239 229
f 239 235 231
f 235 236 231
f 301 236 235
f 210 211 24
f 211 225 24
f 225 211 203
f 239 223 213
f 238 239 213
f 238 213 212
f 237 212 59
f 237 238 212
f 240 241 237
f 241 238 237
f 239 238 229
f 238 241 229
f 239 231 223
f 231 224 223
f 244 249 242
f 249 244 243
f 246 247 242
f 247 244 242
f 248 253 245
f 250 249 218
f 249 250 242
f 222 250 218
f 250 222 219
f 251 250 224
f 250 251 245
f 250 252 242
f 252 246 242
f 253 252 250
f 253 250 245
f 243 254 230
f 244 254 243
f 255 251 224
f 251 255 245
f 254 234 230
f 254 256 234
f 258 331 234
f 256 258 234
f 259 256 254
f 265 259 254
f 268 265 254
f 257 258 256
f 260 331 258
f 260 258 257
f 259 257 256
f 267 260 257
f 259 267 257
f 263 341 260
f 267 264 260
f 264 263 260
f 267 276 264
f 261 255 236
f 236 255 231
f 301 261 236
f 261 262 255
f 262 277 255
f 263 262 261
f 344 263 261
f 263 264 262
f 276 275 262
f 264 276 262
f 247 254 244
f 272 254 247
f 255 278 245
f 278 248 245
f 270 268 254
f 271 270 254
f 272 271 254
f 265 267 259
f 266 267 265
f 269 266 265
f 268 269 265
f 274 269 268
f 276 267 266
f 269 275 266
f 275 276 266
f 277 275 269
f 274 277 269
f 271 274 270
f 273 274 271
f 272 273 271
f 278 279 274
f 278 274 273
f 270 274 268
f 279 277 274
f 277 279 255
f 279 278 255
f 275 277 262
f 280 281 52
f 286 280 52
f 287 286 52
f 282 281 280
f 282 284 281
f 288 282 280
f 281 206 52
f 289 283 282
f 281 284 208
f 285 284 209
f 284 282 209
f 282 283 209
f 286 288 280
f 287 288 286
f 288 289 282
f 290 287 53
f 290 288 287
f 283 289 212
f 212 289 59
f 288 290 71
f 291 293 128
f 297 291 228
f 297 294 291
f 227 291 128
f 228 291 227
f 292 240 129
f 292 241 240
f 241 292 229
f 292 300 235
f 292 235 229
f 294 293 291
f 295 292 129
f 295 300 292
f 296 300 295
f 232 297 228
f 233 297 232
f 234 297 233
f 298 303 297
f 299 297 234
f 332 299 234
f 299 298 297
f 299 338 298
f 335 338 299
f 338 304 298
f 346 340 307
f 300 301 235
f 302 301 300
f 302 340 301
f 307 302 300
f 307 340 302
f 297 303 294
f 309 303 298
f 306 309 298
f 304 306 298
f 345 306 304
f 306 345 305
f 310 306 305
f 345 308 305
f 308 311 305
f 319 316 307
f 345 347 308
f 347 346 307
f 316 347 307
f 347 316 308
f 310 309 306
f 310 312 309
f 311 310 305
f 311 312 310
f 313 312 311
f 317 313 311
f 312 314 309
f 313 314 312
f 315 314 313
f 326 315 313
f 319 325 316
f 317 311 308
f 317 318 313
f 316 317 308
f 318 317 316
f 318 326 313
f 325 318 316
f 319 300 296
f 319 307 300
f 321 320 293
f 294 321 293
f 322 296 295
f 322 323 296
f 321 870 320
f 871 870 321
f 872 871 321
f 882 872 321
f 874 323 322
f 873 874 322
f 875 329 323
f 874 875 323
f 303 324 294
f 324 321 294
f 309 324 303
f 329 325 319
f 327 324 309
f 314 327 309
f 315 348 314
f 348 327 314
f 325 326 318
f 328 326 325
f 328 351 326
f 348 353 327
f 329 328 325
f 358 351 328
f 323 319 296
f 323 329 319
f 324 882 321
f 327 882 324
f 883 882 327
f 354 883 327
f 329 330 328
f 884 883 354
f 887 917 328
f 875 885 329
f 885 330 329
f 330 887 328
f 331 332 234
f 334 335 332
f 342 333 331
f 333 332 331
f 333 334 332
f 344 343 342
f 342 343 333
f 332 335 299
f 336 335 334
f 336 337 335
f 339 338 335
f 337 339 335
f 340 334 333
f 340 336 334
f 340 337 336
f 343 340 333
f 340 339 337
f 340 346 339
f 341 342 331
f 341 331 260
f 344 342 341
f 344 341 263
f 301 343 261
f 340 343 301
f 343 344 261
f 339 345 338
f 338 345 304
f 346 345 339
f 346 347 345
f 349 348 315
f 351 349 315
f 349 350 348
f 350 353 348
f 351 350 349
f 326 351 315
f 351 357 350
f 352 353 350
f 356 353 352
f 357 352 350
f 353 354 327
f 356 354 353
f 355 356 352
f 362 356 355
f 359 355 352
f 357 359 352
f 358 357 351
f 359 361 355
f 358 359 357
f 356 916 354
f 360 362 355
f 361 360 355
f 362 916 356
f 917 358 328
f 917 359 358
f 917 361 359
f 916 884 354
f 363 916 362
f 917 919 361
f 363 362 360
f 366 364 360
f 364 363 360
f 364 365 363
f 365 369 363
f 370 369 365
f 368 365 364
f 375 370 365
f 361 366 360
f 366 367 364
f 367 368 364
f 368 375 365
f 918 916 363
f 369 918 363
f 919 366 361
f 919 367 366
f 919 368 367
f 919 375 368
f 919 376 375
f 370 371 369
f 372 371 370
f 377 372 370
f 372 374 371
f 374 373 371
f 374 379 373
f 379 380 373
f 378 374 372
f 375 376 370
f 376 377 370
f 377 378 372
f 378 385 374
f 385 379 374
f 386 381 379
f 381 380 379
f 381 382 380
f 383 382 381
f 383 384 382
f 384 1450 382
f 387 383 381
f 387 384 383
f 385 386 379
f 386 387 381
f 401 416 390
f 457 416 401
f 404 457 401
f 474 400 399
f 393 397 389
f 389 437 42
f 390 437 389
f 393 389 42
f 388 391 50
f 439 391 388
f 397 392 389
f 392 390 389
f 392 401 390
f 439 402 391
f 402 396 391
f 397 393 48
f 189 399 48
f 396 395 394
f 395 480 394
f 399 397 48
f 409 480 395
f 391 396 50
f 396 394 50
f 398 409 396
f 399 407 397
f 396 409 395
f 402 398 396
f 397 407 392
f 407 403 392
f 403 401 392
f 439 405 402
f 402 406 398
f 407 446 403
f 403 404 401
f 405 406 402
f 406 408 398
f 408 410 398
f 400 407 399
f 410 409 398
f 446 407 400
f 410 484 409
f 448 410 408
f 411 74 65
f 413 414 412
f 437 413 412
f 413 437 390
f 414 411 65
f 419 417 66
f 417 415 66
f 426 414 413
f 416 426 413
f 416 413 390
f 427 438 415
f 428 427 415
f 417 428 415
f 414 426 411
f 418 420 72
f 421 419 78
f 429 418 74
f 420 76 72
f 423 77 76
f 421 78 77
f 420 423 76
f 423 421 77
f 429 420 418
f 429 430 420
f 423 431 421
f 411 429 74
f 421 422 419
f 431 422 421
f 430 423 420
f 419 422 417
f 426 424 411
f 424 429 411
f 433 429 424
f 426 455 424
f 454 428 425
f 457 426 416
f 458 439 427
f 425 428 417
f 422 425 417
f 428 456 427
f 457 455 426
f 439 458 405
f 456 458 427
f 432 430 429
f 436 431 423
f 432 436 430
f 431 459 422
f 430 436 423
f 433 432 429
f 434 436 432
f 436 459 431
f 433 434 432
f 435 436 434
f 459 436 435
f 459 425 422
f 415 438 98
f 438 439 388
f 439 438 427
f 441 457 404
f 468 451 405
f 457 441 440
f 441 2951 440
f 2951 3006 440
f 3008 2969 451
f 442 446 400
f 500 442 400
f 448 484 410
f 443 446 442
f 500 443 442
f 449 501 448
f 445 408 406
f 446 444 403
f 445 447 408
f 444 404 403
f 451 406 405
f 444 441 404
f 451 445 406
f 447 448 408
f 452 446 443
f 450 452 443
f 505 450 443
f 2957 452 450
f 2957 2978 452
f 2960 2961 449
f 505 2959 450
f 2958 2957 450
f 2959 2958 450
f 444 2964 441
f 446 452 444
f 2968 447 445
f 451 2969 445
f 452 2964 444
f 2968 2980 447
f 2978 2964 452
f 2964 2951 441
f 2969 2968 445
f 2981 448 447
f 2960 449 448
f 2980 2981 447
f 2982 2960 448
f 2981 2982 448
f 453 461 433
f 455 453 424
f 453 433 424
f 462 454 425
f 455 466 453
f 465 456 454
f 464 461 453
f 458 468 405
f 454 456 428
f 455 457 440
f 467 458 456
f 466 455 440
f 467 468 458
f 460 434 433
f 460 435 434
f 461 460 433
f 462 459 435
f 459 462 425
f 460 469 435
f 469 462 435
f 464 463 461
f 466 464 453
f 472 465 454
f 466 3000 464
f 464 3002 463
f 3009 467 465
f 472 3004 465
f 465 467 456
f 3006 466 440
f 3007 468 467
f 3007 3008 468
f 468 3008 451
f 461 463 460
f 463 470 460
f 469 472 462
f 470 469 460
f 470 471 469
f 471 472 469
f 462 472 454
f 473 470 463
f 473 471 470
f 3001 473 463
f 3004 472 471
f 473 3014 471
f 474 189 186
f 476 474 186
f 187 476 186
f 478 476 187
f 482 479 475
f 479 482 477
f 474 399 189
f 482 480 477
f 481 480 409
f 480 481 477
f 474 483 400
f 476 483 474
f 481 487 477
f 486 483 476
f 484 487 481
f 485 486 478
f 478 486 476
f 488 479 477
f 487 488 477
f 484 481 409
f 493 490 199
f 199 478 187
f 490 478 199
f 491 489 475
f 491 492 489
f 479 491 475
f 200 493 199
f 1111 1113 200
f 494 1112 492
f 1113 493 200
f 1120 1112 494
f 494 492 491
f 490 485 478
f 490 495 485
f 496 494 491
f 497 495 490
f 496 491 479
f 488 496 479
f 493 497 490
f 1113 1121 493
f 1121 497 493
f 498 1120 494
f 496 498 494
f 1122 1120 498
f 483 500 400
f 501 484 448
f 486 500 483
f 504 487 484
f 499 500 486
f 501 504 484
f 499 486 485
f 502 499 485
f 495 502 485
f 503 510 488
f 503 488 487
f 504 503 487
f 507 500 499
f 500 505 443
f 506 501 449
f 506 504 501
f 2961 506 449
f 507 505 500
f 506 508 504
f 513 507 499
f 502 513 499
f 508 510 503
f 514 510 508
f 504 508 503
f 510 496 488
f 509 502 495
f 497 511 495
f 510 498 496
f 511 509 495
f 511 515 509
f 510 512 498
f 1121 1154 497
f 512 1122 498
f 1154 511 497
f 1155 1122 512
f 516 1155 512
f 1154 517 511
f 509 513 502
f 515 513 509
f 514 512 510
f 514 516 512
f 515 3119 513
f 3115 516 514
f 517 515 511
f 518 1155 516
f 3116 518 516
f 517 3117 515
f 524 523 155
f 564 524 155
f 521 520 119
f 525 521 119
f 521 531 520
f 523 522 108
f 523 524 522
f 522 525 119
f 524 525 522
f 532 525 524
f 537 577 527
f 536 537 527
f 528 529 526
f 604 529 528
f 531 530 520
f 529 540 526
f 604 540 529
f 528 526 120
f 539 527 526
f 532 533 525
f 525 533 521
f 534 531 521
f 533 534 521
f 534 538 531
f 543 533 532
f 543 534 533
f 535 532 524
f 564 535 524
f 539 536 527
f 541 537 536
f 564 547 535
f 561 577 537
f 531 538 530
f 540 539 526
f 530 538 519
f 538 544 519
f 539 541 536
f 544 614 519
f 614 544 542
f 549 627 542
f 630 627 549
f 765 630 560
f 546 543 532
f 548 546 532
f 535 548 532
f 547 548 535
f 588 577 561
f 545 538 534
f 545 544 538
f 540 642 539
f 543 552 534
f 552 545 534
f 546 552 543
f 544 545 542
f 642 551 539
f 551 550 539
f 541 561 537
f 550 541 539
f 550 561 541
f 548 555 546
f 698 548 547
f 552 549 545
f 545 549 542
f 557 672 556
f 556 672 552
f 553 556 546
f 554 553 546
f 555 554 546
f 556 552 546
f 697 555 548
f 555 558 554
f 554 559 553
f 557 556 553
f 558 559 554
f 559 557 553
f 552 560 549
f 560 630 549
f 765 560 552
f 551 812 550
f 732 588 561
f 732 561 550
f 157 565 155
f 565 564 155
f 158 562 157
f 562 566 157
f 565 585 564
f 566 565 157
f 574 566 562
f 568 562 158
f 568 574 562
f 569 573 568
f 580 570 563
f 580 571 570
f 581 572 571
f 575 569 567
f 870 575 567
f 583 873 572
f 573 574 568
f 575 573 569
f 870 576 575
f 870 876 576
f 576 594 575
f 174 577 159
f 527 577 174
f 577 578 159
f 579 563 159
f 578 579 159
f 579 580 563
f 584 579 578
f 580 581 571
f 581 582 572
f 582 583 572
f 891 873 583
f 566 585 565
f 574 587 566
f 587 585 566
f 590 574 573
f 589 587 574
f 590 589 574
f 593 590 573
f 575 593 573
f 876 595 576
f 588 578 577
f 564 585 547
f 588 586 578
f 586 584 578
f 584 591 579
f 585 728 547
f 729 591 584
f 587 728 585
f 589 740 587
f 588 732 586
f 586 733 584
f 591 580 579
f 591 581 580
f 591 592 581
f 592 596 581
f 597 582 581
f 598 583 582
f 913 891 583
f 594 593 575
f 595 594 576
f 876 907 595
f 596 597 581
f 597 598 582
f 598 913 583
f 590 745 589
f 593 745 590
f 594 746 593
f 595 747 594
f 907 748 595
f 752 592 591
f 858 596 592
f 859 597 596
f 860 598 597
f 530 599 192
f 599 530 519
f 608 606 599
f 601 599 519
f 617 601 519
f 601 608 599
f 602 605 600
f 610 602 600
f 603 605 602
f 617 608 601
f 610 603 602
f 610 620 603
f 600 604 196
f 605 604 600
f 604 605 540
f 605 641 540
f 607 611 600
f 612 1111 606
f 1112 613 607
f 608 609 606
f 646 609 608
f 611 610 600
f 611 624 610
f 613 648 611
f 609 612 606
f 650 1114 612
f 1115 1127 613
f 613 611 607
f 614 615 519
f 616 615 614
f 615 617 519
f 619 641 605
f 616 614 542
f 616 621 615
f 628 621 616
f 618 617 615
f 621 618 615
f 620 619 605
f 620 605 603
f 626 641 619
f 617 618 608
f 618 623 608
f 624 620 610
f 620 626 619
f 621 623 618
f 633 625 621
f 641 626 622
f 632 643 622
f 625 623 621
f 625 646 623
f 633 651 625
f 624 626 620
f 626 657 622
f 627 616 542
f 627 628 616
f 643 632 629
f 631 628 627
f 630 631 627
f 768 631 630
f 631 634 628
f 767 634 631
f 635 645 629
f 628 633 621
f 636 633 628
f 634 636 628
f 632 637 629
f 636 652 633
f 657 632 622
f 767 638 634
f 637 635 629
f 639 645 635
f 638 636 634
f 637 660 635
f 660 639 635
f 641 640 540
f 640 642 540
f 640 641 622
f 643 642 640
f 643 640 622
f 642 644 551
f 644 642 629
f 644 645 551
f 642 643 629
f 645 644 629
f 645 811 551
f 623 646 608
f 651 646 625
f 651 653 646
f 648 624 611
f 647 626 624
f 648 647 624
f 647 657 626
f 648 649 647
f 658 649 648
f 650 612 609
f 646 650 609
f 661 650 646
f 1127 648 613
f 1127 658 648
f 654 651 633
f 652 654 633
f 654 653 651
f 653 661 646
f 655 654 652
f 654 664 653
f 656 652 636
f 638 656 636
f 825 656 638
f 656 655 652
f 655 664 654
f 656 665 655
f 825 665 656
f 649 657 647
f 657 659 632
f 659 637 632
f 658 657 649
f 658 659 657
f 668 659 658
f 660 830 639
f 659 669 637
f 669 660 637
f 664 661 653
f 664 662 661
f 662 1130 650
f 661 662 650
f 668 1127 663
f 1127 1131 663
f 1131 669 663
f 667 664 655
f 665 667 655
f 664 1132 662
f 667 1132 664
f 1247 667 665
f 669 1133 666
f 1127 668 658
f 668 663 659
f 663 669 659
f 669 666 660
f 666 842 660
f 673 672 557
f 670 673 557
f 671 670 558
f 559 670 557
f 670 559 558
f 697 558 555
f 697 671 558
f 674 765 552
f 672 674 552
f 683 674 672
f 673 675 672
f 676 673 670
f 671 677 670
f 676 675 673
f 677 676 670
f 678 677 671
f 675 683 672
f 766 765 674
f 683 766 674
f 697 678 671
f 677 680 676
f 678 681 677
f 676 679 675
f 679 684 675
f 680 679 676
f 681 680 677
f 682 681 678
f 681 689 680
f 682 687 681
f 680 686 679
f 684 683 675
f 690 684 679
f 684 770 683
f 686 685 679
f 692 691 679
f 685 692 679
f 689 686 680
f 687 689 681
f 688 687 682
f 688 696 687
f 696 689 687
f 689 693 686
f 691 818 690
f 691 690 679
f 686 694 685
f 694 692 685
f 692 700 691
f 693 694 686
f 694 700 692
f 696 703 693
f 701 694 693
f 702 703 696
f 701 700 694
f 703 701 693
f 695 696 688
f 696 693 689
f 702 696 695
f 704 702 695
f 697 682 678
f 697 688 682
f 697 695 688
f 697 704 695
f 698 697 548
f 812 732 550
f 818 817 690
f 818 700 699
f 703 707 701
f 704 711 702
f 708 703 702
f 700 818 691
f 701 713 700
f 700 712 699
f 713 712 700
f 707 705 701
f 706 707 703
f 714 709 704
f 711 710 702
f 708 706 703
f 709 711 704
f 710 708 702
f 705 713 701
f 714 704 697
f 721 719 697
f 720 721 697
f 719 714 697
f 722 822 720
f 721 822 719
f 822 721 720
f 723 822 722
f 822 723 715
f 716 822 715
f 717 822 716
f 718 822 717
f 725 822 718
f 726 822 725
f 727 726 697
f 698 727 697
f 724 727 698
f 722 720 697
f 716 715 697
f 723 722 697
f 715 723 697
f 717 716 697
f 718 717 697
f 725 718 697
f 726 725 697
f 727 823 726
f 823 727 724
f 855 823 724
f 823 855 732
f 728 698 547
f 739 728 587
f 740 739 587
f 732 733 586
f 733 729 584
f 729 752 591
f 733 742 729
f 742 752 729
f 731 724 698
f 728 731 698
f 731 856 724
f 730 731 728
f 738 730 728
f 734 731 730
f 734 856 731
f 856 855 724
f 855 856 732
f 856 734 732
f 735 734 730
f 736 735 730
f 737 736 730
f 734 733 732
f 734 735 733
f 735 736 733
f 736 737 733
f 739 738 728
f 738 737 730
f 744 741 740
f 739 743 738
f 740 743 739
f 741 743 740
f 738 743 737
f 737 742 733
f 743 742 737
f 753 743 741
f 743 753 742
f 753 752 742
f 744 740 589
f 745 744 589
f 746 745 593
f 752 857 592
f 857 858 592
f 747 746 594
f 748 747 595
f 858 859 596
f 859 860 597
f 860 1032 598
f 746 757 745
f 747 760 746
f 748 761 747
f 744 749 741
f 750 749 744
f 749 753 741
f 750 755 749
f 745 751 744
f 751 750 744
f 756 751 745
f 754 753 749
f 755 754 749
f 753 754 752
f 754 755 752
f 861 755 750
f 755 861 752
f 751 861 750
f 756 861 751
f 862 861 756
f 757 756 745
f 758 757 746
f 759 758 746
f 760 759 746
f 757 862 756
f 758 863 757
f 759 863 758
f 760 865 759
f 761 760 747
f 762 761 748
f 763 762 748
f 764 763 748
f 765 768 630
f 766 768 765
f 769 766 683
f 769 768 766
f 768 778 767
f 768 767 631
f 770 769 683
f 771 770 684
f 769 770 768
f 773 777 770
f 772 771 690
f 771 773 770
f 775 773 771
f 772 775 771
f 785 788 772
f 775 776 773
f 776 774 773
f 774 777 773
f 776 786 774
f 787 786 776
f 789 775 772
f 787 776 775
f 788 789 772
f 789 787 775
f 777 781 768
f 770 777 768
f 786 805 774
f 805 777 774
f 778 780 767
f 781 778 768
f 811 645 639
f 779 811 639
f 783 811 779
f 767 780 638
f 781 826 778
f 826 780 778
f 782 779 639
f 830 782 639
f 782 829 779
f 829 833 779
f 784 781 777
f 805 784 777
f 806 814 783
f 784 826 781
f 805 827 784
f 833 783 779
f 833 834 783
f 815 791 785
f 787 790 786
f 789 799 787
f 793 788 785
f 796 789 788
f 799 790 787
f 791 793 785
f 793 796 788
f 792 793 791
f 794 793 792
f 794 795 793
f 796 799 789
f 799 800 790
f 797 796 795
f 795 796 793
f 798 799 796
f 797 798 796
f 803 801 800
f 803 800 799
f 802 803 799
f 802 799 798
f 790 805 786
f 800 805 790
f 801 804 800
f 819 795 794
f 819 794 792
f 819 798 797
f 819 797 795
f 824 804 801
f 824 802 798
f 803 824 801
f 824 803 802
f 804 805 800
f 808 805 804
f 807 806 783
f 806 807 804
f 824 806 804
f 810 808 804
f 807 810 804
f 808 831 805
f 810 851 808
f 834 807 783
f 834 810 807
f 813 812 551
f 811 813 551
f 690 771 684
f 785 772 690
f 814 813 811
f 814 811 783
f 814 819 813
f 813 821 812
f 816 785 690
f 817 816 690
f 816 815 785
f 713 820 712
f 707 821 705
f 821 707 706
f 708 821 706
f 710 821 708
f 711 821 710
f 821 711 709
f 821 713 705
f 714 821 709
f 818 820 817
f 820 818 699
f 817 820 816
f 816 820 815
f 815 819 791
f 712 820 699
f 821 820 713
f 719 822 714
f 821 822 812
f 822 821 714
f 819 792 791
f 820 819 815
f 820 821 813
f 824 819 814
f 819 824 798
f 819 820 813
f 823 822 726
f 822 823 812
f 812 823 732
f 824 814 806
f 780 825 638
f 836 825 780
f 826 836 780
f 827 836 826
f 828 839 827
f 832 828 827
f 832 846 828
f 830 829 782
f 842 830 660
f 842 843 830
f 830 843 829
f 843 845 829
f 827 826 784
f 835 833 829
f 832 827 805
f 831 832 805
f 835 834 833
f 845 835 829
f 845 853 835
f 853 832 831
f 835 853 834
f 853 846 832
f 825 836 665
f 838 836 827
f 836 1247 665
f 1251 842 666
f 842 1251 837
f 838 1247 836
f 846 839 828
f 841 838 827
f 839 841 827
f 846 840 839
f 840 841 839
f 1254 841 840
f 848 1254 840
f 843 842 837
f 844 845 843
f 1248 843 837
f 1248 844 843
f 848 847 845
f 847 853 845
f 853 847 846
f 846 847 840
f 848 845 844
f 847 848 840
f 1248 848 844
f 809 831 808
f 850 809 808
f 849 850 808
f 851 849 808
f 854 831 809
f 850 854 809
f 849 851 834
f 852 850 849
f 854 849 834
f 834 851 810
f 854 853 831
f 853 854 834
f 852 854 850
f 854 852 849
f 861 857 752
f 861 862 857
f 863 858 857
f 863 862 757
f 862 863 857
f 864 863 759
f 865 864 759
f 865 859 858
f 863 864 858
f 864 865 858
f 761 866 760
f 762 867 761
f 866 865 760
f 763 868 762
f 764 868 763
f 865 866 859
f 866 867 859
f 867 860 859
f 867 866 761
f 868 867 762
f 869 868 764
f 867 868 860
f 868 869 860
f 872 878 871
f 882 880 872
f 871 876 870
f 890 874 873
f 881 875 874
f 893 885 875
f 880 879 872
f 877 876 871
f 878 877 871
f 890 892 874
f 879 878 872
f 892 881 874
f 881 893 875
f 883 888 882
f 884 896 883
f 885 886 330
f 889 886 885
f 886 887 330
f 889 887 886
f 901 917 887
f 882 888 880
f 895 888 883
f 896 895 883
f 897 896 884
f 930 897 884
f 899 889 885
f 893 898 885
f 898 899 885
f 889 900 887
f 900 901 887
f 899 900 889
f 891 890 873
f 877 907 876
f 878 908 877
f 879 909 878
f 909 908 878
f 880 910 879
f 910 909 879
f 894 910 880
f 897 905 896
f 896 905 895
f 902 900 899
f 895 903 888
f 888 894 880
f 957 899 898
f 902 901 900
f 959 932 901
f 905 904 895
f 904 903 895
f 903 894 888
f 906 905 897
f 934 906 897
f 902 959 901
f 915 892 890
f 891 914 890
f 908 907 877
f 913 914 891
f 914 915 890
f 892 912 881
f 911 893 881
f 915 912 892
f 908 950 907
f 909 952 908
f 912 911 881
f 1032 913 598
f 1033 914 913
f 958 898 893
f 911 958 893
f 958 957 898
f 957 902 899
f 916 930 884
f 920 918 369
f 919 922 376
f 918 920 916
f 921 920 369
f 922 919 917
f 922 926 377
f 920 930 916
f 931 930 920
f 921 931 920
f 932 922 917
f 932 917 901
f 932 933 922
f 933 926 922
f 371 921 369
f 373 923 371
f 380 923 373
f 922 377 376
f 926 378 377
f 927 385 378
f 923 921 371
f 924 923 380
f 382 925 380
f 928 386 385
f 928 387 386
f 925 924 380
f 2163 925 382
f 926 927 378
f 927 928 385
f 928 929 387
f 923 937 921
f 924 941 923
f 925 942 924
f 945 927 926
f 947 928 927
f 948 929 928
f 931 936 930
f 930 934 897
f 937 931 921
f 987 933 932
f 933 938 926
f 937 936 931
f 938 939 926
f 936 934 930
f 959 987 932
f 987 938 933
f 936 935 934
f 936 940 935
f 937 940 936
f 945 946 927
f 946 947 927
f 941 937 923
f 939 945 926
f 942 941 924
f 943 942 925
f 944 943 925
f 947 948 928
f 942 996 941
f 987 988 938
f 988 989 938
f 989 939 938
f 948 949 929
f 949 2189 929
f 999 946 945
f 943 997 942
f 944 1000 943
f 2176 1001 944
f 1002 947 946
f 1003 948 947
f 1004 949 948
f 905 968 904
f 906 968 905
f 934 1005 906
f 955 910 894
f 910 953 909
f 903 951 894
f 955 953 910
f 907 950 748
f 952 950 908
f 1034 915 914
f 1032 1033 913
f 953 952 909
f 950 764 748
f 1033 1034 914
f 915 956 912
f 912 961 911
f 1034 956 915
f 951 955 894
f 950 954 764
f 952 1041 950
f 953 1043 952
f 956 961 912
f 957 960 902
f 904 965 903
f 970 958 911
f 958 971 957
f 960 959 902
f 972 987 959
f 966 965 904
f 968 966 904
f 965 951 903
f 971 960 957
f 969 968 906
f 1005 969 906
f 960 972 959
f 1007 987 972
f 961 970 911
f 970 971 958
f 965 962 951
f 963 955 951
f 955 1062 953
f 962 964 951
f 1064 1063 955
f 963 1064 955
f 964 963 951
f 1065 964 962
f 968 967 966
f 966 978 965
f 967 979 966
f 980 979 967
f 983 980 967
f 968 969 967
f 969 973 967
f 973 983 967
f 1005 975 969
f 974 973 969
f 975 974 969
f 1005 1009 975
f 971 981 960
f 978 976 965
f 977 978 966
f 965 976 962
f 979 977 966
f 1065 970 961
f 1082 971 970
f 981 982 960
f 982 972 960
f 986 1007 972
f 980 981 979
f 1082 1081 971
f 1084 978 977
f 978 1065 976
f 976 1065 962
f 1082 1080 978
f 1080 1083 978
f 1084 1081 978
f 1081 1082 978
f 1084 1085 971
f 1085 981 971
f 1081 1084 971
f 979 1085 977
f 981 1085 979
f 984 982 980
f 982 981 980
f 1085 1084 977
f 983 984 980
f 985 983 973
f 974 985 973
f 975 986 974
f 1009 986 975
f 986 985 974
f 1009 1014 986
f 982 984 972
f 984 985 972
f 985 984 983
f 985 986 972
f 1014 1007 986
f 935 1006 934
f 940 1006 935
f 991 940 937
f 941 991 937
f 1007 988 987
f 1008 989 988
f 989 994 939
f 1006 1005 934
f 1007 1008 988
f 991 990 940
f 1008 992 989
f 992 993 989
f 993 994 989
f 990 1020 940
f 1020 1006 940
f 998 945 939
f 995 991 941
f 996 995 941
f 994 998 939
f 997 996 942
f 1000 997 943
f 1001 1000 944
f 999 1002 946
f 998 999 945
f 1002 1003 947
f 1003 1004 948
f 1006 1010 1005
f 1010 1009 1005
f 1011 1010 1006
f 1012 1011 1006
f 1013 1012 1006
f 991 1024 990
f 1020 1013 1006
f 1021 1020 990
f 1022 1021 990
f 1023 1022 990
f 1024 1023 990
f 1016 1008 1007
f 1027 993 992
f 1029 994 993
f 1008 1026 992
f 1025 1024 991
f 1026 1027 992
f 1027 1028 993
f 1028 1029 993
f 1029 1086 994
f 1010 1015 1009
f 1015 1014 1009
f 1016 1015 1010
f 1011 1016 1010
f 1012 1017 1011
f 1013 1018 1012
f 1017 1016 1011
f 1018 1017 1012
f 1019 1018 1013
f 1014 1015 1007
f 1015 1016 1007
f 1016 1017 1008
f 1017 1018 1008
f 1018 1019 1008
f 1019 1026 1008
f 1020 1026 1013
f 1021 1027 1020
f 1022 1027 1021
f 1023 1028 1022
f 1026 1019 1013
f 1027 1026 1020
f 1028 1027 1022
f 1029 1028 1023
f 1024 1029 1023
f 1025 1029 1024
f 1086 1029 1025
f 995 1030 991
f 996 1092 995
f 1087 998 994
f 1090 999 998
f 1030 1025 991
f 1031 1030 995
f 1086 1087 994
f 1088 1031 995
f 1092 1088 995
f 997 1094 996
f 1000 1096 997
f 1001 1097 1000
f 1093 1092 996
f 1094 1093 996
f 1095 1094 997
f 1096 1095 997
f 1097 1096 1000
f 1098 1097 1001
f 1099 1098 1001
f 1100 1099 1001
f 1030 1086 1025
f 1087 1086 1030
f 1031 1087 1030
f 954 1035 764
f 1035 1032 860
f 1035 869 764
f 869 1035 860
f 1036 954 950
f 1036 1035 954
f 1040 1036 950
f 1035 1058 1032
f 1036 1044 1035
f 1071 1033 1032
f 1078 1034 1033
f 1041 1040 950
f 1042 1041 952
f 1043 1042 952
f 1060 1043 953
f 1062 1060 953
f 1040 1037 1036
f 1040 1038 1037
f 1067 961 956
f 1034 1077 956
f 1063 1062 955
f 1066 1065 961
f 1067 1068 961
f 1068 1066 961
f 1076 1069 956
f 1069 1067 956
f 1044 1058 1035
f 1058 1059 1032
f 1037 1044 1036
f 1039 1044 1038
f 1038 1044 1037
f 1045 1044 1039
f 1059 1071 1032
f 1071 1072 1033
f 1045 1046 1044
f 1047 1039 1038
f 1047 1045 1039
f 1047 1046 1045
f 1047 1049 1046
f 1040 1048 1038
f 1048 1047 1038
f 1041 1048 1040
f 1048 1052 1047
f 1046 1049 1044
f 1049 1050 1044
f 1050 1055 1044
f 1051 1049 1047
f 1051 1050 1049
f 1051 1055 1050
f 1052 1051 1047
f 1042 1048 1041
f 1053 1048 1042
f 1053 1052 1048
f 1053 1054 1052
f 1072 1078 1033
f 1043 1053 1042
f 1054 1053 1043
f 1055 1056 1044
f 1056 1057 1044
f 1057 1058 1044
f 1058 1055 1051
f 1058 1056 1055
f 1058 1057 1056
f 1052 1059 1051
f 1059 1058 1051
f 1071 1059 1052
f 1054 1071 1052
f 1078 1077 1034
f 1077 1076 956
f 1073 1062 1061
f 1067 1064 963
f 964 1066 963
f 1065 1066 964
f 1066 1068 963
f 1068 1067 963
f 1062 1063 1061
f 1064 1069 1063
f 1069 1073 1061
f 1063 1069 1061
f 1067 1069 1064
f 1070 1054 1043
f 1060 1070 1043
f 1062 1070 1060
f 1074 1070 1062
f 1073 1074 1062
f 1074 1078 1070
f 1070 1071 1054
f 1072 1071 1070
f 1078 1072 1070
f 1074 1073 1069
f 1077 1075 1074
f 1076 1077 1074
f 1076 1074 1069
f 1075 1078 1074
f 1077 1079 1075
f 1079 1078 1075
f 1078 1079 1077
f 1065 1083 970
f 1080 1082 970
f 1083 1080 970
f 1083 1065 978
f 1087 1089 998
f 1090 1091 999
f 1089 1090 998
f 1091 1002 999
f 1105 1003 1002
f 1107 1004 1003
f 1102 1100 1001
f 1091 1101 1002
f 1101 1103 1002
f 1103 1104 1002
f 1104 1105 1002
f 1105 1106 1003
f 1106 1107 1003
f 1107 1108 1004
f 1108 1109 1004
f 1088 1089 1031
f 1089 1087 1031
f 1090 1089 1088
f 1091 1090 1088
f 1092 1091 1088
f 1092 1093 1091
f 1094 1101 1093
f 2326 1102 1001
f 1093 1101 1091
f 1095 1103 1094
f 1096 1104 1095
f 1103 1101 1094
f 1104 1103 1095
f 1097 1105 1096
f 1098 1106 1097
f 1099 1107 1098
f 1100 1108 1099
f 1105 1104 1096
f 1106 1105 1097
f 1107 1106 1098
f 1108 1107 1099
f 1102 1108 1100
f 1109 2336 1004
f 1109 1108 1102
f 2326 2336 1102
f 1110 1109 1102
f 2336 1110 1102
f 1110 2336 1109
f 1117 1113 1111
f 1120 1116 1112
f 1114 1111 612
f 1116 1115 1112
f 1114 1117 1111
f 1116 1127 1115
f 1112 1115 613
f 1120 1118 1116
f 1117 1119 1113
f 1123 1121 1113
f 1119 1123 1113
f 1122 1126 1120
f 1124 1126 1122
f 1123 1156 1121
f 1120 1126 1118
f 1125 1123 1119
f 1125 1156 1123
f 1159 1126 1124
f 1128 1114 650
f 1128 1117 1114
f 1129 1127 1116
f 1134 1128 650
f 1129 1137 1127
f 1128 1119 1117
f 1118 1129 1116
f 1128 1143 1119
f 1144 1129 1118
f 1145 1143 1128
f 1130 1134 650
f 1137 1131 1127
f 1134 1138 1128
f 1132 1130 662
f 1132 1134 1130
f 1135 1132 667
f 1247 1135 667
f 1131 1136 669
f 1136 1133 669
f 1133 1140 666
f 1140 1251 666
f 1139 1134 1132
f 1135 1139 1132
f 1137 1136 1131
f 1136 1141 1133
f 1138 1145 1128
f 1142 1137 1129
f 1139 1138 1134
f 1260 1139 1135
f 1137 1141 1136
f 1142 1141 1137
f 1141 1140 1133
f 1139 1145 1138
f 1260 1147 1139
f 1141 1148 1140
f 1148 1264 1140
f 1143 1125 1119
f 1126 1144 1118
f 1144 1150 1129
f 1143 1158 1125
f 1171 1144 1126
f 1159 1171 1126
f 1170 1158 1143
f 1150 1142 1129
f 1145 1149 1143
f 1147 1145 1139
f 1142 1146 1141
f 1146 1148 1141
f 1147 1149 1145
f 1150 1146 1142
f 1269 1152 1147
f 1276 1264 1148
f 1149 1170 1143
f 1151 1150 1144
f 1171 1151 1144
f 1175 1149 1147
f 1150 1153 1146
f 1153 1148 1146
f 1153 1276 1148
f 1151 1153 1150
f 1174 1153 1151
f 1152 1175 1147
f 1155 1124 1122
f 1156 1154 1121
f 1155 1157 1124
f 1157 1155 518
f 1156 1160 1154
f 1157 1159 1124
f 1158 1156 1125
f 1158 1160 1156
f 1161 1159 1157
f 1161 1164 1159
f 1162 1160 1158
f 1163 1162 1158
f 1164 1173 1159
f 1154 1160 517
f 1161 1157 518
f 3118 1161 518
f 4175 3117 517
f 1160 4175 517
f 3118 4176 1161
f 1165 1164 1161
f 1162 1166 1160
f 1163 1218 1162
f 1218 1166 1162
f 1165 1219 1164
f 4176 1165 1161
f 1166 1167 1160
f 1167 4175 1160
f 4176 1168 1165
f 4176 1169 1168
f 1168 1220 1165
f 4185 1167 1166
f 1169 1220 1168
f 1175 1172 1170
f 1170 1163 1158
f 1173 1171 1159
f 1170 1172 1163
f 1173 1177 1171
f 1219 1192 1173
f 1175 1170 1149
f 1171 1174 1151
f 1177 1174 1171
f 1176 1175 1152
f 1174 1184 1153
f 1296 1194 1152
f 1207 1208 1153
f 1208 1210 1153
f 1210 1211 1153
f 1211 1216 1153
f 1216 1281 1153
f 1281 1282 1153
f 1282 1283 1153
f 1175 1176 1172
f 1178 1177 1173
f 1192 1178 1173
f 1193 1176 1152
f 1180 1182 1174
f 1181 1180 1174
f 1177 1181 1174
f 1182 1183 1174
f 1183 1184 1174
f 1194 1193 1152
f 1197 1195 1153
f 1184 1197 1153
f 1200 1199 1153
f 1195 1200 1153
f 1199 1203 1153
f 1203 1207 1153
f 1178 1179 1177
f 1179 1188 1177
f 1188 1181 1177
f 1187 1188 1179
f 1192 1179 1178
f 1192 1187 1179
f 1190 1182 1180
f 1190 1183 1182
f 1190 1191 1183
f 1191 1186 1183
f 1185 1196 1184
f 1185 1184 1183
f 1186 1185 1183
f 1181 1190 1180
f 1190 1188 1187
f 1188 1190 1181
f 1189 1190 1187
f 1191 1190 1189
f 1186 1201 1185
f 1229 1201 1186
f 1226 1202 1201
f 1197 1196 1195
f 1196 1197 1184
f 1199 1200 1198
f 1198 1200 1195
f 1196 1198 1195
f 1202 1198 1196
f 1201 1196 1185
f 1201 1202 1196
f 1203 1199 1198
f 1202 1204 1198
f 1204 1203 1198
f 1204 1205 1203
f 1206 1207 1203
f 1205 1206 1203
f 1209 1210 1208
f 1213 1209 1208
f 1211 1210 1209
f 1214 1211 1209
f 1208 1207 1206
f 1212 1206 1205
f 1212 1208 1206
f 1212 1213 1208
f 1213 1214 1209
f 1217 1216 1211
f 1214 1215 1211
f 1215 1217 1211
f 1217 1298 1216
f 1299 1217 1215
f 1298 1281 1216
f 1299 1298 1217
f 1221 1214 1213
f 1221 1215 1214
f 1225 1205 1204
f 1225 1204 1202
f 1230 1212 1205
f 1230 1213 1212
f 1221 1299 1215
f 1172 1218 1163
f 1219 1173 1164
f 1220 1219 1165
f 1222 1218 1172
f 1220 1233 1219
f 1218 4185 1166
f 1235 4185 1218
f 1219 1233 1192
f 1176 1222 1172
f 1222 1235 1218
f 1193 1222 1176
f 1228 1189 1187
f 1192 1233 1187
f 1223 1222 1193
f 1194 1236 1193
f 1229 1191 1189
f 1191 1229 1186
f 1228 1227 1189
f 1224 1225 1202
f 1229 1226 1201
f 1226 1224 1202
f 1227 1229 1189
f 1230 1221 1213
f 1225 1230 1205
f 1232 1299 1221
f 1299 1232 1231
f 1234 1223 1193
f 1233 1228 1187
f 1236 1234 1193
f 1243 1230 1225
f 1230 1242 1221
f 1238 1232 1221
f 1237 1233 1220
f 1239 4185 1235
f 4187 1237 1220
f 1223 1235 1222
f 1234 4188 1223
f 1240 1229 1227
f 1228 1241 1227
f 1233 1237 1228
f 1226 1244 1224
f 1246 1225 1224
f 1229 1245 1226
f 1237 1241 1228
f 1241 1240 1227
f 1240 1245 1229
f 1246 1243 1225
f 1243 1242 1230
f 1244 1246 1224
f 1245 1244 1226
f 1242 1238 1221
f 4188 1235 1223
f 4188 1239 1235
f 4190 4188 1234
f 1236 4216 1234
f 1241 4191 1240
f 4187 1241 1237
f 4191 1245 1240
f 1242 4199 1238
f 1243 4200 1242
f 1238 4195 1232
f 1232 4203 1231
f 4197 1319 1231
f 1251 1259 837
f 841 1252 838
f 1249 1248 837
f 1250 1247 838
f 1252 1250 838
f 1259 1249 837
f 1249 1255 1248
f 1247 1250 1135
f 1252 1258 1250
f 1254 1253 1252
f 1256 1255 1249
f 1259 1256 1249
f 1256 1267 1253
f 1254 1252 841
f 1248 1255 848
f 1255 1254 848
f 1255 1256 1254
f 1254 1256 1253
f 1250 1260 1135
f 1257 1260 1250
f 1258 1257 1250
f 1258 1261 1257
f 1264 1251 1140
f 1262 1259 1251
f 1264 1262 1251
f 1262 1263 1259
f 1253 1265 1252
f 1265 1258 1252
f 1263 1267 1259
f 1259 1267 1256
f 1267 1266 1253
f 1266 1265 1253
f 1266 1267 1263
f 1269 1260 1257
f 1265 1261 1258
f 1261 1270 1257
f 1264 1263 1262
f 1268 1266 1263
f 1266 1268 1265
f 1260 1269 1147
f 1270 1269 1257
f 1265 1271 1261
f 1271 1270 1261
f 1264 1276 1263
f 1268 1271 1265
f 1270 1272 1269
f 1276 1268 1263
f 1273 1271 1268
f 1269 1274 1152
f 1272 1274 1269
f 1271 1272 1270
f 1275 1272 1271
f 1276 1273 1268
f 1275 1274 1272
f 1273 1280 1271
f 1276 1278 1273
f 1274 1296 1152
f 1279 1275 1271
f 1275 1279 1274
f 1280 1279 1271
f 1283 1276 1153
f 1278 1280 1273
f 1277 1278 1276
f 1279 1296 1274
f 1283 1277 1276
f 1288 1278 1277
f 1287 1288 1277
f 1280 1296 1279
f 1294 1297 1280
f 1297 1296 1280
f 1283 1287 1277
f 1298 1282 1281
f 1298 1300 1282
f 1300 1285 1282
f 1284 1283 1282
f 1285 1284 1282
f 1284 1286 1283
f 1285 1286 1284
f 1289 1287 1283
f 1286 1291 1283
f 1292 1289 1283
f 1291 1292 1283
f 1294 1280 1278
f 1288 1294 1278
f 1290 1288 1287
f 1289 1290 1287
f 1290 1294 1288
f 1292 1290 1289
f 1292 1293 1290
f 1293 1294 1290
f 1295 1297 1294
f 1295 1294 1293
f 1299 1300 1298
f 1304 1291 1286
f 1302 1286 1285
f 1300 1299 1231
f 1285 1300 1231
f 1302 1304 1286
f 1301 1297 1295
f 1304 1292 1291
f 1304 1293 1292
f 1304 1295 1293
f 1304 1301 1295
f 1304 1303 1301
f 1296 1311 1194
f 1297 1312 1296
f 1302 1285 1231
f 1303 1304 1302
f 1303 1305 1301
f 1301 1312 1297
f 1311 1236 1194
f 1312 1311 1296
f 1319 1303 1302
f 1305 1312 1301
f 1307 1305 1303
f 1307 1306 1305
f 1315 1307 1303
f 1315 1316 1307
f 1307 1308 1306
f 1309 1308 1307
f 1313 1312 1305
f 1316 1309 1307
f 1309 1310 1308
f 1321 1310 1309
f 1306 4847 1305
f 1321 1314 1310
f 1312 1313 1311
f 4845 1313 1305
f 1308 4847 1306
f 1319 1302 1231
f 1319 1315 1303
f 1316 1317 1309
f 1319 1316 1315
f 1317 1318 1309
f 4196 1317 1316
f 1319 4196 1316
f 1320 1321 1318
f 4196 1318 1317
f 1318 1321 1309
f 1321 1320 1314
f 1320 4839 1314
f 1324 247 246
f 1322 1324 246
f 1324 1326 247
f 1348 1327 248
f 1323 1325 1322
f 1325 1324 1322
f 1325 1326 1324
f 1328 1347 1326
f 1328 1326 1325
f 1359 1328 1325
f 1356 1347 1328
f 252 1329 246
f 253 1329 252
f 1329 1322 246
f 1330 1329 253
f 1327 253 248
f 1327 1330 253
f 1331 1323 1322
f 1329 1331 1322
f 1330 1331 1329
f 1332 1331 1330
f 1357 1325 1323
f 1363 1357 1323
f 1331 1363 1323
f 1360 1363 1331
f 1332 1360 1331
f 1333 1330 1327
f 1333 1332 1330
f 1333 1370 1332
f 1349 1333 1327
f 1326 272 247
f 1326 1347 272
f 278 1348 248
f 1335 273 272
f 1334 1335 272
f 1335 278 273
f 1335 1342 278
f 1347 1334 272
f 1336 1335 1334
f 1337 1336 1334
f 1336 1342 1335
f 1343 1342 1336
f 1347 1337 1334
f 1347 1350 1337
f 1337 1338 1336
f 1340 1338 1337
f 1350 1340 1337
f 1340 1339 1338
f 1340 1341 1339
f 1351 1341 1340
f 1338 1343 1336
f 1344 1343 1338
f 1339 1344 1338
f 1341 1344 1339
f 1352 1346 1341
f 1346 1344 1341
f 1342 1348 278
f 1343 1348 1342
f 1345 1348 1343
f 1344 1345 1343
f 1346 1345 1344
f 1381 1382 1347
f 1348 1349 1327
f 1355 1349 1348
f 1382 1350 1347
f 1350 1351 1340
f 1351 1352 1341
f 1424 1352 1351
f 1425 1354 1352
f 1352 1354 1346
f 1382 1351 1350
f 1382 1424 1351
f 1426 1424 1382
f 1353 1348 1345
f 1353 1355 1348
f 1346 1354 1345
f 1354 1353 1345
f 1354 1434 1353
f 1434 1355 1353
f 1355 1385 1349
f 1435 1385 1355
f 1359 1356 1328
f 1371 1381 1356
f 1357 1359 1325
f 1358 1359 1357
f 1363 1364 1357
f 1364 1365 1357
f 1364 1363 1360
f 1365 1358 1357
f 1362 1359 1358
f 1367 1361 1358
f 1361 1362 1358
f 1366 1362 1361
f 1365 1367 1358
f 1365 1364 1360
f 1369 1365 1360
f 1369 1367 1365
f 1368 1366 1361
f 1367 1368 1361
f 1368 1409 1366
f 1369 1368 1367
f 1369 1375 1368
f 1370 1360 1332
f 1370 1372 1360
f 1398 1370 1333
f 1359 1362 1356
f 1362 1371 1356
f 1372 1369 1360
f 1399 1372 1370
f 1372 1378 1369
f 1366 1373 1362
f 1409 1373 1366
f 1375 1409 1368
f 1410 1374 1373
f 1373 1374 1362
f 1410 1376 1374
f 1374 1371 1362
f 1374 1377 1371
f 1377 1387 1371
f 1379 1401 1377
f 1378 1375 1369
f 1376 1377 1374
f 1378 1380 1375
f 1379 1377 1376
f 1550 1379 1376
f 1356 1381 1347
f 1386 1398 1349
f 1387 1381 1371
f 1387 1384 1381
f 1384 1382 1381
f 1384 1383 1382
f 1384 1388 1383
f 1385 1386 1349
f 1489 1386 1385
f 1387 1388 1384
f 1389 1398 1386
f 1489 1389 1386
f 1401 1390 1387
f 1390 1388 1387
f 1390 1395 1388
f 1392 1391 1390
f 1393 1392 1390
f 1391 1394 1390
f 1394 1395 1390
f 1527 1393 1390
f 1395 1396 1388
f 1349 1398 1333
f 1398 1399 1370
f 1399 1398 1389
f 1401 1387 1377
f 1400 1378 1372
f 1399 1400 1372
f 1521 1401 1379
f 1401 1521 1390
f 1404 1402 1400
f 1402 1380 1378
f 1400 1402 1378
f 1402 1552 1380
f 1403 1399 1389
f 1403 1400 1399
f 1403 1404 1400
f 1405 1406 1404
f 1408 1405 1404
f 1406 1532 1404
f 1408 1404 1403
f 1407 1408 1403
f 1397 1407 1403
f 1411 1409 1375
f 1409 1410 1373
f 1411 1410 1409
f 1411 1412 1410
f 1412 1415 1410
f 1414 1412 1411
f 1414 1411 1375
f 1410 1413 1376
f 1415 1413 1410
f 1413 1416 1376
f 1414 1415 1412
f 1548 1550 1376
f 1416 1548 1376
f 1415 1417 1413
f 1417 1416 1413
f 1420 1417 1415
f 1419 1548 1416
f 1417 1419 1416
f 1421 1419 1417
f 1419 1421 1418
f 1548 1419 1418
f 1420 1421 1417
f 1420 1415 1414
f 1380 1414 1375
f 1420 1414 1380
f 1551 1420 1380
f 1421 1422 1418
f 1422 1558 1418
f 1560 1422 1421
f 1560 1421 1420
f 1424 1425 1352
f 1426 1425 1424
f 1426 1427 1425
f 1428 1427 1426
f 1427 1434 1425
f 1425 1434 1354
f 1435 1434 1427
f 1429 1435 1427
f 1428 1429 1427
f 1431 1429 1428
f 1428 1426 1382
f 1430 1435 1429
f 1431 1428 1382
f 1383 1431 1382
f 1488 1431 1383
f 1431 1430 1429
f 1431 1432 1430
f 1488 1433 1431
f 1433 1432 1431
f 1432 1436 1430
f 1436 1435 1430
f 1437 1436 1432
f 1434 1435 1355
f 1435 1489 1385
f 1436 1489 1435
f 1437 1489 1436
f 1490 1489 1437
f 1446 1490 1437
f 1433 1438 1432
f 1491 1439 1433
f 1439 1438 1433
f 1491 1442 1439
f 1439 1440 1438
f 1442 1440 1439
f 1438 1437 1432
f 1438 1446 1437
f 1440 1446 1438
f 1447 1446 1440
f 1442 1441 1440
f 1442 1444 1441
f 1443 1444 1442
f 1445 1444 1443
f 1441 1447 1440
f 1448 1447 1441
f 1444 1448 1441
f 1445 1448 1444
f 1447 1494 1446
f 1448 1494 1447
f 1475 1495 1448
f 1449 1450 384
f 1451 1450 1449
f 1451 1452 1450
f 1455 1449 384
f 1454 1451 1449
f 1456 1453 1452
f 1454 1452 1451
f 1460 1456 1452
f 1452 1453 1450
f 387 1455 384
f 1455 1454 1449
f 1454 1460 1452
f 1462 1484 1459
f 1456 1457 1453
f 1458 1459 1457
f 1458 1457 1456
f 1461 1458 1456
f 1459 1479 1457
f 1462 1459 1458
f 1479 2169 1457
f 1460 1461 1456
f 1461 1462 1458
f 1483 1470 1469
f 1483 1474 1470
f 1464 1463 1445
f 1464 1465 1463
f 1464 1445 1443
f 1508 1464 1443
f 1472 1465 1464
f 1472 1467 1465
f 1508 1472 1464
f 1463 1475 1445
f 1465 1475 1463
f 1475 1448 1445
f 1476 1475 1465
f 1467 1476 1465
f 1477 1476 1467
f 1467 1468 1466
f 1472 1468 1467
f 1468 1470 1466
f 1472 1471 1468
f 1469 1470 1468
f 1471 1469 1468
f 1472 1509 1471
f 1477 1467 1466
f 1470 1477 1466
f 1473 1477 1470
f 1474 1473 1470
f 1474 1478 1473
f 1476 1510 1475
f 1478 1477 1473
f 1477 1510 1476
f 1478 1510 1477
f 1480 1479 1459
f 1480 1481 1479
f 1482 1481 1480
f 1484 1480 1459
f 1485 1483 1480
f 1483 1482 1480
f 1482 1483 1469
f 1484 1486 1480
f 1486 1485 1480
f 1485 1487 1483
f 1483 1487 1474
f 1481 2169 1479
f 1482 2169 1481
f 2170 2169 1482
f 2171 1482 1469
f 1471 2171 1469
f 2171 2170 1482
f 1512 2171 1471
f 2173 1484 1462
f 2173 1486 1484
f 1486 2173 1485
f 2174 1487 1485
f 1487 2174 1474
f 2174 1478 1474
f 2174 1511 1478
f 1488 1491 1433
f 1497 1488 1383
f 1388 1497 1383
f 1497 1491 1488
f 1489 1490 1389
f 1490 1500 1389
f 1496 1500 1490
f 1491 1492 1442
f 1493 1492 1491
f 1492 1508 1442
f 1508 1443 1442
f 1497 1493 1491
f 1494 1490 1446
f 1494 1496 1490
f 1495 1494 1448
f 1495 1496 1494
f 1501 1498 1497
f 1498 1499 1497
f 1499 1503 1497
f 1396 1497 1388
f 1500 1403 1389
f 1396 1501 1497
f 1500 1397 1403
f 1502 1397 1500
f 1505 1502 1500
f 1497 1503 1493
f 1503 1504 1493
f 1504 1514 1493
f 1505 1500 1496
f 1506 1505 1496
f 1507 1506 1496
f 1513 1508 1492
f 1508 1509 1472
f 1513 1509 1508
f 1493 1513 1492
f 1510 1495 1475
f 1510 1496 1495
f 1511 1510 1478
f 1510 1516 1496
f 1511 1516 1510
f 1509 1512 1471
f 1513 2200 1509
f 2200 1512 1509
f 2174 2197 1511
f 2197 2198 1511
f 2198 1516 1511
f 2198 2203 1516
f 1514 1513 1493
f 1514 1515 1513
f 1516 1507 1496
f 1517 1507 1516
f 1515 1518 1513
f 2201 2200 1513
f 1518 2201 1513
f 1519 1517 1516
f 2203 2204 1516
f 2204 1519 1516
f 1520 1523 1379
f 1550 1520 1379
f 1553 1523 1520
f 1523 1521 1379
f 1523 1522 1521
f 1521 1522 1390
f 1522 1527 1390
f 1525 1527 1522
f 1535 1527 1525
f 1575 1552 1402
f 1532 1524 1402
f 1524 1575 1402
f 1523 1576 1522
f 1576 1525 1522
f 1578 1575 1524
f 1540 1578 1524
f 1526 1393 1527
f 1404 1532 1402
f 1406 1531 1532
f 1528 1526 1527
f 1529 1528 1527
f 1530 1529 1527
f 1535 1530 1527
f 1536 1530 1535
f 1531 1533 1532
f 1533 1534 1532
f 1532 1540 1524
f 1534 1540 1532
f 1534 1541 1540
f 1580 1535 1525
f 1580 1545 1535
f 1537 1536 1535
f 1538 1537 1535
f 1539 1538 1535
f 1545 1539 1535
f 1544 1539 1545
f 1541 1542 1540
f 1542 1543 1540
f 1543 1586 1540
f 1546 1544 1545
f 1547 1546 1545
f 1590 1547 1545
f 1591 1547 1590
f 1558 1548 1418
f 1549 1554 1548
f 1558 1549 1548
f 1554 1550 1548
f 1554 1553 1550
f 1552 1551 1380
f 1550 1553 1520
f 1577 1556 1552
f 1553 1576 1523
f 1557 1576 1553
f 1579 1576 1557
f 1552 1555 1551
f 1551 1560 1420
f 1555 1560 1551
f 1556 1555 1552
f 1554 1557 1553
f 1566 1554 1549
f 1566 1557 1554
f 1583 1568 1556
f 1569 1579 1557
f 1603 1579 1569
f 1558 1559 1549
f 1561 1559 1558
f 1559 1565 1549
f 1565 1566 1549
f 1423 1558 1422
f 1561 1558 1423
f 1561 1562 1559
f 1560 1423 1422
f 1562 1563 1559
f 2067 1561 1423
f 2067 1562 1561
f 1564 2067 1423
f 1560 1564 1423
f 1563 1565 1559
f 2071 1565 1563
f 2071 1570 1565
f 1564 1560 1555
f 1556 1567 1555
f 1567 1564 1555
f 1568 1567 1556
f 1570 1566 1565
f 1568 2075 1567
f 1567 2072 1564
f 2075 2072 1567
f 1566 1569 1557
f 1570 1569 1566
f 1604 1571 1568
f 1572 1603 1569
f 1605 1603 1572
f 1570 1572 1569
f 1571 2075 1568
f 1604 1608 1571
f 1608 1573 1571
f 1573 2075 1571
f 2077 1605 1572
f 1608 1609 1573
f 1605 2077 1574
f 1575 1577 1552
f 1578 1577 1575
f 1576 1579 1525
f 1578 1581 1577
f 1577 1583 1556
f 1579 1580 1525
f 1582 1580 1579
f 1587 1581 1578
f 1580 1582 1545
f 1582 1590 1545
f 1584 1590 1582
f 1596 1590 1584
f 1581 1583 1577
f 1603 1582 1579
f 1585 1583 1581
f 1585 1604 1583
f 1603 1584 1582
f 1597 1585 1581
f 1606 1596 1584
f 1606 1611 1596
f 1597 1601 1585
f 1587 1578 1540
f 1586 1587 1540
f 1586 1588 1587
f 1588 1589 1587
f 1592 1591 1590
f 1596 1592 1590
f 1589 1597 1587
f 1587 1597 1581
f 1589 1598 1597
f 1593 1592 1596
f 1594 1593 1596
f 1595 1594 1596
f 1611 1595 1596
f 1598 1599 1597
f 1599 1600 1597
f 1600 1601 1597
f 1600 1602 1601
f 1602 1614 1601
f 1583 1604 1568
f 1603 1605 1584
f 1605 1606 1584
f 1607 1604 1585
f 1607 1608 1604
f 1606 1605 1574
f 1615 1606 1574
f 1615 1611 1606
f 1601 1607 1585
f 1620 1607 1601
f 1620 1610 1607
f 1610 1608 1607
f 1610 1609 1608
f 2078 1615 1574
f 1610 2102 1609
f 1612 1595 1611
f 1613 1612 1611
f 1617 1613 1611
f 1615 1617 1611
f 1616 1617 1615
f 2078 1616 1615
f 1620 1627 1610
f 1625 1617 1616
f 2101 1625 1616
f 1627 2102 1610
f 1614 1621 1601
f 1618 1613 1617
f 1621 1620 1601
f 1619 1618 1617
f 1621 1622 1620
f 1622 1623 1620
f 1623 1628 1620
f 1624 1619 1617
f 1625 1624 1617
f 1628 1627 1620
f 1626 1624 1625
f 1630 1626 1625
f 1628 1629 1627
f 1629 2104 1627
f 2105 1630 1625
f 1639 1632 1631
f 1633 1864 1632
f 1634 1633 1632
f 1642 1634 1632
f 1634 1636 1633
f 1635 1884 1633
f 1636 1635 1633
f 1637 1636 1634
f 1642 1638 1634
f 1638 1637 1634
f 2005 1640 1639
f 2005 5495 1640
f 1639 1641 1632
f 1640 1641 1639
f 1641 1642 1632
f 1643 1642 1641
f 1643 1641 1640
f 1643 1644 1642
f 1645 1638 1642
f 1644 1646 1642
f 1646 1645 1642
f 1647 1646 1644
f 1648 1647 1644
f 5497 1643 1640
f 5498 1644 1643
f 1649 1648 1644
f 5498 1649 1644
f 1709 1721 1659
f 1651 1663 1650
f 1659 1654 1651
f 1654 1663 1651
f 1713 1712 1650
f 1714 1713 1650
f 1709 1659 1651
f 1712 1709 1651
f 1712 1651 1650
f 1660 1653 1652
f 1660 1721 1653
f 1653 1820 1652
f 1659 1660 1655
f 1660 1656 1655
f 1656 1658 1655
f 1655 1678 1654
f 1658 1678 1655
f 1659 1655 1654
f 1657 1656 1652
f 1656 1660 1652
f 1819 1657 1652
f 1823 1658 1656
f 1657 1824 1656
f 1823 1683 1658
f 1721 1660 1659
f 1727 1666 1661
f 1662 1727 1661
f 1686 1662 1661
f 1688 1826 1662
f 1686 1688 1662
f 1677 1664 1663
f 1663 1665 1650
f 1664 1665 1663
f 1679 1670 1664
f 1677 1679 1664
f 1665 1714 1650
f 1697 1714 1665
f 1672 1665 1664
f 1699 1697 1665
f 1672 1699 1665
f 1739 1667 1666
f 1670 1672 1664
f 1673 1672 1670
f 1673 1670 1668
f 1670 1679 1669
f 1671 1670 1669
f 1670 1671 1668
f 1674 1699 1672
f 1673 1674 1672
f 1675 1692 1667
f 1676 1693 1675
f 1677 1663 1654
f 1678 1677 1654
f 1678 1681 1677
f 1679 1680 1669
f 1681 1680 1679
f 1681 1679 1677
f 1683 1682 1658
f 1682 1678 1658
f 1682 1681 1678
f 1683 1823 1682
f 1666 1686 1661
f 1684 1687 1666
f 1687 1686 1666
f 1667 1684 1666
f 1685 1684 1667
f 1691 1685 1667
f 1827 1688 1686
f 1680 1689 1669
f 1689 1671 1669
f 1689 1690 1671
f 1692 1691 1667
f 1693 1692 1675
f 1718 1714 1694
f 1695 1718 1694
f 1729 1718 1695
f 1698 1696 1694
f 1696 1695 1694
f 1714 1697 1694
f 1699 1698 1697
f 1697 1698 1694
f 1699 1701 1698
f 1700 1701 1699
f 1700 1699 1674
f 1702 1701 1700
f 1701 1703 1698
f 1698 1703 1696
f 1707 1703 1701
f 1702 1707 1701
f 1746 1708 1705
f 1708 1746 1704
f 1706 1707 1702
f 1712 1711 1709
f 1710 1721 1709
f 1712 1717 1711
f 1711 1710 1709
f 1713 1717 1712
f 1714 1718 1713
f 1739 1727 1715
f 1727 1739 1666
f 1716 1739 1715
f 1718 1717 1713
f 1719 1745 1716
f 1720 1719 1715
f 1724 1720 1715
f 1719 1716 1715
f 1721 1723 1653
f 1723 1721 1710
f 1723 1820 1653
f 1863 1820 1723
f 1726 1728 1722
f 1726 1735 1724
f 1735 1726 1722
f 1727 1725 1715
f 1725 1727 1662
f 1725 1726 1715
f 1728 1726 1725
f 1826 1725 1662
f 1826 1728 1725
f 1726 1724 1715
f 1717 1730 1711
f 1729 1730 1717
f 1731 1736 1710
f 1711 1731 1710
f 1724 1733 1720
f 1730 1731 1711
f 1733 1732 1720
f 1992 1731 1730
f 1733 1993 1732
f 1718 1729 1717
f 1720 1734 1719
f 1732 1734 1720
f 1747 1745 1719
f 1734 1747 1719
f 1994 1734 1732
f 1974 1747 1734
f 1736 1723 1710
f 1735 1737 1724
f 1737 1733 1724
f 1736 1863 1723
f 1863 1736 1631
f 1872 1737 1735
f 1995 1736 1731
f 1736 1995 1631
f 1738 1740 1716
f 1741 1740 1738
f 1743 1741 1738
f 1740 1739 1716
f 1739 1740 1667
f 1740 1675 1667
f 1745 1738 1716
f 1745 1746 1738
f 1746 1743 1738
f 1743 1744 1741
f 1744 1742 1741
f 1740 1741 1675
f 1741 1742 1675
f 1742 1676 1675
f 1743 1746 1705
f 1744 1743 1705
f 1745 1747 1704
f 1746 1745 1704
f 1671 1749 1668
f 1749 1673 1668
f 1751 1749 1748
f 1758 1748 1671
f 1748 1749 1671
f 1759 1752 1748
f 1749 1674 1673
f 1749 1779 1674
f 1750 1760 1676
f 1756 1761 1750
f 1752 1751 1748
f 1752 1754 1751
f 1753 1754 1752
f 1767 1754 1753
f 1751 1755 1749
f 1755 1779 1749
f 1754 1768 1751
f 1768 1755 1751
f 1690 1758 1671
f 1758 1759 1748
f 1759 1762 1752
f 1894 1758 1690
f 1760 1693 1676
f 1761 1760 1750
f 1765 1761 1756
f 1760 1907 1693
f 1762 1753 1752
f 1762 1763 1753
f 1763 1771 1753
f 1894 1759 1758
f 1894 1762 1759
f 1764 1771 1763
f 1892 1771 1764
f 1894 1763 1762
f 1893 1764 1763
f 1757 1765 1756
f 1766 1765 1757
f 1775 1766 1757
f 1761 1907 1760
f 1765 1896 1761
f 1775 1895 1766
f 1766 1896 1765
f 1767 1769 1754
f 1769 1768 1754
f 1770 1769 1767
f 1771 1767 1753
f 1771 1773 1767
f 1773 1772 1767
f 1892 1773 1771
f 1773 1897 1772
f 1897 1774 1772
f 1772 1770 1767
f 1774 1777 1772
f 1772 1777 1770
f 1776 1895 1775
f 1778 1777 1774
f 1779 1700 1674
f 1779 1702 1700
f 1779 1780 1702
f 1780 1779 1755
f 1781 1780 1755
f 1781 1782 1780
f 1780 1706 1702
f 1780 1782 1706
f 1783 1792 1705
f 1708 1783 1705
f 1784 1782 1781
f 1785 1792 1783
f 1784 2009 1782
f 1796 1784 1781
f 1796 1786 1784
f 1786 2014 1784
f 1807 2016 1786
f 1744 1788 1742
f 1788 1787 1742
f 1788 1791 1787
f 1742 1787 1676
f 1787 1750 1676
f 1787 1789 1750
f 1789 1756 1750
f 1792 1744 1705
f 1792 1788 1744
f 1791 1789 1787
f 1768 1781 1755
f 1791 1794 1789
f 1789 1790 1756
f 1790 1757 1756
f 1790 1801 1757
f 1794 1790 1789
f 1793 1791 1788
f 1792 1793 1788
f 1806 1794 1791
f 1793 1806 1791
f 1801 1775 1757
f 1793 1792 1785
f 1796 1781 1768
f 1797 1796 1768
f 1769 1797 1768
f 1798 1797 1769
f 1794 1795 1790
f 1795 1801 1790
f 1770 1798 1769
f 1806 1808 1794
f 1796 1797 1786
f 1798 1807 1797
f 1808 1795 1794
f 1808 1815 1795
f 1777 1799 1770
f 1799 1798 1770
f 1800 1799 1777
f 1799 1811 1798
f 1800 1812 1799
f 1801 1802 1775
f 1802 1776 1775
f 1803 1801 1795
f 1803 1802 1801
f 1803 1804 1802
f 1802 1929 1776
f 1929 1899 1776
f 1804 1929 1802
f 1815 1803 1795
f 1805 1800 1777
f 1778 1805 1777
f 1932 1805 1778
f 1815 1816 1803
f 1805 1818 1800
f 1816 1804 1803
f 1809 1806 1793
f 1809 1793 1785
f 1797 1807 1786
f 1810 1808 1806
f 1809 1810 1806
f 1810 1813 1808
f 2024 1810 1809
f 1811 1807 1798
f 1812 1811 1799
f 1814 1812 1800
f 1813 1815 1808
f 1811 2017 1807
f 1812 2023 1811
f 2026 1813 1810
f 1814 2025 1812
f 1817 1815 1813
f 1817 1816 1815
f 1818 1814 1800
f 1817 1941 1816
f 1942 1818 1805
f 1818 2029 1814
f 1830 1822 1819
f 1820 1819 1652
f 1820 1821 1819
f 1821 1866 1819
f 1822 1825 1657
f 1819 1822 1657
f 1824 1823 1656
f 1825 1824 1657
f 1832 1825 1822
f 1827 1828 1826
f 1827 1826 1688
f 1829 1827 1686
f 1829 1828 1827
f 1836 1829 1686
f 1830 1832 1822
f 1866 1830 1819
f 1832 1831 1825
f 1832 1833 1831
f 1833 1834 1831
f 1829 1835 1828
f 1836 1835 1829
f 1823 1824 1682
f 1824 1825 1682
f 1825 1831 1682
f 1831 1834 1682
f 1682 1856 1681
f 1856 1689 1680
f 1681 1856 1680
f 1687 1861 1686
f 1859 1690 1689
f 1685 1861 1684
f 1691 1861 1685
f 1692 1861 1691
f 1861 1687 1684
f 1693 1861 1692
f 1834 1856 1682
f 1858 1836 1686
f 1856 1859 1689
f 1859 1860 1690
f 1837 1832 1830
f 1839 1838 1830
f 1838 1837 1830
f 1866 1843 1830
f 1840 1843 1866
f 1841 1840 1866
f 1842 1839 1830
f 1843 1842 1830
f 1845 1833 1832
f 1847 1834 1833
f 1844 1845 1832
f 1845 1846 1833
f 1837 1844 1832
f 1846 1848 1833
f 1848 1847 1833
f 1847 1849 1834
f 1849 1855 1834
f 1836 1853 1835
f 1851 1850 1835
f 1852 1851 1835
f 1853 1852 1835
f 1854 1853 1836
f 1857 1854 1836
f 1855 1856 1834
f 1861 1858 1686
f 1858 1857 1836
f 1863 1821 1820
f 1728 1862 1722
f 1862 1865 1722
f 1863 1864 1821
f 1865 1871 1722
f 1871 1735 1722
f 1870 1871 1865
f 1826 1828 1728
f 1828 1862 1728
f 1867 1866 1821
f 1864 1867 1821
f 1868 1865 1862
f 1869 1867 1864
f 1869 1864 1633
f 1873 1871 1870
f 1868 1870 1865
f 1835 1862 1828
f 1868 1862 1835
f 1864 1863 1631
f 1871 1872 1735
f 1632 1864 1631
f 1874 1872 1871
f 1873 1874 1871
f 1874 1875 1872
f 1875 2044 1872
f 1867 1841 1866
f 1869 1878 1867
f 1876 1841 1867
f 1877 1876 1867
f 1878 1877 1867
f 1879 1878 1869
f 1881 1880 1868
f 1880 1882 1868
f 1882 1885 1868
f 1883 1869 1633
f 1887 1873 1870
f 1885 1870 1868
f 1883 1879 1869
f 1884 1883 1633
f 1886 1887 1870
f 1885 1886 1870
f 1881 1868 1835
f 1850 1881 1835
f 1888 1874 1873
f 1887 1888 1873
f 1888 1889 1874
f 1890 1875 1874
f 1891 2044 1875
f 1889 1890 1874
f 1890 1891 1875
f 1893 1892 1764
f 1894 1893 1763
f 1903 1894 1690
f 1895 1896 1766
f 1896 1907 1761
f 1907 1908 1693
f 1860 1903 1690
f 1913 1861 1693
f 1908 1913 1693
f 1892 1893 1773
f 1893 1897 1773
f 1894 1897 1893
f 1897 1898 1774
f 1898 1897 1894
f 1898 1901 1774
f 1896 1895 1776
f 1899 1896 1776
f 1899 1907 1896
f 1900 1907 1899
f 1901 1778 1774
f 1901 1902 1778
f 1904 1898 1894
f 1903 1904 1894
f 1904 1905 1898
f 1906 1901 1898
f 1905 1906 1898
f 1908 1907 1900
f 1909 1908 1900
f 1933 1909 1900
f 1906 1910 1901
f 1910 1911 1901
f 1911 1902 1901
f 1911 1935 1902
f 1860 1912 1903
f 1912 1914 1903
f 1921 1913 1908
f 1915 1904 1903
f 1917 1905 1904
f 1918 1906 1905
f 1914 1915 1903
f 1915 1916 1904
f 1916 1917 1904
f 1917 1918 1905
f 1918 1919 1906
f 1919 1920 1906
f 1920 1925 1906
f 1909 1923 1908
f 1933 1924 1909
f 1922 1921 1908
f 1923 1922 1908
f 1924 1923 1909
f 1925 1910 1906
f 1926 1911 1910
f 1928 1935 1911
f 1925 1926 1910
f 1926 1927 1911
f 1927 1928 1911
f 1929 1930 1899
f 1931 1929 1804
f 1931 1930 1929
f 1930 1900 1899
f 1902 1932 1778
f 1937 1932 1902
f 1940 1931 1804
f 1816 1940 1804
f 1932 1942 1805
f 1940 1943 1931
f 1930 1933 1900
f 1934 1933 1930
f 1936 1934 1930
f 1931 1936 1930
f 1935 1937 1902
f 1943 1936 1931
f 1937 1938 1932
f 1938 1939 1932
f 1941 1940 1816
f 1939 1942 1932
f 1942 2055 1818
f 1941 1944 1940
f 1944 1943 1940
f 1946 1942 1939
f 1945 1944 1941
f 1934 1949 1933
f 1947 1924 1933
f 1948 1947 1933
f 1949 1948 1933
f 1950 1949 1934
f 1951 1950 1934
f 1936 1951 1934
f 1954 1937 1935
f 1928 1953 1935
f 1952 1951 1936
f 1953 1954 1935
f 1943 1955 1936
f 1957 1938 1937
f 1959 1939 1938
f 1955 1952 1936
f 1956 1955 1943
f 1961 1956 1943
f 1954 1957 1937
f 1957 1958 1938
f 1958 1959 1938
f 1959 1960 1939
f 1944 1962 1943
f 1963 1946 1939
f 1962 1961 1943
f 1960 1963 1939
f 1945 1968 1944
f 1964 1962 1944
f 1965 1964 1944
f 1966 1965 1944
f 1963 1967 1946
f 1968 1966 1944
f 1970 1968 1945
f 1969 1970 1945
f 1967 1971 1946
f 1696 1972 1695
f 1973 1972 1696
f 1972 1990 1695
f 1703 1973 1696
f 1980 1973 1703
f 1975 1990 1972
f 1973 1977 1972
f 1998 1990 1975
f 1977 1976 1972
f 1976 1975 1972
f 1980 1984 1973
f 1984 1977 1973
f 2004 1978 1974
f 1707 1980 1703
f 1974 1981 1747
f 1747 1981 1704
f 1979 1980 1707
f 1985 1981 1974
f 1979 1707 1706
f 1981 1983 1704
f 1983 1708 1704
f 1982 1979 1706
f 1988 1983 1981
f 1986 1980 1979
f 1986 1984 1980
f 1978 1985 1974
f 1987 1986 1979
f 1982 1987 1979
f 1985 1988 1981
f 1989 1992 1730
f 1990 1729 1695
f 1989 1730 1729
f 1990 1989 1729
f 1992 1995 1731
f 1993 1991 1732
f 1997 1992 1989
f 1990 1998 1989
f 2001 1995 1992
f 1993 2002 1991
f 1991 1994 1732
f 1994 1974 1734
f 2003 1994 1991
f 1994 2004 1974
f 1737 1996 1733
f 1996 1993 1733
f 1995 1639 1631
f 2043 1996 1737
f 1995 2005 1639
f 1996 2007 1993
f 2043 2008 1996
f 1998 1997 1989
f 1997 2000 1992
f 2000 2001 1992
f 2002 1999 1991
f 2007 2002 1993
f 2003 2004 1994
f 1999 2003 1991
f 2001 2005 1995
f 2006 2007 1996
f 2008 2006 1996
f 5515 1998 1975
f 1977 5516 1976
f 1976 5517 1975
f 1984 5520 1977
f 2004 5522 1978
f 1986 5521 1984
f 5524 1985 1978
f 1987 5525 1986
f 5527 1988 1985
f 5530 2000 1997
f 1998 5532 1997
f 5534 2001 2000
f 2002 5533 1999
f 2007 5535 2002
f 5536 2003 1999
f 5537 2004 2003
f 5538 2005 2001
f 5540 2007 2006
f 2008 5539 2006
f 1782 1982 1706
f 2009 1982 1782
f 1983 2010 1708
f 2010 1783 1708
f 2011 2010 1983
f 2010 2015 1783
f 2014 2009 1784
f 2015 1785 1783
f 2014 2018 2009
f 2013 2015 2010
f 2009 1987 1982
f 2009 2012 1987
f 1988 2011 1983
f 2011 2013 2010
f 2018 2012 2009
f 2019 2015 2013
f 2016 2014 1786
f 2017 2016 1807
f 2016 2020 2014
f 2017 2021 2016
f 2020 2018 2014
f 2019 2030 2015
f 2021 2020 2016
f 2033 2021 2017
f 2022 1809 1785
f 2015 2022 1785
f 2022 2024 1809
f 2030 2022 2015
f 2032 2024 2022
f 2023 2017 1811
f 2025 2023 1812
f 2024 2026 1810
f 2027 2025 1814
f 2029 2027 1814
f 2023 2033 2017
f 2025 2035 2023
f 2034 2026 2024
f 2027 2038 2025
f 2028 1817 1813
f 2026 2028 1813
f 2028 2054 1817
f 2055 2029 1818
f 2037 2028 2026
f 2029 2041 2027
f 2030 2031 2022
f 2031 2032 2022
f 2035 2033 2023
f 2032 2034 2024
f 2038 2035 2025
f 2034 2036 2026
f 2036 2037 2026
f 2039 2038 2027
f 2041 2039 2027
f 2037 2040 2028
f 2040 2042 2028
f 2058 2041 2029
f 2042 2057 2028
f 2012 5545 1987
f 5547 2011 1988
f 2018 5549 2012
f 5551 2013 2011
f 5552 2019 2013
f 2020 5553 2018
f 5558 2030 2019
f 2021 5555 2020
f 2033 5556 2021
f 5559 2031 2030
f 5560 2032 2031
f 2035 5561 2033
f 5560 2034 2032
f 2038 5562 2035
f 5563 2036 2034
f 5564 2037 2036
f 2039 5566 2038
f 2041 5569 2039
f 5568 2040 2037
f 5572 2042 2040
f 2058 5571 2041
f 1872 2043 1737
f 2044 2043 1872
f 2044 2045 2043
f 2043 2046 2008
f 2045 2046 2043
f 2047 2046 2045
f 1891 2048 2044
f 2048 2049 2044
f 2049 2045 2044
f 2049 2050 2045
f 2050 2047 2045
f 2050 2051 2047
f 2051 2052 2047
f 2046 5542 2008
f 2047 5542 2046
f 2052 2053 2047
f 2053 5583 2047
f 2054 1941 1817
f 2054 1945 1941
f 1946 2055 1942
f 2057 2054 2028
f 2055 2058 2029
f 2058 2055 1946
f 2054 2056 1945
f 2060 2056 2054
f 2059 2058 1946
f 2057 2060 2054
f 2731 2059 1946
f 2056 2062 1945
f 2062 1969 1945
f 1971 2061 1946
f 2061 2064 1946
f 2060 2063 2056
f 2064 2731 1946
f 2063 2062 2056
f 2065 2063 2060
f 2066 2065 2060
f 5586 2057 2042
f 2059 5587 2058
f 5588 2060 2057
f 2731 5587 2059
f 5589 2066 2060
f 2067 2069 1562
f 2068 2067 1564
f 2069 1563 1562
f 2069 2070 1563
f 2068 2069 2067
f 2070 2069 2068
f 2070 2085 1563
f 2084 2068 1564
f 2072 2084 1564
f 2073 2071 1563
f 2084 2070 2068
f 2085 2073 1563
f 2084 2085 2070
f 2085 2074 2073
f 2073 2074 2071
f 2075 2087 2072
f 2087 2084 2072
f 2079 2087 2075
f 2071 2080 1570
f 2074 2080 2071
f 2080 1572 1570
f 2079 2075 1573
f 2080 2077 1572
f 2080 2082 2077
f 1609 2076 1573
f 2076 2079 1573
f 2077 2082 1574
f 2082 2078 1574
f 2097 2076 1609
f 2081 2079 2076
f 2093 2082 2080
f 2082 2094 2078
f 2097 2081 2076
f 2097 2098 2081
f 2094 2083 2078
f 2098 2095 2081
f 2086 2085 2084
f 2087 2086 2084
f 2086 2089 2085
f 2085 2089 2074
f 2089 2088 2074
f 2087 2090 2086
f 2088 2092 2074
f 2090 2089 2086
f 2089 2090 2088
f 2090 2127 2088
f 2128 2092 2088
f 2127 2090 2087
f 2091 2127 2087
f 2092 2080 2074
f 2092 2093 2080
f 2096 2091 2087
f 2132 2093 2092
f 2096 2087 2079
f 2081 2096 2079
f 2095 2096 2081
f 2093 2094 2082
f 2094 2136 2083
f 2098 2099 2095
f 2137 2096 2095
f 2096 2134 2091
f 2135 2094 2093
f 2135 2136 2094
f 2136 2100 2083
f 2099 2137 2095
f 2102 2097 1609
f 2078 2083 1616
f 2102 2103 2097
f 2103 2098 2097
f 2119 2099 2098
f 2083 2101 1616
f 2106 2102 1627
f 2101 2105 1625
f 2106 2103 2102
f 2118 2105 2101
f 2106 2121 2103
f 2104 2106 1627
f 2111 1630 2105
f 2112 2111 2105
f 2104 2107 2106
f 2107 2108 2106
f 2108 2109 2106
f 2109 2110 2106
f 2110 2117 2106
f 2113 2112 2105
f 2114 2113 2105
f 2115 2114 2105
f 2116 2115 2105
f 2117 2121 2106
f 2124 2116 2105
f 2122 2116 2124
f 2100 2101 2083
f 2103 2119 2098
f 2118 2101 2100
f 2118 2124 2105
f 2121 2119 2103
f 2151 2124 2118
f 2121 2156 2119
f 2117 2120 2121
f 2123 2122 2124
f 2125 2123 2124
f 2120 2126 2121
f 2126 2153 2121
f 2154 2125 2124
f 2127 2128 2088
f 2128 2131 2092
f 2133 2127 2091
f 2129 2128 2127
f 2138 2130 2129
f 2129 2130 2128
f 2130 2131 2128
f 2133 2129 2127
f 2133 2138 2129
f 2132 2135 2093
f 2131 2132 2092
f 2134 2133 2091
f 2145 2135 2132
f 2137 2134 2096
f 2136 2147 2100
f 2149 2137 2099
f 2134 2146 2133
f 2143 2136 2135
f 2137 2148 2134
f 2143 2147 2136
f 2147 2150 2100
f 2149 2148 2137
f 2138 2139 2130
f 2141 2131 2130
f 2140 2132 2131
f 2139 2141 2130
f 2141 2140 2131
f 2139 2138 2133
f 2144 2139 2133
f 2142 2141 2139
f 2141 2142 2140
f 5718 2145 2140
f 2144 5719 2139
f 2145 2143 2135
f 2140 2145 2132
f 2146 2144 2133
f 2145 5723 2143
f 2148 2146 2134
f 2146 5725 2144
f 5724 2147 2143
f 2148 5727 2146
f 5724 5726 2147
f 5726 5728 2147
f 5728 2150 2147
f 2149 5760 2148
f 5760 5727 2148
f 5728 5759 2150
f 2150 2118 2100
f 2119 2152 2099
f 2150 2151 2118
f 2156 2152 2119
f 2151 2157 2124
f 2152 2149 2099
f 2153 2156 2121
f 2157 2154 2124
f 2155 2154 2157
f 2153 2158 2156
f 2159 2155 2157
f 2161 2159 2157
f 5759 2151 2150
f 2152 5762 2149
f 2156 5768 2152
f 5763 2157 2151
f 5761 5763 2151
f 5762 5760 2149
f 5759 5761 2151
f 5768 5762 2152
f 5763 5773 2157
f 2158 2160 2156
f 2160 5768 2156
f 5773 2161 2157
f 2160 2162 5768
f 5774 2161 5773
f 1450 2163 382
f 1453 2164 1450
f 2164 2163 1450
f 1457 2165 1453
f 2165 2164 1453
f 2175 2165 1457
f 2166 1455 387
f 1455 2166 1454
f 2166 1460 1454
f 929 2166 387
f 2166 2167 1460
f 2168 1461 1460
f 2168 1462 1461
f 2167 2168 1460
f 2168 2173 1462
f 2163 944 925
f 2164 2177 2163
f 2165 2179 2164
f 2189 2166 929
f 2191 2167 2166
f 2192 2168 2167
f 2193 2173 2168
f 2169 2175 1457
f 2170 2175 2169
f 2171 2183 2170
f 2195 2183 2171
f 2173 2172 1485
f 2172 2174 1485
f 2182 2175 2170
f 2175 2181 2165
f 2182 2181 2175
f 2183 2182 2170
f 2173 2184 2172
f 2184 2174 2172
f 2184 2186 2174
f 2186 2221 2174
f 2181 2180 2165
f 2163 2176 944
f 2177 2176 2163
f 2178 2177 2164
f 2190 2191 2166
f 2179 2178 2164
f 2180 2179 2165
f 2191 2192 2167
f 2192 2193 2168
f 2193 2185 2173
f 2185 2184 2173
f 2182 2237 2181
f 2183 2238 2182
f 2245 2186 2184
f 2181 2187 2180
f 2188 2187 2181
f 2237 2188 2181
f 2193 2194 2185
f 2185 2245 2184
f 2188 2236 2187
f 2238 2237 2182
f 2282 2238 2183
f 2189 2190 2166
f 2177 2240 2176
f 2242 2189 949
f 2194 2247 2185
f 2246 2227 2186
f 2245 2246 2186
f 2195 2171 1512
f 2196 2195 1512
f 2196 2199 2195
f 2200 2196 1512
f 2200 2226 2196
f 2224 2203 2198
f 2195 2199 2183
f 2222 2199 2196
f 2226 2222 2196
f 2221 2197 2174
f 2221 2223 2197
f 2223 2198 2197
f 2223 2224 2198
f 2224 2228 2203
f 2201 2215 2200
f 1518 2202 2201
f 2202 2206 2201
f 2228 2204 2203
f 2205 1519 2204
f 2210 2205 2204
f 2206 2216 2201
f 2212 2210 2204
f 2219 2212 2204
f 2215 2226 2200
f 2228 2218 2204
f 2206 2207 2216
f 2216 2215 2201
f 2207 2208 2217
f 2208 2209 2408
f 2207 2217 2216
f 2208 2408 2217
f 2211 2212 2219
f 2218 2219 2204
f 2213 2211 2220
f 2214 2213 2419
f 2419 2213 2220
f 2220 2211 2219
f 2199 2225 2183
f 2222 2225 2199
f 2227 2221 2186
f 2226 2285 2222
f 2225 2282 2183
f 2284 2225 2222
f 2285 2284 2222
f 2284 2283 2225
f 2230 2226 2215
f 2216 2230 2215
f 2217 2231 2216
f 2408 2232 2217
f 2229 2285 2226
f 2230 2229 2226
f 2231 2230 2216
f 2287 2223 2221
f 2289 2224 2223
f 2288 2228 2224
f 2227 2287 2221
f 2287 2289 2223
f 2289 2288 2224
f 2228 2291 2218
f 2234 2219 2218
f 2235 2220 2219
f 2232 2231 2217
f 2408 2433 2232
f 2288 2291 2228
f 2291 2233 2218
f 2233 2234 2218
f 2234 2235 2219
f 2235 2439 2220
f 2179 2239 2178
f 2187 2249 2180
f 2180 2248 2179
f 2237 2236 2188
f 2236 2259 2187
f 2237 2260 2236
f 2238 2261 2237
f 2178 2241 2177
f 2243 2190 2189
f 2244 2191 2190
f 2239 2241 2178
f 2176 2240 1001
f 2241 2240 2177
f 2250 2192 2191
f 2251 2193 2192
f 1004 2242 949
f 2242 2243 2189
f 2243 2244 2190
f 2248 2239 2179
f 2249 2248 2180
f 2259 2249 2187
f 2250 2251 2192
f 2251 2262 2193
f 2244 2250 2191
f 2262 2194 2193
f 2247 2245 2185
f 2262 2247 2194
f 2247 2263 2245
f 2263 2246 2245
f 2264 2286 2246
f 2261 2260 2237
f 2296 2261 2238
f 2263 2264 2246
f 2249 2256 2248
f 2259 2253 2249
f 2328 2241 2239
f 2240 2324 1001
f 2241 2327 2240
f 2248 2254 2239
f 2330 2251 2250
f 2329 2262 2251
f 2328 2323 2241
f 2254 2255 2239
f 2256 2254 2248
f 2258 2257 2249
f 2252 2258 2249
f 2253 2252 2249
f 2257 2256 2249
f 2255 2328 2239
f 2331 2329 2251
f 2258 2331 2257
f 2256 2330 2254
f 2257 2331 2256
f 2331 2258 2252
f 2253 2331 2252
f 2341 2329 2253
f 2270 2259 2236
f 2260 2265 2236
f 2266 2270 2236
f 2265 2266 2236
f 2262 2274 2247
f 2275 2263 2247
f 2270 2269 2259
f 2271 2265 2260
f 2272 2271 2260
f 2261 2278 2260
f 2278 2272 2260
f 2279 2278 2261
f 2306 2279 2261
f 2268 2267 2259
f 2259 2267 2253
f 2269 2268 2259
f 2274 2275 2247
f 2273 2274 2262
f 2340 2273 2262
f 2341 2340 2262
f 2329 2341 2262
f 2275 2266 2265
f 2274 2270 2266
f 2271 2275 2265
f 2272 2277 2271
f 2268 2340 2267
f 2267 2341 2253
f 2269 2273 2268
f 2270 2273 2269
f 2274 2273 2270
f 2275 2274 2266
f 2340 2341 2267
f 2273 2340 2268
f 2275 2277 2263
f 2277 2276 2263
f 2277 2275 2271
f 2276 2277 2272
f 2280 2264 2263
f 2278 2280 2272
f 2279 2281 2278
f 2306 2281 2279
f 2276 2280 2263
f 2280 2276 2272
f 2281 2280 2278
f 2280 2281 2264
f 2281 2310 2264
f 2306 2310 2281
f 2283 2290 2225
f 2296 2282 2225
f 2282 2296 2238
f 2246 2286 2227
f 2286 2300 2227
f 2300 2287 2227
f 2284 2297 2283
f 2285 2298 2284
f 2289 2305 2288
f 2290 2296 2225
f 2299 2286 2264
f 2304 2289 2287
f 2297 2290 2283
f 2298 2297 2284
f 2302 2298 2285
f 2299 2300 2286
f 2300 2303 2287
f 2303 2304 2287
f 2304 2305 2289
f 2305 2355 2288
f 2302 2285 2229
f 2230 2292 2229
f 2231 2292 2230
f 2232 2293 2231
f 2433 2294 2232
f 2355 2291 2288
f 2291 2342 2233
f 2343 2234 2233
f 2344 2235 2234
f 2345 2439 2235
f 2294 2293 2232
f 2433 2295 2294
f 2292 2322 2229
f 2322 2302 2229
f 2354 2342 2291
f 2342 2343 2233
f 2355 2354 2291
f 2293 2292 2231
f 2295 2357 2294
f 2308 2296 2290
f 2297 2313 2290
f 2301 2300 2299
f 2301 2303 2300
f 2302 2320 2298
f 2296 2306 2261
f 2309 2308 2290
f 2313 2309 2290
f 2307 2306 2296
f 2308 2307 2296
f 2310 2299 2264
f 2311 2301 2299
f 2307 2310 2306
f 2308 2311 2307
f 2309 2312 2308
f 2310 2311 2299
f 2311 2310 2307
f 2311 2312 2301
f 2312 2346 2301
f 2346 2347 2301
f 2312 2311 2308
f 2313 2346 2309
f 2346 2312 2309
f 2298 2317 2297
f 2347 2303 2301
f 2349 2304 2303
f 2321 2320 2302
f 2314 2313 2297
f 2315 2314 2297
f 2316 2315 2297
f 2317 2316 2297
f 2318 2317 2298
f 2319 2318 2298
f 2320 2319 2298
f 2347 2348 2303
f 2314 2347 2313
f 2315 2348 2314
f 2316 2348 2315
f 2347 2346 2313
f 2348 2347 2314
f 2317 2349 2316
f 2349 2348 2316
f 2318 2349 2317
f 2319 2350 2318
f 2322 2365 2302
f 2367 2322 2292
f 2364 2321 2302
f 2365 2364 2302
f 2337 2242 1004
f 2334 2243 2242
f 2333 2244 2243
f 2339 2250 2244
f 2324 2326 1001
f 2327 2325 2240
f 2325 2324 2240
f 2323 2327 2241
f 2337 2338 2242
f 2338 2334 2242
f 2334 2335 2243
f 2335 2333 2243
f 2325 2334 2324
f 2333 2327 2323
f 2328 2339 2323
f 2327 2334 2325
f 2339 2333 2323
f 2339 2332 2250
f 2332 2330 2250
f 2330 2331 2251
f 2333 2339 2244
f 2330 2255 2254
f 2332 2328 2255
f 2330 2332 2255
f 2331 2330 2256
f 2329 2331 2253
f 2332 2339 2328
f 2336 2337 1004
f 2337 2326 2324
f 2334 2338 2324
f 2337 2336 2326
f 2338 2337 2324
f 2335 2334 2327
f 2333 2335 2327
f 2344 2345 2235
f 2343 2344 2234
f 2362 2345 2344
f 2353 2355 2305
f 2351 2305 2304
f 2348 2349 2303
f 2349 2350 2304
f 2350 2351 2304
f 2351 2352 2305
f 2352 2353 2305
f 2350 2349 2318
f 2351 2350 2319
f 2320 2351 2319
f 2321 2351 2320
f 2352 2351 2321
f 2353 2352 2321
f 2355 2369 2354
f 2354 2370 2342
f 2384 2343 2342
f 2294 2377 2293
f 2357 2356 2294
f 2358 2357 2295
f 2359 2358 2295
f 2596 2359 2295
f 2357 2361 2356
f 2358 2362 2357
f 2359 2362 2358
f 2360 2361 2344
f 2361 2362 2344
f 2362 2363 2345
f 2363 2599 2345
f 2361 2360 2356
f 2362 2361 2357
f 2363 2362 2359
f 2599 2363 2359
f 2293 2372 2292
f 2356 2379 2294
f 2388 2344 2343
f 2390 2360 2344
f 2360 2391 2356
f 2366 2365 2322
f 2367 2366 2322
f 2368 2355 2353
f 2368 2369 2355
f 2369 2370 2354
f 2371 2367 2292
f 2372 2371 2292
f 2364 2353 2321
f 2365 2368 2364
f 2364 2368 2353
f 2369 2368 2365
f 2370 2369 2365
f 2366 2370 2365
f 2377 2372 2293
f 2378 2377 2294
f 2379 2378 2294
f 2375 2379 2356
f 2370 2373 2342
f 2373 2374 2342
f 2374 2383 2342
f 2383 2384 2342
f 2373 2370 2366
f 2367 2373 2366
f 2374 2373 2367
f 2371 2374 2367
f 2372 2374 2371
f 2383 2374 2372
f 2381 2384 2372
f 2384 2383 2372
f 2385 2384 2381
f 2391 2375 2356
f 2386 2388 2343
f 2388 2389 2344
f 2389 2390 2344
f 2384 2386 2343
f 2390 2391 2360
f 2377 2376 2372
f 2376 2381 2372
f 2377 2381 2376
f 2380 2379 2375
f 2382 2380 2375
f 2385 2381 2377
f 2379 2389 2378
f 2378 2388 2377
f 2388 2385 2377
f 2390 2389 2379
f 2389 2388 2378
f 2391 2382 2375
f 2380 2382 2379
f 2382 2390 2379
f 2385 2386 2384
f 2387 2386 2385
f 2388 2387 2385
f 2387 2388 2386
f 2391 2390 2382
f 2400 2401 2418
f 2401 2402 2418
f 2209 2392 2408
f 2392 2393 2409
f 2392 2409 2408
f 2393 2394 2409
f 2394 2410 2409
f 2395 2214 2419
f 2396 2395 2420
f 2397 2396 2420
f 2394 2398 2410
f 2398 2399 2410
f 2399 2400 2410
f 2400 2418 2411
f 2400 2411 2410
f 2403 2397 2421
f 2404 2403 2421
f 2422 2404 2421
f 2405 2404 2422
f 2406 2405 2422
f 2407 2406 2422
f 2418 2427 2411
f 2425 2407 2422
f 2402 2412 2418
f 2412 2413 2418
f 2413 2428 2418
f 2414 2407 2425
f 2428 2427 2418
f 2413 2416 2428
f 2416 2417 2430
f 2417 2448 2430
f 2416 2430 2428
f 2420 2395 2419
f 2421 2397 2420
f 2415 2414 2441
f 2423 2415 2441
f 2441 2414 2425
f 2424 2423 2442
f 2454 2424 2442
f 2442 2423 2441
f 2409 2433 2408
f 2410 2432 2409
f 2432 2433 2409
f 2434 2432 2410
f 2427 2429 2411
f 2411 2436 2410
f 2436 2434 2410
f 2429 2426 2411
f 2426 2436 2411
f 2428 2429 2427
f 2444 2429 2428
f 2430 2444 2428
f 2429 2431 2426
f 2444 2431 2429
f 2440 2420 2419
f 2435 2421 2420
f 2439 2419 2220
f 2439 2440 2419
f 2440 2435 2420
f 2438 2422 2421
f 2438 2443 2422
f 2435 2437 2421
f 2437 2438 2421
f 2443 2425 2422
f 2446 2441 2425
f 2446 2442 2441
f 2447 2483 2442
f 2443 2446 2425
f 2431 2564 2426
f 2444 2564 2431
f 2445 2444 2430
f 2446 2447 2442
f 2448 2449 2482
f 2448 2482 2430
f 2465 2464 2476
f 2467 2465 2476
f 2499 2467 2476
f 2449 2450 2469
f 2450 2451 2471
f 2451 2452 2471
f 2452 2453 2471
f 2453 2459 2471
f 2450 2471 2469
f 2456 2455 2470
f 2455 2454 2483
f 2458 2457 2475
f 2457 2456 2470
f 2463 2458 2475
f 2475 2457 2470
f 2482 2449 2469
f 2483 2454 2442
f 2455 2483 2470
f 2459 2460 2473
f 2460 2461 2473
f 2459 2473 2471
f 2461 2462 2474
f 2461 2474 2473
f 2471 2472 2469
f 2473 2472 2471
f 2464 2463 2475
f 2477 2464 2475
f 2478 2475 2470
f 2478 2477 2475
f 2464 2477 2476
f 2462 2466 2481
f 2466 2468 2481
f 2462 2481 2474
f 2477 2479 2476
f 2479 2501 2476
f 2468 2480 2481
f 2488 2482 2469
f 2483 2484 2470
f 2482 2445 2430
f 2472 2489 2469
f 2473 2489 2472
f 2474 2486 2473
f 2489 2488 2469
f 2491 2489 2473
f 2486 2491 2473
f 2484 2478 2470
f 2490 2484 2483
f 2478 2485 2477
f 2484 2485 2478
f 2481 2498 2474
f 2498 2486 2474
f 2536 2479 2477
f 2485 2536 2477
f 2492 2491 2486
f 2498 2492 2486
f 2537 2536 2485
f 2482 2487 2445
f 2488 2487 2482
f 2489 2493 2488
f 2488 2493 2487
f 2490 2483 2447
f 2490 2494 2484
f 2495 2485 2484
f 2492 2496 2491
f 2498 2496 2492
f 2497 2537 2485
f 2491 2589 2489
f 2496 2583 2491
f 2585 2493 2489
f 2494 2495 2484
f 2495 2497 2485
f 2583 2589 2491
f 2498 2543 2496
f 2621 2583 2496
f 2500 2499 2502
f 2502 2499 2476
f 2501 2502 2476
f 2480 2503 2510
f 2480 2510 2481
f 2503 2505 2510
f 2504 2500 2512
f 2512 2500 2502
f 2505 2513 2510
f 2510 2511 2481
f 2540 2512 2502
f 2513 2511 2510
f 2506 2504 2512
f 2514 2506 2512
f 2505 2507 2513
f 2508 2506 2514
f 2507 2509 2513
f 2509 2529 2513
f 2540 2514 2512
f 2515 2516 2756
f 2756 2516 2530
f 2518 2508 2530
f 2520 2518 2530
f 2516 2520 2530
f 2521 2522 2527
f 2522 2764 2527
f 2523 2526 2527
f 2524 2521 2527
f 2525 2524 2527
f 2526 2525 2527
f 2530 2508 2514
f 2509 2517 2529
f 2517 2519 2529
f 2528 2530 2514
f 2532 2530 2528
f 2532 2531 2530
f 2531 2756 2530
f 2764 2534 2527
f 2533 2532 2528
f 2766 2533 2528
f 2532 2533 2531
f 2533 2766 2531
f 2519 2523 2535
f 2519 2535 2529
f 2535 2523 2527
f 2534 2535 2527
f 2767 2535 2534
f 2536 2501 2479
f 2539 2502 2501
f 2536 2539 2501
f 2537 2539 2536
f 2538 2537 2497
f 2538 2544 2537
f 2544 2539 2537
f 2615 2538 2497
f 2615 2622 2538
f 2511 2541 2481
f 2541 2498 2481
f 2539 2540 2502
f 2513 2541 2511
f 2540 2542 2514
f 2542 2546 2514
f 2542 2540 2539
f 2546 2542 2539
f 2548 2541 2513
f 2546 2547 2514
f 2555 2548 2513
f 2541 2543 2498
f 2545 2543 2541
f 2543 2621 2496
f 2623 2621 2543
f 2626 2544 2538
f 2622 2626 2538
f 2549 2623 2543
f 2544 2546 2539
f 2548 2545 2541
f 2553 2546 2544
f 2553 2547 2546
f 2548 2555 2545
f 2626 2550 2544
f 2545 2549 2543
f 2550 2553 2544
f 2551 2549 2545
f 2551 2627 2549
f 2547 2528 2514
f 2529 2555 2513
f 2547 2552 2528
f 2535 2555 2529
f 2552 2766 2528
f 2557 2766 2552
f 2767 2556 2535
f 2556 2555 2535
f 2553 2552 2547
f 2554 2553 2550
f 2553 2554 2552
f 2554 2662 2552
f 2555 2551 2545
f 2555 2658 2551
f 2660 2658 2555
f 2665 2557 2552
f 2662 2665 2552
f 2556 2664 2555
f 2433 2432 2295
f 2434 2559 2432
f 2436 2560 2434
f 2561 2436 2426
f 2564 2558 2426
f 2561 2560 2436
f 2558 2561 2426
f 2594 2440 2439
f 2440 2595 2435
f 2432 2559 2295
f 2560 2559 2434
f 2594 2439 2345
f 2595 2562 2435
f 2594 2595 2440
f 2562 2437 2435
f 2563 2438 2437
f 2561 2572 2560
f 2559 2596 2295
f 2560 2598 2559
f 2562 2563 2437
f 2570 2561 2558
f 2565 2446 2443
f 2573 2564 2444
f 2445 2566 2444
f 2563 2443 2438
f 2563 2565 2443
f 2582 2447 2446
f 2564 2573 2558
f 2566 2573 2444
f 2586 2566 2445
f 2565 2582 2446
f 2577 2565 2563
f 2577 2582 2565
f 2582 2613 2447
f 2597 2596 2559
f 2598 2597 2559
f 2572 2567 2560
f 2567 2598 2560
f 2570 2571 2561
f 2569 2568 2558
f 2575 2569 2558
f 2568 2570 2558
f 2571 2572 2561
f 2604 2572 2571
f 2605 2571 2570
f 2606 2607 2563
f 2569 2607 2568
f 2575 2607 2569
f 2606 2570 2568
f 2606 2605 2570
f 2607 2606 2568
f 2573 2575 2558
f 2574 2575 2573
f 2576 2574 2573
f 2576 2578 2574
f 2579 2573 2566
f 2579 2576 2573
f 2609 2577 2563
f 2607 2609 2563
f 2607 2575 2574
f 2578 2609 2574
f 2609 2607 2574
f 2609 2578 2577
f 2610 2582 2577
f 2610 2578 2576
f 2579 2610 2576
f 2578 2610 2577
f 2580 2579 2566
f 2581 2580 2566
f 2586 2581 2566
f 2580 2612 2579
f 2610 2611 2582
f 2611 2612 2582
f 2611 2610 2579
f 2612 2611 2579
f 2614 2612 2580
f 2581 2614 2580
f 2690 2614 2581
f 2487 2586 2445
f 2613 2490 2447
f 2493 2584 2487
f 2589 2585 2489
f 2585 2584 2493
f 2584 2588 2487
f 2695 2494 2490
f 2589 2625 2585
f 2587 2586 2487
f 2613 2619 2490
f 2588 2587 2487
f 2585 2588 2584
f 2637 2588 2585
f 2621 2589 2583
f 2625 2633 2585
f 2586 2590 2581
f 2591 2590 2586
f 2587 2591 2586
f 2590 2690 2581
f 2591 2690 2590
f 2592 2591 2587
f 2592 2691 2591
f 2593 2592 2587
f 2588 2593 2587
f 2603 2595 2594
f 2595 2601 2562
f 2600 2594 2345
f 2605 2563 2562
f 2596 2599 2359
f 2597 2600 2596
f 2598 2603 2597
f 2602 2598 2567
f 2572 2608 2567
f 2602 2603 2598
f 2608 2601 2567
f 2601 2602 2567
f 2600 2603 2594
f 2599 2600 2345
f 2600 2599 2596
f 2603 2600 2597
f 2603 2602 2595
f 2602 2601 2595
f 2604 2605 2562
f 2608 2604 2562
f 2601 2608 2562
f 2604 2608 2572
f 2605 2604 2571
f 2605 2606 2563
f 2612 2614 2582
f 2614 2613 2582
f 2614 2690 2613
f 2617 2497 2495
f 2616 2615 2497
f 2617 2616 2497
f 2695 2495 2494
f 2697 2617 2495
f 2617 2618 2616
f 2619 2695 2490
f 2695 2697 2495
f 2620 2618 2617
f 2697 2620 2617
f 2620 2646 2618
f 2621 2624 2589
f 2623 2629 2621
f 2629 2624 2621
f 2628 2622 2615
f 2616 2628 2615
f 2624 2625 2589
f 2633 2625 2624
f 2634 2633 2624
f 2636 2634 2624
f 2618 2639 2616
f 2639 2640 2616
f 2631 2636 2624
f 2628 2626 2622
f 2628 2630 2626
f 2627 2623 2549
f 2627 2629 2623
f 2626 2630 2550
f 2659 2629 2627
f 2643 2628 2616
f 2640 2643 2616
f 2629 2631 2624
f 2641 2636 2631
f 2643 2630 2628
f 2643 2655 2630
f 2659 2661 2629
f 2661 2631 2629
f 2632 2641 2631
f 2656 2655 2643
f 2633 2638 2585
f 2634 2635 2633
f 2638 2637 2585
f 2635 2638 2633
f 2646 2639 2618
f 2636 2642 2634
f 2642 2635 2634
f 2638 2705 2637
f 2648 2638 2635
f 2648 2705 2638
f 2645 2640 2639
f 2644 2643 2640
f 2645 2644 2640
f 2641 2678 2636
f 2678 2642 2636
f 2644 2671 2643
f 2671 2656 2643
f 2677 2641 2632
f 2677 2678 2641
f 2646 2645 2639
f 2646 2647 2645
f 2645 2650 2644
f 2647 2650 2645
f 2642 2651 2635
f 2651 2648 2635
f 2713 2705 2648
f 2725 2713 2648
f 2650 2649 2644
f 2674 2671 2644
f 2649 2674 2644
f 2727 2650 2647
f 2650 2727 2649
f 2728 2727 2647
f 2651 2652 2648
f 2652 2725 2648
f 2630 2653 2550
f 2653 2554 2550
f 2654 2653 2630
f 2653 2662 2554
f 2654 2662 2653
f 2655 2654 2630
f 2656 2657 2655
f 2655 2663 2654
f 2657 2663 2655
f 2672 2669 2657
f 2658 2627 2551
f 2658 2659 2627
f 2660 2659 2658
f 2664 2660 2555
f 2660 2661 2659
f 2664 2661 2660
f 2661 2666 2631
f 2666 2632 2631
f 2670 2677 2632
f 2666 2670 2632
f 2665 2662 2654
f 2663 2665 2654
f 2669 2663 2657
f 2672 2862 2669
f 2665 2861 2557
f 2664 2666 2661
f 2667 2666 2664
f 2668 2665 2663
f 2669 2668 2663
f 2863 2667 2664
f 2668 2861 2665
f 2667 2864 2666
f 2864 2670 2666
f 2669 2862 2668
f 2863 2864 2667
f 2673 2657 2656
f 2671 2673 2656
f 2678 2681 2642
f 2673 2672 2657
f 2673 2682 2672
f 2675 2673 2671
f 2681 2651 2642
f 2674 2675 2671
f 2727 2674 2649
f 2727 2676 2674
f 2676 2730 2652
f 2680 2676 2652
f 2684 2675 2674
f 2675 2683 2673
f 2676 2684 2674
f 2680 2684 2676
f 2679 2678 2677
f 2679 2677 2670
f 2679 2687 2678
f 2687 2681 2678
f 2680 2652 2651
f 2688 2680 2651
f 2681 2688 2651
f 2688 2684 2680
f 2682 2873 2672
f 2689 2682 2673
f 2683 2689 2673
f 2684 2685 2675
f 2685 2683 2675
f 2685 2689 2683
f 2686 2679 2670
f 2873 2862 2672
f 2874 2686 2670
f 2686 2882 2679
f 2689 2875 2682
f 2882 2687 2679
f 2688 2685 2684
f 2878 2688 2681
f 2688 2878 2685
f 2687 2878 2681
f 2691 2619 2613
f 2690 2691 2613
f 2691 2690 2591
f 2692 2691 2592
f 2691 2692 2619
f 2692 2696 2619
f 2696 2692 2592
f 2696 2695 2619
f 2593 2696 2592
f 2698 2696 2593
f 2693 2593 2588
f 2637 2703 2588
f 2694 2693 2588
f 2703 2694 2588
f 2693 2698 2593
f 2694 2700 2693
f 2696 2698 2695
f 2699 2697 2695
f 2697 2701 2620
f 2699 2698 2693
f 2700 2699 2693
f 2703 2701 2694
f 2701 2700 2694
f 2698 2699 2695
f 2699 2700 2697
f 2700 2701 2697
f 2703 2702 2701
f 2701 2702 2620
f 2702 2711 2620
f 2705 2704 2637
f 2704 2703 2637
f 2705 2706 2704
f 2703 2704 2702
f 2707 2706 2705
f 2708 2707 2705
f 2709 2708 2705
f 2710 2709 2705
f 2704 2706 2702
f 2707 2711 2706
f 2716 2710 2705
f 2708 2711 2707
f 2709 2712 2708
f 2717 2716 2705
f 2711 2646 2620
f 2719 2647 2646
f 2711 2712 2646
f 2712 2719 2646
f 2719 2720 2647
f 2706 2711 2702
f 2712 2711 2708
f 2710 2712 2709
f 2716 2720 2710
f 2719 2712 2710
f 2720 2719 2710
f 2713 2715 2705
f 2715 2717 2705
f 2714 2715 2713
f 2725 2714 2713
f 2717 2718 2716
f 2718 2721 2716
f 2720 2721 2647
f 2721 2723 2647
f 2729 2728 2647
f 2726 2729 2647
f 2723 2726 2647
f 2721 2720 2716
f 2724 2723 2721
f 2722 2724 2721
f 2723 2724 2722
f 2725 2728 2714
f 2729 2715 2714
f 2729 2726 2715
f 2728 2729 2714
f 2730 2725 2652
f 2726 2717 2715
f 2722 2718 2717
f 2723 2722 2717
f 2722 2721 2718
f 2726 2723 2717
f 2730 2728 2725
f 2728 2730 2727
f 2727 2730 2676
f 2064 2732 2731
f 2732 6486 2731
f 2733 2752 2753
f 2734 2735 2753
f 2735 2733 2753
f 2736 2734 2769
f 2737 2736 2769
f 2738 2737 2769
f 2778 2738 2769
f 2739 2738 2778
f 2740 2739 2778
f 2801 2740 2781
f 2781 2740 2778
f 2819 2801 2781
f 2742 2741 2756
f 2743 2742 2756
f 2744 2743 2757
f 2749 2744 2757
f 2741 2515 2756
f 2748 2747 2759
f 2747 2750 2759
f 2746 2748 2759
f 2752 2749 2753
f 2751 2755 2760
f 2769 2734 2753
f 2755 2754 2760
f 2750 2751 2760
f 2757 2743 2756
f 2757 2756 2531
f 2758 2749 2757
f 2750 2760 2759
f 2766 2758 2757
f 2749 2758 2753
f 2763 2769 2753
f 2754 2770 2761
f 2754 2761 2760
f 2758 2763 2753
f 2771 2762 2761
f 2764 2745 2534
f 2745 2746 2765
f 2765 2746 2759
f 2745 2765 2534
f 2768 2765 2759
f 2760 2768 2759
f 2766 2757 2531
f 2766 2785 2758
f 2786 2768 2760
f 2765 2767 2534
f 2768 2767 2765
f 2785 2763 2758
f 2761 2786 2760
f 2788 2786 2761
f 2762 2788 2761
f 2787 2779 2763
f 2771 2772 2774
f 2772 2773 2774
f 2773 2775 2774
f 2775 2776 2774
f 2775 2777 2776
f 2777 2811 2776
f 2770 2771 2761
f 2771 2774 2762
f 2779 2778 2769
f 2779 2769 2763
f 2774 2780 2762
f 2779 2782 2778
f 2776 2780 2774
f 2782 2781 2778
f 2811 2783 2776
f 2784 2819 2781
f 2783 2780 2776
f 2811 2820 2783
f 2782 2784 2781
f 2780 2792 2762
f 2791 2782 2779
f 2783 2793 2780
f 2820 2794 2783
f 2785 2766 2557
f 2767 2768 2556
f 2768 2786 2556
f 2790 2785 2557
f 2786 2789 2556
f 2785 2787 2763
f 2792 2788 2762
f 2790 2787 2785
f 2788 2789 2786
f 2790 2791 2787
f 2792 2789 2788
f 2789 2860 2556
f 2860 2664 2556
f 2866 2790 2557
f 2799 2860 2789
f 2787 2791 2779
f 2791 2795 2782
f 2793 2792 2780
f 2796 2791 2790
f 2792 2793 2789
f 2796 2795 2791
f 2793 2797 2789
f 2795 2784 2782
f 2794 2793 2783
f 2795 2840 2784
f 2820 2839 2794
f 2794 2797 2793
f 2796 2840 2795
f 2839 2797 2794
f 2798 2796 2790
f 2797 2799 2789
f 2892 2798 2790
f 2851 2799 2797
f 2800 2801 2819
f 2802 2800 2819
f 2803 2802 2822
f 2804 2803 2822
f 2805 2804 2822
f 2806 2805 2823
f 2807 2806 2823
f 2822 2802 2819
f 2808 2807 2823
f 2809 2808 2836
f 2836 2808 2823
f 6931 2809 2836
f 2777 2810 2811
f 2810 2812 2811
f 2812 2813 2811
f 2813 2814 2821
f 2814 2815 2821
f 2815 2816 2818
f 2816 2817 2818
f 2821 2820 2811
f 2821 2826 2820
f 2841 2819 2784
f 2813 2821 2811
f 2841 2822 2819
f 2827 2805 2822
f 2805 2827 2823
f 2824 2815 2818
f 2815 2824 2821
f 2825 2824 2818
f 2824 2826 2821
f 2825 2828 2824
f 2841 2827 2822
f 2827 2831 2823
f 2830 2826 2824
f 2828 2830 2824
f 2841 2843 2827
f 2843 2831 2827
f 2826 2829 2820
f 2842 2841 2784
f 2830 2829 2826
f 2832 2830 2828
f 2817 2833 2818
f 2833 2834 2818
f 2833 2835 2834
f 2835 6929 2834
f 2834 2837 2818
f 2838 2836 2823
f 2837 2825 2818
f 2831 2838 2823
f 2837 2828 2825
f 2844 2838 2831
f 6929 2837 2834
f 2838 6932 2836
f 2837 2832 2828
f 2840 2842 2784
f 2829 2846 2820
f 2846 2839 2820
f 2845 2840 2796
f 2839 2851 2797
f 2847 2845 2796
f 2846 2851 2839
f 2845 2842 2840
f 2842 2843 2841
f 2843 2844 2831
f 2847 2843 2842
f 2830 2849 2829
f 2847 2844 2843
f 2832 2850 2830
f 2845 2847 2842
f 2847 2848 2844
f 2849 2846 2829
f 2850 2849 2830
f 2849 2851 2846
f 2850 2851 2849
f 2853 2848 2847
f 2798 2853 2796
f 2851 2852 2799
f 2854 2852 2851
f 2853 2847 2796
f 2854 2851 2850
f 2844 2856 2838
f 2837 2855 2832
f 2848 2856 2844
f 2855 2850 2832
f 2856 6932 2838
f 6945 2855 2837
f 2855 6949 2850
f 2857 2856 2848
f 2857 6946 2856
f 2853 2857 2848
f 6949 2854 2850
f 2858 2857 2853
f 6949 2859 2854
f 2861 2866 2557
f 2860 2863 2664
f 2868 2863 2860
f 2866 2861 2668
f 2865 2866 2668
f 2862 2865 2668
f 2867 2865 2862
f 2873 2867 2862
f 2868 2864 2863
f 2864 2870 2670
f 2870 2874 2670
f 2867 2869 2865
f 2868 2870 2864
f 2866 2871 2790
f 2872 2868 2860
f 2871 2866 2865
f 2869 2871 2865
f 2895 2869 2867
f 2872 2870 2868
f 2889 2874 2870
f 2888 2871 2869
f 2889 2896 2874
f 2872 2889 2870
f 2876 2873 2682
f 2875 2876 2682
f 2882 2878 2687
f 2877 2881 2873
f 2873 2883 2867
f 2876 2877 2873
f 2880 2876 2875
f 2880 2877 2876
f 2874 2896 2686
f 2896 2882 2686
f 2882 2886 2878
f 2879 2689 2685
f 2879 2875 2689
f 2878 2886 2685
f 2879 2880 2875
f 2886 2879 2685
f 2886 2880 2879
f 2881 2883 2873
f 2884 2881 2877
f 2885 2886 2882
f 2884 2883 2881
f 2883 2895 2867
f 2887 2884 2877
f 2896 2885 2882
f 2880 2887 2877
f 2886 2899 2880
f 2899 2887 2880
f 2871 2892 2790
f 2872 2860 2799
f 2893 2872 2799
f 2895 2888 2869
f 2895 2891 2888
f 2888 2892 2871
f 2893 2889 2872
f 2893 2890 2889
f 2892 2894 2798
f 2852 2903 2799
f 2903 2893 2799
f 2894 2905 2798
f 2891 2892 2888
f 2894 2892 2891
f 2893 2904 2890
f 2902 2894 2891
f 2903 2904 2893
f 2891 2895 2883
f 2884 2900 2883
f 2896 2897 2885
f 2899 2886 2885
f 2897 2899 2885
f 2900 2891 2883
f 2898 2900 2884
f 2897 2896 2889
f 2890 2897 2889
f 2887 2898 2884
f 2899 2898 2887
f 2900 2902 2891
f 2901 2900 2898
f 2914 2897 2890
f 2914 2899 2897
f 2912 2902 2900
f 2901 2913 2900
f 2913 2912 2900
f 2904 2914 2890
f 2914 2923 2899
f 2899 2901 2898
f 2923 2901 2899
f 2905 2853 2798
f 2854 2903 2852
f 2902 2905 2894
f 2924 2906 2902
f 2908 2905 2902
f 2909 2904 2903
f 2911 2903 2854
f 2905 2907 2853
f 2907 2910 2853
f 2910 2932 2853
f 2931 2911 2854
f 2906 2908 2902
f 2908 2907 2905
f 2911 2909 2903
f 2908 2910 2907
f 2930 2908 2906
f 2945 2930 2906
f 2933 2910 2908
f 2911 2931 2909
f 2934 2926 2909
f 2913 2915 2912
f 2912 2924 2902
f 2915 2924 2912
f 2916 2924 2915
f 2909 2914 2904
f 2926 2923 2914
f 2917 2913 2901
f 2918 2917 2901
f 2923 2918 2901
f 2918 2920 2917
f 2917 2915 2913
f 2920 2919 2917
f 2917 2919 2915
f 2919 2916 2915
f 2920 2922 2919
f 2923 2920 2918
f 2919 2921 2916
f 2922 2921 2919
f 2921 2927 2916
f 2922 2928 2921
f 2923 2922 2920
f 2925 2924 2916
f 2927 2925 2916
f 2926 2914 2909
f 2926 2929 2923
f 2924 2945 2906
f 2925 2949 2924
f 2928 2927 2921
f 2923 2929 2922
f 2929 2928 2922
f 2927 2947 2925
f 2928 2947 2927
f 2929 2947 2928
f 2940 2931 2854
f 2932 2858 2853
f 2859 2940 2854
f 2933 2932 2910
f 2930 2933 2908
f 2934 2946 2926
f 2931 2934 2909
f 2936 2933 2930
f 2935 2937 2932
f 2936 2935 2933
f 2945 2938 2930
f 2938 2936 2930
f 2933 2935 2932
f 2940 2941 2931
f 2941 2946 2934
f 2941 2934 2931
f 2932 2937 2858
f 2937 2942 2858
f 2942 7321 2858
f 2944 2940 2859
f 7320 2944 2859
f 2936 7317 2935
f 2944 2941 2940
f 2946 2941 2939
f 2943 2937 2935
f 2943 2942 2937
f 7317 2943 2935
f 2938 7313 2936
f 7313 7317 2936
f 2944 7320 2941
f 2941 7318 2939
f 2938 2945 2924
f 2950 2929 2926
f 2946 2948 2926
f 2949 2938 2924
f 2947 2949 2925
f 2948 2950 2926
f 2950 2947 2929
f 7342 2949 2947
f 2948 2946 2939
f 2949 7339 2938
f 7319 2948 2939
f 7339 7313 2938
f 7344 2950 2948
f 2950 7348 2947
f 2952 3006 2951
f 3008 3011 2969
f 2973 2952 2951
f 3010 3006 2952
f 3011 2974 2969
f 2973 2953 2952
f 2953 3010 2952
f 3011 2975 2974
f 2975 3011 2954
f 2973 2989 2953
f 3020 3010 2953
f 2989 2955 2953
f 2956 2975 2954
f 3062 3020 2953
f 2955 3062 2953
f 2989 3030 2955
f 2977 2978 2957
f 2958 2977 2957
f 2962 2977 2958
f 2959 2963 2958
f 2963 2994 2962
f 2963 2962 2958
f 3107 2963 2959
f 2966 2965 2964
f 2977 2966 2964
f 2978 2977 2964
f 2979 2968 2967
f 2979 2980 2968
f 2968 2972 2967
f 2970 2979 2967
f 2964 2973 2951
f 2969 2972 2968
f 2965 2973 2964
f 2985 2973 2965
f 2971 2966 2962
f 2966 2971 2965
f 2972 2976 2967
f 2976 2970 2967
f 2971 2985 2965
f 2974 2972 2969
f 2974 2975 2972
f 2975 2988 2972
f 2988 2976 2972
f 2982 2981 2979
f 2981 2980 2979
f 2983 2982 2979
f 2966 2977 2962
f 2983 2979 2970
f 2983 2961 2960
f 2982 2983 2960
f 2993 2983 2970
f 2986 2971 2962
f 2983 2995 2961
f 2993 2995 2983
f 3037 2994 2963
f 2996 3103 2995
f 3107 2984 2963
f 2984 3037 2963
f 2990 2985 2971
f 2976 2987 2970
f 2986 2990 2971
f 2992 2987 2976
f 2985 2989 2973
f 3033 2989 2985
f 2988 2992 2976
f 2988 2975 2956
f 2990 3033 2985
f 2992 3038 2987
f 3032 2990 2986
f 2991 2992 2988
f 2991 2988 2956
f 3033 3030 2989
f 3034 2992 2991
f 2994 2986 2962
f 2987 2993 2970
f 2996 2995 2993
f 2997 2996 2993
f 2994 3031 2986
f 2997 2993 2987
f 3037 3031 2994
f 3038 2997 2987
f 2997 2998 2996
f 2998 3108 2996
f 2999 3000 466
f 3002 3001 463
f 3000 3002 464
f 3003 3009 465
f 3004 3003 465
f 3005 3000 2999
f 3002 3016 3001
f 3005 3002 3000
f 3012 3009 3003
f 3018 3012 3003
f 3005 3015 3002
f 3004 3018 3003
f 3006 2999 466
f 3009 3007 467
f 3006 3010 3005
f 3011 3008 3007
f 3006 3005 2999
f 3009 3012 3007
f 3012 3011 3007
f 3012 3018 3011
f 3014 3013 471
f 3013 3004 471
f 3001 3014 473
f 3024 3014 3001
f 3014 3024 3013
f 3013 3025 3004
f 3016 3024 3001
f 3025 3026 3004
f 3024 3025 3013
f 3015 3016 3002
f 3026 3018 3004
f 3063 3059 3015
f 3059 3016 3015
f 3026 3023 3018
f 3059 3072 3016
f 3026 3073 3023
f 3010 3019 3005
f 3018 3017 3011
f 3020 3019 3010
f 3019 3015 3005
f 3011 3017 2954
f 3017 3022 2954
f 3019 3021 3015
f 3020 3021 3019
f 3023 3022 3018
f 3018 3022 3017
f 3062 3021 3020
f 3021 3063 3015
f 3023 3064 3022
f 3022 3065 2954
f 3065 2956 2954
f 3027 3024 3016
f 3027 3025 3024
f 3072 3027 3016
f 3028 3026 3025
f 3028 3073 3026
f 3027 3075 3025
f 3075 3028 3025
f 3030 3069 2955
f 3045 3080 3030
f 3109 3043 2984
f 3032 3035 2990
f 3031 3032 2986
f 3040 3038 3034
f 3035 3033 2990
f 3029 2991 2956
f 3036 3034 2991
f 3029 3036 2991
f 3034 3038 2992
f 3047 3032 3031
f 3052 3047 3031
f 3035 3045 3033
f 3033 3045 3030
f 3100 3036 3029
f 3046 3035 3032
f 3100 3049 3036
f 3036 3048 3034
f 3048 3040 3034
f 3039 3037 2984
f 3037 3052 3031
f 3038 3041 2997
f 3042 2998 2997
f 3042 3108 2998
f 3043 3039 2984
f 3041 3042 2997
f 3039 3052 3037
f 3040 3041 3038
f 3044 3137 3042
f 3044 3042 3041
f 3050 3045 3035
f 3046 3050 3035
f 3100 3101 3049
f 3047 3046 3032
f 3049 3048 3036
f 3052 3167 3047
f 3049 3051 3048
f 3054 3167 3052
f 3050 3183 3045
f 3101 3168 3049
f 3214 3050 3046
f 3047 3169 3046
f 3051 3058 3048
f 3167 3169 3047
f 3168 3051 3049
f 3043 3053 3039
f 3055 3041 3040
f 3054 3052 3039
f 3053 3054 3039
f 3132 3057 3043
f 3055 3044 3041
f 3055 3141 3044
f 3057 3053 3043
f 3048 3058 3040
f 3058 3055 3040
f 3058 3056 3055
f 3056 3366 3055
f 3058 3172 3056
f 3063 3060 3059
f 3073 3070 3023
f 3060 3072 3059
f 3063 3061 3060
f 3076 3072 3060
f 3073 3071 3070
f 3061 3076 3060
f 3076 3089 3072
f 3062 3063 3021
f 3067 3065 3022
f 3064 3067 3022
f 3066 3063 3062
f 3065 3029 2956
f 3069 3062 2955
f 3065 3068 3029
f 3070 3064 3023
f 3069 3079 3062
f 3066 3083 3063
f 3079 3066 3062
f 3068 3100 3029
f 3067 3068 3065
f 3080 3069 3030
f 3078 3068 3067
f 3070 3071 3064
f 3063 3083 3061
f 3082 3067 3064
f 3071 3082 3064
f 3072 3075 3027
f 3074 3073 3028
f 3075 3074 3028
f 3074 3090 3073
f 3089 3075 3072
f 3089 3092 3075
f 3073 3090 3071
f 3075 3092 3074
f 3094 3090 3074
f 3083 3076 3061
f 3077 3089 3076
f 3091 3082 3071
f 3083 3077 3076
f 3083 3088 3077
f 3088 3197 3077
f 3079 3088 3066
f 3085 3079 3069
f 3081 3100 3068
f 3078 3081 3068
f 3080 3085 3069
f 3084 3081 3078
f 3082 3078 3067
f 3088 3083 3066
f 3082 3087 3078
f 3091 3087 3082
f 3085 3186 3079
f 3183 3080 3045
f 3084 3086 3081
f 3184 3085 3080
f 3087 3084 3078
f 3186 3088 3079
f 3087 3185 3084
f 3095 3092 3089
f 3090 3091 3071
f 3096 3091 3090
f 3091 3096 3087
f 3097 3096 3090
f 3092 3094 3074
f 3093 3094 3092
f 3095 3093 3092
f 3094 3097 3090
f 3190 3095 3089
f 3190 3089 3077
f 3097 3098 3096
f 3098 3192 3096
f 3193 3094 3093
f 3095 3193 3093
f 3196 3097 3094
f 3193 3099 3094
f 3099 3196 3094
f 3096 3192 3087
f 3101 3100 3081
f 3086 3101 3081
f 3213 3101 3086
f 507 3102 505
f 3107 2959 505
f 2961 2995 506
f 3103 508 506
f 2995 3103 506
f 3102 3107 505
f 3103 3104 508
f 513 3105 507
f 3106 514 508
f 3104 3106 508
f 3105 3102 507
f 3108 3103 2996
f 3110 3104 3103
f 3109 3107 3102
f 3111 3109 3102
f 3108 3110 3103
f 3107 3109 2984
f 3131 3110 3108
f 3105 3111 3102
f 3113 3111 3105
f 3114 3113 3105
f 3112 3106 3104
f 3110 3112 3104
f 3112 3122 3106
f 3123 3135 3113
f 3134 3112 3110
f 3113 3133 3111
f 3134 3124 3112
f 3106 3115 514
f 3114 3105 513
f 3115 3116 516
f 3119 3114 513
f 3122 3115 3106
f 3119 3125 3114
f 3122 3116 3115
f 3122 3126 3116
f 3117 3119 515
f 3116 3118 518
f 3126 3118 3116
f 3120 3125 3119
f 3120 3119 3117
f 3126 3121 3118
f 3114 3123 3113
f 3125 3123 3114
f 3124 3126 3122
f 3125 3128 3123
f 3146 3135 3123
f 3128 3146 3123
f 3124 3122 3112
f 3130 3126 3124
f 3126 3130 3121
f 3129 3125 3120
f 3130 3127 3121
f 3129 3128 3125
f 3111 3132 3109
f 3109 3132 3043
f 3137 3131 3108
f 3133 3132 3111
f 3133 3138 3132
f 3135 3133 3113
f 3131 3134 3110
f 3134 3136 3124
f 3135 3139 3133
f 3143 3134 3131
f 3139 3138 3133
f 3143 3136 3134
f 3147 3139 3135
f 3137 3108 3042
f 3141 3137 3044
f 3137 3141 3131
f 3141 3143 3131
f 3138 3142 3132
f 3368 3142 3138
f 3139 3140 3138
f 3145 3151 3136
f 3140 3368 3138
f 3152 3140 3139
f 3132 3142 3057
f 3366 3141 3055
f 3366 3143 3141
f 3366 3144 3143
f 3143 3144 3136
f 3144 3145 3136
f 3147 3146 3128
f 3149 3147 3128
f 3146 3147 3135
f 3153 3130 3124
f 3136 3151 3124
f 3151 3153 3124
f 3129 3149 3128
f 3148 3149 3129
f 3130 3150 3127
f 3153 3150 3130
f 3154 3149 3148
f 3155 3154 3148
f 3147 3152 3139
f 3149 3152 3147
f 3154 3152 3149
f 3154 3398 3152
f 3399 3398 3154
f 3155 3399 3154
f 3153 3402 3150
f 3402 3156 3150
f 3157 3399 3155
f 3400 3153 3151
f 3949 5642 3158
f 5640 3949 3948
f 5643 3159 3158
f 5666 3162 3160
f 5643 3160 3159
f 3162 3970 3160
f 3164 3971 3162
f 5670 3974 3164
f 5670 5671 3975
f 3974 3971 3164
f 5670 3975 3974
f 5679 5678 3977
f 3975 5671 3165
f 5673 3166 3165
f 3169 3214 3046
f 3171 3167 3054
f 3168 3170 3051
f 3175 3169 3167
f 3218 3214 3169
f 3171 3175 3167
f 3175 3218 3169
f 3173 3054 3053
f 3057 3176 3053
f 3172 3366 3056
f 3142 3176 3057
f 3174 3058 3051
f 3174 3172 3058
f 3173 3171 3054
f 3176 3173 3053
f 3170 3174 3051
f 3226 3174 3170
f 3174 3177 3172
f 3177 3366 3172
f 3222 3175 3171
f 3180 3222 3171
f 3176 3180 3173
f 3173 3180 3171
f 3226 3177 3174
f 3178 3371 3177
f 3226 3178 3177
f 3181 3180 3176
f 3226 3179 3178
f 3179 3375 3178
f 3181 3266 3180
f 3376 3181 3176
f 3182 3375 3179
f 3376 3228 3181
f 3183 3184 3080
f 3187 3086 3084
f 3184 3188 3085
f 3187 3215 3086
f 3192 3185 3087
f 3188 3186 3085
f 3186 3197 3088
f 3185 3187 3084
f 3189 3187 3185
f 3201 3184 3183
f 3216 3201 3183
f 3209 3189 3185
f 3188 3210 3186
f 3189 3215 3187
f 3203 3188 3184
f 3201 3203 3184
f 3202 3215 3189
f 3209 3202 3189
f 3190 3191 3095
f 3191 3198 3095
f 3197 3190 3077
f 3197 3191 3190
f 3196 3192 3098
f 3197 3198 3191
f 3198 3193 3095
f 3193 3194 3099
f 3198 3199 3193
f 3200 3194 3193
f 3606 3196 3099
f 3196 3098 3097
f 3199 3198 3197
f 3200 3195 3194
f 3199 3200 3193
f 3196 3606 3192
f 3207 3199 3197
f 3606 3206 3192
f 3192 3209 3185
f 3210 3197 3186
f 3203 3210 3188
f 3205 3203 3201
f 3204 3219 3202
f 3220 3205 3201
f 3205 3231 3203
f 3220 3229 3205
f 3210 3230 3197
f 3200 3611 3195
f 3207 3200 3199
f 3207 3611 3200
f 3206 3208 3192
f 3230 3207 3197
f 3209 3211 3202
f 3208 3209 3192
f 3231 3210 3203
f 3231 3230 3210
f 3211 3204 3202
f 3233 3225 3204
f 3211 3233 3204
f 3212 3209 3208
f 3212 3211 3209
f 3216 3183 3050
f 3213 3168 3101
f 3214 3216 3050
f 3215 3213 3086
f 3213 3217 3168
f 3215 3219 3213
f 3220 3216 3214
f 3219 3217 3213
f 3217 3170 3168
f 3219 3215 3202
f 3218 3220 3214
f 3216 3220 3201
f 3217 3223 3170
f 3219 3223 3217
f 3222 3218 3175
f 3221 3220 3218
f 3222 3221 3218
f 3224 3223 3219
f 3248 3222 3180
f 3253 3247 3223
f 3224 3219 3204
f 3221 3229 3220
f 3225 3224 3204
f 3225 3253 3224
f 3224 3253 3223
f 3223 3226 3170
f 3247 3226 3223
f 3226 3227 3179
f 3247 3227 3226
f 3227 3182 3179
f 3228 3266 3181
f 3229 3237 3205
f 3230 3622 3207
f 3234 3622 3230
f 3238 3231 3205
f 3255 3237 3229
f 3237 3238 3205
f 3233 3232 3225
f 3231 3234 3230
f 3212 3235 3211
f 3239 3234 3231
f 3637 3236 3235
f 3235 3236 3211
f 3236 3233 3211
f 3238 3241 3231
f 3311 3238 3237
f 3311 3243 3238
f 3242 3239 3231
f 3242 3240 3239
f 3240 3638 3239
f 3241 3242 3231
f 3236 3331 3233
f 3640 3331 3236
f 3243 3241 3238
f 3243 3242 3241
f 3242 3658 3240
f 3243 3658 3242
f 3244 3246 3243
f 3346 3246 3244
f 3664 3328 3327
f 3329 3659 3245
f 3660 3345 3328
f 3660 3346 3345
f 3662 3327 3245
f 3246 3666 3243
f 3346 3661 3246
f 3248 3250 3222
f 3222 3249 3221
f 3250 3249 3222
f 3256 3250 3248
f 3250 3256 3249
f 3254 3229 3221
f 3306 3251 3225
f 3251 3253 3225
f 3249 3252 3221
f 3252 3254 3221
f 3254 3255 3229
f 3319 3253 3251
f 3306 3319 3251
f 3253 3272 3247
f 3319 3272 3253
f 3262 3254 3252
f 3256 3252 3249
f 3256 3262 3252
f 3296 3265 3256
f 3264 3260 3259
f 3291 3290 3261
f 3291 3322 3257
f 3308 3258 3257
f 3320 3291 3261
f 3263 3262 3256
f 3265 3263 3256
f 3265 3296 3260
f 3264 3265 3260
f 3309 3259 3258
f 3309 3264 3259
f 3265 3264 3263
f 3290 3336 3261
f 3266 3248 3180
f 3247 3272 3227
f 3272 3268 3227
f 3267 3266 3228
f 3266 3256 3248
f 3266 3267 3256
f 3227 3268 3182
f 3268 3445 3182
f 3278 3267 3228
f 3520 3278 3228
f 3524 3282 3278
f 3271 3283 3270
f 3522 3281 3280
f 3281 3523 3269
f 3523 3270 3269
f 3526 3271 3270
f 3282 3524 3280
f 3319 3302 3272
f 3272 3273 3268
f 3302 3273 3272
f 3302 3536 3273
f 3267 3287 3256
f 3277 3287 3267
f 3270 3288 3269
f 3276 3277 3267
f 3277 3276 3275
f 3279 3276 3267
f 3278 3279 3267
f 3282 3279 3278
f 3282 3280 3275
f 3279 3282 3275
f 3276 3279 3275
f 3284 3283 3271
f 3258 3269 3257
f 3289 3291 3288
f 3287 3295 3256
f 3286 3280 3259
f 3286 3287 3275
f 3290 3291 3289
f 3288 3291 3257
f 3295 3296 3256
f 3295 3286 3285
f 3295 3287 3286
f 3296 3295 3285
f 3260 3285 3259
f 3296 3285 3260
f 3285 3286 3259
f 3259 3281 3258
f 3269 3288 3257
f 3283 3288 3270
f 3280 3281 3259
f 3281 3269 3258
f 3280 3286 3275
f 3289 3288 3283
f 3297 3289 3283
f 3287 3277 3275
f 3336 3290 3289
f 3293 3300 3292
f 3294 3293 3292
f 3294 3298 3293
f 3298 3304 3293
f 3297 3336 3289
f 3326 3298 3294
f 3303 3338 3292
f 3284 3297 3283
f 3300 3301 3299
f 3303 3299 3274
f 3299 3301 3274
f 3542 3301 3300
f 3541 3303 3274
f 3304 3542 3300
f 3543 3305 3284
f 3300 3299 3292
f 3299 3303 3292
f 3304 3300 3293
f 3305 3297 3284
f 3339 3536 3302
f 3541 3340 3303
f 3232 3306 3225
f 3307 3306 3232
f 3307 3319 3306
f 3233 3307 3232
f 3311 3255 3254
f 3255 3311 3237
f 3262 3311 3254
f 3324 3312 3262
f 3312 3311 3262
f 3312 3324 3310
f 3312 3344 3311
f 3323 3316 3308
f 3323 3322 3315
f 3322 3321 3317
f 3322 3317 3315
f 3316 3313 3308
f 3316 3323 3314
f 3323 3315 3314
f 3313 3318 3310
f 3318 3312 3310
f 3313 3310 3309
f 3313 3309 3308
f 3318 3344 3312
f 3335 3319 3307
f 3263 3324 3262
f 3309 3310 3264
f 3308 3309 3258
f 3320 3322 3291
f 3322 3323 3257
f 3323 3308 3257
f 3264 3310 3263
f 3321 3322 3320
f 3310 3324 3263
f 3350 3321 3320
f 3336 3320 3261
f 3336 3350 3320
f 3334 3335 3307
f 3321 3350 3317
f 3332 3333 3325
f 3333 3326 3325
f 3338 3332 3325
f 3333 3352 3326
f 3338 3351 3332
f 3331 3307 3233
f 3328 3316 3314
f 3315 3327 3314
f 3317 3330 3315
f 3316 3345 3313
f 3345 3318 3313
f 3327 3328 3314
f 3328 3345 3316
f 3330 3327 3315
f 3329 3330 3317
f 3331 3334 3307
f 3350 3329 3317
f 3353 3334 3331
f 3353 3358 3334
f 3319 3335 3302
f 3338 3294 3292
f 3325 3326 3294
f 3338 3325 3294
f 3326 3337 3298
f 3337 3304 3298
f 3343 3338 3303
f 3354 3336 3297
f 3342 3335 3334
f 3352 3337 3326
f 3335 3339 3302
f 3337 3341 3304
f 3342 3339 3335
f 3305 3354 3297
f 3355 3341 3337
f 3340 3343 3303
f 3342 3564 3339
f 3355 3567 3341
f 3565 3356 3305
f 3573 3343 3340
f 3358 3342 3334
f 3358 3572 3342
f 3361 3572 3358
f 3357 3350 3336
f 3311 3344 3244
f 3311 3244 3243
f 3345 3346 3318
f 3346 3344 3318
f 3344 3346 3244
f 3348 3333 3332
f 3350 3349 3329
f 3327 3330 3245
f 3330 3329 3245
f 3349 3659 3329
f 3347 3348 3332
f 3348 3741 3333
f 3351 3347 3332
f 3741 3352 3333
f 3351 3740 3347
f 3350 3743 3349
f 3742 3358 3353
f 3357 3743 3350
f 3741 3360 3352
f 3757 3740 3351
f 3741 3758 3360
f 3354 3357 3336
f 3352 3355 3337
f 3343 3359 3338
f 3356 3354 3305
f 3359 3351 3338
f 3360 3355 3352
f 3364 3357 3354
f 3359 3757 3351
f 3742 3361 3358
f 3758 3363 3360
f 3362 3760 3359
f 3759 3743 3357
f 3364 3759 3357
f 3360 3594 3355
f 3362 3359 3343
f 3356 3364 3354
f 3363 3594 3360
f 3573 3362 3343
f 3573 4075 3362
f 3365 3364 3356
f 3152 3380 3140
f 3368 3367 3142
f 3367 3176 3142
f 3368 3370 3367
f 3366 3371 3144
f 3367 3372 3176
f 3370 3372 3367
f 3371 3369 3144
f 3371 3366 3177
f 3379 3145 3144
f 3380 3368 3140
f 3379 3151 3145
f 3369 3381 3144
f 3380 3370 3368
f 3381 3379 3144
f 3376 3372 3370
f 3374 3378 3370
f 3372 3376 3176
f 3375 3371 3178
f 3371 3375 3369
f 3375 3373 3369
f 3378 3376 3370
f 3445 3375 3182
f 3445 3377 3375
f 3375 3377 3373
f 3378 3518 3376
f 3383 3518 3374
f 3518 3378 3374
f 3383 3374 3370
f 3380 3383 3370
f 3373 3381 3369
f 3382 3381 3373
f 3381 3382 3379
f 3382 3423 3379
f 3396 3424 3382
f 3397 3383 3380
f 3377 3382 3373
f 3446 3396 3377
f 3396 3382 3377
f 3390 3518 3383
f 3397 3390 3383
f 3385 3514 3384
f 3512 3387 3384
f 3512 3388 3387
f 3386 3516 3385
f 3389 3515 3386
f 3549 3515 3389
f 3388 3392 3387
f 3391 3386 3385
f 3391 3389 3386
f 3390 3392 3388
f 3395 3549 3389
f 3392 3426 3387
f 3429 3391 3385
f 3397 3393 3392
f 3393 3397 3380
f 3428 3394 3391
f 3425 3429 3384
f 3430 3428 3391
f 3426 3425 3387
f 3393 3427 3392
f 3429 3385 3384
f 3387 3425 3384
f 3391 3394 3389
f 3394 3395 3389
f 3428 3395 3394
f 3397 3392 3390
f 3404 3399 3157
f 3405 3404 3157
f 3398 3380 3152
f 3379 3400 3151
f 3400 3402 3153
f 3398 3399 3380
f 3423 3400 3379
f 3399 3401 3380
f 3423 3402 3400
f 3423 3406 3402
f 3423 3424 3415
f 3423 3415 3406
f 3409 3425 3408
f 3426 3410 3408
f 3433 3435 3413
f 3406 3403 3402
f 3406 5395 3403
f 5390 5391 3414
f 5389 5390 3408
f 5392 5389 3410
f 5393 5392 3410
f 3415 5395 3406
f 5391 5398 3414
f 5399 5395 3415
f 5402 5399 3416
f 3404 3401 3399
f 3405 3412 3404
f 3414 3413 3407
f 3409 3414 3407
f 3404 3412 3401
f 3412 3422 3401
f 3434 3411 3410
f 3434 3412 3411
f 5394 3412 3405
f 3410 5389 3408
f 5390 3409 3408
f 5390 3414 3409
f 3411 5393 3410
f 3412 5393 3411
f 5394 5393 3412
f 3435 3409 3407
f 3413 3435 3407
f 3421 3441 3413
f 3424 3416 3415
f 3419 3436 3417
f 3437 3451 3416
f 5398 3421 3413
f 3414 5398 3413
f 5397 5396 3417
f 3416 5399 3415
f 3420 5397 3418
f 5400 3419 3417
f 5396 5400 3417
f 5401 5397 3420
f 3451 5402 3416
f 5400 3453 3419
f 3418 5397 3417
f 5398 3452 3421
f 3439 3393 3380
f 3401 3439 3380
f 3422 3439 3401
f 3424 3423 3382
f 3429 3430 3391
f 3430 3431 3428
f 3431 3432 3428
f 3435 3430 3429
f 3427 3434 3426
f 3433 3431 3430
f 3433 3432 3431
f 3439 3427 3393
f 3465 3437 3396
f 3443 3444 3440
f 3437 3424 3396
f 3443 3440 3436
f 3438 3443 3436
f 3441 3449 3432
f 3429 3425 3409
f 3435 3433 3430
f 3425 3426 3408
f 3426 3434 3410
f 3435 3429 3409
f 3441 3433 3413
f 3434 3439 3422
f 3436 3418 3417
f 3424 3437 3416
f 3438 3436 3419
f 3436 3440 3418
f 3440 3442 3418
f 3439 3434 3427
f 3433 3441 3432
f 3467 3442 3440
f 3427 3426 3392
f 3428 3432 3395
f 3432 3449 3395
f 3444 3467 3440
f 3434 3422 3412
f 3442 3420 3418
f 3482 3441 3421
f 3445 3446 3377
f 3530 3448 3446
f 3447 3551 3443
f 3551 3552 3443
f 3552 3550 3444
f 3553 3549 3395
f 3446 3465 3396
f 3466 3447 3443
f 3468 3465 3448
f 3552 3444 3443
f 3449 3553 3395
f 3448 3465 3446
f 3466 3554 3447
f 3550 3555 3444
f 3556 3553 3449
f 3555 3467 3444
f 3450 3468 3448
f 3474 3554 3466
f 3557 3473 3450
f 3442 3454 3420
f 3462 3479 3451
f 3453 3480 3419
f 3479 3455 3451
f 3454 5405 3420
f 3455 5416 3451
f 3481 5418 3454
f 3486 3480 3453
f 5417 3486 3453
f 5420 3488 3452
f 3456 5416 3455
f 5418 3487 3460
f 3457 3456 3455
f 3487 3489 3460
f 3502 5424 3457
f 3459 3461 3458
f 3489 3508 3460
f 5424 3502 3501
f 3938 5424 3501
f 3466 3443 3438
f 3465 3468 3462
f 3469 3466 3438
f 3468 3479 3462
f 3465 3462 3437
f 3467 3481 3442
f 3480 3469 3438
f 3482 3471 3441
f 3479 3468 3463
f 3480 3484 3469
f 3472 3502 3464
f 3471 3449 3441
f 3463 3468 3450
f 3469 3474 3466
f 3471 3556 3449
f 3555 3470 3467
f 3555 3475 3470
f 3560 3556 3471
f 3470 3481 3467
f 3482 3483 3471
f 3473 3463 3450
f 3476 3474 3469
f 3478 3560 3471
f 3473 3561 3472
f 3561 3490 3472
f 3476 3491 3474
f 3473 3464 3463
f 3473 3472 3464
f 3475 3485 3470
f 3483 3478 3471
f 3484 3476 3469
f 3477 3485 3475
f 3506 3485 3477
f 3462 3451 3437
f 3480 3438 3419
f 3481 3454 3442
f 3452 3482 3421
f 3479 3463 3455
f 3488 3482 3452
f 3487 3481 3470
f 3487 5418 3481
f 3463 3464 3455
f 3464 3457 3455
f 3486 3484 3480
f 3489 3487 3485
f 3464 3502 3457
f 3485 3487 3470
f 3488 3483 3482
f 3476 3484 3458
f 3506 3489 3485
f 3488 5421 3483
f 3484 3486 3459
f 3484 3459 3458
f 5421 3507 3483
f 3483 3507 3478
f 3503 3502 3472
f 3601 3938 3501
f 3496 3492 3490
f 3493 3579 3491
f 3497 3579 3493
f 3598 3498 3494
f 3490 3503 3472
f 3492 3503 3490
f 3505 3504 3476
f 3510 3506 3477
f 3504 3493 3476
f 3496 3501 3492
f 3504 3499 3493
f 3500 3510 3494
f 3598 3510 3477
f 3511 3599 3478
f 3493 3491 3476
f 3599 3511 3495
f 3510 3598 3494
f 3936 3602 3497
f 3601 3501 3496
f 3937 3508 3500
f 3509 3600 3495
f 3930 3936 3499
f 3499 3497 3493
f 3498 3500 3494
f 3499 3936 3497
f 3937 3500 3498
f 3505 3476 3458
f 3509 3511 3507
f 3502 3503 3501
f 3501 3503 3492
f 3511 3509 3495
f 3499 3504 3461
f 3508 3510 3500
f 3504 3505 3461
f 3510 3508 3506
f 3461 3505 3458
f 5421 3509 3507
f 3506 3508 3489
f 3930 3499 3461
f 3940 3600 3509
f 3937 3939 3508
f 3507 3511 3478
f 3376 3518 3228
f 3518 3525 3228
f 3514 3521 3512
f 3521 3513 3512
f 3524 3518 3513
f 3514 3512 3384
f 3516 3514 3385
f 3517 3516 3386
f 3512 3513 3388
f 3515 3517 3386
f 3513 3518 3388
f 3518 3390 3388
f 3522 3521 3514
f 3521 3524 3513
f 3519 3526 3515
f 3526 3523 3516
f 3523 3522 3516
f 3530 3445 3268
f 3273 3530 3268
f 3525 3520 3228
f 3522 3523 3281
f 3523 3526 3270
f 3526 3519 3271
f 3521 3522 3280
f 3524 3521 3280
f 3520 3524 3278
f 3525 3524 3520
f 3524 3525 3518
f 3519 3527 3271
f 3527 3284 3271
f 3301 3529 3274
f 3529 3528 3274
f 3532 3531 3528
f 3529 3532 3528
f 3534 3532 3529
f 3531 3541 3528
f 3537 3530 3273
f 3533 3541 3531
f 3542 3534 3529
f 3535 3543 3527
f 3530 3446 3445
f 3516 3522 3514
f 3517 3526 3516
f 3526 3517 3515
f 3549 3519 3515
f 3549 3527 3519
f 3532 3552 3531
f 3552 3551 3531
f 3533 3551 3447
f 3550 3552 3534
f 3530 3537 3448
f 3551 3533 3531
f 3534 3552 3532
f 3538 3533 3447
f 3549 3535 3527
f 3542 3539 3534
f 3528 3541 3274
f 3536 3537 3273
f 3544 3541 3533
f 3538 3544 3533
f 3547 3544 3538
f 3557 3537 3536
f 3540 3557 3536
f 3527 3543 3284
f 3542 3529 3301
f 3542 3545 3539
f 3545 3542 3304
f 3541 3544 3340
f 3540 3536 3339
f 3548 3545 3341
f 3341 3545 3304
f 3543 3565 3305
f 3546 3565 3543
f 3546 3543 3535
f 3545 3548 3539
f 3558 3546 3535
f 3547 3566 3544
f 3548 3584 3539
f 3558 3585 3546
f 3555 3550 3534
f 3549 3553 3535
f 3554 3538 3447
f 3537 3450 3448
f 3556 3558 3553
f 3539 3555 3534
f 3553 3558 3535
f 3555 3539 3475
f 3537 3557 3450
f 3554 3562 3538
f 3559 3558 3556
f 3562 3547 3538
f 3577 3561 3540
f 3584 3563 3539
f 3559 3585 3558
f 3562 3583 3547
f 3561 3557 3540
f 3562 3554 3474
f 3557 3561 3473
f 3560 3559 3556
f 3539 3563 3475
f 3491 3562 3474
f 3560 3599 3559
f 3584 3598 3563
f 3586 3585 3559
f 3544 3566 3340
f 3564 3540 3339
f 3567 3548 3341
f 3571 3565 3546
f 3566 3573 3340
f 3572 3564 3342
f 3594 3567 3355
f 3572 3568 3564
f 3571 3595 3565
f 3594 3570 3567
f 3574 3573 3566
f 3569 3566 3547
f 3564 3577 3540
f 3583 3569 3547
f 3567 3584 3548
f 3568 3577 3564
f 3585 3571 3546
f 3570 3584 3567
f 3569 3574 3566
f 3585 3587 3571
f 3576 3572 3361
f 3572 3576 3568
f 3594 3596 3570
f 4044 3576 3361
f 4046 4075 3574
f 3576 3582 3568
f 3582 3576 3575
f 3597 3595 3571
f 3596 3589 3570
f 3591 3574 3569
f 3587 3597 3571
f 3592 3597 3587
f 3576 4044 3575
f 3596 4076 3593
f 3591 4046 3574
f 4079 3597 3592
f 3578 3577 3568
f 3588 3583 3579
f 3582 3578 3568
f 3561 3577 3490
f 3577 3578 3490
f 3579 3562 3491
f 3579 3583 3562
f 3599 3586 3559
f 3598 3584 3580
f 3586 3599 3581
f 4050 3582 3575
f 3588 3579 3497
f 3602 3588 3497
f 4050 3601 3582
f 3582 3601 3578
f 3589 3603 3580
f 3600 3604 3590
f 3600 3590 3581
f 3602 4052 3591
f 3602 3591 3588
f 4053 3603 3589
f 3586 3587 3585
f 3583 3588 3569
f 3580 3584 3570
f 3589 3580 3570
f 3590 3587 3586
f 3590 3586 3581
f 3588 3591 3569
f 3593 4053 3589
f 3590 3592 3587
f 3596 3593 3589
f 3604 3592 3590
f 3565 3595 3356
f 3596 3594 3363
f 3574 4075 3573
f 3595 3365 3356
f 4076 3596 3363
f 3595 4077 3365
f 3597 4077 3595
f 3563 3477 3475
f 3599 3560 3478
f 3563 3598 3477
f 3578 3496 3490
f 3581 3599 3495
f 3598 3580 3498
f 3600 3581 3495
f 3578 3601 3496
f 3580 3603 3498
f 3603 3937 3498
f 3935 3604 3600
f 3194 3605 3099
f 3195 3605 3194
f 3605 3606 3099
f 3609 3605 3195
f 3608 3607 3605
f 3607 3606 3605
f 3609 3608 3605
f 3611 3609 3195
f 3607 3613 3606
f 3609 3610 3608
f 3608 3615 3607
f 3611 3610 3609
f 3610 3612 3608
f 3612 3615 3608
f 3606 3613 3206
f 3614 3611 3207
f 3611 3612 3610
f 3616 3613 3607
f 3615 3616 3607
f 3623 3612 3611
f 3616 3629 3613
f 3614 3623 3611
f 3613 3208 3206
f 3622 3614 3207
f 3631 3212 3208
f 3613 3629 3208
f 3617 3615 3612
f 3619 3616 3615
f 3617 3618 3615
f 3623 3617 3612
f 3624 3619 3615
f 3623 3618 3617
f 3618 3628 3615
f 3619 3629 3616
f 3628 3620 3615
f 3620 3624 3615
f 3626 3623 3614
f 3629 3630 3208
f 3630 3631 3208
f 3622 3634 3614
f 3634 3626 3614
f 3631 3636 3212
f 3623 3628 3618
f 3624 3629 3619
f 3628 3644 3620
f 3644 3624 3620
f 3626 3627 3623
f 3627 3628 3623
f 3647 3629 3624
f 3625 3647 3624
f 3647 3630 3629
f 3635 3622 3234
f 3635 3634 3622
f 3656 3635 3234
f 3632 3628 3627
f 3632 3645 3628
f 3633 3632 3627
f 3633 3627 3626
f 3651 3631 3630
f 3647 3651 3630
f 3651 3641 3631
f 3634 3684 3626
f 3635 3684 3634
f 3684 3633 3626
f 3651 3652 3641
f 3636 3235 3212
f 3239 3639 3234
f 3642 3637 3235
f 3636 3642 3235
f 3639 3656 3234
f 3657 3639 3239
f 3638 3657 3239
f 3657 3656 3639
f 3642 3668 3637
f 3637 3640 3236
f 3668 3640 3637
f 3641 3636 3631
f 3641 3643 3636
f 3643 3642 3636
f 3652 3643 3641
f 3644 3625 3624
f 3644 3649 3625
f 3645 3644 3628
f 3649 3648 3625
f 3645 3646 3644
f 3646 3649 3644
f 3650 3645 3632
f 3650 3646 3645
f 3653 3647 3625
f 3648 3653 3625
f 3649 3655 3648
f 3683 3650 3632
f 3633 3683 3632
f 3687 3649 3646
f 3650 3687 3646
f 3655 3653 3648
f 3653 3651 3647
f 3653 3652 3651
f 3687 3654 3649
f 3654 3655 3649
f 3687 3688 3654
f 3656 3685 3635
f 3685 3684 3635
f 3694 3685 3656
f 3658 3638 3240
f 3658 3657 3638
f 3658 3670 3657
f 3662 3664 3327
f 3664 3660 3328
f 3659 3663 3245
f 3663 3662 3245
f 3666 3658 3243
f 3660 3661 3346
f 3665 3663 3659
f 3661 3666 3246
f 3663 3671 3662
f 3669 3671 3663
f 3673 3664 3662
f 3668 3736 3640
f 3665 3669 3663
f 3737 3665 3659
f 3666 3670 3658
f 3664 3679 3660
f 3679 3661 3660
f 3672 3666 3661
f 3737 3746 3665
f 3657 3667 3656
f 3670 3667 3657
f 3667 3694 3656
f 3643 3699 3642
f 3707 3694 3667
f 3670 3707 3667
f 3678 3707 3670
f 3709 3678 3677
f 3699 3668 3642
f 3699 3745 3668
f 3672 3670 3666
f 3677 3672 3661
f 3671 3674 3662
f 3674 3673 3662
f 3673 3679 3664
f 3679 3677 3661
f 3676 3671 3669
f 3672 3678 3670
f 3746 3669 3665
f 3735 3734 3682
f 3746 3676 3669
f 3682 3734 3681
f 3675 3674 3671
f 3676 3675 3671
f 3676 3680 3675
f 3677 3678 3672
f 3746 3718 3676
f 3686 3683 3633
f 3683 3687 3650
f 3686 3687 3683
f 3684 3686 3633
f 3653 3702 3652
f 3685 3691 3684
f 3691 3689 3686
f 3691 3686 3684
f 3719 3691 3685
f 3689 3688 3687
f 3689 3687 3686
f 3688 3690 3654
f 3690 3813 3654
f 3813 3703 3654
f 3689 3692 3688
f 3692 3690 3688
f 3703 3655 3654
f 3655 3702 3653
f 3703 3702 3655
f 3691 3692 3689
f 3719 3693 3691
f 3693 3692 3691
f 3652 3702 3643
f 3704 3699 3643
f 3702 3704 3643
f 3694 3719 3685
f 3708 3679 3673
f 3679 3708 3677
f 3696 3695 3674
f 3695 3708 3673
f 3675 3696 3674
f 3674 3695 3673
f 3680 3698 3675
f 3718 3680 3676
f 3698 3696 3675
f 3697 3698 3680
f 3718 3697 3680
f 3701 3745 3699
f 3717 3682 3681
f 3748 3700 3681
f 3700 3717 3681
f 3717 3780 3682
f 3704 3701 3699
f 3703 3704 3702
f 3706 3704 3703
f 3704 3705 3701
f 3787 3705 3704
f 3706 3787 3704
f 3707 3720 3694
f 3710 3707 3678
f 3709 3710 3678
f 3708 3709 3677
f 3720 3719 3694
f 3696 3712 3695
f 3715 3708 3695
f 3715 3709 3708
f 3698 3711 3696
f 3714 3698 3697
f 3710 3728 3707
f 3716 3710 3709
f 3711 3712 3696
f 3712 3715 3695
f 3714 3711 3698
f 3713 3714 3697
f 3715 3716 3709
f 3721 3716 3715
f 3728 3720 3707
f 3716 3728 3710
f 3732 3717 3700
f 3733 3713 3697
f 3718 3733 3697
f 3720 3730 3719
f 3723 3712 3711
f 3714 3723 3711
f 3722 3714 3713
f 3722 3725 3714
f 3726 3715 3712
f 3723 3726 3712
f 3724 3723 3714
f 3725 3724 3714
f 3726 3721 3715
f 3725 3823 3724
f 3721 3727 3716
f 3727 3728 3716
f 3729 3727 3721
f 3729 3728 3727
f 3728 3730 3720
f 3729 3730 3728
f 3726 3827 3721
f 3719 3829 3693
f 3730 3829 3719
f 3824 3726 3723
f 3724 3825 3723
f 3826 3729 3721
f 3828 3730 3729
f 3823 3825 3724
f 3825 3824 3723
f 3827 3826 3721
f 3824 3827 3726
f 3826 3828 3729
f 3733 3722 3713
f 3731 3732 3700
f 3733 3725 3722
f 3788 3731 3700
f 3732 3789 3717
f 3831 3732 3731
f 3831 3832 3732
f 3733 3823 3725
f 3788 3831 3731
f 3832 3789 3732
f 3790 3823 3733
f 3640 3353 3331
f 3640 3736 3353
f 3735 3348 3347
f 3737 3659 3349
f 3740 3734 3347
f 3739 3741 3348
f 3734 3735 3347
f 3735 3739 3348
f 3740 3738 3734
f 3744 3737 3349
f 3736 3742 3353
f 3749 3742 3736
f 3743 3744 3349
f 3758 3741 3739
f 3757 3750 3740
f 3740 3750 3738
f 3751 3758 3739
f 3774 3744 3743
f 3745 3736 3668
f 3745 3749 3736
f 3734 3738 3681
f 3747 3739 3735
f 3747 3735 3682
f 3738 3748 3681
f 3754 3746 3737
f 3747 3751 3739
f 3744 3754 3737
f 3752 3749 3745
f 3753 3748 3738
f 3750 3753 3738
f 3752 3768 3749
f 3755 3767 3751
f 3755 3751 3747
f 3797 3768 3752
f 3798 3753 3750
f 3807 3767 3755
f 3774 3782 3744
f 3782 3754 3744
f 3760 3757 3359
f 3742 3756 3361
f 3749 3756 3742
f 3758 3761 3363
f 3764 3759 3364
f 3761 3758 3751
f 3760 3766 3757
f 3757 3766 3750
f 3759 3774 3743
f 3767 3761 3751
f 3764 3769 3759
f 3761 4076 3363
f 3763 3760 3362
f 3756 4044 3361
f 4075 3763 3362
f 3768 3762 3756
f 3762 4044 3756
f 3365 3764 3364
f 3765 4076 3761
f 3767 3765 3761
f 3763 3771 3760
f 4078 3764 3365
f 3768 3756 3749
f 3771 3766 3760
f 3769 3774 3759
f 3766 3798 3750
f 3799 3798 3766
f 3797 3770 3768
f 3771 3799 3766
f 3807 3772 3767
f 3768 3770 3762
f 4081 3771 3763
f 3801 4080 3770
f 3767 3772 3765
f 3773 3769 3764
f 4078 3773 3764
f 3773 3802 3769
f 3800 4082 3772
f 3808 3782 3774
f 3808 3774 3769
f 3752 3745 3701
f 3780 3747 3682
f 3748 3779 3700
f 3753 3783 3748
f 3775 3752 3701
f 3783 3779 3748
f 3705 3775 3701
f 3775 3797 3752
f 3798 3793 3753
f 3776 3797 3775
f 3777 3775 3705
f 3787 3777 3705
f 3777 3776 3775
f 3777 3778 3776
f 3754 3781 3746
f 3746 3781 3718
f 3780 3755 3747
f 3780 3784 3755
f 3785 3781 3754
f 3779 3788 3700
f 3789 3780 3717
f 3781 3733 3718
f 3784 3807 3755
f 3782 3785 3754
f 3793 3783 3753
f 3786 3807 3784
f 3809 3785 3782
f 3783 3788 3779
f 3789 3784 3780
f 3781 3794 3733
f 3791 3831 3788
f 3794 3790 3733
f 3832 3792 3789
f 3795 3791 3788
f 3792 3796 3789
f 3789 3786 3784
f 3793 3795 3783
f 3795 3788 3783
f 3789 3796 3786
f 3785 3794 3781
f 3811 3794 3785
f 3805 3795 3793
f 3797 3801 3770
f 3807 3800 3772
f 3801 3797 3776
f 3798 3804 3793
f 3803 3801 3776
f 3799 3804 3798
f 4086 4080 3801
f 3803 4086 3801
f 3802 3808 3769
f 4087 3799 3771
f 4089 3802 3773
f 3778 3803 3776
f 3804 3805 3793
f 3806 3804 3799
f 3810 3871 3800
f 3873 3803 3778
f 3806 3805 3804
f 3872 4086 3803
f 4087 4128 3806
f 4087 3806 3799
f 3874 3809 3802
f 4129 4088 3800
f 4089 3874 3802
f 3873 3872 3803
f 3871 4129 3800
f 3808 3809 3782
f 3800 3807 3786
f 3810 3800 3786
f 3809 3808 3802
f 3796 3810 3786
f 3809 3811 3785
f 3812 3810 3796
f 3812 3871 3810
f 3874 3811 3809
f 3817 3814 3813
f 3813 3814 3703
f 3814 3815 3703
f 3817 3815 3814
f 3817 3813 3690
f 3692 3817 3690
f 3815 3822 3703
f 3817 3819 3815
f 3819 3816 3815
f 3816 3822 3815
f 3833 3822 3816
f 3818 3817 3692
f 3693 3818 3692
f 3821 3819 3817
f 3819 3820 3816
f 3821 3820 3819
f 3818 3821 3817
f 3822 3706 3703
f 3836 3827 3824
f 3825 3835 3824
f 3835 3825 3823
f 3822 3843 3706
f 3834 3836 3824
f 3835 3834 3824
f 3842 3835 3823
f 3830 3818 3693
f 3829 3830 3693
f 3828 3829 3730
f 3827 3837 3826
f 3830 3839 3818
f 3837 3828 3826
f 3830 3829 3828
f 3836 3837 3827
f 3837 3838 3828
f 3838 3830 3828
f 3868 3787 3706
f 3842 3823 3790
f 3855 3832 3831
f 3869 3842 3790
f 3833 3843 3822
f 3839 3841 3818
f 3841 3821 3818
f 3838 3839 3830
f 3840 3838 3837
f 3840 3839 3838
f 3840 3841 3839
f 3841 3853 3821
f 3858 3836 3834
f 3842 3857 3835
f 3835 3863 3834
f 3860 3837 3836
f 3843 3868 3706
f 3866 3854 3831
f 3854 3855 3831
f 3855 3877 3832
f 3869 3857 3842
f 3844 3833 3816
f 3845 3849 3844
f 5913 3849 3845
f 3820 3846 3816
f 3846 3844 3816
f 3821 3846 3820
f 3844 3847 3833
f 3848 3846 3821
f 3846 3845 3844
f 3846 5917 3845
f 3849 3847 3844
f 3848 3850 3846
f 3850 5917 3846
f 3849 3851 3847
f 3852 3850 3848
f 3847 3843 3833
f 3847 3865 3843
f 3860 3840 3837
f 3853 3841 3840
f 3853 3848 3821
f 3858 3860 3836
f 3859 3853 3840
f 3853 3856 3848
f 3857 3863 3835
f 3863 3862 3834
f 3862 3858 3834
f 3879 3868 3843
f 3869 3878 3857
f 3851 3865 3847
f 3860 3859 3840
f 3859 3856 3853
f 3856 3852 3848
f 3864 3863 3857
f 3860 3861 3859
f 3859 3861 3856
f 3865 3879 3843
f 5926 3855 3854
f 3876 5930 3854
f 5932 3877 3855
f 3878 3864 3857
f 3878 5974 3864
f 3958 3886 3621
f 3911 5884 3621
f 3958 4153 3886
f 3886 3885 3621
f 3885 3911 3621
f 5884 3911 3904
f 3960 5961 3928
f 3870 3778 3777
f 3870 3875 3778
f 3866 3831 3791
f 3832 3867 3792
f 3795 3866 3791
f 3787 3868 3777
f 3867 3796 3792
f 3794 3869 3790
f 3805 3866 3795
f 3867 3812 3796
f 3811 3913 3794
f 3877 3867 3832
f 3868 3870 3777
f 3866 3876 3854
f 3913 3869 3794
f 3867 3877 3812
f 3881 3866 3805
f 3881 3876 3866
f 3877 3882 3812
f 3875 3873 3778
f 3806 3887 3805
f 4128 4134 3806
f 3873 4153 3872
f 4135 3871 3812
f 3874 3889 3811
f 4135 4129 3871
f 4133 3889 3874
f 3887 3881 3805
f 3882 3888 3812
f 3875 3886 3873
f 3886 4153 3873
f 4134 4135 3887
f 4134 3887 3806
f 3888 4135 3812
f 3889 3901 3811
f 4135 3888 3887
f 3901 3913 3811
f 3880 3910 3870
f 3880 3870 3868
f 3913 3878 3869
f 3881 3905 3876
f 3916 3882 3877
f 3879 3880 3868
f 3913 5974 3878
f 3905 5977 3876
f 5982 3916 3877
f 5972 5982 3877
f 5977 5969 3876
f 3910 3875 3870
f 3887 3883 3881
f 3888 3884 3883
f 3884 3888 3882
f 3904 3911 3875
f 3898 3913 3894
f 3883 3905 3881
f 3884 3905 3883
f 3916 3884 3882
f 3885 3886 3875
f 3911 3885 3875
f 3887 3888 3883
f 4147 3890 3889
f 4146 4147 3889
f 4148 4154 3890
f 4147 4148 3890
f 4154 3896 3890
f 4154 4155 3897
f 4155 4156 3899
f 3892 4156 3891
f 4157 3893 3891
f 3893 3892 3891
f 3893 3902 3892
f 3913 3901 3894
f 3903 3900 3899
f 3895 3908 3894
f 3906 3898 3894
f 3896 3909 3895
f 3900 3914 3899
f 3897 3917 3896
f 3899 3918 3897
f 3894 3901 3889
f 3895 3894 3889
f 3890 3895 3889
f 4154 3897 3896
f 4155 3899 3897
f 3896 3895 3890
f 3902 3903 3892
f 3903 3899 3892
f 3899 4156 3892
f 4158 4161 3893
f 4161 3902 3893
f 4161 3912 3902
f 3916 3905 3884
f 3910 3904 3875
f 3906 3907 3898
f 3919 3907 3906
f 3916 5977 3905
f 3910 5978 3904
f 3960 3928 3912
f 5961 3929 3928
f 3908 3906 3894
f 3909 3908 3895
f 3917 3909 3896
f 3907 3913 3898
f 3915 3914 3900
f 3903 3915 3900
f 3914 3925 3899
f 3915 3925 3914
f 3915 3903 3902
f 3912 3915 3902
f 3919 3921 3913
f 3919 3913 3907
f 3927 3920 3918
f 3927 3926 3920
f 3921 5983 3913
f 5982 5977 3916
f 5983 5990 3913
f 3921 3919 3906
f 3922 3921 3906
f 3908 3922 3906
f 3909 3923 3908
f 3917 5984 3909
f 3918 5985 3917
f 3926 3929 3924
f 3920 5985 3918
f 3923 3922 3908
f 5984 3923 3909
f 5986 5985 3920
f 5985 5984 3917
f 3926 3924 3920
f 5987 5986 3924
f 3924 5986 3920
f 3929 5989 3924
f 3925 3918 3899
f 3918 3917 3897
f 3925 3927 3918
f 3926 3925 3915
f 3926 3927 3925
f 3928 3926 3915
f 3928 3915 3912
f 3928 3929 3926
f 3945 5429 3938
f 4050 3938 3601
f 4050 4051 3938
f 3940 3935 3600
f 3943 4052 3936
f 4051 4067 3938
f 3937 3944 3932
f 3931 3936 3930
f 3939 3937 3932
f 3940 3941 3935
f 3933 3936 3931
f 3941 3946 3935
f 3943 3936 3933
f 4067 3945 3938
f 3946 3942 3935
f 4067 4109 3945
f 3944 3934 3932
f 3988 3943 3933
f 3944 4009 3934
f 3958 6203 3947
f 3948 3956 3947
f 3949 3957 3948
f 3963 3957 3949
f 6209 6208 3962
f 3963 3949 3158
f 3159 3954 3158
f 3953 3954 3159
f 3955 3952 3951
f 3954 3963 3158
f 3965 3951 3950
f 6209 3964 3950
f 3965 3955 3951
f 4109 4110 3991
f 6203 3958 3621
f 3956 3958 3947
f 6204 3961 3959
f 3957 3956 3948
f 3964 6209 3962
f 3962 6208 3959
f 3963 4097 3957
f 3957 4125 3956
f 4124 3958 3956
f 4110 3954 3953
f 3964 3965 3950
f 4106 3963 3954
f 4110 4106 3954
f 4126 3965 3964
f 3991 4110 3953
f 3965 4127 3955
f 4127 4174 3955
f 3966 4008 3933
f 4009 3967 3934
f 4007 5439 3945
f 5440 4007 3981
f 3968 4008 3966
f 4009 3969 3967
f 3969 4008 3968
f 4029 4006 3982
f 3160 3953 3159
f 3970 3953 3160
f 3952 3972 3161
f 3971 3970 3162
f 3973 3163 3161
f 3972 3973 3161
f 3973 3976 3163
f 3970 3991 3953
f 3971 3989 3970
f 4018 3989 3971
f 3955 3972 3952
f 3975 3981 3974
f 3976 5678 3163
f 3977 5678 3976
f 3978 5679 3977
f 3166 5461 3165
f 3980 3975 3165
f 5461 3980 3165
f 3974 4021 3971
f 3981 4021 3974
f 4021 4018 3971
f 4043 3976 3973
f 3980 3981 3975
f 4030 4029 3983
f 3983 4029 3982
f 3984 4030 3983
f 4031 4030 3984
f 4032 4031 3985
f 5450 3983 3982
f 3985 4031 3984
f 3986 4032 3985
f 4026 4035 3977
f 5450 3984 3983
f 4037 4036 3987
f 4026 3977 3976
f 4035 3978 3977
f 4039 3979 3978
f 5471 6212 3979
f 4035 4039 3978
f 4039 5471 3979
f 4109 4007 3945
f 3994 4009 3944
f 4007 3991 3989
f 3990 4107 3943
f 4108 3992 3944
f 3993 4164 3942
f 3946 3993 3942
f 3988 3990 3943
f 3992 3994 3944
f 3995 3993 3946
f 4007 4109 3991
f 4108 4107 3992
f 3992 4107 3990
f 3996 4165 3993
f 4166 4165 3996
f 4167 4166 3997
f 4168 4167 3998
f 4002 4168 3999
f 3994 3990 3988
f 3994 3992 3990
f 3995 3996 3993
f 4010 3996 3995
f 4012 3997 3996
f 4013 3998 3997
f 4015 4001 3999
f 4001 4000 3999
f 4016 4005 4003
f 4016 4003 4000
f 4001 4016 4000
f 4017 4020 4005
f 3997 4166 3996
f 3998 4167 3997
f 3999 4168 3998
f 4000 4002 3999
f 4003 4002 4000
f 4005 4004 4003
f 4005 4020 4004
f 4020 4174 4004
f 4008 3988 3933
f 4011 4010 3946
f 4010 3995 3946
f 4006 4011 3946
f 4008 4009 3988
f 4018 4007 3989
f 4018 4021 4007
f 4007 4021 3981
f 4027 4012 4011
f 4009 3994 3988
f 4010 4012 3996
f 4012 4013 3997
f 4013 4022 3998
f 4022 4023 3999
f 4024 4016 4015
f 4011 4012 4010
f 4023 4024 4015
f 4009 4008 3969
f 4029 4027 4006
f 4027 4011 4006
f 4022 3999 3998
f 4023 4015 3999
f 4016 4017 4005
f 4015 4016 4001
f 4017 4016 4014
f 3989 3991 3970
f 4174 3972 3955
f 4020 3973 3972
f 4020 4019 3973
f 4019 4043 3973
f 4174 4020 3972
f 4019 4020 4017
f 4031 4022 4013
f 4043 4026 3976
f 4028 4025 4023
f 4025 4040 4024
f 4025 4024 4023
f 4040 4042 4014
f 4024 4040 4016
f 4016 4040 4014
f 4026 4043 4014
f 4042 4026 4014
f 4029 4030 4027
f 4030 4031 4013
f 4027 4030 4012
f 4030 4013 4012
f 4032 4023 4022
f 4033 4028 4023
f 4031 4032 4022
f 4032 4033 4023
f 4036 4040 4028
f 4041 4040 4034
f 4035 4041 4034
f 4033 4032 3986
f 4033 4036 4028
f 4038 4040 4036
f 3987 4033 3986
f 4036 4033 3987
f 4040 4038 4034
f 4037 4038 4036
f 4038 5456 4034
f 5457 4035 4034
f 5457 4039 4035
f 4028 4040 4025
f 4041 4042 4040
f 4042 4041 4026
f 4041 4035 4026
f 4019 4017 4014
f 4043 4019 4014
f 4045 4044 3762
f 4048 4045 3762
f 4044 4045 3575
f 4076 4047 3593
f 4049 4075 4046
f 4048 4055 4045
f 4068 4055 4048
f 4085 4059 4047
f 4084 4079 4060
f 4083 4084 4060
f 4080 4068 4048
f 4085 4082 4070
f 4058 4081 4049
f 4069 4081 4058
f 4056 4050 3575
f 4056 4051 4050
f 4055 4068 4051
f 4066 4058 4057
f 4057 4052 3943
f 4056 4055 4051
f 4060 4054 3942
f 4061 4059 3944
f 4045 4056 3575
f 4047 4061 3593
f 4052 4046 3591
f 4055 4056 4045
f 4052 4057 4046
f 4060 4079 4054
f 4054 4079 3592
f 4057 4049 4046
f 3604 4054 3592
f 4061 4053 3593
f 4057 4058 4049
f 4059 4061 4047
f 4085 4070 4059
f 4071 4083 4060
f 4080 4086 4062
f 4087 4081 4069
f 4068 4080 4062
f 4070 4082 4064
f 4087 4069 4063
f 4089 4071 4065
f 4062 4086 3872
f 4130 4087 4063
f 4090 4062 3872
f 4090 4072 4062
f 4091 4130 4063
f 4131 4092 4064
f 4073 4093 4065
f 4067 4068 4062
f 4066 4057 3943
f 4068 4067 4051
f 4073 4060 3942
f 4059 4074 3944
f 4072 4067 4062
f 4072 4105 4067
f 4103 4066 3943
f 4074 4108 3944
f 4066 4069 4058
f 4070 4074 4059
f 4073 4071 4060
f 4069 4066 4063
f 4074 4070 4064
f 4071 4073 4065
f 4066 4091 4063
f 4092 4074 4064
f 4077 4078 3365
f 4047 4076 3765
f 4075 4049 3763
f 4085 4047 3765
f 4084 4078 4077
f 4079 4077 3597
f 4079 4084 4077
f 3770 4048 3762
f 3772 4085 3765
f 4049 4081 3763
f 4084 4083 4078
f 4080 4048 3770
f 4082 4085 3772
f 4078 4083 3773
f 4081 4087 3771
f 4083 4089 3773
f 4088 4082 3800
f 4089 4083 4071
f 4082 4088 4064
f 4132 4089 4065
f 4130 4128 4087
f 4129 4131 4088
f 4132 4133 4089
f 4089 4133 3874
f 4088 4131 4064
f 4093 4132 4065
f 3936 4052 3602
f 4053 3937 3603
f 3935 4054 3604
f 4053 4061 3937
f 3942 4054 3935
f 4061 3944 3937
f 4094 4090 3872
f 4136 4130 4091
f 4090 4105 4072
f 4131 4099 4092
f 4100 4093 4073
f 4124 4125 4094
f 4137 4136 4098
f 4094 4105 4090
f 4096 4098 4095
f 4125 4097 4094
f 4097 4105 4094
f 4095 4098 4091
f 4099 4098 4096
f 4098 4136 4091
f 4099 4137 4098
f 4100 4139 4093
f 4099 4096 4092
f 4140 4139 4114
f 4141 4140 4115
f 4114 4139 4100
f 4115 4140 4114
f 4116 4141 4115
f 4118 4142 4116
f 4119 4143 4118
f 4143 4119 4101
f 4142 4141 4116
f 4102 4145 4101
f 4143 4142 4118
f 4121 4102 4101
f 4107 4103 3943
f 4105 4109 4067
f 4112 4073 3942
f 4104 4108 4074
f 4106 4105 4097
f 4106 4109 4105
f 4165 4116 4115
f 4166 4118 4116
f 4107 4108 4103
f 4110 4109 4106
f 4164 4165 4112
f 4108 4104 4103
f 4165 4115 4112
f 4119 4168 4111
f 4173 4120 4111
f 4165 4166 4116
f 4166 4167 4118
f 4167 4168 4119
f 4168 4169 4111
f 4169 4173 4111
f 4173 4172 4127
f 4172 4174 4127
f 4103 4091 4066
f 4092 4096 4074
f 4103 4095 4091
f 4113 4100 4073
f 4117 4113 4073
f 4096 4104 4074
f 4112 4117 4073
f 4104 4096 4095
f 4103 4104 4095
f 4113 4114 4100
f 4117 4114 4113
f 4114 4117 4112
f 4115 4114 4112
f 4167 4119 4118
f 4122 4119 4111
f 4123 4122 4120
f 4120 4122 4111
f 4127 4126 4120
f 4119 4121 4101
f 4121 4123 4102
f 4122 4121 4119
f 4122 4123 4121
f 4126 4123 4120
f 4123 4126 4102
f 4173 4127 4120
f 4125 4124 3956
f 4097 4125 3957
f 4163 3964 3962
f 4163 4126 3964
f 4162 3962 3959
f 3961 4161 3959
f 3961 3960 3912
f 4124 4153 3958
f 4153 4124 4094
f 4161 4162 3959
f 4162 4163 3962
f 4126 4163 4102
f 4161 3961 3912
f 4106 4097 3963
f 4126 4127 3965
f 4130 4134 4128
f 4137 4131 4129
f 4138 4133 4132
f 4139 4132 4093
f 4136 4134 4130
f 4153 4094 3872
f 4135 4137 4129
f 4138 4149 4133
f 4149 4146 4133
f 4131 4137 4099
f 4139 4138 4132
f 4136 4137 4135
f 4136 4135 4134
f 4150 4149 4139
f 4140 4150 4139
f 4141 4150 4140
f 4139 4149 4138
f 4144 4152 4143
f 4133 4146 3889
f 4144 4143 4101
f 4145 4144 4101
f 4145 4160 4144
f 4149 4147 4146
f 4149 4150 4148
f 4149 4148 4147
f 4150 4154 4148
f 4155 4154 4141
f 4156 4155 4142
f 4142 4155 4141
f 4154 4150 4141
f 4151 4156 4143
f 4152 4160 4151
f 4143 4156 4142
f 4152 4151 4143
f 4160 4152 4144
f 4163 4162 4160
f 4157 4156 4151
f 4159 4157 4151
f 4159 4158 4157
f 4156 4157 3891
f 4159 4161 4158
f 4162 4161 4159
f 4157 4158 3893
f 4160 4159 4151
f 4160 4162 4159
f 4163 4145 4102
f 4163 4160 4145
f 4164 4112 3942
f 4165 4164 3993
f 4171 4168 4002
f 4172 4171 4003
f 4172 4173 4169
f 4170 4172 4169
f 4170 4169 4168
f 4171 4170 4168
f 4171 4172 4170
f 4003 4171 4002
f 4004 4172 4003
f 4174 4172 4004
f 4175 4177 3117
f 4178 4176 3118
f 4179 3120 3117
f 3121 4178 3118
f 3127 4178 3121
f 4177 4175 1167
f 4176 4178 1169
f 4177 4179 3117
f 4185 4177 1167
f 4178 1220 1169
f 4186 4179 4177
f 4186 4181 4179
f 4180 4241 4178
f 4179 3129 3120
f 4183 3148 3129
f 4180 4178 3127
f 4179 4181 3129
f 4182 4180 3127
f 4181 4183 3129
f 4182 4241 4180
f 4242 4183 4181
f 4184 4182 3127
f 4184 4244 4182
f 4183 4342 3148
f 4243 4342 4183
f 4343 4245 4184
f 4185 4186 4177
f 4178 4241 1220
f 4194 4186 4185
f 4241 4213 1220
f 4212 4242 4186
f 4189 4185 1239
f 4189 4193 4185
f 4209 4191 1241
f 4187 4209 1241
f 4193 4194 4185
f 4213 4187 1220
f 4210 4218 1245
f 4211 4210 4191
f 4209 4211 4191
f 4188 4189 1239
f 4192 4189 4188
f 4190 4192 4188
f 4216 4190 1234
f 1246 4201 1243
f 4202 1246 1244
f 1245 4218 1244
f 4191 4210 1245
f 4192 4193 4189
f 4215 4193 4192
f 4218 4202 1244
f 4217 4192 4190
f 4844 4216 1236
f 4199 4195 1238
f 4200 4199 1242
f 4201 4200 1243
f 4195 4203 1232
f 4203 4197 1231
f 4205 4196 1319
f 4197 4205 1319
f 4202 4201 1246
f 4199 4229 4195
f 4229 4203 4195
f 4204 4205 4203
f 4228 4206 4204
f 4228 4207 4206
f 4203 4205 4197
f 4205 4206 4196
f 4206 4207 4196
f 4207 4198 4196
f 4206 4205 4204
f 4207 4235 4198
f 4235 4232 4198
f 4232 4208 4198
f 4194 4212 4186
f 4213 4209 4187
f 4213 4211 4209
f 4241 4214 4213
f 4213 4214 4211
f 4249 4212 4194
f 4214 4272 4211
f 4215 4194 4193
f 4216 4217 4190
f 4217 4215 4192
f 4215 4249 4194
f 4251 4217 4216
f 4217 4249 4215
f 4300 4251 4216
f 4201 4223 4200
f 4202 4223 4201
f 4218 4252 4202
f 4222 4220 4199
f 4257 4218 4210
f 4253 4254 4218
f 4223 4222 4200
f 4224 4229 4219
f 4221 4223 4202
f 4252 4221 4202
f 4254 4252 4218
f 4220 4224 4219
f 4225 4224 4220
f 4211 4257 4210
f 4257 4253 4218
f 4226 4225 4220
f 4222 4255 4220
f 4255 4226 4220
f 4225 4227 4224
f 4264 4227 4226
f 4226 4227 4225
f 4264 4271 4237
f 4200 4222 4199
f 4219 4229 4199
f 4220 4219 4199
f 4229 4204 4203
f 4228 4231 4207
f 4231 4235 4207
f 4224 4228 4204
f 4229 4224 4204
f 4233 4235 4231
f 4231 4228 4224
f 4235 4233 4232
f 4233 4237 4232
f 4237 4234 4232
f 4232 4234 4208
f 4238 4230 4208
f 4234 4238 4208
f 4233 4231 4227
f 4227 4231 4224
f 4264 4237 4233
f 4237 4236 4234
f 4236 4238 4234
f 4239 4238 4236
f 4264 4233 4227
f 4237 4271 4236
f 4301 4240 4239
f 4239 4240 4238
f 4238 4240 4230
f 4240 4302 4230
f 4302 4849 4230
f 4186 4242 4181
f 4244 4241 4182
f 4244 4272 4241
f 4304 4272 4244
f 4242 4243 4183
f 4250 4243 4242
f 4245 4244 4184
f 4305 4304 4244
f 4308 4305 4244
f 4328 4311 4244
f 4311 4308 4244
f 4245 4328 4244
f 4247 4312 4246
f 4246 4328 4245
f 4432 4248 4247
f 4434 4326 4248
f 4463 4464 4322
f 4465 4463 4325
f 4241 4272 4214
f 4250 4242 4212
f 4249 4250 4212
f 4314 4250 4249
f 4329 4249 4217
f 4251 4329 4217
f 4853 4300 4216
f 4256 4257 4211
f 4272 4256 4211
f 4223 4260 4222
f 4260 4223 4221
f 4252 4260 4221
f 4260 4255 4222
f 4259 4254 4253
f 4254 4259 4252
f 4259 4258 4252
f 4258 4260 4252
f 4261 4259 4253
f 4262 4261 4253
f 4268 4260 4258
f 4260 4267 4255
f 4257 4274 4253
f 4274 4262 4253
f 4259 4278 4258
f 4261 4278 4259
f 4278 4268 4258
f 4267 4263 4255
f 4267 4266 4263
f 4263 4264 4226
f 4255 4263 4226
f 4265 4264 4263
f 4266 4265 4263
f 4266 4271 4265
f 4265 4271 4264
f 4271 4270 4236
f 4296 4301 4239
f 4268 4267 4260
f 4267 4290 4266
f 4269 4270 4266
f 4268 4290 4267
f 4290 4269 4266
f 4293 4270 4269
f 4293 4296 4270
f 4270 4296 4239
f 4270 4271 4266
f 4297 4301 4296
f 4275 4257 4256
f 4272 4304 4256
f 4275 4274 4257
f 4274 4273 4262
f 4304 4275 4256
f 4304 4305 4275
f 4274 4277 4273
f 4277 4281 4273
f 4275 4276 4274
f 4276 4277 4274
f 4305 4276 4275
f 4306 4281 4277
f 4306 4285 4281
f 4262 4273 4261
f 4273 4278 4261
f 4281 4280 4273
f 4280 4279 4273
f 4283 4294 4279
f 4291 4294 4282
f 4280 4283 4279
f 4294 4283 4282
f 4281 4285 4280
f 4285 4283 4280
f 4283 4286 4282
f 4284 4295 4282
f 4286 4284 4282
f 4288 4298 4284
f 4285 4318 4283
f 4318 4287 4283
f 4287 4286 4283
f 4286 4288 4284
f 4289 4298 4288
f 4321 4289 4288
f 4278 4291 4268
f 4291 4290 4268
f 4290 4295 4269
f 4279 4278 4273
f 4294 4291 4278
f 4291 4295 4290
f 4295 4292 4269
f 4292 4293 4269
f 4296 4293 4292
f 4279 4294 4278
f 4295 4291 4282
f 4292 4295 4284
f 4298 4292 4284
f 4298 4297 4292
f 4297 4296 4292
f 4298 4299 4297
f 4299 4298 4289
f 4336 4301 4297
f 4270 4239 4236
f 4301 4335 4240
f 4334 4302 4240
f 4300 4330 4251
f 4330 4329 4251
f 4853 4332 4300
f 4335 4334 4240
f 4340 4849 4302
f 4250 4303 4243
f 4314 4303 4250
f 4305 4308 4276
f 4307 4310 4306
f 4310 4309 4306
f 4307 4277 4276
f 4307 4306 4277
f 4306 4309 4285
f 4308 4307 4276
f 4308 4311 4307
f 4311 4310 4307
f 4313 4317 4309
f 4310 4312 4309
f 4312 4313 4309
f 4311 4328 4310
f 4328 4312 4310
f 4329 4314 4249
f 4325 4320 4315
f 4317 4316 4285
f 4316 4318 4285
f 4309 4317 4285
f 4287 4319 4286
f 4318 4320 4287
f 4320 4318 4316
f 4320 4319 4287
f 4319 4322 4288
f 4319 4288 4286
f 4316 4317 4315
f 4320 4316 4315
f 4320 4327 4319
f 4327 4322 4319
f 4323 4327 4320
f 4322 4321 4288
f 4336 4299 4289
f 4299 4336 4297
f 4315 4317 4313
f 4325 4323 4320
f 4324 4325 4315
f 4326 4324 4315
f 4315 4313 4248
f 4326 4315 4248
f 4321 4337 4289
f 4322 4337 4321
f 4312 4328 4246
f 4313 4312 4247
f 4248 4313 4247
f 4445 4444 4303
f 4314 4445 4303
f 4329 4446 4314
f 4446 4445 4314
f 4327 4463 4322
f 4463 4327 4323
f 4325 4463 4323
f 4465 4325 4324
f 4326 4465 4324
f 4331 4330 4300
f 4332 4331 4300
f 4853 4333 4332
f 4330 4446 4329
f 4331 4454 4330
f 4332 4567 4331
f 4336 4335 4301
f 4335 4339 4334
f 4337 4336 4289
f 4464 4337 4322
f 4336 4468 4335
f 4468 4339 4335
f 4339 4338 4334
f 4334 4338 4302
f 4338 4340 4302
f 4341 4340 4338
f 4341 4865 4340
f 4866 4865 4341
f 4577 4866 4341
f 4869 4866 4577
f 3150 4184 3127
f 4342 3155 3148
f 4342 3157 3155
f 3156 4344 3150
f 4343 4184 3150
f 4344 4343 3150
f 4431 4345 4342
f 4344 4429 4343
f 4342 4345 3157
f 4349 4344 3156
f 4350 4437 4344
f 4349 4350 4344
f 4362 4350 4349
f 4362 4351 4350
f 4354 4346 3156
f 4345 3405 3157
f 4345 4353 3405
f 4353 4374 3405
f 4348 4347 3156
f 4346 4348 3156
f 4347 4349 3156
f 4651 4353 4345
f 4651 4375 4353
f 4375 4374 4353
f 3402 4354 3156
f 3403 4354 3402
f 4379 4354 3403
f 5395 4379 3403
f 4356 5389 4355
f 5392 4359 4355
f 4357 5390 4356
f 5394 4420 4358
f 5395 5399 4379
f 4426 5398 4357
f 5396 4425 4424
f 4425 5401 4409
f 5399 5402 4413
f 4427 5400 4424
f 4354 4379 4346
f 4348 4361 4347
f 4361 4348 4346
f 4360 4349 4347
f 4360 4362 4349
f 4361 4360 4347
f 4379 4361 4346
f 4361 4363 4360
f 4363 4364 4360
f 4364 4362 4360
f 4362 4364 4351
f 4364 4365 4352
f 4364 4352 4351
f 4653 4663 4376
f 4367 4366 4363
f 4366 4365 4364
f 4366 4364 4363
f 4379 4363 4361
f 4379 4367 4363
f 4366 4372 4365
f 4367 4373 4366
f 4379 4373 4367
f 4372 4368 4365
f 4365 4368 4352
f 4372 4666 4368
f 4373 4372 4366
f 4662 4661 4370
f 4662 4370 4369
f 4663 4662 4369
f 4661 4371 4370
f 4376 4663 4369
f 4373 4400 4372
f 4375 4378 4374
f 4378 4421 4374
f 4396 4394 4378
f 4394 4421 4378
f 4377 4665 4376
f 4665 4653 4376
f 4660 4378 4375
f 4392 4377 4376
f 4378 4665 4377
f 4396 4378 4377
f 4397 4391 4390
f 4385 4387 4381
f 4386 4385 4381
f 4393 4386 4380
f 4422 4393 4380
f 4422 4395 4393
f 4386 4381 4380
f 4387 4382 4381
f 4389 4390 4388
f 4390 4391 4388
f 4386 4393 4384
f 4392 4389 4383
f 4384 4392 4383
f 4386 4384 4383
f 4394 4392 4384
f 4385 4386 4383
f 4388 4387 4385
f 4388 4385 4383
f 4389 4388 4383
f 4388 4391 4387
f 4395 4394 4393
f 4394 4396 4392
f 4393 4394 4384
f 4395 4421 4394
f 4391 4426 4387
f 4389 4392 4376
f 4390 4389 4369
f 4397 4390 4370
f 4371 4397 4370
f 4389 4376 4369
f 4370 4390 4369
f 4661 4411 4371
f 4411 4397 4371
f 4392 4396 4377
f 4397 4410 4391
f 4411 4410 4397
f 4399 4666 4372
f 4400 4399 4372
f 4402 4666 4399
f 4398 4400 4373
f 4401 4400 4398
f 4400 4402 4399
f 4401 4402 4400
f 4403 4402 4401
f 4405 4403 4401
f 4403 4404 4402
f 4405 4406 4403
f 4672 4404 4403
f 4406 4672 4403
f 4379 4413 4373
f 4410 4426 4391
f 4408 4677 4407
f 4409 4678 4408
f 4413 4398 4373
f 4413 4401 4398
f 4411 4426 4410
f 4412 4426 4411
f 4413 4414 4401
f 4414 4406 4405
f 4414 4405 4401
f 4414 4676 4406
f 4687 4676 4414
f 4691 4687 4414
f 4682 4813 4407
f 4811 4427 4407
f 4716 4683 4409
f 4811 4714 4427
f 4812 4811 4407
f 4813 4812 4407
f 4359 4415 4355
f 4417 4356 4355
f 4418 4357 4356
f 4416 4415 4359
f 4415 4417 4355
f 4417 4418 4356
f 4419 4416 4359
f 4381 4415 4380
f 4423 4422 4416
f 4416 4422 4380
f 4418 4417 4382
f 4417 4415 4381
f 4382 4417 4381
f 4415 4416 4380
f 4419 4423 4416
f 4420 4421 4419
f 4418 4426 4357
f 4420 5394 4374
f 4419 4359 4358
f 4420 4419 4358
f 4421 4420 4374
f 4422 4423 4395
f 4423 4421 4395
f 4421 4423 4419
f 4426 4418 4382
f 4387 4426 4382
f 5399 4413 4379
f 4425 4408 4407
f 4425 4409 4408
f 4427 4424 4407
f 4424 4425 4407
f 5402 4414 4413
f 5401 4716 4409
f 4717 5404 4426
f 4717 4426 4412
f 4702 4717 4412
f 4703 4717 4702
f 4303 4431 4243
f 4431 4342 4243
f 4343 4429 4245
f 4428 4429 4344
f 4438 4435 4428
f 4430 4246 4245
f 4444 4431 4303
f 4429 4430 4245
f 4467 4466 4434
f 4430 4432 4246
f 4432 4247 4246
f 4434 4466 4326
f 4466 4465 4326
f 4432 4434 4248
f 4444 4440 4431
f 4444 4455 4440
f 4430 4429 4428
f 4432 4430 4428
f 4433 4432 4428
f 4433 4434 4432
f 4436 4467 4434
f 4435 4433 4428
f 4435 4434 4433
f 4435 4436 4434
f 4474 4436 4435
f 4455 4441 4440
f 4455 4442 4441
f 4431 4439 4345
f 4437 4438 4344
f 4438 4428 4344
f 4476 4437 4350
f 4474 4438 4437
f 4438 4474 4435
f 4439 4651 4345
f 4443 4651 4439
f 4652 4651 4443
f 4440 4439 4431
f 4440 4441 4439
f 4441 4443 4439
f 4499 4443 4441
f 4442 4499 4441
f 4445 4455 4444
f 4462 4455 4445
f 4452 4446 4330
f 4446 4462 4445
f 4448 4528 4447
f 4451 4448 4447
f 4452 4461 4446
f 4458 4451 4447
f 4458 4460 4451
f 4451 4449 4448
f 4449 4533 4448
f 4451 4450 4449
f 4451 4460 4450
f 4460 4452 4450
f 4452 4453 4450
f 4453 4454 4450
f 4536 4458 4447
f 4457 4536 4456
f 4458 4536 4457
f 4462 4459 4457
f 4462 4457 4456
f 4455 4609 4442
f 4462 4609 4455
f 4537 4462 4456
f 4537 4609 4462
f 4461 4462 4446
f 4459 4460 4458
f 4459 4458 4457
f 4462 4460 4459
f 4462 4461 4460
f 4460 4461 4452
f 4454 4453 4330
f 4453 4452 4330
f 4567 4454 4331
f 4568 4567 4332
f 4570 4568 4332
f 4454 4567 4450
f 4579 4570 4332
f 4333 4579 4332
f 4337 4473 4336
f 4464 4472 4337
f 4473 4468 4336
f 4466 4467 4465
f 4471 4464 4463
f 4465 4470 4463
f 4467 4469 4465
f 4472 4473 4337
f 4469 4467 4436
f 4469 4470 4465
f 4475 4469 4436
f 4486 4470 4469
f 4487 4471 4470
f 4490 4472 4471
f 4470 4471 4463
f 4471 4472 4464
f 4473 4491 4468
f 4489 4473 4472
f 4491 4492 4468
f 4489 4491 4473
f 4492 4550 4468
f 4476 4474 4437
f 4474 4475 4436
f 4476 4475 4474
f 4476 4477 4475
f 4477 4486 4475
f 4487 4486 4481
f 4351 4476 4350
f 4478 4477 4476
f 4478 4476 4351
f 4352 4478 4351
f 4480 4478 4352
f 4478 4481 4477
f 4481 4486 4477
f 4659 4652 4443
f 4657 4658 4498
f 4654 4657 4496
f 4655 4654 4497
f 4655 4497 4479
f 4480 4481 4478
f 4368 4480 4352
f 4484 4480 4368
f 4666 4485 4484
f 4482 4487 4481
f 4483 4490 4482
f 4484 4482 4481
f 4506 4503 4483
f 4484 4481 4480
f 4502 4664 4479
f 4484 4485 4482
f 4485 4506 4483
f 4485 4483 4482
f 4677 4678 4493
f 4475 4486 4469
f 4486 4487 4470
f 4490 4489 4472
f 4487 4490 4471
f 4538 4539 4497
f 4540 4538 4496
f 4541 4542 4488
f 4539 4541 4488
f 4545 4544 4498
f 4609 4545 4501
f 4543 4540 4498
f 4544 4543 4498
f 4540 4496 4495
f 4498 4540 4495
f 4501 4545 4498
f 4609 4501 4442
f 4538 4497 4496
f 4497 4539 4488
f 4542 4502 4488
f 4490 4487 4482
f 4489 4490 4483
f 4503 4491 4489
f 4503 4509 4491
f 4509 4492 4491
f 4510 4550 4492
f 4542 4505 4502
f 4610 4513 4493
f 4504 4611 4493
f 4514 4611 4504
f 4497 4494 4479
f 4494 4502 4479
f 4494 4497 4488
f 4502 4494 4488
f 4499 4659 4443
f 4500 4659 4499
f 4496 4657 4495
f 4657 4498 4495
f 4497 4654 4496
f 4659 4500 4498
f 4501 4499 4442
f 4501 4500 4499
f 4500 4501 4498
f 4503 4489 4483
f 4505 4664 4502
f 4678 4504 4493
f 4669 4507 4506
f 4506 4507 4503
f 4679 4511 4507
f 4692 4515 4511
f 4692 4708 4515
f 4509 4510 4492
f 4550 4510 4508
f 4516 4615 4508
f 4507 4509 4503
f 4513 4680 4493
f 4511 4510 4509
f 4511 4512 4510
f 4511 4509 4507
f 4680 4677 4493
f 4681 4514 4504
f 4515 4512 4511
f 4705 4680 4513
f 4510 4512 4508
f 4512 4516 4508
f 4616 4520 4513
f 4626 4684 4505
f 4519 4705 4513
f 4706 4521 4514
f 4628 4707 4626
f 4521 4627 4514
f 4517 4516 4515
f 4708 4517 4515
f 4515 4516 4512
f 4705 4519 4518
f 4740 4708 4696
f 4708 4740 4517
f 4517 4618 4516
f 4740 4630 4517
f 4630 4618 4517
f 4520 4519 4513
f 4713 4707 4628
f 4523 4530 4522
f 4534 4525 4524
f 4530 4528 4448
f 4531 4532 4529
f 4528 4530 4526
f 4531 4529 4527
f 4531 4527 4526
f 4533 4530 4448
f 4532 4531 4525
f 4526 4530 4523
f 4531 4526 4523
f 4530 4533 4522
f 4525 4531 4523
f 4534 4532 4525
f 4558 4534 4524
f 4468 4550 4339
f 4339 4548 4338
f 4548 4555 4338
f 4539 4528 4526
f 4528 4536 4447
f 4527 4541 4526
f 4529 4542 4527
f 4538 4536 4528
f 4541 4539 4526
f 4539 4538 4528
f 4542 4541 4527
f 4546 4542 4529
f 4543 4537 4536
f 4538 4540 4536
f 4540 4543 4536
f 4543 4544 4537
f 4544 4545 4537
f 4545 4609 4537
f 4536 4537 4456
f 4532 4546 4529
f 4558 4546 4532
f 4534 4558 4532
f 4559 4558 4524
f 4550 4548 4339
f 4557 4553 4549
f 4611 4557 4549
f 4553 4610 4549
f 4613 4610 4553
f 4552 4554 4551
f 4556 4554 4552
f 4554 4556 4547
f 4554 4613 4551
f 4554 4547 4535
f 4547 4588 4535
f 4556 4588 4547
f 4613 4554 4535
f 4578 4613 4535
f 4553 4557 4551
f 4557 4552 4551
f 4557 4556 4552
f 4613 4553 4551
f 4614 4588 4556
f 4557 4614 4556
f 4614 4589 4588
f 4606 4613 4578
f 4560 4523 4522
f 4561 4525 4523
f 4562 4560 4522
f 4525 4566 4524
f 4560 4561 4523
f 4561 4566 4525
f 4533 4562 4522
f 4564 4533 4449
f 4450 4563 4449
f 4564 4562 4533
f 4563 4564 4449
f 4566 4565 4524
f 4567 4563 4450
f 4569 4564 4563
f 4573 4566 4561
f 4574 4561 4560
f 4562 4575 4560
f 4564 4580 4562
f 4567 4568 4563
f 4568 4569 4563
f 4570 4569 4568
f 4569 4571 4564
f 4570 4579 4569
f 4565 4559 4524
f 4566 4572 4565
f 4571 4580 4564
f 4580 4575 4562
f 4579 4571 4569
f 4585 4579 4333
f 4574 4573 4561
f 4575 4574 4560
f 4573 4572 4566
f 4572 4576 4565
f 4573 4582 4572
f 4582 4576 4572
f 4555 4341 4338
f 4555 4577 4341
f 4876 4869 4577
f 4576 4593 4565
f 4579 4581 4571
f 4581 4580 4571
f 4581 4584 4580
f 4583 4581 4579
f 4574 4597 4573
f 4582 4596 4576
f 4585 4583 4579
f 4575 4598 4574
f 4601 4582 4573
f 4580 4602 4575
f 4583 4584 4581
f 4584 4602 4580
f 4602 4598 4575
f 4586 4584 4583
f 4585 4586 4583
f 4586 4587 4584
f 4879 4586 4585
f 4588 4578 4535
f 4588 4589 4578
f 4565 4593 4559
f 4589 4591 4578
f 4590 4591 4589
f 4591 4606 4578
f 4592 4591 4590
f 4604 4593 4576
f 4632 4590 4589
f 4614 4632 4589
f 4594 4592 4590
f 4592 4606 4591
f 4632 4594 4590
f 4595 4607 4592
f 4594 4595 4592
f 4596 4604 4576
f 4599 4604 4596
f 4597 4601 4573
f 4598 4597 4574
f 4600 4596 4582
f 4601 4600 4582
f 4600 4599 4596
f 4601 4883 4600
f 4600 4883 4599
f 4603 4602 4584
f 4587 4603 4584
f 4884 4601 4597
f 4598 4886 4597
f 4602 4897 4598
f 4882 4603 4587
f 4605 4604 4599
f 4884 4883 4601
f 4883 4605 4599
f 4548 4550 4508
f 4617 4577 4555
f 4615 4555 4548
f 4615 4617 4555
f 4608 4876 4577
f 4617 4608 4577
f 4607 4606 4592
f 4632 4595 4594
f 4607 4635 4606
f 4888 4876 4608
f 4644 4607 4595
f 4605 4902 4604
f 4638 4888 4608
f 4893 4888 4638
f 4542 4546 4505
f 4546 4558 4505
f 4611 4549 4493
f 4611 4612 4557
f 4612 4614 4557
f 4549 4610 4493
f 4610 4613 4513
f 4612 4611 4514
f 4558 4626 4505
f 4559 4626 4558
f 4593 4628 4559
f 4615 4548 4508
f 4613 4616 4513
f 4627 4612 4514
f 4627 4614 4612
f 4628 4626 4559
f 4621 4613 4606
f 4622 4621 4606
f 4627 4632 4614
f 4629 4628 4593
f 4621 4616 4613
f 4632 4627 4623
f 4618 4617 4615
f 4618 4615 4516
f 4618 4619 4617
f 4630 4619 4618
f 4630 4620 4619
f 4617 4619 4608
f 4621 4624 4616
f 4622 4624 4621
f 4631 4625 4623
f 4625 4639 4623
f 4620 4638 4619
f 4616 4624 4520
f 4623 4627 4521
f 4629 4713 4628
f 4631 4623 4521
f 4753 4713 4629
f 4643 4753 4629
f 4754 4753 4643
f 4604 4629 4593
f 4632 4633 4595
f 4634 4622 4606
f 4635 4634 4606
f 4637 4636 4607
f 4636 4635 4607
f 4641 4633 4632
f 4640 4641 4632
f 4641 4642 4633
f 4642 4649 4633
f 4643 4629 4604
f 4639 4632 4623
f 4639 4640 4632
f 4902 4643 4604
f 4633 4646 4595
f 4644 4637 4607
f 4646 4644 4595
f 4647 4646 4633
f 4649 4647 4633
f 4902 4650 4643
f 4619 4638 4608
f 4759 4638 4620
f 4635 4761 4634
f 4636 4761 4635
f 4766 4641 4640
f 4766 4642 4641
f 4644 4645 4637
f 4646 4645 4644
f 4646 4648 4645
f 4649 4648 4647
f 4647 4648 4646
f 4902 4916 4650
f 4759 4893 4638
f 4637 4761 4636
f 4645 4761 4637
f 4648 4766 4645
f 4766 4649 4642
f 4649 4766 4648
f 4916 4765 4650
f 4650 4754 4643
f 4765 4754 4650
f 4651 4652 4375
f 4656 4662 4655
f 4655 4663 4654
f 4658 4657 4653
f 4657 4654 4653
f 4652 4660 4375
f 4654 4663 4653
f 4665 4658 4653
f 4665 4660 4658
f 4659 4660 4652
f 4656 4655 4479
f 4660 4659 4658
f 4658 4659 4498
f 4666 4484 4368
f 4661 4662 4656
f 4662 4663 4655
f 4661 4656 4411
f 4656 4664 4411
f 4664 4656 4479
f 4660 4665 4378
f 4668 4667 4666
f 4666 4667 4485
f 4667 4506 4485
f 4667 4669 4506
f 4668 4669 4667
f 4670 4669 4668
f 4675 4686 4670
f 4670 4679 4669
f 4686 4679 4670
f 4678 4677 4408
f 4677 4682 4407
f 4671 4666 4402
f 4404 4671 4402
f 4672 4671 4404
f 4671 4668 4666
f 4671 4670 4668
f 4672 4675 4671
f 4673 4674 4672
f 4674 4675 4672
f 4671 4675 4670
f 4688 4675 4674
f 4673 4672 4406
f 4676 4673 4406
f 4669 4679 4507
f 4680 4682 4677
f 4679 4692 4511
f 4683 4681 4678
f 4664 4684 4412
f 4683 4706 4681
f 4685 4686 4675
f 4676 4687 4673
f 4688 4674 4673
f 4687 4688 4673
f 4688 4685 4675
f 4688 4690 4685
f 4689 4688 4687
f 4691 4689 4687
f 4689 4690 4688
f 4691 4699 4689
f 4698 4690 4689
f 4690 4694 4685
f 4699 4698 4689
f 4698 4700 4690
f 4700 4694 4690
f 4701 4813 4682
f 4686 4692 4679
f 4693 4686 4685
f 4694 4693 4685
f 4693 4692 4686
f 4705 4701 4680
f 4700 4695 4694
f 4700 4698 4695
f 4699 4808 4698
f 4695 4809 4694
f 4698 4808 4695
f 4808 4807 4695
f 4807 4809 4695
f 4693 4708 4692
f 4694 4696 4693
f 4696 4708 4693
f 4697 4696 4694
f 4705 4709 4701
f 4809 4697 4694
f 4701 4682 4680
f 4704 4706 4683
f 4707 4703 4684
f 4683 4678 4409
f 4664 4412 4411
f 4684 4702 4412
f 4716 4704 4683
f 4703 4702 4684
f 4707 4814 4703
f 4678 4681 4504
f 4684 4664 4505
f 4681 4706 4514
f 4707 4684 4626
f 4710 4705 4518
f 4711 4712 4706
f 4710 4709 4705
f 4711 4706 4704
f 4706 4712 4521
f 4713 4821 4707
f 5402 5406 4414
f 4719 4691 4414
f 5406 4719 4414
f 4714 5403 4427
f 4715 5403 4714
f 4718 5403 4715
f 5405 4720 4716
f 4726 5409 4717
f 4811 4715 4714
f 4716 4720 4704
f 4815 4718 4715
f 4814 4726 4717
f 5406 5410 4721
f 5406 4721 4719
f 4722 5411 4718
f 5415 4723 4720
f 5410 5424 4721
f 4724 5411 4722
f 5415 4725 4723
f 4823 4722 4718
f 4723 4817 4720
f 4824 4724 4722
f 4725 4825 4723
f 5424 4727 4721
f 4728 5413 4724
f 5425 4729 4725
f 4733 5426 4726
f 4730 5423 4728
f 5425 4731 4729
f 5426 4733 4732
f 5427 4734 4727
f 4736 5423 4730
f 5427 4735 4734
f 4738 5426 4732
f 5430 4737 4731
f 5030 5428 4736
f 5430 5031 4737
f 4739 5431 4738
f 4741 4740 4696
f 4820 4746 4741
f 4820 4819 4748
f 4740 4742 4630
f 4747 4757 4744
f 4741 4743 4740
f 4758 4710 4518
f 4743 4742 4740
f 4519 4758 4518
f 4520 4758 4519
f 4745 4743 4741
f 4746 4745 4741
f 4820 4747 4746
f 4820 4748 4747
f 4746 4747 4744
f 4745 4746 4744
f 4748 4757 4747
f 4810 4757 4748
f 4750 4759 4620
f 4751 4760 4750
f 4760 4759 4750
f 4762 4760 4751
f 4630 4742 4620
f 4742 4750 4620
f 4624 4758 4520
f 4751 4750 4743
f 4743 4750 4742
f 4755 4752 4745
f 4745 4751 4743
f 4755 4745 4744
f 4752 4751 4745
f 4829 4631 4521
f 4764 4758 4624
f 4829 4769 4631
f 4767 4828 4753
f 4754 4767 4753
f 4757 4756 4744
f 4756 4755 4744
f 4756 4757 4749
f 4755 4756 4749
f 4752 4762 4751
f 4755 4762 4752
f 4762 4755 4749
f 4757 4776 4749
f 4772 4828 4767
f 4764 4624 4622
f 4769 4639 4625
f 4634 4764 4622
f 4769 4640 4639
f 4923 4893 4759
f 4760 4923 4759
f 4766 4761 4645
f 4761 4764 4634
f 4769 4766 4640
f 4763 4762 4749
f 4776 4763 4749
f 4762 4923 4760
f 4763 4926 4762
f 4926 4923 4762
f 4769 4764 4761
f 4631 4769 4625
f 4765 4767 4754
f 4916 4768 4765
f 4768 4772 4767
f 4766 4769 4761
f 4768 4767 4765
f 4769 4777 4764
f 4826 4776 4757
f 4777 4770 4758
f 4829 4771 4769
f 4776 4826 4773
f 4774 4831 4770
f 4832 4775 4771
f 4779 4774 4770
f 4776 4946 4763
f 4778 4776 4773
f 4778 4922 4776
f 4780 4779 4777
f 4764 4777 4758
f 4771 4781 4769
f 4781 4777 4769
f 4955 4772 4768
f 4781 4780 4777
f 4955 4948 4772
f 4777 4779 4770
f 4780 4781 4775
f 4948 4782 4772
f 4775 4781 4771
f 4948 4796 4782
f 4830 4786 4773
f 4980 4975 4797
f 4981 4801 4784
f 4981 4804 4801
f 5038 4980 4797
f 4981 5033 4804
f 4786 4778 4773
f 4786 4785 4783
f 4791 4801 4787
f 4788 4831 4774
f 4832 4795 4775
f 4796 4834 4782
f 4831 4791 4787
f 4786 4833 4785
f 4832 4835 4795
f 4791 4831 4788
f 4795 4835 4792
f 4836 4834 4794
f 4786 4783 4778
f 4779 4788 4774
f 4790 4780 4775
f 4780 4789 4779
f 4789 4788 4779
f 4790 4789 4780
f 4948 5006 4796
f 4796 5006 4794
f 4785 4975 4783
f 4797 4975 4785
f 4789 4791 4788
f 4793 4795 4792
f 4791 4789 4784
f 4789 4790 4784
f 4790 4793 4784
f 4795 4793 4790
f 5010 4803 4794
f 4795 4790 4775
f 4834 4796 4794
f 4803 4836 4794
f 4804 5035 4798
f 4833 4797 4785
f 4801 4798 4787
f 4799 4802 4792
f 4836 4803 4800
f 4835 4799 4792
f 4833 5038 4797
f 5036 4802 4799
f 4801 4804 4798
f 4803 4806 4800
f 4801 4791 4784
f 4802 4982 4792
f 4982 4793 4792
f 4805 4982 4802
f 5033 5035 4804
f 5036 4805 4802
f 5036 5039 4805
f 5123 5037 4806
f 4806 5037 4800
f 4810 4808 4699
f 4819 4818 4807
f 4818 4809 4807
f 4808 4819 4807
f 4810 4819 4808
f 4709 4815 4701
f 4816 4711 4704
f 4823 4815 4709
f 4826 4810 4719
f 4719 4699 4691
f 4719 4810 4699
f 4815 4813 4701
f 4812 4815 4811
f 4813 4815 4812
f 4814 4717 4703
f 4811 4815 4715
f 4720 4816 4704
f 4815 4823 4718
f 4817 4816 4720
f 4697 4741 4696
f 4809 4741 4697
f 4809 4818 4741
f 4819 4820 4818
f 4818 4820 4741
f 4819 4810 4748
f 4821 4814 4707
f 4710 4823 4709
f 4829 4712 4711
f 4712 4829 4521
f 4828 4821 4713
f 4758 4823 4710
f 4810 4826 4757
f 4817 4829 4816
f 4816 4829 4711
f 4828 4822 4821
f 4828 4827 4822
f 4822 4827 4821
f 4821 4827 4814
f 4721 4826 4719
f 4823 4824 4722
f 4825 4817 4723
f 4814 4827 4726
f 4727 4826 4721
f 4824 4831 4724
f 4832 4825 4725
f 4825 4829 4817
f 4824 4823 4770
f 4770 4823 4758
f 4829 4825 4771
f 4826 4830 4773
f 4831 4824 4770
f 4825 4832 4771
f 4827 4733 4726
f 4753 4828 4713
f 4827 4828 4772
f 4782 4827 4772
f 4834 4827 4782
f 4830 4826 4727
f 4831 4728 4724
f 4729 4832 4725
f 4827 4834 4733
f 4831 4730 4728
f 4731 4832 4729
f 4734 4830 4727
f 4831 4787 4730
f 4830 4833 4786
f 4835 4832 4731
f 4834 4836 4732
f 4833 4830 4734
f 4735 4833 4734
f 4787 4736 4730
f 4737 4835 4731
f 4836 4738 4732
f 5028 4833 4735
f 4798 5030 4736
f 4800 4739 4738
f 5031 5036 4737
f 4787 4798 4736
f 4799 4835 4737
f 4836 4800 4738
f 5028 5038 4833
f 5035 5030 4798
f 5036 4799 4737
f 4800 5037 4739
f 4733 4834 4732
f 1311 4844 1236
f 1313 4845 1311
f 1310 4847 1308
f 1314 4847 1310
f 4847 4845 1305
f 4845 4844 1311
f 4840 4847 1314
f 4198 1320 1318
f 4196 4198 1318
f 4837 4839 1320
f 4208 4837 1320
f 4838 4842 4837
f 4843 4842 4838
f 4198 4208 1320
f 4838 4837 4208
f 4839 4840 1314
f 4840 4839 4837
f 4842 4840 4837
f 4842 4841 4840
f 4843 4838 4230
f 4230 4838 4208
f 4842 4848 4841
f 4843 4848 4842
f 4845 4846 4844
f 4850 4847 4840
f 4847 4846 4845
f 4844 4853 4216
f 4846 4851 4844
f 4847 4850 4846
f 4849 4843 4230
f 4849 4848 4843
f 4841 4855 4840
f 4848 4855 4841
f 4855 4850 4840
f 4849 4852 4848
f 4851 4853 4844
f 4850 4851 4846
f 4855 4851 4850
f 4857 4855 4848
f 4852 4862 4848
f 4856 4852 4849
f 4854 4853 4851
f 4855 4854 4851
f 4858 4857 4848
f 4855 4857 4854
f 4862 4858 4848
f 4856 4849 4340
f 4859 4860 4852
f 4856 4859 4852
f 4854 4863 4853
f 4862 4863 4854
f 4857 4858 4854
f 4858 4862 4854
f 4860 4864 4852
f 4864 4862 4852
f 4861 4860 4859
f 4853 4863 4333
f 4864 4863 4862
f 4873 4864 4860
f 4867 4873 4860
f 4864 4873 4863
f 4865 4856 4340
f 4865 4859 4856
f 4865 4866 4861
f 4865 4861 4859
f 4861 4868 4860
f 4869 4868 4866
f 4868 4867 4860
f 4866 4868 4861
f 4868 4874 4867
f 4869 4878 4868
f 4979 4872 4871
f 4863 4585 4333
f 4873 4875 4863
f 4875 4873 4867
f 4863 4879 4585
f 4875 4879 4863
f 4874 4875 4867
f 4880 4875 4874
f 4877 4880 4874
f 4881 4880 4877
f 4876 4878 4869
f 4878 4874 4868
f 4878 4877 4874
f 4889 4878 4876
f 4878 4890 4877
f 4879 4587 4586
f 4880 4879 4875
f 4880 4881 4879
f 4879 4882 4587
f 4895 4882 4879
f 4603 4897 4602
f 4882 4895 4603
f 4899 4895 4879
f 4885 4884 4597
f 4886 4885 4597
f 4896 4886 4598
f 4897 4896 4598
f 4898 4897 4603
f 4887 4881 4877
f 4890 4887 4877
f 4881 4887 4879
f 4887 4901 4879
f 4890 4901 4887
f 4889 4890 4878
f 4888 4889 4876
f 4883 4902 4605
f 4891 4889 4888
f 4891 4890 4889
f 4891 4892 4890
f 4892 4910 4890
f 4893 4891 4888
f 4894 4892 4891
f 4893 4894 4891
f 4894 4924 4892
f 4920 4894 4893
f 4895 4900 4603
f 4900 4898 4603
f 4908 4899 4879
f 4899 4900 4895
f 4907 4900 4899
f 4901 4908 4879
f 4886 4906 4885
f 4898 4903 4897
f 4896 4906 4886
f 4897 4909 4896
f 4884 4905 4883
f 4885 4905 4884
f 4904 4902 4883
f 4900 4903 4898
f 4907 4903 4900
f 4903 4909 4897
f 4905 4904 4883
f 4906 4905 4885
f 4909 4906 4896
f 4908 4907 4899
f 4907 4917 4903
f 4918 4909 4903
f 4908 4917 4907
f 4910 4917 4908
f 4910 4901 4890
f 4910 4908 4901
f 4911 4910 4892
f 4911 4917 4910
f 4904 4916 4902
f 4905 4912 4904
f 4906 4913 4905
f 4909 4914 4906
f 4913 4912 4905
f 4912 4916 4904
f 4914 4913 4906
f 4917 4918 4903
f 4915 4914 4909
f 4918 4915 4909
f 4924 4911 4892
f 4919 4917 4911
f 4919 4918 4917
f 4918 4929 4915
f 4919 4930 4918
f 4931 4919 4911
f 4923 4920 4893
f 4920 4924 4894
f 4977 4922 4778
f 4913 4934 4912
f 4933 4916 4912
f 4914 4935 4913
f 4928 4924 4920
f 4924 4931 4911
f 4928 4931 4924
f 4925 4926 4763
f 4927 4926 4925
f 4923 4926 4921
f 4946 4925 4763
f 4946 4927 4925
f 4923 4921 4920
f 4926 4927 4921
f 4921 4928 4920
f 4927 4947 4921
f 4947 4928 4921
f 4915 4936 4914
f 4929 4936 4915
f 4930 4929 4918
f 4931 4930 4919
f 4934 4933 4912
f 4916 4932 4768
f 4933 4932 4916
f 4935 4934 4913
f 4936 4935 4914
f 4930 4942 4929
f 4931 4943 4930
f 4941 4936 4929
f 4933 4937 4932
f 4932 4950 4768
f 4937 4950 4932
f 4934 4938 4933
f 4938 4937 4933
f 4951 4950 4937
f 4938 4951 4937
f 4952 4951 4938
f 4935 4939 4934
f 4939 4938 4934
f 4940 4939 4935
f 4936 4940 4935
f 4944 4940 4936
f 4939 4952 4938
f 4940 4953 4939
f 4953 4952 4939
f 4944 4954 4940
f 4954 4953 4940
f 4942 4941 4929
f 4943 4942 4930
f 4941 4944 4936
f 4942 4944 4941
f 4964 4944 4942
f 4964 4954 4944
f 4943 4966 4942
f 4945 4931 4928
f 4968 4945 4928
f 4945 4943 4931
f 4945 4968 4943
f 4922 4946 4776
f 4946 4947 4927
f 4947 4946 4922
f 4969 4947 4922
f 4947 4968 4928
f 4958 5004 4948
f 4959 5005 4958
f 5005 4959 4949
f 4974 4969 4922
f 5009 4974 4922
f 4950 4955 4768
f 4951 4955 4950
f 4952 4957 4951
f 4956 4955 4951
f 4957 4956 4951
f 4953 4960 4952
f 4954 4961 4953
f 4964 4961 4954
f 4960 4957 4952
f 4961 4960 4953
f 4956 4958 4955
f 4957 4959 4956
f 4959 4958 4956
f 4962 4959 4957
f 4960 4962 4957
f 4961 4963 4960
f 4965 4963 4961
f 4963 4962 4960
f 4966 4964 4942
f 4964 4965 4961
f 4966 4965 4964
f 4966 4967 4965
f 4969 4968 4947
f 4969 4974 4966
f 4968 4966 4943
f 4968 4969 4966
f 4955 4958 4948
f 4959 4962 4949
f 4963 4970 4962
f 4965 4972 4963
f 4972 4970 4963
f 4973 4972 4965
f 4962 4970 4949
f 4972 4971 4970
f 4974 4973 4967
f 4972 4973 4971
f 4967 4973 4965
f 4974 4967 4966
f 4991 4976 4975
f 4783 4977 4778
f 4976 4977 4783
f 4975 4976 4783
f 5010 5013 4983
f 5021 4977 4976
f 4991 5023 4976
f 5023 5022 4976
f 4991 4980 4978
f 4793 4981 4784
f 4982 4981 4793
f 4983 4984 4803
f 4980 4991 4975
f 5013 5014 4985
f 5013 4984 4983
f 5013 4985 4984
f 5014 4986 4985
f 5012 4987 4986
f 4985 4996 4984
f 4986 4997 4985
f 4987 4998 4986
f 5024 4988 4987
f 4988 4999 4987
f 5025 5026 4988
f 4980 5038 4978
f 4982 5124 4981
f 5038 4979 4978
f 5124 5033 4981
f 5125 5124 4982
f 5125 4982 4805
f 5039 5125 4805
f 4989 5123 4806
f 4995 4990 4984
f 4994 5123 4989
f 4984 4990 4806
f 4990 4989 4806
f 4992 4991 4978
f 4992 4978 4870
f 4992 4993 4991
f 4993 4992 4870
f 4978 4979 4870
f 4979 4871 4870
f 4993 5023 4991
f 5026 5025 4993
f 4990 4995 4989
f 4996 4995 4984
f 4997 4996 4985
f 4998 4997 4986
f 4995 4994 4989
f 4999 5001 4998
f 4999 4998 4987
f 5026 5000 4988
f 5000 5026 4993
f 5000 4999 4988
f 5000 5002 4999
f 5002 5001 4999
f 5003 5002 5000
f 5003 4993 4870
f 5003 5027 5002
f 5003 5000 4993
f 5005 5004 4958
f 5004 5006 4948
f 4970 5008 4949
f 5007 5005 4949
f 5008 5007 4949
f 5011 5008 4970
f 5021 5020 5009
f 5013 5010 5004
f 5014 5013 5004
f 5012 5014 5005
f 5010 5006 5004
f 5005 5014 5004
f 5007 5012 5005
f 5006 5010 4794
f 5008 5015 5007
f 5011 5015 5008
f 5020 5017 5011
f 5015 5012 5007
f 5016 5015 5011
f 5016 5024 5015
f 5017 5018 5016
f 5018 5024 5016
f 5022 5023 5017
f 5023 5018 5017
f 5020 5021 5017
f 5021 5022 5017
f 5017 5016 5011
f 4971 5011 4970
f 5019 5020 4971
f 4973 5019 4971
f 5020 5011 4971
f 5009 5019 4974
f 5020 5019 5009
f 4974 5019 4973
f 4977 5009 4922
f 5021 5009 4977
f 5022 5021 4976
f 5010 4983 4803
f 4984 4806 4803
f 5014 5012 4986
f 5012 5015 4987
f 5015 5024 4987
f 5025 5024 5018
f 5024 5025 4988
f 5018 5023 4993
f 5025 5018 4993
f 4871 5003 4870
f 4872 5027 4871
f 5027 5003 4871
f 5429 5028 4735
f 5432 5428 5056
f 5429 5029 5028
f 5032 5431 4739
f 5056 5428 5030
f 5433 5057 5031
f 5058 5431 5032
f 5429 5435 5029
f 5432 5056 5052
f 5435 5050 5029
f 5435 5051 5050
f 5433 5059 5057
f 5060 5434 5058
f 5436 5432 5052
f 5433 5437 5059
f 5435 5439 5051
f 5065 5436 5052
f 5439 5064 5051
f 5068 5438 5060
f 5437 5069 5059
f 5070 5438 5068
f 5439 5066 5064
f 5067 5436 5065
f 5437 5071 5069
f 5072 5438 5070
f 5441 5436 5067
f 5437 5442 5071
f 5050 5043 5038
f 5040 5053 5035
f 5054 5041 5036
f 5042 5055 5037
f 5041 5039 5036
f 5126 5035 5033
f 5038 5043 5034
f 5041 5127 5039
f 5126 5040 5035
f 5138 5042 5037
f 5043 5044 5034
f 5045 5053 5040
f 5061 5053 5045
f 5044 5139 5034
f 5046 5127 5041
f 5047 5139 5044
f 5146 5055 5042
f 5062 5046 5041
f 5183 5061 5045
f 5146 5182 5063
f 5048 5179 5047
f 5183 5073 5061
f 5074 5184 5046
f 5182 5186 5075
f 5183 5185 5073
f 5187 5184 5074
f 5185 5076 5073
f 5077 5187 5074
f 5191 5095 5076
f 5097 5190 5077
f 5037 5032 4739
f 5035 5056 5030
f 5057 5054 5031
f 5029 5038 5028
f 5054 5036 5031
f 5050 5038 5029
f 5053 5056 5035
f 5055 5058 5037
f 5037 5058 5032
f 5050 5051 5043
f 5060 5058 5055
f 5056 5053 5052
f 5057 5059 5054
f 5063 5068 5060
f 5051 5044 5043
f 5053 5061 5052
f 5063 5060 5055
f 5059 5062 5054
f 5054 5062 5041
f 5146 5063 5055
f 5051 5064 5044
f 5073 5065 5061
f 5061 5065 5052
f 5069 5062 5059
f 5075 5068 5063
f 5069 5074 5062
f 5075 5070 5068
f 5064 5066 5048
f 5073 5067 5065
f 5075 5072 5070
f 5071 5077 5069
f 5076 5084 5067
f 5094 5077 5071
f 5078 5091 5072
f 5064 5047 5044
f 5062 5074 5046
f 5064 5048 5047
f 5077 5074 5069
f 5182 5075 5063
f 5188 5078 5075
f 5066 5049 5048
f 5073 5076 5067
f 5066 5079 5049
f 5075 5078 5072
f 5439 5083 5066
f 5439 5440 5088
f 5442 5485 5086
f 5486 5443 5091
f 5484 5441 5087
f 5440 5487 5099
f 5488 5484 5089
f 5490 5486 5092
f 5485 5489 5101
f 5487 5491 5105
f 5492 5488 5103
f 5489 5493 5106
f 5494 5490 5102
f 7710 5492 5104
f 5082 5291 5079
f 5278 5096 5095
f 5100 5301 5099
f 5104 5296 5081
f 5083 5082 5066
f 5085 5094 5071
f 5083 5088 5082
f 5093 5087 5084
f 5086 5094 5085
f 5084 5441 5067
f 5442 5085 5071
f 5439 5088 5083
f 5442 5086 5085
f 5087 5441 5084
f 5091 5443 5072
f 5092 5486 5091
f 5440 5099 5088
f 5089 5484 5087
f 5485 5090 5086
f 5082 5079 5066
f 5093 5084 5076
f 5096 5093 5076
f 5094 5097 5077
f 5093 5096 5087
f 5098 5091 5078
f 5097 5094 5086
f 5098 5092 5091
f 5095 5096 5076
f 5088 5291 5082
f 5087 5096 5080
f 5109 5097 5090
f 5098 5110 5092
f 5099 5291 5088
f 5090 5097 5086
f 5089 5087 5080
f 5487 5100 5099
f 5485 5101 5090
f 5103 5488 5089
f 5102 5490 5092
f 5487 5105 5100
f 5489 5106 5101
f 5104 5492 5103
f 5108 5494 5102
f 5493 5107 5106
f 5493 6531 5107
f 5103 5089 5080
f 5110 5102 5092
f 5101 5109 5090
f 5110 5294 5102
f 5292 5103 5080
f 5297 5109 5101
f 5105 5295 5100
f 5107 5111 5106
f 5313 5108 5102
f 5296 5104 5103
f 5106 5297 5101
f 5311 5313 5102
f 5111 5297 5106
f 4979 5112 4872
f 5112 5147 4872
f 5113 5156 5112
f 5132 5113 5112
f 5132 5160 5113
f 5160 5114 5113
f 5117 5362 5116
f 5120 5362 5117
f 5118 5117 5116
f 5119 5120 5117
f 5118 5119 5117
f 5121 5120 5119
f 5121 5386 5120
f 5122 5121 5119
f 5122 5387 5121
f 5034 5132 4979
f 5038 5034 4979
f 5127 5125 5039
f 5124 5128 5033
f 5125 5128 5124
f 5128 5126 5033
f 5135 5128 5125
f 5129 5138 5123
f 5127 5135 5125
f 5132 5112 4979
f 5134 5129 4995
f 5148 5134 4995
f 5149 5148 4996
f 5134 5133 5129
f 5135 5130 5128
f 5135 5131 5130
f 5129 5123 4994
f 4995 5129 4994
f 5001 5136 4998
f 5002 5137 5001
f 4997 5149 4996
f 4998 5151 4997
f 4996 5148 4995
f 5137 5136 5001
f 5027 5137 5002
f 5136 5151 4998
f 5151 5149 4997
f 5152 5151 5136
f 5137 5153 5136
f 5128 5130 5126
f 5131 5135 5127
f 5133 5138 5129
f 5159 5131 5127
f 5141 5138 5133
f 5126 5142 5040
f 5139 5132 5034
f 5139 5160 5132
f 5131 5159 5130
f 5158 5142 5130
f 5130 5142 5126
f 5143 5159 5127
f 5140 5160 5139
f 5142 5144 5045
f 5158 5144 5142
f 5123 5138 5037
f 5142 5045 5040
f 5141 5146 5042
f 5138 5141 5042
f 5143 5127 5046
f 5184 5143 5046
f 5164 5182 5146
f 5164 5146 5141
f 5184 5145 5143
f 5150 5027 4872
f 5147 5150 4872
f 5134 5161 5133
f 5148 5168 5134
f 5149 5167 5148
f 5150 5137 5027
f 5153 5152 5136
f 5150 5153 5137
f 5153 5150 5147
f 5152 5155 5151
f 5153 5154 5152
f 5154 5155 5152
f 5151 5173 5149
f 5156 5154 5153
f 5156 5153 5147
f 5156 5157 5154
f 5155 5173 5151
f 5172 5155 5154
f 5157 5172 5154
f 5156 5147 5112
f 5157 5156 5113
f 5159 5158 5130
f 5166 5161 5134
f 5168 5166 5134
f 5167 5168 5148
f 5173 5167 5149
f 5170 5160 5140
f 5158 5162 5144
f 5159 5163 5158
f 5163 5162 5158
f 5161 5141 5133
f 5161 5165 5141
f 5163 5159 5143
f 5145 5163 5143
f 5165 5164 5141
f 5162 5196 5144
f 5203 5163 5145
f 5171 5198 5164
f 5166 5165 5161
f 5160 5170 5114
f 5166 5171 5165
f 5163 5200 5162
f 5170 5201 5114
f 5168 5221 5166
f 5219 5171 5166
f 5174 5173 5155
f 5172 5174 5155
f 5169 5172 5157
f 5174 5176 5173
f 5175 5174 5172
f 5175 5176 5174
f 5215 5172 5169
f 5215 5175 5172
f 5165 5171 5164
f 5222 5168 5167
f 5176 5177 5173
f 5173 5223 5167
f 5178 5176 5175
f 5178 5177 5176
f 5217 5178 5175
f 5177 5223 5173
f 5178 5216 5177
f 5222 5221 5168
f 5221 5219 5166
f 5219 5218 5171
f 5223 5222 5167
f 5196 5183 5144
f 5179 5170 5140
f 5140 5139 5047
f 5179 5140 5047
f 5144 5183 5045
f 5180 5179 5048
f 5186 5188 5075
f 5184 5197 5145
f 5198 5186 5182
f 5198 5182 5164
f 5199 5185 5183
f 5187 5197 5184
f 5196 5199 5183
f 5208 5197 5187
f 5199 5206 5185
f 5207 5188 5186
f 5049 5180 5048
f 5181 5180 5049
f 5079 5192 5049
f 5185 5189 5076
f 5188 5193 5078
f 5190 5187 5077
f 5189 5191 5076
f 5194 5190 5097
f 5193 5195 5078
f 5190 5208 5187
f 5206 5189 5185
f 5212 5193 5188
f 5192 5181 5049
f 5210 5191 5189
f 5194 5209 5190
f 5213 5195 5193
f 5179 5201 5170
f 5197 5203 5145
f 5200 5196 5162
f 5200 5199 5196
f 5180 5201 5179
f 5181 5202 5180
f 5202 5201 5180
f 5208 5205 5197
f 5203 5200 5163
f 5218 5198 5171
f 5205 5203 5197
f 5200 5204 5199
f 5220 5207 5198
f 5218 5220 5198
f 5203 5204 5200
f 5205 5204 5203
f 5204 5206 5199
f 5243 5206 5204
f 5220 5233 5207
f 5208 5244 5205
f 5192 5242 5181
f 5242 5202 5181
f 5209 5244 5208
f 5245 5210 5206
f 5243 5245 5206
f 5246 5244 5209
f 5247 5242 5192
f 5281 5247 5192
f 5245 5248 5210
f 5248 5316 5210
f 5198 5207 5186
f 5207 5212 5188
f 5237 5212 5207
f 5209 5208 5190
f 5206 5210 5189
f 5212 5213 5193
f 5211 5209 5194
f 5286 5211 5194
f 5213 5288 5195
f 5211 5246 5209
f 5260 5213 5212
f 5249 5246 5211
f 5333 5249 5211
f 5260 5288 5213
f 5195 5098 5078
f 5114 5157 5113
f 5169 5157 5114
f 5215 5169 5115
f 5201 5115 5114
f 5115 5169 5114
f 5217 5215 5115
f 5214 5217 5115
f 5215 5217 5175
f 5217 5216 5178
f 5216 5226 5177
f 5226 5223 5177
f 5241 5217 5214
f 5217 5241 5216
f 5238 5214 5115
f 5201 5238 5115
f 5239 5238 5201
f 5202 5239 5201
f 5219 5220 5218
f 5224 5220 5219
f 5221 5225 5219
f 5222 5228 5221
f 5223 5229 5222
f 5228 5225 5221
f 5229 5228 5222
f 5225 5224 5219
f 5224 5233 5220
f 5227 5226 5216
f 5226 5229 5223
f 5230 5229 5226
f 5227 5230 5226
f 5241 5227 5216
f 5241 5231 5227
f 5225 5235 5224
f 5228 5236 5225
f 5229 5254 5228
f 5230 5232 5229
f 5231 5230 5227
f 5231 5232 5230
f 5205 5243 5204
f 5244 5243 5205
f 5233 5237 5207
f 5242 5250 5202
f 5234 5233 5224
f 5235 5234 5224
f 5236 5235 5225
f 5232 5254 5229
f 5254 5236 5228
f 5234 5237 5233
f 5238 5240 5214
f 5239 5240 5238
f 5250 5239 5202
f 5240 5241 5214
f 5257 5240 5239
f 5257 5241 5240
f 5241 5257 5231
f 5250 5257 5239
f 5258 5257 5250
f 5244 5245 5243
f 5246 5245 5244
f 5246 5248 5245
f 5249 5248 5246
f 5247 5251 5242
f 5260 5237 5234
f 5235 5265 5234
f 5249 5316 5248
f 5333 5316 5249
f 5251 5250 5242
f 5251 5258 5250
f 5252 5270 5251
f 5252 5251 5247
f 5320 5252 5247
f 5253 5232 5231
f 5253 5255 5232
f 5257 5253 5231
f 5255 5254 5232
f 5256 5255 5253
f 5255 5259 5254
f 5259 5263 5254
f 5256 5262 5255
f 5262 5259 5255
f 5257 5256 5253
f 5258 5262 5256
f 5257 5258 5256
f 5237 5260 5212
f 5236 5266 5235
f 5254 5267 5236
f 5264 5260 5234
f 5265 5264 5234
f 5264 5261 5260
f 5335 5288 5260
f 5261 5335 5260
f 5336 5335 5261
f 5262 5268 5259
f 5263 5267 5254
f 5267 5266 5236
f 5268 5263 5259
f 5266 5265 5235
f 5269 5267 5263
f 5268 5262 5258
f 5270 5268 5258
f 5268 5269 5263
f 5272 5269 5268
f 5270 5272 5268
f 5270 5258 5251
f 5264 5337 5261
f 5265 5338 5264
f 5266 5342 5265
f 5337 5336 5261
f 5338 5337 5264
f 5342 5338 5265
f 5269 5271 5267
f 5271 5273 5267
f 5272 5271 5269
f 5267 5343 5266
f 5272 5273 5271
f 5273 5343 5267
f 5343 5342 5266
f 5344 5273 5272
f 5350 5270 5252
f 5320 5350 5252
f 5350 5272 5270
f 5191 5275 5095
f 5276 5194 5097
f 5195 5277 5098
f 5275 5278 5095
f 5279 5276 5097
f 5277 5280 5098
f 5274 5192 5079
f 5210 5275 5191
f 5276 5286 5194
f 5282 5274 5079
f 5283 5278 5275
f 5279 5286 5276
f 5291 5282 5079
f 5109 5279 5097
f 5280 5110 5098
f 5278 5292 5096
f 5096 5292 5080
f 5293 5279 5109
f 5291 5300 5282
f 5293 5289 5279
f 5280 5294 5110
f 5274 5281 5192
f 5282 5281 5274
f 5281 5314 5247
f 5282 5322 5281
f 5285 5318 5283
f 5300 5322 5282
f 5303 5319 5289
f 5357 5322 5300
f 5358 5302 5283
f 5284 5275 5210
f 5288 5277 5195
f 5285 5284 5210
f 5286 5287 5211
f 5290 5280 5277
f 5289 5286 5279
f 5284 5283 5275
f 5284 5285 5283
f 5289 5287 5286
f 5288 5290 5277
f 5316 5285 5210
f 5287 5333 5211
f 5335 5290 5288
f 5289 5319 5287
f 5290 5304 5280
f 5302 5292 5278
f 5304 5294 5280
f 5283 5302 5278
f 5293 5303 5289
f 5301 5291 5099
f 5297 5293 5109
f 5292 5296 5103
f 5294 5311 5102
f 5301 5300 5291
f 5295 5305 5100
f 5305 5301 5100
f 5296 5298 5081
f 5299 5297 5111
f 5312 5313 5311
f 5302 5306 5292
f 5306 5296 5292
f 5308 5303 5297
f 5357 5301 5116
f 5301 5357 5300
f 5304 5309 5294
f 5358 5306 5302
f 5308 5361 5303
f 5306 5307 5296
f 5307 5298 5296
f 5301 5305 5116
f 5373 5311 5309
f 5310 5308 5299
f 5297 5303 5293
f 5309 5311 5294
f 5299 5308 5297
f 5373 5312 5311
f 5314 5315 5247
f 5316 5317 5285
f 5317 5318 5285
f 5333 5317 5316
f 5315 5320 5247
f 5334 5318 5317
f 5322 5314 5281
f 5325 5315 5314
f 5322 5325 5314
f 5334 5319 5318
f 5321 5320 5315
f 5325 5321 5315
f 5325 5331 5321
f 5331 5354 5321
f 5357 5325 5322
f 5318 5323 5283
f 5319 5323 5318
f 5324 5323 5319
f 5326 5332 5290
f 5323 5358 5283
f 5359 5324 5303
f 5324 5319 5303
f 5332 5304 5290
f 5324 5358 5323
f 5356 5331 5325
f 5357 5362 5325
f 5362 5356 5325
f 5341 5328 5327
f 5347 5327 5326
f 5370 5354 5331
f 5328 5364 5327
f 5364 5332 5327
f 5329 5365 5328
f 5327 5332 5326
f 5330 5366 5329
f 5352 5371 5330
f 5355 5369 5352
f 5356 5370 5331
f 5334 5333 5287
f 5319 5334 5287
f 5333 5334 5317
f 5336 5347 5335
f 5335 5347 5290
f 5337 5339 5336
f 5339 5341 5336
f 5338 5340 5337
f 5340 5339 5337
f 5345 5340 5338
f 5344 5343 5273
f 5350 5344 5272
f 5342 5345 5338
f 5346 5345 5342
f 5343 5346 5342
f 5344 5346 5343
f 5348 5346 5344
f 5321 5351 5320
f 5351 5350 5320
f 5351 5349 5344
f 5349 5351 5321
f 5341 5339 5328
f 5339 5340 5328
f 5341 5347 5336
f 5340 5345 5329
f 5346 5352 5345
f 5347 5341 5327
f 5349 5348 5344
f 5348 5352 5346
f 5354 5349 5321
f 5349 5354 5348
f 5350 5351 5344
f 5347 5326 5290
f 5340 5329 5328
f 5345 5330 5329
f 5345 5352 5330
f 5353 5352 5348
f 5353 5355 5352
f 5354 5355 5353
f 5354 5353 5348
f 5370 5355 5354
f 5362 5357 5116
f 5359 5360 5358
f 5358 5360 5306
f 5361 5360 5359
f 5363 5368 5309
f 5368 5374 5309
f 5361 5359 5303
f 5359 5358 5324
f 5332 5363 5304
f 5363 5309 5304
f 5364 5363 5332
f 5356 5362 5120
f 5364 5368 5363
f 5374 5368 5364
f 5365 5364 5328
f 5366 5365 5329
f 5367 5366 5330
f 5371 5367 5330
f 5369 5371 5352
f 5370 5369 5355
f 5370 5372 5369
f 5385 5370 5356
f 5372 5371 5369
f 5372 5384 5371
f 5385 5372 5370
f 5385 5384 5372
f 5385 5386 5384
f 5360 5307 5306
f 6664 5361 5308
f 5361 6663 5360
f 5374 5375 5309
f 5375 5373 5309
f 5305 5118 5116
f 5310 6664 5308
f 5360 6663 5307
f 5375 5374 5364
f 5377 5375 5364
f 5365 5377 5364
f 5366 5378 5365
f 5367 5379 5366
f 5371 5382 5367
f 5384 5380 5371
f 5380 5382 5371
f 5386 5387 5384
f 5384 5387 5380
f 6664 6663 5361
f 5375 5376 5373
f 5376 6665 5373
f 5378 5377 5365
f 5379 5378 5366
f 5377 5376 5375
f 5377 6665 5376
f 5381 5379 5367
f 5382 5381 5367
f 5383 5382 5380
f 5387 5383 5380
f 5385 5356 5120
f 5386 5385 5120
f 5387 5386 5121
f 5388 5387 5122
f 5387 5388 5383
f 5389 5392 4355
f 5392 5393 4358
f 5390 5389 4356
f 5391 5390 4357
f 5398 5391 4357
f 4374 5394 3405
f 4359 5392 4358
f 5393 5394 4358
f 5396 5397 4425
f 5400 5396 4424
f 5397 5401 4425
f 5404 5398 4426
f 5403 5400 4427
f 5401 5405 4716
f 5405 5401 3420
f 5398 5404 3452
f 5400 5403 3453
f 5406 5402 3451
f 5407 5417 5403
f 5409 5404 4717
f 5407 5403 4718
f 5405 5408 4720
f 5416 5412 5406
f 5418 5414 5408
f 5413 5417 5411
f 5412 5410 5406
f 5412 5424 5410
f 5414 5415 5408
f 5411 5417 5407
f 5422 5420 5409
f 5420 5422 5419
f 5404 5420 3452
f 5416 5406 3451
f 5403 5417 3453
f 5418 5408 3454
f 5408 5405 3454
f 5409 5420 5404
f 5417 5413 3486
f 5412 5416 3456
f 3486 5413 3459
f 5414 5418 3460
f 5420 5419 3488
f 5419 5421 3488
f 5411 5407 4718
f 5408 5415 4720
f 5422 5409 4726
f 5413 5411 4724
f 5426 5422 4726
f 5415 5414 4725
f 5424 5412 3456
f 5424 5427 4727
f 5422 5426 5419
f 5423 5428 3461
f 3457 5424 3456
f 5413 3461 3459
f 5425 5414 3460
f 5413 5423 3461
f 3508 5425 3460
f 5419 5426 3509
f 5421 5419 3509
f 5426 5431 3509
f 5427 5424 3938
f 5428 3930 3461
f 5430 5425 3939
f 3939 5425 3508
f 5431 3940 3509
f 5423 5413 4728
f 5414 5425 4725
f 5428 5423 4736
f 5425 5430 4731
f 5427 5429 4735
f 5431 5426 4738
f 5428 5432 3930
f 5433 5430 3932
f 5432 5436 3931
f 5429 5427 3938
f 5431 5434 3940
f 5430 3939 3932
f 5432 3931 3930
f 5434 3941 3940
f 5430 5433 5031
f 5434 5431 5058
f 5437 5433 3934
f 5439 5435 3945
f 5436 5441 3933
f 5442 5437 3967
f 5435 5429 3945
f 3934 5433 3932
f 5436 3933 3931
f 5438 3946 3941
f 5434 5438 3941
f 3967 5437 3934
f 5441 3966 3933
f 5438 5443 3946
f 5438 5434 5060
f 5443 5438 5072
f 5440 5439 4007
f 5441 5448 3968
f 5484 5448 5441
f 5443 5486 4006
f 5449 5485 5442
f 5441 3968 3966
f 5443 4006 3946
f 5449 5442 3967
f 4006 5486 3982
f 3969 5449 3967
f 5461 5487 3980
f 5487 5440 3980
f 5448 5484 5445
f 5481 5485 5449
f 6524 5462 3166
f 5462 5461 3166
f 5462 5487 5461
f 5462 6524 5444
f 5491 5487 5444
f 5487 5462 5444
f 5447 5481 5445
f 5488 5446 5445
f 5489 5481 5447
f 5446 5447 5445
f 5490 7686 5466
f 5440 3981 3980
f 5448 5449 3968
f 5486 5450 3982
f 5464 5463 5451
f 5481 5449 5448
f 5481 5448 5445
f 5449 3969 3968
f 5451 3985 3984
f 5450 5451 3984
f 5451 5452 3985
f 5452 5453 3986
f 5464 5451 5450
f 5463 5452 5451
f 5465 5453 5452
f 5472 5458 5453
f 5458 5473 5454
f 5452 3986 3985
f 5453 3987 3986
f 5458 5455 3987
f 5455 4037 3987
f 5455 5456 4037
f 5453 5458 3987
f 5458 5459 5455
f 5459 5456 5455
f 5457 5477 4039
f 5459 5460 5456
f 5459 5458 5454
f 5460 5459 5454
f 5460 5477 5457
f 5460 5457 5456
f 5486 5464 5450
f 5486 5466 5464
f 5467 5465 5463
f 5464 5466 5463
f 5467 5468 5465
f 5468 5472 5465
f 5469 5472 5468
f 5470 5473 5469
f 5466 5467 5463
f 5480 6212 5471
f 7686 5467 5466
f 7688 5468 5467
f 7687 5469 5468
f 5482 5478 5470
f 7690 5470 5469
f 7687 7690 5469
f 7690 7691 5470
f 5482 7701 5478
f 7691 5482 5470
f 5463 5465 5452
f 5465 5472 5453
f 5472 5473 5458
f 5474 5460 5454
f 5477 5471 4039
f 5475 5474 5473
f 5473 5474 5454
f 5476 5477 5460
f 5474 5476 5460
f 5473 5472 5469
f 5475 5473 5470
f 5475 5476 5474
f 5478 5476 5475
f 5479 5477 5476
f 5478 5475 5470
f 5477 5479 5471
f 5479 5480 5471
f 5478 7701 5476
f 5483 5479 5476
f 5483 5480 5479
f 5483 7700 5480
f 7701 5483 5476
f 7700 7684 5480
f 7686 7688 5467
f 7688 7687 5468
f 7692 7701 5482
f 7701 7700 5483
f 5484 5488 5445
f 5489 5485 5481
f 5486 5490 5466
f 5488 5492 5446
f 5493 5489 5447
f 5494 7686 5490
f 5456 4038 4037
f 5456 5457 4034
f 5495 5496 1640
f 5538 5502 5495
f 5500 5496 5495
f 5496 5497 1640
f 5497 5498 1643
f 5499 1649 5498
f 5742 5499 5498
f 5746 5742 5498
f 5508 5497 5496
f 5511 5498 5497
f 5752 5746 5498
f 5754 5752 5498
f 5753 5754 5498
f 5814 5753 5498
f 5815 5814 5498
f 5816 5815 5498
f 5502 5500 5495
f 5500 5501 5496
f 5882 5622 5504
f 5622 5882 5502
f 5502 5883 5500
f 5883 5501 5500
f 5501 5508 5496
f 5508 5509 5497
f 5509 5510 5497
f 5510 5511 5497
f 5511 5512 5498
f 5512 5513 5498
f 5513 5514 5498
f 5514 5506 5498
f 5817 5816 5498
f 5507 5817 5498
f 5506 5507 5498
f 5903 5508 5501
f 5905 5509 5508
f 5905 5510 5509
f 5905 5511 5510
f 5907 5512 5511
f 5909 5513 5512
f 5902 5514 5513
f 5706 6269 5705
f 5514 6268 5506
f 5707 6267 5706
f 5518 5517 1976
f 5517 5515 1975
f 5516 5518 1976
f 5519 5516 1977
f 5520 5519 1977
f 5521 5520 1984
f 5523 5521 1986
f 5522 5524 1978
f 5524 5527 1985
f 5525 5523 1986
f 5526 5525 1987
f 5527 5528 1988
f 5529 5530 1997
f 5531 5532 1998
f 5515 5531 1998
f 5532 5529 1997
f 5530 5534 2000
f 5543 5538 2001
f 5534 5543 2001
f 5535 5533 2002
f 5540 5535 2007
f 5536 5537 2003
f 5533 5536 1999
f 5537 5522 2004
f 5539 5540 2006
f 5538 5495 2005
f 5541 5539 2008
f 5542 5541 2008
f 5543 5544 5538
f 5520 5605 5519
f 5521 5602 5520
f 5518 5606 5517
f 5604 5518 5516
f 5519 5604 5516
f 5603 5531 5515
f 5517 5603 5515
f 5609 5537 5536
f 5537 5610 5522
f 5602 5605 5520
f 5523 5614 5521
f 5526 5574 5525
f 5525 5613 5523
f 5616 5524 5522
f 5617 5527 5524
f 5614 5602 5521
f 5612 5614 5523
f 5574 5613 5525
f 5618 5528 5527
f 5613 5612 5523
f 5619 5530 5529
f 5603 5532 5531
f 5532 5619 5529
f 5535 5620 5533
f 5619 5534 5530
f 5621 5543 5534
f 5622 5544 5543
f 5540 5625 5535
f 5611 5536 5533
f 5544 5622 5538
f 5627 5540 5539
f 5541 5628 5539
f 5542 5628 5541
f 5545 5526 1987
f 5528 5547 1988
f 5547 5548 2011
f 5546 5545 2012
f 5549 5546 2012
f 5550 5549 2018
f 5548 5551 2011
f 5551 5552 2013
f 5553 5550 2018
f 5555 5553 2020
f 5556 5555 2021
f 5552 5554 2019
f 5554 5558 2019
f 5557 5556 2033
f 5561 5557 2033
f 5558 5559 2030
f 5559 5560 2031
f 5562 5561 2035
f 5565 5562 2038
f 5560 5563 2034
f 5563 5564 2036
f 5564 5568 2037
f 5566 5565 2038
f 5567 5566 2039
f 5569 5567 2039
f 5568 5572 2040
f 5570 5569 2041
f 5571 5570 2041
f 5545 5574 5526
f 5546 5573 5545
f 5573 5574 5545
f 5549 5573 5546
f 5577 5573 5549
f 5550 5577 5549
f 5577 5575 5573
f 5575 5574 5573
f 5652 5547 5528
f 5652 5548 5547
f 5575 5648 5574
f 5577 5576 5575
f 5577 5578 5576
f 5654 5551 5548
f 5655 5552 5551
f 5576 5653 5575
f 5553 5579 5550
f 5555 5579 5553
f 5556 5579 5555
f 5579 5577 5550
f 5557 5580 5556
f 5561 5580 5557
f 5579 5578 5577
f 5661 5554 5552
f 5675 5558 5554
f 5580 5579 5556
f 5676 5559 5558
f 5562 5581 5561
f 5565 5581 5562
f 5687 5560 5559
f 5581 5580 5561
f 5689 5563 5560
f 5569 5665 5567
f 5566 5690 5565
f 5567 5691 5566
f 5694 5564 5563
f 5570 5665 5569
f 5695 5568 5564
f 5571 5697 5570
f 5699 5572 5568
f 5582 5542 2047
f 5583 5582 2047
f 2053 5584 5583
f 5584 5585 5583
f 5584 5848 5585
f 5582 5701 5542
f 5583 5702 5582
f 5585 5707 5583
f 5572 5586 2042
f 5587 5571 2058
f 5586 5588 2057
f 6485 5587 2731
f 5588 5589 2060
f 5595 5591 5590
f 5592 5591 5595
f 5590 5589 5588
f 5595 5590 5588
f 5596 5595 5594
f 5594 5595 5588
f 5597 5596 5594
f 5596 5592 5595
f 5598 5592 5596
f 5600 5592 5598
f 5597 5599 5596
f 5593 5592 5601
f 5855 5593 5601
f 5601 5592 5600
f 5859 5855 5601
f 5599 5597 5594
f 5600 5599 5594
f 5601 5600 5594
f 5599 5598 5596
f 5599 5600 5598
f 5859 5601 5594
f 5860 5859 5594
f 5587 5709 5571
f 5708 5586 5572
f 6485 6562 5587
f 5710 5588 5586
f 5713 5594 5588
f 5606 5603 5517
f 5605 5604 5519
f 5604 5606 5518
f 5607 5609 5536
f 5611 5607 5536
f 5610 5615 5522
f 5609 5608 5537
f 5608 5610 5537
f 5606 5634 5603
f 5605 5629 5604
f 5635 5606 5604
f 5631 5605 5602
f 5633 5615 5610
f 5647 5613 5574
f 5616 5617 5524
f 5615 5616 5522
f 5617 5618 5527
f 5618 5651 5528
f 5640 5614 5612
f 5614 5630 5602
f 5642 5640 5612
f 5613 5642 5612
f 5647 5643 5613
f 5643 5642 5613
f 5641 5618 5617
f 5645 5651 5618
f 5633 5616 5615
f 5633 5617 5616
f 5603 5619 5532
f 5620 5626 5533
f 5619 5621 5534
f 5621 5622 5543
f 5624 5623 5535
f 5623 5620 5535
f 5625 5624 5535
f 5627 5625 5540
f 5626 5611 5533
f 5538 5622 5502
f 5628 5627 5539
f 5631 5629 5605
f 5630 5631 5602
f 5629 5635 5604
f 5635 5634 5606
f 5637 5619 5603
f 5634 5637 5603
f 5638 5636 5626
f 5609 5639 5608
f 5632 5610 5608
f 5611 5636 5607
f 5639 5609 5607
f 5626 5636 5611
f 5639 5632 5608
f 5636 5639 5607
f 5632 5633 5610
f 5631 6202 5629
f 6205 5635 5629
f 5631 5630 3947
f 5630 5640 3948
f 5630 3948 3947
f 6208 5633 5632
f 5635 5876 5634
f 5877 5637 5634
f 5640 5630 5614
f 5633 5641 5617
f 5640 5642 3949
f 5641 5645 5618
f 5651 5645 5644
f 5642 5643 3158
f 5641 5633 3950
f 5645 5641 3951
f 5644 5645 3952
f 3952 5645 3951
f 5623 5638 5620
f 5638 5626 5620
f 5621 5619 5504
f 5622 5621 5504
f 5624 5646 5623
f 5625 5646 5624
f 5619 5637 5503
f 5504 5619 5503
f 5646 5638 5623
f 5881 5646 5625
f 5627 5887 5625
f 5628 5888 5627
f 5651 5652 5528
f 5648 5647 5574
f 5653 5648 5575
f 5652 5654 5548
f 5578 5657 5576
f 5654 5655 5551
f 5657 5653 5576
f 5655 5661 5552
f 5648 5649 5647
f 5647 5666 5643
f 5649 5666 5647
f 5667 5652 5651
f 5653 5650 5648
f 5650 5649 5648
f 5668 5654 5652
f 5669 5655 5654
f 5579 5657 5578
f 5580 5659 5579
f 5658 5657 5579
f 5661 5662 5554
f 5662 5675 5554
f 5675 5676 5558
f 5659 5658 5579
f 5676 5686 5559
f 5660 5659 5580
f 5663 5660 5580
f 5653 5656 5650
f 5657 5656 5653
f 5658 5673 5657
f 5659 5673 5658
f 5660 5673 5659
f 5686 5687 5559
f 5687 5688 5560
f 5690 5581 5565
f 5665 5691 5567
f 5581 5664 5580
f 5688 5689 5560
f 5691 5690 5566
f 5697 5665 5570
f 5664 5663 5580
f 5690 5664 5581
f 5689 5693 5563
f 5693 5694 5563
f 5694 5695 5564
f 5692 5691 5665
f 5695 5699 5568
f 5698 5697 5571
f 5699 5708 5572
f 5667 5651 5644
f 5667 5668 5652
f 5643 5666 3160
f 5666 5649 3162
f 5649 5650 3164
f 5668 5669 5654
f 5649 3164 3162
f 5669 5668 3163
f 5667 5644 3952
f 5668 5667 3161
f 5667 3952 3161
f 3163 5668 3161
f 5678 5669 3163
f 5656 5670 5650
f 5657 5673 5656
f 5650 5670 3164
f 5671 5670 5656
f 5679 5672 5669
f 5673 5671 5656
f 5674 5673 5660
f 5672 5661 5655
f 5669 5672 5655
f 5681 5662 5661
f 5672 5681 5661
f 5682 5675 5662
f 5682 5676 5675
f 5677 5674 5660
f 5663 5677 5660
f 6527 5677 5663
f 5683 5686 5676
f 5687 5686 5684
f 5688 5687 5684
f 6528 6527 5663
f 5678 5679 5669
f 5679 5680 5672
f 5680 5681 5672
f 5680 5679 3978
f 5671 5673 3165
f 5673 5674 3166
f 5677 6524 5674
f 5681 5680 3979
f 5674 6524 3166
f 6212 5682 5681
f 7674 5683 5682
f 5681 5682 5662
f 5682 5683 5676
f 5684 5686 5683
f 5685 5688 5684
f 7675 5684 5683
f 5664 6528 5663
f 5689 5688 5685
f 5690 7717 5664
f 5691 7717 5690
f 5692 7717 5691
f 5696 5692 5665
f 5697 5696 5665
f 5693 5689 5685
f 7718 5694 5693
f 7718 5693 5685
f 7718 7724 5694
f 7724 5695 5694
f 7724 5699 5695
f 5701 5628 5542
f 5702 5701 5582
f 5703 5702 5583
f 5704 5703 5583
f 5705 5704 5583
f 5706 5705 5583
f 5707 5706 5583
f 5700 5707 5585
f 5701 5904 5628
f 5702 5906 5701
f 5703 5908 5702
f 5704 5910 5703
f 5705 5910 5704
f 5709 5698 5571
f 5708 5710 5586
f 6562 5709 5587
f 5710 5711 5588
f 5711 5713 5588
f 5873 5872 5594
f 5874 5873 5594
f 5713 5714 5594
f 5714 5712 5594
f 5712 5715 5594
f 5715 5875 5594
f 5875 5874 5594
f 7758 5710 5708
f 7758 5711 5710
f 7758 5713 5711
f 7784 5714 5713
f 5714 7784 5712
f 7793 5715 5712
f 7792 5875 5715
f 5716 2142 2139
f 5716 5721 2142
f 2142 5717 2140
f 5717 5718 2140
f 5721 5717 2142
f 5719 5716 2139
f 5722 5721 5716
f 5720 5722 5716
f 5731 5722 5720
f 5721 5722 5717
f 5719 5733 5716
f 5732 5718 5717
f 5733 5720 5716
f 5722 5732 5717
f 5718 5723 2145
f 5725 5719 2144
f 5723 5724 2143
f 5736 5724 5723
f 5736 5723 5718
f 5738 5733 5719
f 5727 5725 2146
f 5727 5729 5725
f 5730 5728 5726
f 5760 5764 5727
f 5725 5738 5719
f 5729 5738 5725
f 5740 5726 5724
f 5740 5730 5726
f 5730 5765 5728
f 5764 5729 5727
f 5740 5765 5730
f 5734 5731 5720
f 5731 5732 5722
f 5733 5792 5720
f 5734 5735 5731
f 5792 5734 5720
f 5789 5735 5734
f 5735 5791 5731
f 5791 5732 5731
f 5741 5792 5733
f 5732 5736 5718
f 5738 5741 5733
f 5737 5736 5732
f 5791 5737 5732
f 5736 5740 5724
f 5739 5738 5729
f 5781 5739 5729
f 5797 5741 5738
f 5737 5740 5736
f 5739 5797 5738
f 5798 5740 5737
f 5798 5783 5740
f 5818 5797 5739
f 5798 5832 5783
f 5850 5851 5751
f 5743 5742 5746
f 5744 5743 5746
f 5745 5744 5755
f 5755 5744 5746
f 5764 5781 5729
f 5747 5745 5750
f 5748 5747 5750
f 5851 5749 5751
f 5769 5748 5750
f 5749 5770 5751
f 5853 5850 5751
f 5745 5755 5750
f 5755 5785 5750
f 5752 5755 5746
f 5854 5853 5756
f 5754 5821 5752
f 5821 5754 5753
f 5781 5818 5739
f 5756 5853 5751
f 5757 5756 5751
f 5758 5757 5751
f 5821 5755 5752
f 5822 5854 5756
f 5757 5822 5756
f 5758 5822 5757
f 5765 5759 5728
f 5783 5765 5740
f 5765 5761 5759
f 5762 5764 5760
f 5765 5763 5761
f 5767 5764 5762
f 5768 5767 5762
f 5780 5773 5763
f 5766 5780 5763
f 5765 5766 5763
f 5783 5766 5765
f 5767 5782 5764
f 5784 5780 5766
f 2162 5771 5768
f 5771 5772 5768
f 5772 5775 5768
f 5776 5774 5773
f 5780 5776 5773
f 5775 5785 5768
f 5778 5776 5780
f 5779 5778 5780
f 5785 5769 5750
f 5768 5785 5767
f 5777 5769 5785
f 5770 5786 5751
f 5775 5777 5785
f 5770 5779 5786
f 5786 5779 5780
f 5782 5781 5764
f 5783 5784 5766
f 5785 5782 5767
f 5832 5784 5783
f 5833 5818 5781
f 5782 5833 5781
f 5785 5833 5782
f 5834 5788 5784
f 5787 5785 5755
f 5786 5758 5751
f 5784 5788 5780
f 5788 5786 5780
f 5787 5833 5785
f 5838 5787 5755
f 5786 5836 5758
f 5788 5836 5786
f 5837 5836 5788
f 5789 5790 5735
f 5792 5789 5734
f 5793 5790 5789
f 5790 5803 5735
f 5792 5794 5789
f 5803 5791 5735
f 5794 5793 5789
f 5793 5802 5790
f 5803 5795 5791
f 5796 5808 5792
f 5808 5794 5792
f 5796 5792 5741
f 5791 5795 5737
f 5795 5798 5737
f 5800 5796 5741
f 5797 5800 5741
f 5799 5798 5795
f 5819 5800 5797
f 5799 5832 5798
f 5810 5808 5796
f 5811 5799 5795
f 5800 5810 5796
f 5820 5832 5799
f 5811 5820 5799
f 5802 5801 5790
f 5801 5806 5790
f 5794 5807 5793
f 5802 5804 5801
f 5807 5802 5793
f 5806 5803 5790
f 5803 5809 5795
f 5806 5809 5803
f 5804 5802 5505
f 5805 5806 5804
f 5804 5806 5801
f 5805 5804 5505
f 5802 6213 5505
f 5807 6213 5802
f 5808 6215 5794
f 6215 5807 5794
f 6216 5809 5806
f 5809 5811 5795
f 5810 5812 5808
f 5826 5810 5800
f 5827 5820 5811
f 5813 5811 5809
f 6216 5813 5809
f 5828 5812 5810
f 5812 6218 5808
f 5813 5827 5811
f 6270 5827 5813
f 5866 5854 5824
f 5814 5823 5753
f 5867 5866 5824
f 5815 5823 5814
f 5817 5830 5816
f 5868 5867 5831
f 5816 5830 5815
f 5869 5868 5831
f 5830 5823 5815
f 5831 5867 5824
f 5818 5819 5797
f 5835 5819 5818
f 5819 5826 5800
f 5823 5821 5753
f 5824 5854 5822
f 5821 5838 5755
f 5839 5822 5758
f 5823 5843 5821
f 5843 5838 5821
f 5845 5824 5822
f 5825 5817 5507
f 6266 5870 5869
f 5870 6266 5700
f 6265 5507 5506
f 6266 5707 5700
f 5825 5830 5817
f 6266 5869 5831
f 6265 5825 5507
f 6268 6265 5506
f 6266 6267 5707
f 5827 5840 5820
f 5829 5826 5819
f 5835 5829 5819
f 5826 5828 5810
f 6271 5828 5826
f 6270 5841 5827
f 5829 6271 5826
f 5844 6271 5829
f 5844 5843 5823
f 5830 6276 5823
f 6276 5844 5823
f 6359 5831 5824
f 5847 6359 5824
f 5832 5834 5784
f 5834 5832 5820
f 5833 5835 5818
f 5835 5833 5787
f 5840 5834 5820
f 5840 5837 5834
f 5836 5839 5758
f 5834 5837 5788
f 5837 5839 5836
f 5838 5835 5787
f 5840 5842 5837
f 5839 5845 5822
f 5842 5839 5837
f 5841 5840 5827
f 5835 5838 5829
f 5841 5842 5840
f 6272 5846 5841
f 5842 5845 5839
f 5838 5843 5829
f 5843 5844 5829
f 5846 5842 5841
f 5846 5845 5842
f 5846 5847 5845
f 5845 5847 5824
f 5848 5849 5850
f 5849 5851 5850
f 5848 5850 5585
f 5850 5852 5585
f 5853 5852 5850
f 5852 5854 5585
f 5853 5854 5852
f 5854 5866 5585
f 5866 5867 5585
f 5867 5868 5585
f 5868 5869 5585
f 5857 5856 5855
f 5858 5857 5855
f 6894 5857 5858
f 5859 5858 5855
f 5859 5860 5858
f 5860 6894 5858
f 5861 5860 5594
f 5862 5861 5594
f 5861 6918 5860
f 5863 5862 5594
f 5864 5863 5594
f 5871 5864 5594
f 5872 5871 5594
f 5862 6922 5861
f 5864 5865 5863
f 5863 6975 5862
f 5865 6975 5863
f 5869 5870 5585
f 5870 5700 5585
f 5872 6998 5871
f 5874 7819 5873
f 5873 6995 5872
f 5875 7819 5874
f 5637 5878 5503
f 5877 5878 5637
f 5880 5504 5503
f 5878 5880 5503
f 5888 5887 5627
f 5882 5883 5502
f 5880 5882 5504
f 6205 5885 5876
f 5885 6205 5884
f 5885 5886 5876
f 5886 5877 5876
f 5964 5878 5877
f 6210 6211 5962
f 5963 6211 5879
f 6210 5962 5961
f 6211 5963 5962
f 5886 5964 5877
f 5965 5963 5879
f 5966 5880 5878
f 5881 5965 5879
f 5887 5967 5881
f 5964 5966 5878
f 5967 5965 5881
f 6014 5882 5880
f 5888 5967 5887
f 6014 5883 5882
f 5889 5805 5505
f 5889 5890 5805
f 5895 5889 5505
f 6213 5895 5505
f 5890 6220 5805
f 5892 5890 5889
f 5891 5892 5889
f 5892 6220 5890
f 5893 5894 5891
f 5897 5894 5893
f 5894 5892 5891
f 5901 5891 5889
f 5894 6220 5892
f 5895 5901 5889
f 5901 5893 5891
f 5900 6220 5894
f 5896 5897 5893
f 5899 5897 5896
f 6040 5896 5893
f 5901 6040 5893
f 5898 5899 5896
f 6029 5899 5898
f 6040 5898 5896
f 5899 5900 5897
f 6039 5900 5899
f 5897 5900 5894
f 6224 6220 5900
f 6044 5901 5895
f 6223 6044 5895
f 6045 6224 5900
f 6223 6052 6044
f 5883 5903 5501
f 5904 5888 5628
f 5903 5905 5508
f 5905 5907 5511
f 5906 5904 5701
f 5908 5906 5702
f 5907 5909 5512
f 5909 5902 5513
f 5911 5910 5705
f 5902 6268 5514
f 6269 5911 5705
f 5910 5908 5703
f 6014 5903 5883
f 6180 5905 5903
f 5909 6130 5902
f 6181 5907 5905
f 6130 5909 5907
f 5910 6476 5908
f 5911 6480 5910
f 5914 5916 5913
f 5937 5914 5913
f 5915 5916 5914
f 5933 5915 5914
f 5917 5913 3845
f 5917 5918 5913
f 5913 5916 3849
f 5918 5919 5913
f 5920 5918 5917
f 5920 5917 3850
f 5920 5919 5918
f 5916 3851 3849
f 5916 5915 3851
f 5923 5920 3850
f 3852 5923 3850
f 5919 5937 5913
f 5920 5937 5919
f 5921 5937 5920
f 5915 5922 3851
f 5923 5921 5920
f 5922 3865 3851
f 3862 5947 3858
f 3856 5927 3852
f 3861 5927 3856
f 5928 3861 3860
f 5948 3860 3858
f 3864 5924 3863
f 3863 5951 3862
f 5928 5927 3861
f 5924 5951 3863
f 5925 5926 3854
f 5930 5925 3854
f 5931 3879 3865
f 5926 5932 3855
f 5974 5924 3864
f 5922 5931 3865
f 5948 5928 3860
f 5953 5947 3862
f 5947 5948 3858
f 5927 5923 3852
f 5951 5953 3862
f 5948 5949 5928
f 5927 5929 5923
f 5928 5929 5927
f 5929 5950 5923
f 5949 5929 5928
f 5952 5951 5924
f 5931 5973 3879
f 5957 5926 5925
f 5930 5956 5925
f 5960 5932 5926
f 5974 5952 5924
f 5974 6005 5952
f 5937 5933 5914
f 5933 5934 5915
f 5938 5939 5933
f 5934 5922 5915
f 5934 5936 5922
f 5934 5933 5912
f 5933 5935 5912
f 5936 5934 5912
f 5935 6081 5912
f 5939 5935 5933
f 5942 6081 5935
f 5939 5942 5935
f 5936 5944 5922
f 5937 5938 5933
f 5940 5937 5921
f 5940 5938 5937
f 5940 5939 5938
f 5923 5941 5921
f 5941 5940 5921
f 5940 5942 5939
f 5943 5942 5940
f 5941 5943 5940
f 5944 5931 5922
f 5944 5945 5931
f 6004 5973 5945
f 5953 6108 5947
f 6113 5953 5951
f 6114 5951 5946
f 5949 5950 5929
f 5950 5955 5923
f 5951 5952 5946
f 5955 5941 5923
f 5954 5949 5948
f 5954 5950 5949
f 6109 5948 5947
f 5954 5955 5950
f 5945 5973 5931
f 5956 5957 5925
f 5957 5960 5926
f 5959 5956 5930
f 5952 6005 5946
f 6109 5954 5948
f 6113 6108 5953
f 6108 6109 5947
f 6114 6113 5951
f 6109 6110 5954
f 5955 6111 5943
f 6110 6111 5954
f 6112 6114 5946
f 5958 6112 5946
f 5955 5943 5941
f 6111 5955 5954
f 6005 5958 5946
f 6005 6009 5958
f 6117 5957 5956
f 5959 6089 5956
f 6119 5960 5957
f 5885 5884 3904
f 5978 5886 5885
f 5979 5964 5886
f 5981 5966 5964
f 5978 5979 5886
f 5961 5962 3929
f 5963 5989 5962
f 5978 5885 3904
f 5979 5980 5964
f 5980 5981 5964
f 5965 6001 5963
f 5966 6014 5880
f 6028 5967 5888
f 5981 6013 5966
f 6013 6014 5966
f 5967 6025 5965
f 5968 3910 3880
f 5968 6131 3910
f 5971 5930 3876
f 5932 5972 3877
f 5973 3880 3879
f 5969 5971 3876
f 6000 5974 3913
f 5977 5982 5969
f 5982 5972 5970
f 5982 5970 5969
f 5970 5975 5969
f 5973 5968 3880
f 5971 5959 5930
f 6011 5972 5932
f 6000 6005 5974
f 5975 5971 5969
f 5972 5976 5970
f 5976 5975 5970
f 5975 6006 5971
f 5976 6007 5975
f 6007 6006 5975
f 6008 6007 5976
f 5979 5978 3910
f 5980 5979 3910
f 5981 5980 3910
f 5962 5989 3929
f 6001 5989 5963
f 6013 5981 3910
f 6025 6001 5965
f 5990 6000 3913
f 5990 5983 3921
f 3922 5991 3921
f 3923 5992 3922
f 5984 5993 3923
f 5985 5997 5984
f 5986 5988 5985
f 5987 5988 5986
f 5989 5987 3924
f 5988 5997 5985
f 5999 5988 5987
f 5989 6001 5987
f 5991 5990 3921
f 5992 5991 3922
f 5993 5992 3923
f 5997 5993 5984
f 5996 5997 5988
f 5999 5996 5988
f 6001 5999 5987
f 5998 5997 5996
f 5999 5998 5996
f 5997 5998 5995
f 5998 5999 5995
f 5994 6000 5990
f 6002 5994 5990
f 6002 6000 5994
f 5991 6019 5990
f 5992 6020 5991
f 5993 6021 5992
f 5999 6003 5995
f 5997 6022 5993
f 6022 5997 5995
f 6001 6025 5999
f 6018 6002 5990
f 6002 6015 6000
f 6019 6018 5990
f 6020 6019 5991
f 6021 6020 5992
f 6015 6016 6000
f 6016 6017 6000
f 6003 6023 5995
f 6022 6021 5993
f 6023 6022 5995
f 6025 6003 5999
f 6004 6131 5968
f 5971 6010 5959
f 5960 6011 5932
f 5973 6004 5968
f 6006 6010 5971
f 6011 6008 5976
f 6011 5976 5972
f 6012 6005 6000
f 6012 6009 6005
f 6010 6090 5959
f 6138 6011 5960
f 6007 6139 6006
f 6008 6140 6007
f 6146 6012 6000
f 6137 6010 6006
f 6011 6140 6008
f 6139 6137 6006
f 6144 6013 3910
f 6026 6025 5967
f 6131 6144 3910
f 6028 6026 5967
f 6144 6014 6013
f 6018 6015 6002
f 6018 6016 6015
f 6018 6017 6016
f 6024 6023 6003
f 6025 6024 6003
f 6025 6026 6024
f 6017 6146 6000
f 6023 6027 6022
f 6024 6027 6023
f 6026 6028 6024
f 6018 6149 6017
f 6019 6150 6018
f 6020 6151 6019
f 6021 6153 6020
f 6022 6154 6021
f 6147 6027 6024
f 6148 6146 6017
f 6027 6154 6022
f 6028 6147 6024
f 6041 6029 5898
f 6030 6034 6029
f 6036 6030 6029
f 6031 6038 6029
f 6034 6031 6029
f 6041 6036 6029
f 6033 6032 6030
f 6032 6035 6030
f 6036 6033 6030
f 6081 6032 5912
f 6032 5936 5912
f 6032 6033 5936
f 6080 6035 6032
f 6036 6086 6033
f 6035 6034 6030
f 6034 6042 6031
f 6035 6083 6034
f 6080 6083 6035
f 6083 6042 6034
f 6041 6037 6036
f 6041 6053 6037
f 6037 6086 6036
f 6083 6120 6042
f 6053 6100 6037
f 6029 6038 5899
f 6040 6041 5898
f 6038 6042 5899
f 6042 6038 6031
f 6042 6039 5899
f 6043 6040 5901
f 6053 6041 6040
f 6043 6053 6040
f 6039 6045 5900
f 6044 6043 5901
f 6063 6045 6039
f 6042 6063 6039
f 6120 6063 6042
f 6044 6075 6043
f 6071 6367 6045
f 6051 6361 6050
f 6068 6051 6050
f 6064 6068 6047
f 6052 6075 6044
f 6049 6065 6048
f 6064 6047 6046
f 6068 6050 6047
f 6048 6066 6046
f 6366 6069 6049
f 6366 6367 6071
f 6067 6374 6051
f 6369 6077 6076
f 6078 6368 6076
f 6061 6053 6043
f 6075 6061 6043
f 6061 6100 6053
f 6058 6097 6057
f 6099 6059 6057
f 6120 6123 6063
f 6123 6074 6063
f 6074 6121 6055
f 6059 6060 6056
f 6060 6128 6056
f 6075 6158 6061
f 6063 6071 6045
f 6068 6064 6059
f 6064 6066 6057
f 6068 6059 6056
f 6066 6065 6058
f 6065 6069 6055
f 6067 6068 6056
f 6070 6072 6069
f 6072 6073 6069
f 6071 6072 6070
f 6065 6066 6048
f 6066 6064 6046
f 6069 6065 6049
f 6366 6070 6069
f 6068 6067 6051
f 6366 6071 6070
f 6065 6055 6054
f 6074 6071 6063
f 6069 6073 6055
f 6074 6073 6072
f 6073 6074 6055
f 6074 6072 6071
f 6066 6058 6057
f 6059 6064 6057
f 6058 6065 6054
f 6128 6067 6056
f 6076 6077 6062
f 6129 6075 6052
f 6128 6374 6067
f 6077 6124 6062
f 6125 6076 6062
f 6079 6124 6077
f 6125 6078 6076
f 6126 6124 6079
f 6392 6374 6128
f 6081 6080 6032
f 6082 6083 6080
f 6080 6081 5942
f 6082 6080 5942
f 6033 5944 5936
f 6033 6086 5944
f 6085 6082 5942
f 6085 6084 6082
f 6084 6083 6082
f 6084 6120 6083
f 5943 6085 5942
f 6088 6086 6037
f 6086 5945 5944
f 6086 6088 5945
f 6108 6113 6092
f 6085 6116 6084
f 6113 6114 6097
f 6099 6114 6087
f 6088 6004 5945
f 6104 6117 6089
f 6119 6117 6104
f 6088 6100 6004
f 6100 6088 6037
f 6113 6097 6092
f 6093 6108 6092
f 6094 6115 6093
f 6116 6096 6084
f 6096 6116 6094
f 6114 6099 6097
f 6098 6099 6087
f 6127 6098 6087
f 6095 6096 6094
f 6095 6094 6093
f 6096 6120 6084
f 6122 6095 6093
f 6122 6123 6096
f 6122 6096 6095
f 6099 6098 6091
f 6098 6127 6091
f 6102 6103 6101
f 6132 6100 6061
f 6103 6104 6089
f 6106 6103 6089
f 6118 6127 6087
f 6100 6132 6004
f 6090 6106 6089
f 6107 6119 6104
f 6141 6127 6118
f 6104 6103 6102
f 6105 6104 6102
f 6103 6106 6101
f 6105 6107 6104
f 6141 6159 6127
f 6116 6085 5943
f 6115 6110 6109
f 6111 6116 5943
f 6115 6111 6110
f 6115 6116 6111
f 6087 6112 5958
f 6114 6112 6087
f 6109 6108 6093
f 6115 6109 6093
f 6116 6115 6094
f 6089 6117 5956
f 6117 6119 5957
f 6090 6089 5959
f 6009 6118 5958
f 6118 6087 5958
f 6141 6118 6009
f 6092 6058 6054
f 6121 6122 6055
f 6092 6097 6058
f 6093 6092 6054
f 6122 6093 6054
f 6123 6122 6121
f 6123 6120 6096
f 6099 6060 6059
f 6097 6099 6057
f 6099 6091 6060
f 6091 6127 6060
f 6055 6122 6054
f 6123 6121 6074
f 6124 6101 6062
f 6124 6102 6101
f 6124 6105 6102
f 6101 6106 6062
f 6124 6126 6105
f 6106 6125 6062
f 6158 6132 6061
f 6127 6128 6060
f 6165 6128 6127
f 6126 6107 6105
f 5904 6157 5888
f 5906 6198 5904
f 6014 6145 5903
f 6157 6028 5888
f 6145 6180 5903
f 6198 6157 5904
f 6391 6129 6052
f 6129 6158 6075
f 6125 6393 6078
f 6391 6168 6129
f 5908 6198 5906
f 6183 6130 5907
f 6179 6178 5905
f 6180 6179 5905
f 6178 6181 5905
f 6181 6183 5907
f 6183 6458 6130
f 6477 6476 5910
f 6476 6198 5908
f 6132 6131 6004
f 6136 6144 6131
f 6137 6106 6090
f 6134 6119 6107
f 6137 6133 6106
f 6132 6136 6131
f 6137 6135 6133
f 6135 6160 6133
f 6161 6160 6135
f 6176 6161 6135
f 6119 6138 5960
f 6137 6090 6010
f 6012 6142 6009
f 6142 6141 6009
f 6138 6140 6011
f 6140 6139 6007
f 6146 6152 6012
f 6152 6142 6012
f 6134 6138 6119
f 6142 6174 6141
f 6174 6159 6141
f 6140 6138 6134
f 6137 6139 6135
f 6140 6143 6139
f 6143 6140 6134
f 6139 6143 6135
f 6175 6143 6134
f 6143 6176 6135
f 6152 6188 6142
f 6188 6174 6142
f 6175 6176 6143
f 6144 6145 6014
f 6177 6145 6144
f 6177 6144 6136
f 6177 6180 6145
f 6149 6148 6017
f 6150 6149 6018
f 6151 6150 6019
f 6153 6151 6020
f 6154 6153 6021
f 6148 6152 6146
f 6147 6155 6027
f 6155 6154 6027
f 6156 6147 6028
f 6156 6155 6147
f 6157 6156 6028
f 6188 6152 6148
f 6149 6189 6148
f 6150 6190 6149
f 6151 6190 6150
f 6153 6191 6151
f 6154 6192 6153
f 6155 6193 6154
f 6166 6125 6106
f 6162 6158 6129
f 6126 6134 6107
f 6133 6166 6106
f 6158 6136 6132
f 6159 6165 6127
f 6167 6134 6126
f 6170 6165 6159
f 6174 6170 6159
f 6158 6162 6136
f 6167 6175 6134
f 6160 6171 6133
f 6162 6177 6136
f 6176 6175 6172
f 6161 6163 6160
f 6176 6164 6161
f 6171 6166 6133
f 6172 6175 6167
f 6163 6171 6160
f 6164 6163 6161
f 6176 6172 6164
f 6188 6184 6174
f 6167 6126 6079
f 6166 6393 6125
f 6165 6392 6128
f 6394 6167 6079
f 6170 6396 6165
f 6168 6162 6129
f 6394 6172 6167
f 6171 6454 6166
f 6168 6183 6162
f 6454 6393 6166
f 6394 6455 6172
f 6456 6454 6169
f 6454 6171 6169
f 6173 6456 6169
f 6457 6456 6173
f 6455 6457 6172
f 6169 6171 6163
f 6164 6169 6163
f 6172 6173 6164
f 6173 6169 6164
f 6174 6184 6170
f 6457 6173 6172
f 6184 6459 6170
f 6179 6180 6177
f 6178 6179 6177
f 6182 6181 6177
f 6181 6178 6177
f 6182 6177 6162
f 6188 6189 6184
f 6182 6183 6181
f 6183 6182 6162
f 6458 6183 6168
f 6189 6190 6185
f 6191 6469 6190
f 6189 6185 6184
f 6192 6470 6191
f 6193 6471 6192
f 6470 6469 6191
f 6185 6468 6184
f 6469 6468 6185
f 6190 6469 6185
f 6471 6470 6192
f 6472 6471 6193
f 6199 6472 6193
f 6199 6187 6186
f 6472 6199 6186
f 6187 6474 6186
f 6200 6475 6187
f 6201 6475 6200
f 6189 6188 6148
f 6190 6189 6149
f 6191 6190 6151
f 6192 6191 6153
f 6193 6192 6154
f 6156 6195 6155
f 6195 6193 6155
f 6196 6195 6156
f 6157 6196 6156
f 6195 6194 6193
f 6195 6197 6194
f 6196 6197 6195
f 6198 6196 6157
f 6198 6197 6196
f 6194 6199 6193
f 6197 6199 6194
f 6200 6199 6197
f 6198 6476 6197
f 6201 6200 6197
f 6199 6200 6187
f 6476 6201 6197
f 6203 6202 5631
f 6205 5876 5635
f 6206 5639 5636
f 6202 6205 5629
f 6206 6204 5639
f 6207 6206 5636
f 6203 5631 3947
f 6208 6209 5633
f 5639 6204 5632
f 6204 6208 5632
f 5638 6210 5636
f 5646 6211 5638
f 5876 5877 5634
f 6210 6207 5636
f 6202 6203 3621
f 6205 6202 5884
f 6211 6210 5638
f 5879 6211 5646
f 5633 6209 3950
f 3951 5641 3950
f 5887 5881 5625
f 5881 5879 5646
f 6206 6207 3960
f 6204 6206 3961
f 6207 6210 5961
f 5884 6202 3621
f 6208 6204 3959
f 3961 6206 3960
f 6207 5961 3960
f 3979 5680 3978
f 6212 5681 3979
f 6212 7674 5682
f 6214 5806 5805
f 6215 6217 5807
f 6217 6213 5807
f 6214 6216 5806
f 6220 6214 5805
f 6220 6221 6214
f 6217 6223 6213
f 6221 6216 6214
f 6218 6215 5808
f 6222 6217 6215
f 6221 6219 6216
f 6218 6222 6215
f 6216 6219 5813
f 6273 6218 5812
f 6219 6270 5813
f 6290 6270 6219
f 6213 6223 5895
f 6224 6221 6220
f 6235 6223 6217
f 6222 6235 6217
f 6221 6237 6219
f 6260 6237 6221
f 6279 6222 6218
f 6237 6257 6219
f 6257 6259 6219
f 6224 6230 6221
f 6230 6262 6221
f 6365 6230 6224
f 6232 6229 6228
f 6232 6230 6229
f 6223 6235 6052
f 6231 6238 6225
f 6241 6226 6225
f 6243 6228 6227
f 6242 6227 6226
f 6243 6232 6228
f 6233 6261 6231
f 6234 6231 6225
f 6234 6233 6231
f 6232 6262 6230
f 6236 6261 6233
f 6375 6235 6222
f 6264 6370 6263
f 6262 6260 6221
f 6239 6238 6231
f 6261 6240 6239
f 6239 6248 6238
f 6240 6247 6239
f 6246 6257 6237
f 6254 6243 6242
f 6260 6246 6237
f 6244 6245 6243
f 6246 6260 6245
f 6256 6244 6243
f 6246 6245 6244
f 6256 6246 6244
f 6247 6248 6239
f 6250 6241 6238
f 6249 6242 6241
f 6248 6252 6238
f 6252 6250 6238
f 6251 6248 6247
f 6250 6249 6241
f 6249 6254 6242
f 6258 6256 6254
f 6251 6252 6248
f 6253 6251 6247
f 6255 6258 6254
f 6293 6255 6254
f 6293 6259 6255
f 6254 6256 6243
f 6258 6257 6256
f 6256 6257 6246
f 6258 6259 6257
f 6281 6253 6247
f 6259 6258 6255
f 6238 6241 6225
f 6241 6242 6226
f 6242 6243 6227
f 6243 6245 6232
f 6245 6260 6232
f 6260 6262 6232
f 6261 6239 6231
f 6377 6247 6240
f 6261 6377 6240
f 6377 6261 6236
f 6282 6264 6263
f 6297 6290 6219
f 6259 6297 6219
f 6267 6269 5706
f 6265 6338 5825
f 6268 6438 6265
f 5828 6273 5812
f 6270 6272 5841
f 6275 6272 6270
f 6271 6274 5828
f 6277 6274 6271
f 6274 6273 5828
f 6274 6291 6273
f 6290 6275 6270
f 6275 6358 6272
f 6334 6291 6274
f 6278 5830 5825
f 6336 6266 5831
f 6277 6276 5830
f 6276 6271 5844
f 6278 6277 5830
f 6276 6277 6271
f 6359 6360 5831
f 6360 6336 5831
f 6334 6278 5825
f 6338 6334 5825
f 6357 6267 6266
f 6277 6278 6274
f 6278 6334 6274
f 6335 6358 6275
f 6336 6360 6335
f 6336 6337 6266
f 6273 6279 6218
f 6289 6279 6273
f 6279 6375 6222
f 6298 6252 6251
f 6252 6299 6250
f 6253 6300 6251
f 6295 6254 6249
f 6250 6302 6249
f 6293 6297 6259
f 6295 6293 6254
f 6300 6298 6251
f 6298 6299 6252
f 6294 6300 6253
f 6281 6294 6253
f 6301 6294 6281
f 6280 6282 6263
f 6372 6280 6263
f 6377 6281 6247
f 6284 6282 6280
f 6283 6284 6280
f 6425 6301 6281
f 6285 6284 6283
f 6285 6287 6284
f 6287 6378 6284
f 6286 6287 6285
f 6289 6383 6279
f 6288 6287 6286
f 6386 6285 6283
f 6328 6288 6286
f 6386 6286 6285
f 6404 6268 5902
f 6438 6355 6265
f 6452 6269 6267
f 6404 6403 6268
f 6269 6424 5911
f 6403 6438 6268
f 6452 6422 6269
f 6290 6292 6275
f 6297 6303 6290
f 6303 6305 6290
f 6291 6289 6273
f 6330 6292 6290
f 6292 6335 6275
f 6299 6302 6250
f 6302 6295 6249
f 6296 6297 6293
f 6295 6296 6293
f 6303 6297 6296
f 6301 6300 6294
f 6300 6306 6298
f 6301 6307 6300
f 6304 6296 6295
f 6302 6312 6295
f 6310 6299 6298
f 6307 6306 6300
f 6311 6302 6299
f 6425 6307 6301
f 6304 6303 6296
f 6304 6305 6303
f 6312 6304 6295
f 6305 6330 6290
f 6306 6308 6298
f 6313 6305 6304
f 6307 6309 6306
f 6308 6310 6298
f 6310 6311 6299
f 6291 6355 6289
f 6311 6312 6302
f 6312 6313 6304
f 6309 6308 6306
f 6313 6330 6305
f 6317 6309 6307
f 6314 6310 6308
f 6309 6316 6308
f 6316 6314 6308
f 6319 6311 6310
f 6314 6315 6310
f 6315 6319 6310
f 6319 6318 6311
f 6321 6312 6311
f 6320 6313 6312
f 6318 6321 6311
f 6321 6320 6312
f 6320 6322 6313
f 6322 6330 6313
f 6317 6316 6309
f 6323 6315 6314
f 6316 6324 6314
f 6325 6319 6315
f 6319 6326 6318
f 6317 6329 6316
f 6321 6331 6320
f 6331 6321 6318
f 6323 6325 6315
f 6329 6324 6316
f 6324 6323 6314
f 6326 6331 6318
f 6325 6326 6319
f 6330 6333 6292
f 6332 6322 6320
f 6327 6328 6286
f 6328 6426 6288
f 6426 6328 6327
f 6431 6317 6307
f 6425 6431 6307
f 6380 6426 6327
f 6332 6330 6322
f 6331 6332 6320
f 6344 6332 6331
f 6332 6333 6330
f 6344 6333 6332
f 6333 6356 6292
f 6355 6338 6265
f 6334 6338 6291
f 6338 6355 6291
f 6337 6357 6266
f 6337 6336 6335
f 6356 6335 6292
f 6356 6337 6335
f 6355 6438 6289
f 6329 6340 6324
f 6324 6339 6323
f 6342 6325 6323
f 6343 6326 6325
f 6339 6342 6323
f 6340 6341 6324
f 6341 6339 6324
f 6342 6343 6325
f 6343 6345 6326
f 6431 6329 6317
f 6347 6340 6329
f 6347 6341 6340
f 6341 6349 6339
f 6350 6342 6339
f 6351 6343 6342
f 6345 6331 6326
f 6345 6344 6331
f 6354 6356 6333
f 6344 6353 6333
f 6345 6353 6344
f 6441 6356 6354
f 6352 6345 6343
f 6431 6347 6329
f 6347 6348 6341
f 6348 6349 6341
f 6349 6350 6339
f 6350 6351 6342
f 6351 6352 6343
f 6352 6346 6345
f 6427 6348 6347
f 6429 6349 6348
f 6430 6350 6349
f 6439 6354 6346
f 6439 6440 6354
f 6352 6439 6346
f 6353 6354 6333
f 6346 6353 6345
f 6354 6353 6346
f 6441 6447 6356
f 6357 6452 6267
f 6356 6357 6337
f 6452 6357 6356
f 6272 6358 5846
f 6358 5847 5846
f 6358 6359 5847
f 6360 6359 6358
f 6360 6358 6335
f 6363 6224 6045
f 6363 6365 6224
f 6225 6226 6047
f 6234 6361 6233
f 6226 6227 6046
f 6227 6228 6048
f 6234 6225 6050
f 6228 6049 6048
f 6050 6225 6047
f 6047 6226 6046
f 6361 6234 6050
f 6227 6048 6046
f 6228 6362 6049
f 6364 6365 6363
f 6364 6363 6362
f 6365 6364 6229
f 6229 6364 6228
f 6230 6365 6229
f 6364 6362 6228
f 6367 6363 6045
f 6362 6366 6049
f 6363 6367 6362
f 6367 6366 6362
f 6361 6374 6236
f 6361 6236 6233
f 6371 6369 6368
f 6370 6371 6368
f 6371 6370 6264
f 6370 6372 6263
f 6373 6371 6264
f 6372 6370 6368
f 6371 6373 6369
f 6374 6377 6236
f 6368 6369 6076
f 6374 6361 6051
f 6235 6391 6052
f 6369 6373 6077
f 6372 6368 6078
f 6373 6079 6077
f 6375 6391 6235
f 6376 6372 6078
f 6282 6373 6264
f 6372 6376 6280
f 6379 6373 6282
f 6383 6375 6279
f 6376 6283 6280
f 6284 6379 6282
f 6378 6379 6284
f 6377 6425 6281
f 6392 6384 6377
f 6376 6386 6283
f 6385 6378 6287
f 6288 6385 6287
f 6386 6327 6286
f 6384 6425 6377
f 6386 6380 6327
f 6426 6385 6288
f 6382 6426 6380
f 6381 6382 6380
f 6438 6383 6289
f 6386 6381 6380
f 6385 6426 6382
f 6431 6425 6384
f 6386 6387 6381
f 6388 6382 6381
f 6385 6401 6378
f 6401 6379 6378
f 6399 6386 6376
f 6399 6389 6386
f 6400 6390 6389
f 6388 6390 6385
f 6389 6387 6386
f 6389 6388 6387
f 6388 6385 6382
f 6387 6388 6381
f 6405 6431 6384
f 6389 6390 6388
f 6390 6402 6385
f 6373 6394 6079
f 6395 6391 6375
f 6393 6376 6078
f 6392 6377 6374
f 6379 6394 6373
f 6383 6395 6375
f 6393 6399 6376
f 6392 6396 6384
f 6401 6455 6379
f 6391 6395 6168
f 6455 6394 6379
f 6454 6399 6393
f 6395 6404 6168
f 6399 6456 6397
f 6398 6400 6397
f 6454 6456 6399
f 6455 6401 6398
f 6457 6398 6397
f 6459 6412 6396
f 6403 6395 6383
f 6399 6400 6389
f 6402 6401 6385
f 6400 6402 6390
f 6412 6405 6384
f 6396 6412 6384
f 6400 6399 6397
f 6401 6402 6398
f 6402 6400 6398
f 6130 6404 5902
f 6424 6484 5911
f 6484 6480 5911
f 6438 6403 6383
f 6406 6431 6405
f 6407 6433 6406
f 6408 6434 6407
f 6409 6435 6408
f 6422 6424 6269
f 6403 6404 6395
f 6404 6458 6168
f 6458 6404 6130
f 6480 6477 5910
f 6412 6413 6405
f 6414 6415 6407
f 6413 6414 6407
f 6420 6448 6411
f 6413 6406 6405
f 6413 6407 6406
f 6415 6408 6407
f 6416 6409 6408
f 6417 6410 6409
f 6419 6411 6410
f 6421 6453 6420
f 6422 6453 6421
f 6415 6416 6408
f 6416 6417 6409
f 6417 6419 6410
f 6460 6413 6412
f 6460 6414 6413
f 6462 6415 6414
f 6463 6416 6415
f 6464 6417 6416
f 6481 6420 6419
f 6420 6481 6418
f 6483 6421 6418
f 6483 6423 6421
f 6482 6424 6423
f 6419 6420 6411
f 6421 6420 6418
f 6424 6422 6421
f 6423 6424 6421
f 6427 6428 6348
f 6431 6432 6347
f 6432 6427 6347
f 6432 6428 6427
f 6433 6429 6428
f 6434 6430 6429
f 6432 6433 6428
f 6433 6434 6429
f 6435 6442 6430
f 6434 6435 6430
f 6444 6442 6436
f 6436 6442 6435
f 6449 6444 6436
f 6444 6449 6437
f 6428 6429 6348
f 6442 6351 6350
f 6444 6352 6351
f 6429 6430 6349
f 6430 6442 6350
f 6444 6443 6352
f 6443 6439 6352
f 6440 6441 6354
f 6443 6440 6439
f 6442 6444 6351
f 6446 6445 6443
f 6444 6446 6443
f 6445 6441 6440
f 6443 6445 6440
f 6447 6451 6356
f 6445 6447 6441
f 6446 6444 6437
f 6445 6446 6437
f 6447 6445 6437
f 6451 6452 6356
f 6432 6431 6406
f 6433 6432 6406
f 6434 6433 6407
f 6435 6434 6408
f 6436 6435 6409
f 6449 6436 6410
f 6449 6448 6437
f 6448 6450 6437
f 6450 6447 6437
f 6450 6451 6447
f 6448 6449 6411
f 6410 6436 6409
f 6411 6449 6410
f 6453 6450 6448
f 6452 6451 6450
f 6453 6452 6450
f 6453 6448 6420
f 6452 6453 6422
f 6396 6392 6165
f 6457 6455 6398
f 6456 6457 6397
f 6459 6396 6170
f 6468 6459 6184
f 6468 6460 6459
f 6468 6461 6460
f 6468 6462 6461
f 6470 6463 6462
f 6468 6469 6462
f 6469 6470 6462
f 6471 6464 6463
f 6459 6460 6412
f 6460 6461 6414
f 6461 6462 6414
f 6462 6463 6415
f 6463 6464 6416
f 6464 6465 6417
f 6466 6481 6465
f 6467 6481 6466
f 6472 6465 6464
f 6473 6466 6465
f 6473 6467 6466
f 6482 6483 6478
f 6478 6483 6467
f 6479 6482 6478
f 6484 6482 6479
f 6480 6484 6479
f 6470 6471 6463
f 6471 6472 6464
f 6472 6473 6465
f 6475 6478 6474
f 6473 6472 6186
f 6475 6474 6187
f 6474 6473 6186
f 6479 6475 6201
f 6476 6477 6201
f 6477 6479 6201
f 6473 6474 6467
f 6479 6478 6475
f 6474 6478 6467
f 6480 6479 6477
f 6465 6419 6417
f 6465 6481 6419
f 6481 6467 6418
f 6467 6483 6418
f 6483 6482 6423
f 6482 6484 6424
f 6486 6485 2731
f 6487 6489 6486
f 6489 6488 6486
f 6888 6489 6487
f 6486 6488 6485
f 6488 6490 6485
f 6490 6492 6485
f 6492 6493 6485
f 6493 6494 6485
f 6489 6491 6488
f 6491 6490 6488
f 6491 6492 6490
f 6495 6492 6491
f 6888 6491 6489
f 6888 6495 6491
f 6888 6496 6495
f 6888 6497 6496
f 6888 6896 6497
f 6495 6493 6492
f 6496 6494 6493
f 6495 6496 6493
f 6496 6497 6494
f 6494 6897 6485
f 6497 6896 6494
f 6896 6895 6494
f 6499 6498 6485
f 6498 6500 6485
f 6500 6504 6485
f 6504 6506 6485
f 6506 6508 6485
f 6508 6510 6485
f 6897 6499 6485
f 6501 6503 6500
f 6499 6501 6498
f 6501 6500 6498
f 6502 6501 6499
f 6505 6504 6500
f 6503 6505 6500
f 6906 6502 6499
f 6906 6907 6502
f 6505 6507 6504
f 6507 6506 6504
f 6507 6509 6506
f 6521 6507 6505
f 6502 6910 6501
f 6910 6503 6501
f 6910 6505 6503
f 6907 6910 6502
f 6509 6508 6506
f 6509 6513 6508
f 6521 6509 6507
f 6513 6510 6508
f 6513 6511 6510
f 6514 6512 6511
f 6513 6514 6511
f 6514 6515 6512
f 6515 6521 6512
f 6514 6513 6509
f 6515 6514 6509
f 6521 6515 6509
f 6523 6521 6505
f 6519 6523 6505
f 6910 6912 6505
f 6912 6519 6505
f 6518 6911 6516
f 6522 6519 6517
f 6517 6519 6516
f 6519 6518 6516
f 6519 6912 6518
f 6521 6520 6512
f 6521 6523 6520
f 6523 6522 6520
f 6522 6523 6519
f 6527 6525 5677
f 6525 6524 5677
f 6527 6526 6525
f 6527 6528 6526
f 6528 7679 6526
f 7712 5494 5108
f 7711 6531 5493
f 7713 6532 5491
f 7714 7710 6533
f 7716 7712 6539
f 7711 7715 6535
f 7713 7719 6543
f 7717 6528 5664
f 5696 7717 5692
f 5697 7717 5696
f 6529 7717 5697
f 7717 7679 6528
f 5698 6529 5697
f 7727 6529 5698
f 7749 7714 6537
f 7715 7750 6538
f 7719 7725 6544
f 7780 7749 6579
f 6628 5295 5105
f 6629 6628 6532
f 5491 6532 5105
f 6533 7710 5104
f 6539 7712 5108
f 7711 6535 6531
f 7713 6543 6532
f 6534 7714 6533
f 7715 6536 6535
f 6537 7714 6534
f 7715 6538 6536
f 6547 7716 6539
f 6532 6628 5105
f 6531 5111 5107
f 6533 5104 5081
f 5313 6539 5108
f 6535 6540 6531
f 6531 6540 5111
f 6530 6533 5081
f 6658 6539 5313
f 6543 6629 6532
f 6541 6534 6533
f 6536 6540 6535
f 6658 6547 6539
f 6541 6537 6534
f 6538 6542 6536
f 6541 6533 6530
f 6542 6540 6536
f 6658 6659 6547
f 7719 6544 6543
f 6548 7749 6537
f 7750 6549 6538
f 6552 7751 6547
f 6550 7749 6548
f 6553 7749 6550
f 7725 6545 6544
f 6579 7749 6553
f 7750 6551 6549
f 7750 6554 6551
f 6555 7751 6552
f 6544 6629 6543
f 6556 6558 6548
f 6556 6548 6537
f 6549 6560 6538
f 6661 6552 6547
f 6640 6629 6544
f 6541 6556 6537
f 6557 6542 6538
f 6659 6660 6547
f 6560 6557 6538
f 6660 6661 6547
f 6545 6641 6544
f 6558 6550 6548
f 6551 6560 6549
f 6546 6740 6545
f 6558 6553 6550
f 6554 6560 6551
f 6661 6555 6552
f 6558 6588 6553
f 6589 6560 6554
f 6641 6640 6544
f 6559 6558 6556
f 6560 6561 6557
f 6740 6641 6545
f 6559 6588 6558
f 6589 6561 6560
f 6661 6590 6555
f 6510 6562 6485
f 6511 6562 6510
f 6512 6565 6511
f 6520 6566 6512
f 6522 6567 6520
f 6564 6522 6517
f 6565 6562 6511
f 6566 6565 6512
f 6567 6566 6520
f 6564 6567 6522
f 5709 7753 5698
f 6562 7756 5709
f 7725 6563 6545
f 6585 7782 6578
f 6586 7780 6583
f 7781 6587 6584
f 6596 7780 6586
f 6598 7782 6585
f 6570 6595 6563
f 6601 7782 6598
f 7761 6597 6587
f 6565 7783 6562
f 6566 7783 6565
f 6568 7783 6566
f 6567 6569 6566
f 6569 6567 6564
f 6569 6568 6566
f 7822 6569 6564
f 6602 6595 6570
f 6599 7760 6596
f 7789 6600 6597
f 6603 7788 6599
f 6605 6602 6570
f 6606 7790 6603
f 7056 7796 6601
f 7791 6604 6600
f 6996 6605 6570
f 7053 7794 6606
f 7797 6607 6604
f 6609 6767 6573
f 6746 6770 6608
f 6612 6773 6609
f 6608 6770 6574
f 7058 6775 6612
f 6775 6773 6612
f 6580 6589 6554
f 6591 6579 6553
f 6591 6581 6579
f 6582 6592 6580
f 6591 6583 6581
f 6576 6577 6573
f 6608 6586 6583
f 6563 6576 6546
f 6563 6546 6545
f 7781 6580 6554
f 6581 7780 6579
f 7781 6582 6580
f 6583 7780 6581
f 7781 6584 6582
f 6578 7782 6555
f 6594 6578 6555
f 6577 6576 6563
f 6595 6577 6563
f 6593 6585 6578
f 6587 6610 6584
f 6611 6598 6585
f 6576 6572 6571
f 6576 6571 6546
f 6590 6594 6555
f 6588 6591 6553
f 6592 6589 6580
f 6594 6593 6578
f 6571 6740 6546
f 6576 6573 6572
f 6591 6746 6583
f 6577 6609 6573
f 6746 6608 6583
f 6584 6747 6582
f 6774 6611 6585
f 6747 6592 6582
f 6771 6747 6584
f 6593 6774 6585
f 6612 6609 6595
f 6595 6609 6577
f 6608 6596 6586
f 6608 6599 6596
f 6602 6612 6595
f 6608 6613 6599
f 6614 6610 6597
f 6611 6615 6601
f 6613 6603 6599
f 6605 7058 6602
f 7058 6612 6602
f 7047 6614 6604
f 6613 7046 6603
f 7048 7056 6615
f 6597 6610 6587
f 6611 6601 6598
f 6600 6614 6597
f 6604 6614 6600
f 6615 7056 6601
f 7046 6606 6603
f 6607 7047 6604
f 6614 6771 6610
f 6610 6771 6584
f 6772 6776 6611
f 6613 6608 6574
f 6776 6615 6611
f 7029 7046 6613
f 7047 7030 6575
f 6614 7047 6575
f 7059 7048 6615
f 6771 6614 6575
f 7029 6613 6574
f 6776 7059 6615
f 6616 6618 5118
f 6618 5119 5118
f 6689 6618 6616
f 6617 5122 5119
f 6618 6617 5119
f 6617 5388 5122
f 6618 6619 6617
f 6620 6619 6618
f 6619 6688 6617
f 6689 6620 6618
f 6627 6623 6622
f 6627 6624 6623
f 6626 6622 6621
f 6626 6627 6622
f 6625 6626 6621
f 6540 5299 5111
f 6636 6658 5313
f 6634 6530 5081
f 6628 5305 5295
f 5298 6634 5081
f 6636 5313 5312
f 6540 6635 5299
f 6542 6635 6540
f 6637 6541 6530
f 6659 6658 6639
f 6557 6638 6542
f 6629 6630 6628
f 6640 6633 6629
f 6634 6637 6530
f 6638 6635 6542
f 6639 6658 6636
f 6646 6659 6639
f 6628 6630 5305
f 6631 6634 5298
f 5305 6630 5118
f 5307 6631 5298
f 5373 6662 5312
f 6635 6632 5310
f 6630 6633 6616
f 6671 6634 6631
f 6638 6672 6632
f 6662 6673 6636
f 6647 6681 6633
f 6635 5310 5299
f 6662 6636 5312
f 6633 6630 6629
f 6635 6638 6632
f 6671 6637 6634
f 6645 6672 6638
f 6673 6639 6636
f 6671 6699 6637
f 6673 6701 6639
f 6644 6556 6541
f 6644 6559 6556
f 6641 6647 6640
f 6637 6644 6541
f 6645 6638 6557
f 6652 6660 6646
f 6644 6650 6559
f 6651 6645 6561
f 6740 6649 6641
f 6650 6642 6559
f 6643 6651 6561
f 6642 6741 6559
f 6742 6643 6561
f 6653 6661 6652
f 6762 6661 6653
f 6648 6693 6647
f 6640 6647 6633
f 6699 6644 6637
f 6651 6700 6645
f 6700 6672 6645
f 6701 6646 6639
f 6699 6654 6644
f 6701 6702 6646
f 6648 6647 6641
f 6654 6650 6644
f 6649 6648 6641
f 6650 6656 6642
f 6655 6651 6643
f 6655 6700 6651
f 6654 6656 6650
f 6657 6655 6643
f 6649 6696 6648
f 6702 6703 6652
f 6702 6652 6646
f 6703 6653 6652
f 6660 6659 6646
f 6561 6645 6557
f 6661 6660 6652
f 6741 6588 6559
f 6589 6742 6561
f 6661 6762 6590
f 6630 6616 5118
f 6663 6631 5307
f 6632 6668 5310
f 6668 6664 5310
f 6665 6662 5373
f 6663 6667 6631
f 6667 6674 6631
f 6675 6668 6632
f 6664 6668 6663
f 5379 6678 5378
f 5378 6677 5377
f 6677 6665 5377
f 5383 6666 5382
f 5388 6666 5383
f 5381 6679 5379
f 5382 6683 5381
f 6666 6683 5382
f 6668 6667 6663
f 6665 6669 6662
f 6668 6675 6667
f 6669 6676 6662
f 6678 6677 5378
f 6677 6669 6665
f 6679 6678 5379
f 6680 6679 5381
f 6683 6680 5381
f 6670 6683 6666
f 6684 6683 6670
f 6633 6681 6616
f 6674 6682 6671
f 6674 6671 6631
f 6672 6675 6632
f 6676 6673 6662
f 6685 6675 6672
f 6682 6699 6671
f 6675 6674 6667
f 6675 6685 6674
f 6685 6682 6674
f 6681 6689 6616
f 6677 6676 6669
f 6677 6686 6676
f 6678 6686 6677
f 6705 6689 6681
f 6684 6692 6683
f 6676 6687 6673
f 6685 6695 6682
f 6695 6685 6672
f 6679 6715 6678
f 6686 6687 6676
f 6680 6716 6679
f 6715 6686 6678
f 6617 6688 5388
f 6688 6666 5388
f 6620 6688 6619
f 6688 6670 6666
f 6688 6684 6670
f 6691 6688 6620
f 6689 6690 6620
f 6690 6691 6620
f 6688 6691 6684
f 6683 6718 6680
f 6691 6692 6684
f 6692 6718 6683
f 6712 6691 6690
f 6693 6681 6647
f 6694 6699 6682
f 6700 6695 6672
f 6699 6694 6654
f 6693 6705 6681
f 6695 6694 6682
f 6687 6713 6673
f 6708 6705 6693
f 6695 6697 6694
f 6696 6693 6648
f 6698 6696 6649
f 6694 6697 6654
f 6696 6708 6693
f 6698 6708 6696
f 6704 6805 6697
f 6851 6708 6698
f 6695 6700 6655
f 6713 6701 6673
f 6720 6702 6701
f 6713 6720 6701
f 6805 6656 6654
f 6657 6806 6655
f 6697 6805 6654
f 6806 6704 6655
f 6704 6695 6655
f 6704 6697 6695
f 6720 6723 6702
f 6725 6703 6702
f 6723 6725 6702
f 6725 6726 6703
f 6705 6706 6689
f 6706 6690 6689
f 6714 6687 6686
f 6716 6715 6679
f 6717 6716 6680
f 6718 6717 6680
f 6715 6714 6686
f 6714 6713 6687
f 6706 6712 6690
f 6709 6706 6705
f 6708 6707 6705
f 6707 6709 6705
f 6708 6851 6707
f 6851 6711 6707
f 6710 6709 6707
f 6711 6710 6707
f 6721 6692 6691
f 6721 6718 6692
f 6712 6721 6691
f 6714 6720 6713
f 6718 6719 6717
f 6721 6719 6718
f 6715 6728 6714
f 6723 6720 6714
f 6716 6729 6715
f 6717 6730 6716
f 6719 6724 6717
f 6721 6722 6719
f 6722 6721 6712
f 6722 6724 6719
f 6736 6712 6706
f 6736 6722 6712
f 6728 6723 6714
f 6729 6728 6715
f 6730 6729 6716
f 6724 6730 6717
f 6735 6724 6722
f 6709 6736 6706
f 6738 6736 6709
f 6728 6725 6723
f 6728 6727 6725
f 6728 6731 6727
f 6727 6726 6725
f 6729 6731 6728
f 6730 6732 6729
f 6733 6730 6724
f 6735 6737 6724
f 6737 6734 6724
f 6732 6731 6729
f 6733 6732 6730
f 6734 6733 6724
f 6737 6861 6734
f 6710 6738 6709
f 6711 6739 6710
f 6739 6738 6710
f 6736 6735 6722
f 6736 6738 6735
f 6739 6737 6735
f 6738 6739 6735
f 6739 6863 6737
f 6760 6740 6571
f 6741 6743 6588
f 6744 6742 6589
f 6572 6761 6571
f 6743 6748 6591
f 6749 6744 6592
f 6740 6760 6649
f 6761 6760 6571
f 6762 6745 6590
f 6745 6750 6594
f 6573 6753 6572
f 6748 6746 6591
f 6747 6749 6592
f 6750 6751 6593
f 6751 6774 6593
f 6753 6766 6572
f 6766 6761 6572
f 6767 6753 6573
f 6748 6757 6746
f 6758 6749 6747
f 6761 6807 6760
f 6767 6867 6753
f 6811 6766 6753
f 6766 6813 6761
f 6811 6813 6766
f 6812 6780 6757
f 6812 6757 6754
f 6867 6811 6753
f 6758 6814 6755
f 6763 6741 6642
f 6752 6743 6741
f 6749 6765 6744
f 6762 6846 6745
f 6742 6657 6643
f 6839 6762 6653
f 6744 6764 6742
f 6742 6764 6657
f 6656 6763 6642
f 6760 6698 6649
f 6703 6839 6653
f 6763 6752 6741
f 6765 6764 6744
f 6839 6846 6762
f 6754 6748 6743
f 6752 6754 6743
f 6755 6765 6749
f 6754 6757 6748
f 6758 6755 6749
f 6756 6750 6745
f 6759 6751 6750
f 6759 6787 6751
f 6846 6756 6745
f 6756 6759 6750
f 6775 6788 6773
f 7491 6788 6775
f 6778 7495 6769
f 6773 6767 6609
f 6774 6772 6611
f 6771 6781 6747
f 6780 6768 6746
f 6787 6774 6751
f 6768 6770 6746
f 6774 6789 6772
f 6781 6771 6769
f 6770 6777 6574
f 6769 6771 6575
f 6779 6776 6772
f 7030 6778 6575
f 6777 6770 6768
f 6778 6769 6575
f 6789 6779 6772
f 6788 6782 6773
f 6773 6782 6767
f 6780 6790 6768
f 6791 6786 6769
f 6786 6781 6769
f 6782 6867 6767
f 6785 6784 6780
f 6784 6790 6780
f 6782 6788 6622
f 6785 6786 6784
f 6786 6785 6783
f 6786 6790 6784
f 6781 6783 6758
f 6786 6783 6781
f 6812 6785 6780
f 6783 6814 6758
f 6871 6787 6759
f 6872 6792 6787
f 6873 6872 6787
f 6791 7494 6790
f 7491 7501 6788
f 6790 6777 6768
f 7495 6791 6769
f 6790 7494 6777
f 7495 7494 6791
f 6789 6792 6779
f 6792 7504 6779
f 6791 6790 6786
f 6622 6788 6621
f 6872 6874 6792
f 6874 6795 6792
f 6874 6880 6796
f 6788 7501 6621
f 7501 6625 6621
f 6792 6789 6787
f 6880 6882 6797
f 6882 6881 6797
f 6802 6881 6793
f 6883 6794 6793
f 6881 6802 6798
f 6794 6802 6793
f 6795 7504 6792
f 6804 6801 6800
f 6800 6799 6798
f 6800 6801 6799
f 6801 7524 6799
f 6874 6796 6795
f 6880 6797 6796
f 6881 6798 6797
f 6803 6802 6794
f 6803 6804 6802
f 6885 6803 6794
f 6885 6804 6803
f 6802 6800 6798
f 6802 6804 6800
f 6804 7511 6801
f 6885 7511 6804
f 6757 6780 6746
f 6781 6758 6747
f 6787 6789 6774
f 6743 6591 6588
f 6592 6744 6589
f 6745 6594 6590
f 6594 6750 6593
f 6760 6807 6698
f 6813 6807 6761
f 6763 6805 6752
f 6820 6806 6764
f 6805 6817 6752
f 6815 6853 6813
f 6807 6851 6698
f 6806 6805 6704
f 6853 6851 6807
f 6813 6853 6807
f 6806 6817 6805
f 6820 6817 6806
f 6822 6839 6810
f 6809 6810 6808
f 6841 6824 6809
f 6841 6842 6825
f 6812 6814 6783
f 6867 6816 6811
f 6816 6867 6623
f 6818 6812 6754
f 6814 6819 6755
f 6818 6754 6752
f 6819 6765 6755
f 6817 6818 6752
f 6818 6819 6812
f 6819 6820 6765
f 6846 6821 6756
f 6828 6759 6756
f 6819 6814 6812
f 6821 6830 6756
f 6830 6828 6756
f 6815 6813 6811
f 6816 6815 6811
f 6816 6857 6815
f 6820 6818 6817
f 6820 6819 6818
f 6846 6822 6821
f 6823 6822 6810
f 6824 6823 6809
f 6823 6810 6809
f 6841 6825 6824
f 6842 6826 6825
f 6822 6823 6821
f 6827 6838 6826
f 6850 6838 6827
f 6848 6827 6826
f 6829 6830 6821
f 6831 6829 6823
f 6832 6831 6824
f 6830 6829 6828
f 6833 6832 6825
f 6835 6878 6833
f 6838 6835 6833
f 6838 6837 6835
f 6837 6836 6835
f 6878 6835 6834
f 6835 6836 6834
f 6823 6829 6821
f 6824 6831 6823
f 6825 6832 6824
f 6826 6833 6825
f 6838 6833 6826
f 6838 6850 6837
f 6850 6859 6837
f 6837 6886 6836
f 6859 6886 6837
f 6805 6763 6656
f 6764 6806 6657
f 6726 6839 6703
f 6765 6820 6764
f 6846 6839 6822
f 6840 6839 6726
f 6809 6840 6727
f 6839 6840 6808
f 6810 6839 6808
f 6841 6809 6727
f 6842 6841 6731
f 6840 6809 6808
f 6844 6847 6843
f 6864 6844 6843
f 6864 6845 6844
f 6845 6849 6844
f 6864 6865 6845
f 6843 6847 6826
f 6842 6843 6826
f 6849 6847 6844
f 6847 6848 6826
f 6849 6848 6847
f 6849 6850 6848
f 6848 6850 6827
f 6859 6850 6849
f 6854 6852 6851
f 6851 6852 6711
f 6852 6866 6711
f 6853 6854 6851
f 6855 6854 6853
f 6854 6859 6852
f 6859 6866 6852
f 6855 6853 6815
f 6856 6855 6815
f 6857 6856 6815
f 6858 6857 6816
f 6856 6886 6855
f 6857 6886 6856
f 6855 6886 6854
f 6886 6859 6854
f 6727 6840 6726
f 6731 6841 6727
f 6732 6842 6731
f 6734 6860 6733
f 6733 6843 6732
f 6861 6860 6734
f 6861 6862 6860
f 6863 6861 6737
f 6860 6843 6733
f 6865 6864 6860
f 6862 6865 6860
f 6863 6862 6861
f 6863 6865 6862
f 6866 6863 6711
f 6863 6739 6711
f 6843 6842 6732
f 6860 6864 6843
f 6866 6865 6863
f 6865 6866 6845
f 6859 6849 6845
f 6866 6859 6845
f 6867 6782 6623
f 6785 6812 6783
f 6623 6782 6622
f 6868 6871 6829
f 6869 6868 6829
f 6873 6874 6872
f 6874 6873 6868
f 6880 6874 6868
f 6882 6880 6869
f 6881 6882 6870
f 6873 6871 6868
f 6869 6880 6868
f 6870 6882 6869
f 6828 6871 6759
f 6870 6869 6831
f 6877 6870 6832
f 6877 6878 6876
f 6876 6878 6875
f 6871 6873 6787
f 6881 6877 6876
f 6883 6876 6875
f 6877 6881 6870
f 6879 6883 6875
f 6884 6883 6879
f 6624 6816 6623
f 6858 6816 6624
f 6884 6858 6624
f 6884 6879 6858
f 6829 6871 6828
f 6831 6869 6829
f 6832 6870 6831
f 6833 6877 6832
f 6878 6877 6833
f 6875 6878 6834
f 6879 6875 6834
f 6836 6879 6834
f 6886 6879 6836
f 7511 6626 6625
f 7511 6885 6627
f 7511 6627 6626
f 6881 6876 6793
f 6876 6883 6793
f 6883 6884 6794
f 6884 6885 6794
f 6627 6885 6624
f 6885 6884 6624
f 6858 6879 6857
f 6879 6886 6857
f 6889 6891 6887
f 6889 6890 6891
f 6890 6892 6891
f 6892 6893 6891
f 6893 6905 6891
f 6895 6888 6887
f 6895 6896 6888
f 6897 6895 6887
f 6891 6897 6887
f 6895 6897 6494
f 6905 6897 6891
f 6893 6900 6905
f 6899 6898 6904
f 6900 6901 6905
f 6902 2809 6931
f 6928 6899 6904
f 6901 6903 6934
f 6929 6928 6904
f 6903 6902 6931
f 6898 6894 5860
f 6904 6898 5860
f 6918 6904 5860
f 6905 6920 6897
f 6918 6919 6904
f 6901 6934 6905
f 6930 6929 6904
f 6919 6930 6904
f 6926 6920 6905
f 6934 6926 6905
f 6934 6903 6931
f 6897 6906 6499
f 6908 6906 6897
f 6909 6907 6906
f 6908 6909 6906
f 6909 6910 6907
f 6920 6908 6897
f 6911 6910 6909
f 6911 6912 6910
f 6912 6911 6518
f 6917 6911 6909
f 6913 6909 6908
f 6913 6914 6909
f 6914 6916 6909
f 6915 6917 6909
f 6916 6915 6909
f 6917 6973 6911
f 6923 6913 6908
f 6923 6914 6913
f 6923 6916 6914
f 6978 6917 6915
f 6916 6976 6915
f 6981 5865 5864
f 6923 6976 6916
f 6978 6977 6917
f 6976 6978 6915
f 6922 6918 5861
f 6920 6921 6908
f 6925 6919 6918
f 6922 6925 6918
f 6924 6921 6920
f 6926 6924 6920
f 6925 6938 6919
f 6921 6923 6908
f 6979 6922 5862
f 6975 6979 5862
f 6982 6923 6921
f 6979 6925 6922
f 6924 6982 6921
f 6934 6937 6926
f 6926 6937 6924
f 6942 6982 6924
f 2835 6927 6929
f 6927 6928 6929
f 6932 6931 2836
f 6932 6934 6931
f 6929 6933 2837
f 6936 6933 6929
f 6930 6936 6929
f 6935 6937 6934
f 6938 6936 6930
f 6935 6934 6932
f 6933 6945 2837
f 6936 6958 6933
f 6938 6930 6919
f 6939 6941 6937
f 6939 6937 6935
f 6944 6940 6938
f 6938 6940 6936
f 6955 6939 6935
f 6937 6942 6924
f 6944 6938 6925
f 6941 6942 6937
f 6943 6944 6925
f 6959 6941 6939
f 6944 6960 6940
f 6959 6942 6941
f 7289 6944 6943
f 6959 7193 6942
f 6940 6958 6936
f 7289 6960 6944
f 6948 6935 6932
f 6946 6932 2856
f 6946 6948 6932
f 6950 6948 6946
f 6952 6949 2855
f 6945 6952 2855
f 6950 6946 2857
f 6958 6945 6933
f 6947 6955 6935
f 6948 6947 6935
f 6948 6950 6947
f 6965 6952 6945
f 6958 6965 6945
f 6951 6950 2857
f 6949 6952 2859
f 2858 6951 2857
f 6952 6953 2859
f 6951 6964 6950
f 6965 6953 6952
f 6956 6959 6939
f 7233 7234 6969
f 7235 7233 6969
f 7235 6969 6954
f 7349 7232 6954
f 6955 6956 6939
f 6957 6958 6940
f 6961 6955 6947
f 6961 6956 6955
f 6950 6961 6947
f 6961 6959 6956
f 6962 6958 6957
f 6962 6965 6958
f 6960 6957 6940
f 6961 6966 6959
f 6960 6968 6957
f 6968 6962 6957
f 6966 7196 6959
f 6967 7196 6966
f 7291 6968 6960
f 6964 6961 6950
f 6964 6966 6961
f 7372 6964 6951
f 6966 6964 6963
f 7372 7375 6963
f 7375 6969 6963
f 6962 6970 6953
f 6964 7372 6963
f 6965 6962 6953
f 6970 7391 6953
f 6967 6966 6963
f 6968 6970 6962
f 7234 6967 6963
f 7291 6970 6968
f 7291 6972 6970
f 6969 7234 6963
f 6969 7375 6954
f 6972 7378 6970
f 7378 6972 6971
f 7416 7418 7251
f 7418 7417 7246
f 7417 7420 7247
f 7420 7421 7248
f 7421 7427 7259
f 6911 6974 6516
f 6993 6517 6516
f 6973 6974 6911
f 6974 6993 6516
f 6977 6973 6917
f 5871 6981 5864
f 6977 6988 6973
f 6992 6564 6517
f 6993 6992 6517
f 6988 6974 6973
f 6998 6987 5871
f 6999 6993 6974
f 6988 6999 6974
f 6980 6975 5865
f 6980 6979 6975
f 6983 6980 5865
f 6981 6983 5865
f 6987 6981 5871
f 6982 6976 6923
f 6984 6978 6976
f 6978 6986 6977
f 6986 6985 6977
f 6984 6986 6978
f 6982 6984 6976
f 6985 6988 6977
f 6980 7096 6979
f 6979 7096 6925
f 6983 7097 6980
f 7098 6983 6981
f 6990 7098 6981
f 6986 7100 6985
f 7101 6986 6984
f 7097 7096 6980
f 7101 6984 6982
f 6987 6989 6981
f 6998 6989 6987
f 6989 6990 6981
f 7001 6988 6985
f 7104 7097 6983
f 7098 7104 6983
f 7105 7098 6990
f 7105 6990 6989
f 6991 7001 6985
f 7099 7101 6982
f 7102 6991 6985
f 7101 7100 6986
f 7100 7102 6985
f 6993 7821 6992
f 6999 6994 6993
f 6995 6998 5872
f 6992 7821 6564
f 6994 7821 6993
f 7792 7818 5875
f 7818 7819 5875
f 7821 7822 6564
f 7819 6995 5873
f 7827 7821 6994
f 7826 7827 6994
f 7852 7826 6994
f 7850 7820 7053
f 6996 7055 6605
f 7823 7054 6607
f 7006 7010 6996
f 7850 7011 7007
f 7010 7055 6996
f 7062 7055 7010
f 7850 7053 7011
f 7054 7851 7012
f 7825 7057 6997
f 7013 7830 6997
f 7000 6999 6988
f 6998 7002 6989
f 7001 7000 6988
f 6999 7000 6994
f 7002 7105 6989
f 7003 7002 6998
f 7001 7019 7000
f 7857 6998 6995
f 7000 7852 6994
f 7857 7003 6998
f 7019 7852 7000
f 7852 7019 7006
f 7003 7873 7002
f 7874 7873 7003
f 7062 7010 7004
f 7018 7001 6991
f 7018 7020 7001
f 7018 7127 7005
f 7126 7072 7021
f 7019 7010 7006
f 7851 7860 7087
f 7008 7860 7007
f 7021 7009 7008
f 7009 7860 7008
f 7011 7086 7007
f 7010 7019 7004
f 7063 7017 7008
f 7021 7073 7009
f 7086 7063 7008
f 7073 7087 7009
f 7851 7087 7012
f 7014 7835 7013
f 7015 7835 7014
f 7086 7008 7007
f 7087 7860 7009
f 7016 7853 7015
f 7020 7019 7001
f 7019 7020 7004
f 7020 7018 7005
f 7862 7025 7024
f 7023 7863 7022
f 7862 7024 7022
f 7027 7864 7023
f 7017 7021 7008
f 7861 7028 7025
f 7870 7027 7026
f 7189 7871 7026
f 7190 7868 7189
f 7020 7005 7004
f 7063 7125 7017
f 7125 7126 7017
f 7028 7137 7025
f 7126 7021 7017
f 7028 7861 7016
f 7483 7058 7049
f 7058 7483 6775
f 7484 7029 6574
f 7060 7485 7030
f 7049 7064 7032
f 7483 7049 7032
f 7488 7031 7029
f 7489 7061 7059
f 7089 7487 7060
f 7488 7545 7031
f 7201 7077 7070
f 7077 7269 7034
f 7203 7269 7077
f 7064 7076 7033
f 7076 7041 7033
f 7088 7042 7035
f 7064 7033 7032
f 7545 7088 7031
f 7546 7487 7089
f 7041 7554 7033
f 7088 7545 7042
f 7546 7089 7043
f 7038 7076 7034
f 7041 7076 7040
f 7039 7076 7038
f 7040 7076 7039
f 7042 7091 7035
f 7269 7036 7034
f 7091 7279 7080
f 7279 7270 7080
f 7036 7038 7034
f 7040 7039 7036
f 7039 7038 7036
f 7092 7280 7043
f 7271 7280 7092
f 7554 7044 7037
f 7044 7041 7040
f 7044 7554 7041
f 7095 7558 7045
f 7281 7279 7091
f 7037 7040 7036
f 7281 7091 7042
f 7280 7282 7043
f 7044 7040 7037
f 7629 7281 7042
f 7634 7094 7045
f 7282 7557 7043
f 7634 7283 7094
f 7055 7049 6605
f 7049 7058 6605
f 7051 7047 6607
f 7050 7053 7046
f 7055 7062 7049
f 7066 7053 7050
f 7054 7068 7051
f 7062 7064 7049
f 7065 7050 7031
f 7065 7066 7050
f 7068 7067 7051
f 7052 7069 6997
f 7067 7060 7051
f 7046 7053 6606
f 7054 7051 6607
f 7057 7056 7048
f 7052 7057 7048
f 7057 7052 6997
f 7053 7066 7011
f 7068 7054 7012
f 7047 7051 7030
f 7050 7046 7031
f 7031 7046 7029
f 7059 7061 7048
f 7051 7060 7030
f 7061 7052 7048
f 7088 7065 7031
f 7067 7089 7060
f 7061 7090 7052
f 7090 7069 7052
f 7066 7086 7011
f 7083 7068 7012
f 7076 7062 7004
f 7075 7086 7066
f 7069 7084 7015
f 7086 7075 7063
f 7083 7087 7073
f 7076 7064 7062
f 7083 7089 7067
f 7075 7065 7035
f 7075 7066 7065
f 7068 7083 7067
f 7077 7076 7005
f 7127 7077 7005
f 7078 7071 7063
f 7077 7127 7070
f 7005 7076 7004
f 7072 7073 7021
f 7075 7078 7063
f 7083 7073 7072
f 7084 7085 7016
f 7071 7125 7063
f 7074 7304 7028
f 7085 7074 7028
f 7080 7078 7075
f 7081 7083 7079
f 7076 7077 7034
f 7091 7080 7075
f 7092 7083 7081
f 7078 7204 7071
f 7079 7083 7072
f 7205 7081 7079
f 7080 7270 7078
f 7272 7085 7082
f 7085 7084 7069
f 7082 7085 7069
f 7069 7013 6997
f 7069 7014 7013
f 7069 7015 7014
f 7087 7083 7012
f 7084 7016 7015
f 7085 7028 7016
f 7065 7088 7035
f 7093 7089 7083
f 7089 7093 7043
f 7090 7094 7069
f 7547 7090 7061
f 7095 7094 7090
f 7558 7095 7090
f 7091 7075 7035
f 7094 7082 7069
f 7092 7093 7083
f 7093 7092 7043
f 7271 7092 7081
f 7205 7271 7081
f 7094 7283 7082
f 7283 7272 7082
f 7094 7095 7045
f 7096 6943 6925
f 7099 6982 6942
f 7103 7099 6942
f 7096 7107 6943
f 7114 7103 6942
f 7193 7194 6942
f 7194 7114 6942
f 7115 7289 6943
f 7103 7101 7099
f 7108 7102 7100
f 7101 7109 7100
f 7097 7111 7096
f 7104 7111 7097
f 7112 7104 7098
f 7103 7109 7101
f 7111 7107 7096
f 7105 7185 7098
f 7102 7110 6991
f 7185 7112 7098
f 7114 7113 7103
f 7113 7109 7103
f 7109 7108 7100
f 7108 7110 7102
f 7122 7110 7108
f 7109 7122 7108
f 7122 7109 7106
f 7107 7115 6943
f 7116 7111 7104
f 7112 7116 7104
f 7109 7113 7106
f 7111 7116 7107
f 7179 7116 7112
f 7116 7115 7107
f 7110 7118 6991
f 7118 7117 6991
f 7188 7105 7002
f 7117 7018 6991
f 7188 7185 7105
f 7295 7127 7123
f 7122 7118 7110
f 7118 7123 7117
f 7122 7123 7118
f 7148 7138 7119
f 7121 7169 7119
f 7120 7121 7119
f 7138 7120 7119
f 7296 7123 7122
f 7296 7122 7106
f 7299 7301 7124
f 7301 7146 7124
f 7170 7169 7121
f 7175 7170 7145
f 7154 7306 7153
f 7175 7306 7154
f 7306 7175 7145
f 7123 7127 7117
f 7117 7127 7018
f 7128 7126 7125
f 7128 7135 7126
f 7132 7135 7128
f 7132 7128 7071
f 7128 7125 7071
f 7131 7129 7124
f 7131 7130 7129
f 7131 7134 7130
f 7146 7134 7131
f 7136 7132 7130
f 7133 7136 7130
f 7134 7133 7130
f 7146 7131 7124
f 7126 7135 7072
f 7136 7135 7132
f 7305 7137 7028
f 7140 7121 7120
f 7138 7141 7120
f 7148 7139 7138
f 7141 7140 7120
f 7140 7142 7121
f 7143 7141 7138
f 7142 7145 7121
f 7139 7143 7138
f 7182 7144 7139
f 7182 7183 7144
f 7183 7191 7144
f 7192 7191 7183
f 7144 7143 7139
f 7184 7192 7183
f 7306 7145 7137
f 7146 7301 7134
f 7305 7306 7137
f 7145 7170 7121
f 7185 7179 7112
f 7169 7148 7119
f 7169 7171 7148
f 7149 7171 7147
f 7148 7149 7139
f 7171 7149 7148
f 7181 7149 7147
f 7150 7181 7147
f 7185 7187 7179
f 7158 7159 7152
f 7158 7152 7151
f 7159 7166 7152
f 7160 7166 7159
f 7161 7166 7160
f 7212 7155 7153
f 7212 7156 7155
f 7214 7162 7157
f 7213 7157 7156
f 7154 7158 7151
f 7155 7154 7153
f 7175 7154 7151
f 7156 7159 7155
f 7157 7160 7156
f 7155 7158 7154
f 7159 7158 7155
f 7160 7159 7156
f 7161 7160 7157
f 7162 7161 7157
f 7309 7177 7162
f 7310 7178 7177
f 7169 7170 7163
f 7171 7169 7163
f 7164 7165 7147
f 7164 7171 7163
f 7170 7175 7151
f 7164 7163 7152
f 7152 7163 7151
f 7163 7170 7151
f 7166 7165 7152
f 7165 7164 7152
f 7167 7172 7166
f 7167 7166 7161
f 7176 7167 7161
f 7176 7168 7167
f 7166 7172 7165
f 7168 7172 7167
f 7176 7173 7168
f 7171 7164 7147
f 7165 7150 7147
f 7165 7172 7150
f 7180 7172 7168
f 7173 7180 7168
f 7172 7180 7150
f 7176 7174 7173
f 7174 7187 7173
f 7162 7176 7161
f 7177 7176 7162
f 7177 7178 7176
f 7179 7187 7174
f 7176 7178 7174
f 7116 7174 7115
f 7179 7174 7116
f 7149 7182 7139
f 7181 7182 7149
f 7183 7181 7150
f 7180 7183 7150
f 7183 7182 7181
f 7186 7184 7180
f 7184 7183 7180
f 7187 7185 7184
f 7185 7192 7184
f 7186 7180 7173
f 7187 7186 7173
f 7186 7187 7184
f 7873 7188 7002
f 7025 7142 7024
f 7024 7141 7022
f 7143 7023 7022
f 7144 7027 7023
f 7191 7189 7026
f 7144 7191 7027
f 7191 7190 7189
f 7188 7192 7185
f 7190 7192 7188
f 7873 7190 7188
f 7027 7191 7026
f 7145 7142 7025
f 7142 7140 7024
f 7140 7141 7024
f 7141 7143 7022
f 7143 7144 7023
f 7137 7145 7025
f 7191 7192 7190
f 7195 7193 6959
f 7195 7194 7193
f 7195 7198 7194
f 7196 7195 6959
f 7196 7198 7195
f 7234 7198 6967
f 7198 7196 6967
f 7235 7222 7197
f 7198 7233 7197
f 7197 7296 7106
f 7296 7222 7207
f 7222 7296 7197
f 7207 7222 7200
f 7262 7207 7200
f 7207 7201 7070
f 7265 7203 7201
f 7201 7203 7077
f 7270 7204 7078
f 7302 7208 7206
f 7206 7208 7202
f 7210 7302 7206
f 7308 7285 7199
f 7207 7262 7201
f 7263 7206 7202
f 7204 7263 7202
f 7210 7264 7209
f 7286 7210 7206
f 7264 7307 7209
f 7308 7312 7284
f 7113 7198 7106
f 7114 7198 7113
f 7198 7197 7106
f 7194 7198 7114
f 7228 7211 7115
f 7215 7212 7153
f 7221 7213 7212
f 7217 7215 7153
f 7218 7214 7213
f 7219 7309 7214
f 7310 7309 7219
f 7215 7216 7212
f 7216 7221 7212
f 7215 7217 7199
f 7221 7218 7213
f 7218 7219 7214
f 7220 7310 7219
f 7311 7310 7220
f 7311 7228 7178
f 7174 7228 7115
f 7225 7223 7216
f 7223 7224 7216
f 7224 7226 7221
f 7226 7227 7218
f 7236 7224 7223
f 7225 7237 7223
f 7238 7226 7224
f 7239 7229 7227
f 7239 7227 7226
f 7228 7293 7211
f 7231 7293 7228
f 7240 7230 7229
f 7241 7231 7230
f 7225 7215 7199
f 7224 7221 7216
f 7221 7226 7218
f 7225 7216 7215
f 7227 7219 7218
f 7227 7220 7219
f 7227 7229 7220
f 7230 7311 7229
f 7231 7311 7230
f 7229 7311 7220
f 7285 7225 7199
f 7285 7308 7284
f 7311 7231 7228
f 7265 7262 7243
f 7612 7274 7265
f 7273 7277 7245
f 7612 7606 7274
f 7234 7233 7198
f 7235 7232 7222
f 7222 7232 7200
f 7232 7262 7200
f 7243 7262 7232
f 7287 7286 7254
f 7284 7253 7242
f 7233 7235 7197
f 7237 7247 7236
f 7248 7238 7236
f 7246 7247 7237
f 7242 7246 7237
f 7247 7248 7236
f 7248 7249 7238
f 7249 7258 7239
f 7260 7261 7241
f 7249 7239 7238
f 7258 7240 7239
f 7258 7288 7240
f 7288 7260 7241
f 7260 7288 7258
f 7254 7245 7244
f 7245 7613 7244
f 7232 7235 6954
f 7349 7243 7232
f 7251 7246 7242
f 7253 7251 7242
f 7251 7418 7246
f 7253 7416 7251
f 7417 7247 7246
f 7420 7248 7247
f 7421 7249 7248
f 7421 7259 7249
f 7422 7253 7252
f 7612 7265 7243
f 7253 7268 7252
f 7256 7275 7255
f 7255 7287 7254
f 7277 7613 7245
f 7255 7254 7244
f 7256 7255 7244
f 7276 7615 7252
f 7254 7273 7245
f 7257 7275 7256
f 7617 7275 7257
f 7630 7615 7276
f 7259 7258 7249
f 7259 7260 7258
f 7261 7260 7259
f 7261 7259 7250
f 7269 7274 7036
f 7274 7269 7265
f 7262 7265 7201
f 7266 7263 7204
f 7263 7286 7206
f 7287 7264 7210
f 7286 7287 7210
f 7266 7286 7263
f 7287 7267 7264
f 7270 7273 7266
f 7265 7269 7203
f 7270 7266 7204
f 7275 7271 7205
f 7279 7273 7270
f 7312 7272 7268
f 7267 7307 7264
f 7284 7312 7268
f 7307 7267 7205
f 7267 7275 7205
f 7274 7037 7036
f 7279 7277 7273
f 7279 7281 7277
f 7274 7606 7037
f 7266 7273 7254
f 7275 7267 7255
f 7617 7278 7275
f 7283 7630 7276
f 7278 7280 7271
f 7283 7276 7272
f 7282 7280 7278
f 7275 7278 7271
f 7272 7276 7268
f 7285 7242 7225
f 7285 7284 7242
f 7286 7266 7254
f 7267 7287 7255
f 7284 7268 7253
f 7237 7236 7223
f 7242 7237 7225
f 7236 7238 7224
f 7238 7239 7226
f 7239 7240 7229
f 7288 7241 7230
f 7240 7288 7230
f 7241 7293 7231
f 7268 7276 7252
f 7289 7291 6960
f 7290 7291 7289
f 7290 7289 7211
f 7293 7290 7211
f 7211 7289 7115
f 7293 7292 7290
f 7292 7291 7290
f 7291 7292 6972
f 7292 7293 6972
f 7293 7241 6972
f 6972 7241 6971
f 7241 7261 6971
f 7261 7250 6971
f 7250 7294 6971
f 7428 7294 7250
f 7427 7428 7250
f 7259 7427 7250
f 7296 7295 7123
f 7298 7297 7071
f 7129 7130 7071
f 7127 7295 7070
f 7299 7124 7071
f 7124 7129 7071
f 7297 7299 7071
f 7301 7300 7072
f 7295 7207 7070
f 7295 7296 7207
f 7302 7298 7071
f 7208 7302 7071
f 7300 7209 7072
f 7308 7304 7074
f 7304 7308 7303
f 7298 7300 7297
f 7302 7300 7298
f 7306 7217 7153
f 7300 7299 7297
f 7300 7301 7299
f 7306 7305 7199
f 7300 7302 7210
f 7300 7210 7209
f 7303 7308 7199
f 7217 7306 7199
f 7305 7303 7199
f 7130 7132 7071
f 7133 7134 7072
f 7136 7133 7072
f 7135 7136 7072
f 7134 7301 7072
f 7304 7303 7028
f 7303 7305 7028
f 7204 7202 7071
f 7202 7208 7071
f 7209 7307 7072
f 7312 7308 7074
f 7307 7079 7072
f 7085 7312 7074
f 7307 7205 7079
f 7212 7213 7156
f 7213 7214 7157
f 7214 7309 7162
f 7309 7310 7177
f 7178 7228 7174
f 7310 7311 7178
f 7272 7312 7085
f 7316 7315 7313
f 7340 7316 7313
f 7321 7329 2858
f 7336 7320 2859
f 7329 6951 2858
f 6953 7336 2859
f 7322 7329 7321
f 2943 7321 2942
f 7322 7321 2943
f 7314 7322 2943
f 7317 7314 2943
f 7318 7319 2939
f 7315 7317 7313
f 7320 7318 2941
f 7317 7315 7314
f 7332 7334 7318
f 7331 7332 7318
f 7335 7344 7319
f 7334 7319 7318
f 7334 7335 7319
f 7320 7331 7318
f 7336 7331 7320
f 7329 7324 6951
f 7324 7329 7323
f 7324 7372 6951
f 7326 7374 7323
f 7373 7324 7323
f 7374 7373 7323
f 7326 7322 7314
f 7326 7323 7322
f 7315 7325 7314
f 7327 7325 7315
f 7325 7326 7314
f 7340 7328 7316
f 7316 7327 7315
f 7328 7327 7316
f 7328 7383 7327
f 7381 7326 7325
f 7327 7382 7325
f 7384 7385 7335
f 7323 7329 7322
f 7333 7336 6953
f 7391 7330 6953
f 7330 7333 6953
f 7337 7333 7330
f 7336 7333 7331
f 7338 7334 7332
f 7333 7337 7331
f 7337 7332 7331
f 7337 7338 7332
f 7338 7384 7334
f 7384 7335 7334
f 7385 7347 7335
f 7339 7340 7313
f 7342 7339 2949
f 7341 7340 7339
f 7343 7341 7339
f 7342 7343 7339
f 7348 7342 2947
f 7348 7343 7342
f 7319 7344 2948
f 7344 7348 2950
f 7347 7344 7335
f 7347 7348 7344
f 7341 7345 7340
f 7340 7345 7328
f 7343 7346 7341
f 7345 7461 7328
f 7385 7462 7347
f 7462 7463 7347
f 7346 7345 7341
f 7346 7467 7345
f 7348 7463 7343
f 7463 7346 7343
f 7463 7348 7347
f 7377 7353 7349
f 7349 7353 7243
f 7351 7352 7256
f 7422 7416 7253
f 7355 7422 7252
f 7352 7351 7350
f 7354 7352 7350
f 7360 7354 7350
f 7351 7613 7350
f 7357 7614 7353
f 7354 7617 7352
f 7360 7617 7354
f 7386 7387 7357
f 7386 7357 7353
f 7356 7360 7350
f 7358 7361 7356
f 7387 7359 7357
f 7620 7614 7357
f 7361 7360 7356
f 7618 7356 7350
f 7362 7358 7356
f 7363 7361 7358
f 7362 7363 7358
f 7618 7362 7356
f 7618 7364 7362
f 7361 7619 7360
f 7624 7457 7355
f 7363 7619 7361
f 7359 7620 7357
f 7365 7627 7363
f 7365 7363 7362
f 7364 7365 7362
f 7457 7645 7366
f 7469 7651 7359
f 7651 7620 7359
f 7367 7448 7366
f 7368 7449 7367
f 7651 7469 7370
f 7371 7651 7370
f 7469 7481 7370
f 7481 7657 7370
f 7376 7375 7373
f 7374 7376 7373
f 7381 7377 7374
f 7373 7372 7324
f 7373 7375 7372
f 7381 7374 7326
f 7379 7380 7338
f 7375 7376 6954
f 7381 7386 7377
f 7377 7376 7374
f 7378 7391 6970
f 7414 7391 7378
f 7391 7414 7379
f 7409 7388 7380
f 7414 7380 7379
f 7382 7381 7325
f 7383 7382 7327
f 7380 7384 7338
f 7388 7385 7384
f 7390 7462 7385
f 7382 7386 7381
f 7387 7386 7382
f 7383 7387 7382
f 7464 7387 7383
f 7388 7389 7385
f 7388 7384 7380
f 7438 7389 7388
f 7438 7390 7389
f 7389 7390 7385
f 7465 7462 7390
f 7391 7379 7330
f 7379 7337 7330
f 7379 7338 7337
f 7376 7349 6954
f 7376 7377 7349
f 7405 7394 7392
f 7396 7395 7394
f 7410 7423 7395
f 7411 7424 7410
f 7424 7423 7410
f 7415 7426 7413
f 7377 7386 7353
f 7396 7400 7395
f 7405 7396 7394
f 7407 7410 7400
f 7408 7411 7407
f 7405 7397 7396
f 7397 7401 7396
f 7405 7398 7397
f 7398 7399 7397
f 7401 7400 7396
f 7402 7407 7400
f 7401 7402 7400
f 7403 7407 7402
f 7404 7408 7403
f 7405 7406 7398
f 7408 7407 7403
f 7436 7412 7408
f 7436 7408 7404
f 7422 7406 7393
f 7398 7406 7355
f 7399 7398 7355
f 7430 7399 7355
f 7400 7410 7395
f 7393 7405 7392
f 7406 7405 7393
f 7411 7410 7407
f 7412 7411 7408
f 7412 7424 7411
f 7413 7424 7412
f 7436 7413 7412
f 7413 7436 7409
f 7414 7378 6971
f 7415 7414 6971
f 7414 7415 7380
f 7415 7413 7380
f 7413 7409 7380
f 7418 7419 7392
f 7417 7418 7392
f 7420 7417 7394
f 7421 7420 7395
f 7419 7418 7416
f 7394 7417 7392
f 7395 7420 7394
f 7419 7393 7392
f 7419 7422 7393
f 7422 7419 7416
f 7294 7415 6971
f 7423 7427 7421
f 7428 7427 7425
f 7423 7421 7395
f 7424 7427 7423
f 7425 7424 7413
f 7426 7425 7413
f 7425 7427 7424
f 7428 7426 7415
f 7426 7428 7425
f 7428 7415 7294
f 7406 7422 7355
f 7431 7401 7397
f 7431 7429 7401
f 7430 7431 7397
f 7399 7430 7397
f 7429 7402 7401
f 7432 7403 7402
f 7433 7404 7403
f 7435 7436 7404
f 7436 7435 7434
f 7429 7432 7402
f 7432 7433 7403
f 7433 7435 7404
f 7435 7439 7434
f 7436 7434 7409
f 7434 7437 7409
f 7439 7437 7434
f 7442 7432 7429
f 7440 7431 7430
f 7431 7441 7429
f 7440 7441 7431
f 7442 7443 7432
f 7441 7442 7429
f 7443 7433 7432
f 7444 7435 7433
f 7443 7444 7433
f 7439 7438 7437
f 7445 7439 7435
f 7444 7445 7435
f 7439 7453 7438
f 7440 7430 7355
f 7387 7464 7359
f 7446 7441 7440
f 7449 7443 7442
f 7438 7454 7390
f 7445 7453 7439
f 7454 7455 7390
f 7456 7465 7455
f 7457 7446 7440
f 7448 7442 7441
f 7446 7448 7441
f 7457 7447 7446
f 7448 7449 7442
f 7449 7450 7443
f 7447 7448 7446
f 7450 7444 7443
f 7451 7445 7444
f 7455 7454 7452
f 7458 7452 7445
f 7453 7454 7438
f 7452 7453 7445
f 7454 7453 7452
f 7450 7451 7444
f 7451 7458 7445
f 7458 7459 7452
f 7459 7455 7452
f 7409 7437 7388
f 7437 7438 7388
f 7455 7465 7390
f 7457 7440 7355
f 7448 7447 7366
f 7471 7458 7451
f 7447 7457 7366
f 7449 7448 7367
f 7450 7449 7368
f 7471 7459 7458
f 7460 7456 7455
f 7459 7460 7455
f 7461 7383 7328
f 7467 7461 7345
f 7467 7468 7461
f 7465 7466 7462
f 7466 7463 7462
f 7461 7464 7383
f 7468 7464 7461
f 7468 7479 7464
f 7470 7466 7465
f 7466 7467 7346
f 7463 7466 7346
f 7470 7468 7467
f 7470 7467 7466
f 7464 7469 7359
f 7480 7469 7464
f 7479 7480 7464
f 7476 7470 7456
f 7470 7465 7456
f 7451 7450 7369
f 7460 7476 7456
f 7642 7471 7451
f 7369 7450 7368
f 7642 7451 7369
f 7471 7473 7459
f 7473 7460 7459
f 7473 7472 7460
f 7472 7475 7460
f 7473 7644 7472
f 7643 7473 7471
f 7642 7643 7471
f 7643 7474 7473
f 7644 7475 7472
f 7475 7476 7460
f 7477 7478 7475
f 7478 7476 7475
f 7476 7479 7468
f 7470 7476 7468
f 7480 7481 7469
f 7480 7479 7478
f 7481 7480 7477
f 7480 7478 7477
f 7478 7479 7476
f 7657 7481 7477
f 7491 7483 7482
f 7492 7496 6777
f 7483 7491 6775
f 6777 7484 6574
f 6779 7486 6776
f 7482 7483 7032
f 7486 7059 6776
f 7030 7485 6778
f 7484 7488 7029
f 7486 7489 7059
f 7496 7484 6777
f 7485 7493 6778
f 7514 7493 7485
f 7520 7486 6779
f 7033 7490 7032
f 7487 7485 7060
f 7489 7547 7061
f 7490 7482 7032
f 7496 7488 7484
f 7487 7529 7485
f 7496 7528 7488
f 7529 7514 7485
f 7530 7489 7486
f 7528 7548 7488
f 7549 7548 7529
f 7546 7529 7487
f 7534 7552 7489
f 7494 7492 6777
f 7493 7495 6778
f 7495 7493 7492
f 7494 7495 7492
f 7504 7497 6779
f 7493 7496 7492
f 7514 7496 7493
f 7503 7491 7482
f 7505 7499 7497
f 7505 7500 7499
f 7506 7516 7500
f 7517 7516 7507
f 7499 7498 7497
f 7503 7501 7491
f 7501 7605 6625
f 7502 7605 7501
f 7510 7605 7502
f 7503 7502 7501
f 7505 7504 6795
f 7506 7505 6795
f 6796 7506 6795
f 6797 7507 6796
f 7507 7506 6796
f 7508 7507 6797
f 7524 7509 6799
f 7509 7508 6799
f 6798 7508 6797
f 6799 7508 6798
f 7510 7524 6801
f 7504 7505 7497
f 7505 7506 7500
f 7507 7516 7506
f 7508 7517 7507
f 7509 7515 7508
f 7511 7605 7510
f 7511 7510 6801
f 7513 7503 7482
f 7503 7526 7502
f 7526 7510 7502
f 7541 7526 7503
f 7490 7512 7482
f 7512 7513 7482
f 7543 7512 7490
f 7542 7513 7512
f 7513 7542 7503
f 7497 7498 6779
f 7498 7520 6779
f 7520 7527 7486
f 7519 7517 7515
f 7518 7519 7515
f 7522 7519 7518
f 7527 7520 7499
f 7499 7520 7498
f 7500 7532 7499
f 7519 7521 7517
f 7516 7533 7500
f 7517 7536 7516
f 7522 7521 7519
f 7522 7523 7521
f 7524 7525 7509
f 7525 7518 7509
f 7518 7515 7509
f 7525 7524 7510
f 7515 7517 7508
f 7525 7526 7518
f 7526 7525 7510
f 7526 7522 7518
f 7541 7523 7522
f 7526 7541 7522
f 7514 7528 7496
f 7529 7528 7514
f 7527 7530 7486
f 7531 7527 7499
f 7532 7531 7499
f 7521 7536 7517
f 7523 7535 7521
f 7542 7535 7523
f 7533 7532 7500
f 7536 7533 7516
f 7531 7530 7527
f 7535 7537 7521
f 7537 7536 7521
f 7529 7548 7528
f 7531 7534 7530
f 7532 7570 7531
f 7570 7534 7531
f 7539 7537 7535
f 7542 7539 7535
f 7530 7534 7489
f 7537 7538 7536
f 7539 7538 7537
f 7539 7540 7538
f 7538 7567 7536
f 7533 7574 7532
f 7536 7575 7533
f 7540 7567 7538
f 7544 7540 7539
f 7542 7541 7503
f 7541 7542 7523
f 7543 7544 7512
f 7544 7542 7512
f 7542 7544 7539
f 7550 7490 7033
f 7555 7550 7033
f 7548 7545 7488
f 7552 7547 7489
f 7547 7558 7090
f 7557 7553 7546
f 7552 7558 7547
f 7548 7551 7545
f 7549 7551 7548
f 7553 7551 7549
f 7551 7561 7545
f 7546 7549 7529
f 7553 7549 7546
f 7568 7552 7534
f 7568 7559 7552
f 7553 7564 7551
f 7568 7573 7559
f 7554 7555 7033
f 7635 7554 7037
f 7635 7555 7554
f 7609 7629 7556
f 7545 7556 7042
f 7557 7546 7043
f 7558 7559 7045
f 7561 7556 7545
f 7559 7558 7552
f 7556 7629 7042
f 7633 7557 7282
f 7559 7636 7045
f 7633 7566 7557
f 7636 7634 7045
f 7555 7560 7550
f 7561 7562 7556
f 7562 7563 7556
f 7560 7581 7550
f 7564 7561 7551
f 7564 7566 7561
f 7566 7562 7561
f 7566 7563 7562
f 7566 7565 7563
f 7635 7560 7555
f 7563 7609 7556
f 7635 7638 7560
f 7565 7609 7563
f 7557 7564 7553
f 7566 7564 7557
f 7573 7585 7559
f 7585 7595 7559
f 7566 7633 7565
f 7595 7660 7559
f 7638 7640 7581
f 7550 7578 7490
f 7578 7543 7490
f 7581 7578 7550
f 7569 7568 7534
f 7570 7569 7534
f 7571 7570 7532
f 7572 7571 7532
f 7574 7572 7532
f 7575 7574 7533
f 7567 7575 7536
f 7544 7577 7540
f 7577 7567 7540
f 7576 7575 7567
f 7577 7576 7567
f 7579 7577 7544
f 7569 7573 7568
f 7570 7582 7569
f 7571 7582 7570
f 7572 7583 7571
f 7574 7584 7572
f 7582 7573 7569
f 7583 7582 7571
f 7584 7583 7572
f 7593 7584 7574
f 7575 7593 7574
f 7576 7593 7575
f 7577 7594 7576
f 7579 7580 7577
f 7594 7593 7576
f 7591 7594 7577
f 7580 7591 7577
f 7578 7579 7543
f 7579 7544 7543
f 7580 7579 7578
f 7638 7581 7560
f 7596 7660 7595
f 7582 7585 7573
f 7583 7587 7582
f 7584 7588 7583
f 7593 7589 7584
f 7586 7585 7582
f 7587 7586 7582
f 7588 7587 7583
f 7589 7588 7584
f 7593 7594 7589
f 7594 7590 7589
f 7594 7591 7590
f 7591 7592 7590
f 7603 7591 7580
f 7603 7592 7591
f 7586 7595 7585
f 7587 7597 7586
f 7588 7598 7587
f 7596 7595 7586
f 7597 7596 7586
f 7598 7597 7587
f 7589 7599 7588
f 7590 7600 7589
f 7599 7598 7588
f 7600 7599 7589
f 7592 7600 7590
f 7601 7600 7592
f 7604 7601 7592
f 7603 7604 7592
f 7581 7602 7578
f 7602 7580 7578
f 7640 7602 7581
f 7640 7604 7602
f 7602 7603 7580
f 7604 7603 7602
f 7605 7511 6625
f 7608 7635 7606
f 7612 7614 7606
f 7607 7613 7277
f 7614 7608 7606
f 7619 7631 7278
f 7620 7639 7608
f 7638 7635 7608
f 7610 7623 7607
f 7609 7610 7607
f 7631 7628 7611
f 7611 7610 7609
f 7661 7652 7632
f 7353 7612 7243
f 7614 7612 7353
f 7351 7256 7244
f 7613 7351 7244
f 7615 7355 7252
f 7352 7257 7256
f 7352 7617 7257
f 7613 7618 7350
f 7619 7617 7360
f 7615 7616 7355
f 7617 7619 7278
f 7630 7616 7615
f 7618 7613 7607
f 7630 7632 7616
f 7614 7620 7608
f 7621 7625 7618
f 7623 7621 7618
f 7622 7628 7619
f 7623 7628 7621
f 7628 7622 7621
f 7653 7645 7624
f 7627 7619 7363
f 7616 7624 7355
f 7618 7625 7364
f 7625 7626 7364
f 7626 7365 7364
f 7626 7625 7622
f 7622 7625 7621
f 7627 7626 7622
f 7626 7627 7365
f 7624 7645 7457
f 7627 7622 7619
f 7623 7618 7607
f 7628 7631 7619
f 7632 7624 7616
f 7628 7623 7610
f 7611 7628 7610
f 7632 7653 7624
f 7652 7653 7632
f 7606 7635 7037
f 7281 7607 7277
f 7629 7607 7281
f 7631 7633 7282
f 7634 7636 7632
f 7631 7282 7278
f 7634 7632 7630
f 7634 7630 7283
f 7629 7609 7607
f 7633 7637 7565
f 7637 7609 7565
f 7660 7636 7559
f 7633 7631 7611
f 7637 7633 7611
f 7636 7661 7632
f 7637 7611 7609
f 7641 7640 7638
f 7639 7638 7608
f 7661 7662 7652
f 7639 7641 7638
f 7658 7641 7639
f 7658 7670 7641
f 7651 7639 7620
f 7659 7651 7371
f 7651 7658 7639
f 7659 7658 7651
f 7645 7646 7366
f 7646 7368 7367
f 7646 7367 7366
f 7647 7369 7368
f 7649 7643 7642
f 7648 7642 7369
f 7643 7650 7474
f 7650 7644 7474
f 7646 7647 7368
f 7647 7648 7369
f 7654 7650 7649
f 7649 7650 7643
f 7648 7649 7642
f 7650 7656 7644
f 7656 7657 7644
f 7653 7662 7646
f 7653 7646 7645
f 7662 7647 7646
f 7663 7648 7647
f 7664 7649 7648
f 7671 7654 7649
f 7662 7663 7647
f 7663 7664 7648
f 7662 7653 7652
f 7664 7665 7649
f 7665 7671 7649
f 7671 7672 7654
f 7672 7673 7656
f 7654 7655 7650
f 7655 7656 7650
f 7672 7655 7654
f 7672 7656 7655
f 7673 7657 7656
f 7673 7659 7371
f 7657 7371 7370
f 7659 7673 7658
f 7657 7673 7371
f 7597 7663 7596
f 7598 7663 7597
f 7599 7664 7598
f 7662 7660 7596
f 7667 7665 7599
f 7660 7661 7636
f 7662 7661 7660
f 7663 7662 7596
f 7664 7663 7598
f 7667 7666 7665
f 7668 7672 7666
f 7665 7664 7599
f 7669 7668 7667
f 7667 7668 7666
f 7670 7673 7668
f 7600 7667 7599
f 7669 7667 7600
f 7601 7669 7600
f 7604 7670 7601
f 7670 7669 7601
f 7669 7670 7668
f 7641 7670 7640
f 7640 7670 7604
f 7673 7670 7658
f 7666 7671 7665
f 7672 7671 7666
f 7673 7672 7668
f 7474 7644 7473
f 7644 7477 7475
f 7644 7657 7477
f 6524 6525 5444
f 7674 7675 5683
f 6526 7676 6525
f 7681 7676 6526
f 7674 6212 5480
f 6525 7676 5444
f 7684 7675 7674
f 7681 7713 5491
f 7676 5491 5444
f 7678 5447 5446
f 7677 7678 5446
f 7689 7686 5494
f 7676 7681 5491
f 7712 7695 7689
f 7712 7704 7695
f 7675 7680 5684
f 7679 7681 6526
f 7680 5685 5684
f 7685 7680 7675
f 7720 7681 7679
f 7702 7718 7680
f 7720 7719 7713
f 7683 7678 7677
f 7682 7683 7677
f 7716 7707 7704
f 7720 7713 7681
f 7721 7722 7682
f 7722 7683 7682
f 7722 7723 7683
f 7716 7730 7707
f 7684 7674 5480
f 7684 7685 7675
f 7700 7694 7684
f 7694 7685 7684
f 7689 7688 7686
f 7689 7695 7688
f 7693 7692 7691
f 7691 7692 5482
f 7693 7701 7692
f 7700 7701 7694
f 7697 7693 7691
f 7698 7701 7693
f 7701 7696 7694
f 7701 7698 7696
f 7695 7705 7688
f 7688 7705 7687
f 7706 7690 7687
f 7705 7706 7687
f 7706 7703 7690
f 7703 7691 7690
f 7696 7698 7685
f 7697 7698 7693
f 7708 7697 7691
f 7703 7708 7691
f 7698 7699 7685
f 7699 7698 7697
f 7699 7709 7685
f 7694 7696 7685
f 7685 7702 7680
f 7704 7705 7695
f 7707 7705 7704
f 7709 7699 7697
f 7708 7735 7697
f 7735 7709 7697
f 7732 7708 7703
f 7729 7706 7705
f 7707 7729 7705
f 7706 7731 7703
f 7730 7729 7707
f 7729 7731 7706
f 7731 7732 7703
f 7732 7733 7708
f 7709 7736 7702
f 7733 7735 7708
f 7735 7736 7709
f 7709 7702 7685
f 7736 7728 7702
f 5492 7710 5446
f 7710 7677 5446
f 7678 7711 5493
f 7710 7714 7677
f 7678 5493 5447
f 7712 7689 5494
f 7683 7711 7678
f 7714 7682 7677
f 7715 7711 7683
f 7714 7721 7682
f 7750 7715 7683
f 7712 7716 7704
f 7680 7718 5685
f 7717 7720 7679
f 7726 7717 6529
f 7726 7720 7717
f 7728 7724 7718
f 7720 7726 7719
f 7754 7722 7721
f 7754 7723 7722
f 7751 7740 7730
f 7724 7738 5699
f 7727 7726 6529
f 7739 5708 5699
f 7753 7727 5698
f 7738 7739 5699
f 7726 7727 7719
f 7727 7725 7719
f 7727 7753 7725
f 7754 7755 7723
f 7755 7781 7723
f 7751 7770 7740
f 7728 7718 7702
f 7728 7738 7724
f 7734 7735 7733
f 7736 7735 7734
f 7736 7737 7728
f 7737 7736 7734
f 7741 7731 7729
f 7730 7740 7729
f 7742 7732 7731
f 7743 7733 7732
f 7740 7741 7729
f 7741 7742 7731
f 7742 7743 7732
f 7744 7734 7733
f 7747 7737 7734
f 7743 7744 7733
f 7744 7745 7734
f 7745 7747 7734
f 7737 7738 7728
f 7748 7738 7737
f 7747 7748 7737
f 7746 7745 7744
f 7746 7747 7745
f 7763 7741 7740
f 7764 7742 7741
f 7765 7743 7742
f 7767 7744 7743
f 7767 7746 7744
f 7768 7747 7746
f 7769 7748 7747
f 7748 7769 7738
f 7772 7739 7738
f 7749 7721 7714
f 7723 7750 7683
f 7751 7730 7716
f 7751 7716 6547
f 7749 7754 7721
f 7780 7754 7749
f 7781 7750 7723
f 7782 7751 6555
f 7750 7781 6554
f 7752 7758 5708
f 7756 7753 5709
f 7739 7752 5708
f 7762 7758 7752
f 7753 7757 7725
f 7782 7770 7751
f 7756 7757 7753
f 7780 7760 7754
f 7760 7755 7754
f 7761 7781 7755
f 7759 7756 6562
f 7783 7759 6562
f 7773 7784 7758
f 7759 7757 7756
f 7760 7761 7755
f 7782 7785 7770
f 7759 7786 7757
f 7762 7752 7739
f 7770 7763 7740
f 7763 7764 7741
f 7764 7765 7742
f 7765 7767 7743
f 7767 7766 7746
f 7766 7768 7746
f 7768 7769 7747
f 7767 7771 7766
f 7771 7768 7766
f 7772 7769 7768
f 7775 7764 7763
f 7776 7765 7764
f 7770 7774 7763
f 7777 7767 7765
f 7777 7771 7767
f 7771 7779 7768
f 7769 7772 7738
f 7772 7762 7739
f 7762 7773 7758
f 7778 7774 7770
f 7774 7775 7763
f 7775 7776 7764
f 7776 7777 7765
f 7785 7778 7770
f 7777 7779 7771
f 7799 7772 7768
f 7779 7806 7768
f 7778 7801 7774
f 7801 7775 7774
f 7801 7776 7775
f 7802 7777 7776
f 7806 7799 7768
f 7803 7779 7777
f 7772 7799 7762
f 7799 7773 7762
f 7725 7757 6563
f 7760 7780 6596
f 7781 7761 6587
f 7757 6570 6563
f 7785 7782 6601
f 7758 7784 5713
f 7784 7793 5712
f 7795 7783 6568
f 7783 7786 7759
f 7798 7793 7784
f 7795 7786 7783
f 7757 7787 6570
f 7786 7787 7757
f 7789 7761 7760
f 7788 7789 7760
f 7795 7787 7786
f 7791 7789 7788
f 7790 7791 7788
f 7796 7800 7785
f 7793 7792 5715
f 6569 7822 6568
f 7822 7795 6568
f 7793 7808 7792
f 7787 7795 6570
f 7795 7822 6570
f 7797 7791 7790
f 7794 7797 7790
f 7823 7797 7794
f 7798 7784 7773
f 7785 7800 7778
f 7800 7801 7778
f 7801 7802 7776
f 7802 7803 7777
f 7803 7804 7779
f 7804 7806 7779
f 7806 7805 7799
f 7816 7803 7802
f 7805 7807 7799
f 7806 7809 7805
f 7809 7807 7805
f 7810 7806 7804
f 7816 7804 7803
f 7810 7809 7806
f 7799 7807 7773
f 7807 7798 7773
f 7807 7808 7798
f 7798 7808 7793
f 7808 7845 7792
f 7813 7801 7800
f 7812 7802 7801
f 7813 7800 7796
f 7813 7811 7801
f 7811 7812 7801
f 7812 7814 7802
f 7814 7815 7802
f 7815 7816 7802
f 7816 7810 7804
f 7809 7817 7807
f 7810 7817 7809
f 7816 7838 7810
f 7838 7817 7810
f 7817 7808 7807
f 7817 7845 7808
f 7761 7789 6597
f 7788 7760 6599
f 7790 7788 6603
f 7789 7791 6600
f 7796 7785 6601
f 7791 7797 6604
f 7794 7790 6606
f 7797 7823 6607
f 7813 7796 7056
f 7845 7818 7792
f 7845 7819 7818
f 7822 7827 6570
f 7820 7823 7794
f 7827 7822 7821
f 7825 7824 7811
f 7829 7839 7824
f 7840 7839 7831
f 7825 7830 7824
f 7819 7859 6995
f 7827 7826 6996
f 7826 7006 6996
f 7826 7852 7006
f 7846 7859 7819
f 7830 7828 7824
f 7828 7829 7824
f 7831 7839 7829
f 7832 7840 7831
f 7830 7835 7828
f 7835 7834 7828
f 7834 7836 7828
f 7836 7837 7829
f 7836 7829 7828
f 7837 7831 7829
f 7855 7832 7831
f 7855 7833 7832
f 7837 7855 7831
f 7854 7849 7833
f 7855 7854 7833
f 7849 7856 7848
f 7845 7846 7819
f 7840 7814 7812
f 7813 7825 7811
f 7839 7812 7811
f 7841 7816 7815
f 7842 7815 7814
f 7824 7839 7811
f 7839 7840 7812
f 7840 7842 7814
f 7842 7841 7815
f 7841 7838 7816
f 7838 7844 7817
f 7841 7843 7838
f 7844 7845 7817
f 7842 7840 7832
f 7841 7842 7833
f 7843 7841 7833
f 7843 7844 7838
f 7846 7845 7844
f 7847 7846 7844
f 7833 7842 7832
f 7847 7843 7833
f 7847 7844 7843
f 7847 7848 7846
f 7848 7859 7846
f 7849 7847 7833
f 7849 7848 7847
f 7827 6996 6570
f 7820 7794 7053
f 7825 7813 7057
f 7851 7823 7820
f 7823 7851 7054
f 7057 7813 7056
f 7850 7851 7820
f 7830 7825 6997
f 7851 7850 7007
f 7835 7830 7013
f 7859 7857 6995
f 7853 7862 7834
f 7863 7864 7836
f 7857 7858 7003
f 7835 7853 7834
f 7863 7836 7834
f 7864 7837 7836
f 7865 7855 7837
f 7864 7865 7837
f 7855 7865 7854
f 7854 7866 7849
f 7856 7859 7848
f 7859 7867 7857
f 7866 7856 7849
f 7867 7859 7856
f 7867 7869 7857
f 7869 7858 7857
f 7858 7874 7003
f 7860 7851 7007
f 7862 7863 7834
f 7853 7835 7015
f 7861 7862 7853
f 7865 7870 7854
f 7870 7866 7854
f 7861 7853 7016
f 7866 7867 7856
f 7869 7867 7866
f 7864 7863 7023
f 7865 7864 7027
f 7862 7861 7025
f 7863 7862 7022
f 7870 7865 7027
f 7871 7870 7026
f 7870 7871 7866
f 7871 7869 7866
f 7869 7871 7868
f 7872 7874 7858
f 7872 7869 7868
f 7868 7871 7189
f 7872 7868 7190
f 7873 7872 7190
f 7873 7874 7872
f 7869 7872 7858
f 1392 1405 1391
f 1406 1392 1393
f 1391 1405 1394
f 1394 1408 1395
f 1408 1407 1395
f 1407 1396 1395
f 1407 1397 1396
f 1392 1406 1405
f 1405 1408 1394
f 1531 1406 1393
f 1397 1501 1396
f 1502 1498 1501
f 1397 1502 1501
f 1498 1502 1499
f 1499 1505 1503
f 1503 1505 1504
f 1507 1514 1504
f 1502 1505 1499
f 1505 1506 1504
f 1506 1507 1504
f 1517 1515 1514
f 1507 1517 1514
f 1517 1518 1515
f 1517 1519 1518
f 1519 2202 1518
f 1526 1531 1393
f 1528 1533 1526
f 1529 1534 1528
f 1534 1529 1530
f 1533 1531 1526
f 1534 1533 1528
f 1536 1541 1530
f 1541 1534 1530
f 1536 1537 1542
f 1537 1538 1542
f 1539 1543 1538
f 1536 1542 1541
f 1538 1543 1542
f 1586 1543 1539
f 1544 1586 1539
f 1546 1588 1544
f 1588 1546 1547
f 1588 1586 1544
f 1589 1588 1547
f 1591 1589 1547
f 1592 1589 1591
f 1598 1589 1592
f 1593 1598 1592
f 1593 1594 1599
f 1594 1595 1599
f 1598 1593 1599
f 1595 1612 1600
f 1595 1600 1599
f 1600 1612 1602
f 1612 1613 1602
f 1613 1614 1602
f 1621 1614 1613
f 1618 1621 1613
f 1619 1622 1618
f 1622 1621 1618
f 1623 1622 1619
f 1624 1623 1619
f 1628 1623 1624
f 1626 1628 1624
f 1629 1628 1626
f 1630 1629 1626
f 1645 2048 1638
f 1646 2049 1645
f 1647 2050 1646
f 1648 2052 1647
f 2052 1648 1649
f 5499 2053 1649
f 1881 1838 1839
f 1880 1839 1842
f 1838 1881 1837
f 1843 1880 1842
f 1880 1881 1839
f 1851 1845 1844
f 1845 1852 1846
f 1853 1848 1846
f 1848 1853 1847
f 1847 1854 1849
f 1854 1855 1849
f 1837 1850 1844
f 1850 1851 1844
f 1845 1851 1852
f 1881 1850 1837
f 1853 1854 1847
f 1852 1853 1846
f 1854 1857 1855
f 1856 1855 1858
f 1855 1857 1858
f 1861 1856 1858
f 1861 1859 1856
f 1859 1861 1860
f 1841 1885 1840
f 1876 1885 1841
f 1885 1876 1877
f 1878 1886 1877
f 1886 1885 1877
f 1885 1843 1840
f 1882 1880 1843
f 1885 1882 1843
f 1883 1887 1879
f 1887 1878 1879
f 1887 1886 1878
f 1884 1888 1883
f 1888 1887 1883
f 1889 1884 1635
f 1889 1888 1884
f 1636 1889 1635
f 1889 1636 1637
f 1890 1889 1637
f 1638 1890 1637
f 1891 1890 1638
f 2048 1891 1638
f 1861 1912 1860
f 1861 1913 1912
f 1921 1914 1912
f 1921 1912 1913
f 1915 1914 1922
f 1915 1923 1916
f 1924 1917 1916
f 1914 1921 1922
f 1923 1915 1922
f 1923 1924 1916
f 1924 1947 1917
f 1917 1947 1918
f 1947 1919 1918
f 1947 1920 1919
f 1920 1949 1925
f 1947 1948 1920
f 1948 1949 1920
f 1949 1950 1925
f 1950 1926 1925
f 1926 1951 1927
f 1951 1928 1927
f 1950 1951 1926
f 1951 1952 1928
f 1952 1953 1928
f 1952 1955 1953
f 1956 1954 1953
f 1955 1956 1953
f 1956 1961 1954
f 1961 1957 1954
f 1957 1961 1958
f 1961 1959 1958
f 1961 1960 1959
f 1961 1962 1960
f 1962 1963 1960
f 1962 1964 1963
f 1964 1965 1963
f 1965 1966 1963
f 1963 1966 1967
f 1966 1968 1967
f 1968 1970 1967
f 1970 1969 1967
f 1969 1971 1967
f 2049 2048 1645
f 2050 2049 1646
f 2050 1647 2051
f 1647 2052 2051
f 2053 2052 1649
f 2062 2061 1969
f 2061 1971 1969
f 2061 2062 2063
f 2064 2061 2063
f 2065 2064 2063
f 2064 2065 2732
f 2732 2065 2066
f 5589 2732 2066
f 5589 5590 2732
f 5590 6486 2732
f 2104 1629 1630
f 2111 2104 1630
f 2112 2104 2111
f 2112 2107 2104
f 2112 2113 2107
f 2113 2114 2107
f 2114 2115 2107
f 2115 2108 2107
f 2115 2116 2108
f 2116 2109 2108
f 2116 2110 2109
f 2116 2117 2110
f 2116 2122 2117
f 2122 2120 2117
f 2123 2120 2122
f 2123 2125 2120
f 2125 2126 2120
f 2125 2154 2126
f 2154 2153 2126
f 2155 2153 2154
f 2153 2155 2158
f 2155 2159 2158
f 2159 2161 2158
f 2161 2160 2158
f 2161 2162 2160
f 5774 2162 2161
f 1519 2205 2202
f 2205 2206 2202
f 2210 2206 2205
f 2206 2212 2207
f 2208 2207 2213
f 2214 2209 2208
f 2212 2206 2210
f 2212 2211 2207
f 2207 2211 2213
f 2214 2208 2213
f 2395 2209 2214
f 2395 2392 2209
f 2392 2396 2393
f 2397 2394 2393
f 2392 2395 2396
f 2396 2397 2393
f 2394 2397 2403
f 2398 2394 2403
f 2404 2399 2398
f 2400 2399 2405
f 2400 2406 2401
f 2407 2402 2401
f 2404 2398 2403
f 2399 2404 2405
f 2406 2400 2405
f 2406 2407 2401
f 2414 2412 2402
f 2413 2412 2415
f 2414 2402 2407
f 2412 2414 2415
f 2423 2413 2415
f 2423 2416 2413
f 2423 2424 2416
f 2416 2424 2417
f 2454 2448 2417
f 2424 2454 2417
f 2455 2449 2448
f 2449 2456 2450
f 2454 2455 2448
f 2455 2456 2449
f 2450 2457 2451
f 2450 2456 2457
f 2458 2452 2451
f 2458 2453 2452
f 2453 2458 2459
f 2457 2458 2451
f 2459 2458 2463
f 2460 2459 2463
f 2464 2461 2460
f 2461 2465 2462
f 2464 2460 2463
f 2464 2465 2461
f 2465 2467 2462
f 2467 2466 2462
f 2467 2468 2466
f 2467 2499 2468
f 2499 2480 2468
f 2500 2480 2499
f 2480 2500 2504
f 2503 2480 2504
f 2506 2503 2504
f 2503 2506 2505
f 2505 2506 2508
f 2507 2505 2508
f 2509 2507 2508
f 2518 2509 2508
f 2745 2764 2516
f 2518 2517 2509
f 2517 2518 2520
f 2519 2517 2520
f 2523 2519 2520
f 2523 2520 2521
f 2516 2764 2520
f 2520 2764 2522
f 2520 2522 2521
f 2526 2523 2524
f 2524 2523 2521
f 2525 2526 2524
f 2736 2772 2734
f 2772 2736 2737
f 2738 2772 2737
f 2773 2738 2739
f 2740 2775 2739
f 2775 2773 2739
f 2777 2775 2740
f 2801 2777 2740
f 2750 2741 2742
f 2750 2747 2741
f 2743 2751 2742
f 2751 2750 2742
f 2748 2516 2515
f 2741 2747 2515
f 2747 2748 2515
f 2748 2746 2516
f 2746 2745 2516
f 2749 2752 2754
f 2749 2755 2744
f 2744 2751 2743
f 2755 2751 2744
f 2755 2749 2754
f 2770 2752 2733
f 2770 2735 2734
f 2735 2770 2733
f 2752 2770 2754
f 2771 2770 2734
f 2772 2771 2734
f 2773 2772 2738
f 2810 2801 2800
f 2801 2810 2777
f 2812 2810 2800
f 2802 2812 2800
f 2813 2812 2802
f 2803 2813 2802
f 2804 2813 2803
f 2805 2813 2804
f 2805 2806 2813
f 2806 2814 2813
f 2814 2806 2815
f 2815 2806 2807
f 2816 2815 2807
f 2817 2816 2807
f 2808 2817 2807
f 2833 2817 2808
f 2809 2833 2808
f 2809 2835 2833
f 5499 5584 2053
f 5584 5499 5848
f 5591 6486 5590
f 6486 5591 5592
f 6888 6486 5592
f 6888 5592 5593
f 5855 6887 5593
f 6887 6888 5593
f 5499 5742 5848
f 5743 5848 5742
f 5744 5851 5743
f 5745 5851 5744
f 5851 5745 5747
f 5749 5851 5747
f 5748 5749 5747
f 5769 5749 5748
f 5769 5770 5749
f 5769 5777 5770
f 5774 5771 2162
f 5774 5772 5771
f 5774 5776 5772
f 5776 5775 5772
f 5775 5776 5777
f 5777 5779 5770
f 5777 5776 5778
f 5779 5777 5778
f 5848 5743 5849
f 5743 5851 5849
f 5856 6887 5855
f 5857 6887 5856
f 6887 5857 6889
f 6890 6889 5857
f 6892 6890 5857
f 6894 6892 5857
f 6888 6487 6486
f 6892 6894 6893
f 6894 6900 6893
f 6898 6900 6894
f 6899 6900 6898
f 6900 6899 6901
f 2809 6927 2835
f 6902 6927 2809
f 6899 6903 6901
f 6928 6903 6899
f 6903 6928 6902
f 6928 6927 6902
